{"timestamp": 1784055907, "base": "USD", "data": {"BTC": 64560, "ETH": 1874.01, "USDT": 0.999329, "BNB": 580.04, "USDC": 0.999833, "XRP": 1.11, "SOL": 77.27, "TRX": 0.325095, "FIGR_HELOC": 1.037, "HYPE": 65.57, "DOGE": 0.074432, "USDS": 0.999726, "RAIN": 0.01485388, "ZEC": 542.77, "LEO": 9.55, "WBT": 56.79, "XLM": 0.185129, "LINK": 8.27, "XMR": 327.47, "ADA": 0.163202, "CC": 0.132435, "BCH": 236.44, "DAI": 0.999914, "GRAM": 1.63, "USD1": 0.999001, "USDE": 0.999847, "LTC": 44.73, "USDG": 1.0, "SUI": 0.75974, "USYC": 1.13, "HBAR": 0.066579, "BUIDL": 1.0, "AVAX": 6.67, "PYUSD": 0.999837, "NEAR": 2.03, "CRO": 0.055752, "XAUT": 4047.79, "SHIB": 4.2e-06, "UNI": 3.69, "USDY": 1.13, "TAO": 202.42, "DEXE": 40.96, "WLFI": 0.057771, "PAXG": 4045.71, "OKB": 81.27, "ASTER": 0.625438, "HTX": 1.82e-06, "M": 1.24, "USDD": 0.999699, "ONDO": 0.314903, "RLUSD": 1.0, "AAVE": 98.75, "WLD": 0.41136, "DOT": 0.849023, "USDF": 0.995485, "SKY": 0.05984, "MNT": 0.421435, "MORPHO": 2.04, "BFUSD": 0.998649, "ICP": 2.22, "PEPE": 2.81e-06, "BGB": 1.67, "ETC": 7.06, "U": 0.999654, "EUTBL": 1.2, "BCAP": 106.19, "KCS": 7.02, "USDGO": 1.0, "QNT": 64.49, "POL": 0.084495, "STABLE": 0.03662111, "ADI": 6.98, "JTRSY": 1.11, "JST": 0.099145, "EURSAFO": 1.15, "PI": 0.074972, "ATOM": 1.56, "ENA": 0.084037, "BEAT": 2.58, "KAS": 0.02856409, "RENDER": 1.51, "USTB": 11.14, "\u5e01\u5b89\u4eba\u751f": 0.766112, "ALGO": 0.084517, "NEXO": 0.75643, "USDTB": 1.0, "GT": 6.73, "JUP": 0.211265, "JAAA": 1.041, "BDX": 0.083216, "LIT": 2.54, "FIL": 0.776643, "GHO": 0.99831, "FLR": 0.00671449, "ARB": 0.091097, "PUMP": 0.00139805, "USD0": 0.998243, "XDC": 0.02717615, "YLDS": 0.999899, "VVV": 11.15}}