{"timestamp": 1783625053, "base": "USD", "data": {"BTC": 63144, "ETH": 1747.34, "USDT": 0.999218, "BNB": 570.53, "USDC": 0.999789, "XRP": 1.092, "SOL": 77.95, "TRX": 0.331784, "FIGR_HELOC": 1.032, "HYPE": 66.9, "DOGE": 0.072981, "USDS": 0.99968, "RAIN": 0.01444194, "LEO": 9.52, "ZEC": 489.76, "WBT": 55.77, "XLM": 0.185463, "ADA": 0.165596, "XMR": 315.58, "LINK": 7.76, "CC": 0.132491, "BCH": 237.92, "DAI": 0.999824, "USD1": 0.998611, "GRAM": 1.62, "USDE": 0.999511, "LTC": 44.06, "USDG": 0.999543, "USYC": 1.13, "HBAR": 0.069951, "SUI": 0.718546, "AVAX": 6.73, "PYUSD": 0.999843, "CRO": 0.056113, "SHIB": 4.28e-06, "XAUT": 4108.61, "NEAR": 1.92, "BUIDL": 1.0, "USDY": 1.13, "UNI": 3.36, "TAO": 207.73, "WLFI": 0.058252, "PAXG": 4114.31, "HTX": 1.85e-06, "ASTER": 0.623636, "OKB": 79.37, "M": 1.21, "RLUSD": 1.0, "ONDO": 0.317888, "USDD": 0.998875, "MORPHO": 2.23, "DEXE": 30.51, "MNT": 0.431577, "USDF": 0.996544, "DOT": 0.82573, "AAVE": 91.31, "WLD": 0.384505, "SKY": 0.057017, "BFUSD": 0.99807, "ICP": 2.36, "BGB": 1.65, "PEPE": 2.61e-06, "ETC": 7.02, "PI": 0.097696, "U": 1.0, "EUTBL": 1.21, "QNT": 67.62, "BCAP": 106.63, "KCS": 6.84, "JTRSY": 1.11, "STABLE": 0.03576043, "USDGO": 0.999985, "JST": 0.098881, "USTB": 11.14, "POL": 0.076152, "KAS": 0.02944468, "RENDER": 1.56, "ATOM": 1.55, "ADI": 6.21, "ALGO": 0.085601, "NEXO": 0.761983, "EURSAFO": 1.15, "ENA": 0.076659, "BDX": 0.092397, "USDTB": 0.999983, "GT": 6.68, "JUP": 0.210052, "\u5e01\u5b89\u4eba\u751f": 0.695371, "JAAA": 1.041, "BEAT": 2.14, "FIL": 0.78384, "PUMP": 0.00149364, "GHO": 0.998363, "LIT": 2.38, "FLR": 0.00662182, "ARB": 0.089733, "USD0": 0.998487, "VVV": 11.58, "YLDS": 0.999814, "XDC": 0.02710616}}