{"timestamp": 1782332907, "base": "USD", "data": {"BTC": 60664, "ETH": 1613.45, "USDT": 0.998539, "BNB": 561.04, "USDC": 0.999767, "XRP": 1.066, "SOL": 67.36, "TRX": 0.325959, "FIGR_HELOC": 1.027, "HYPE": 62.17, "DOGE": 0.075245, "USDS": 0.999483, "RAIN": 0.01587391, "LEO": 9.45, "ZEC": 412.79, "XLM": 0.186557, "XMR": 314.73, "CC": 0.150844, "WBT": 49.29, "LINK": 7.36, "ADA": 0.143702, "LAB": 16.78, "USD1": 0.999197, "DAI": 0.999673, "USDE": 0.99841, "GRAM": 1.58, "BCH": 188.35, "M": 2.72, "HBAR": 0.075384, "LTC": 40.59, "USYC": 1.13, "USDG": 0.99978, "PYUSD": 0.999631, "SUI": 0.683918, "AVAX": 6.26, "CRO": 0.055957, "SHIB": 4.33e-06, "NEAR": 1.94, "XAUT": 3991.77, "BUIDL": 1.0, "USDY": 1.14, "TAO": 216.53, "WLD": 0.529369, "WLFI": 0.057072, "PAXG": 3991.65, "UNI": 2.87, "MNT": 0.501904, "ASTER": 0.600683, "RLUSD": 1.0, "OKB": 74.92, "HTX": 1.7e-06, "ONDO": 0.306848, "DOT": 0.879123, "USDF": 0.994206, "USDD": 0.999958, "PI": 0.124894, "BFUSD": 0.998321, "SKY": 0.052993, "ICP": 2.15, "BGB": 1.68, "AAVE": 76.6, "MORPHO": 1.74, "ETC": 6.88, "PEPE": 2.52e-06, "DEXE": 22.49, "U": 0.999701, "QNT": 67.96, "BCAP": 107.03, "KCS": 6.92, "EUTBL": 1.2, "USDTB": 0.999495, "USTB": 11.12, "JTRSY": 1.11, "ATOM": 1.65, "STABLE": 0.03474921, "RENDER": 1.57, "ALGO": 0.088595, "POL": 0.072487, "ENA": 0.083196, "KAS": 0.02782234, "NEXO": 0.745283, "JUP": 0.213189, "\u5e01\u5b89\u4eba\u751f": 0.703305, "GT": 6.52, "JST": 0.081059, "JAAA": 1.039, "BDX": 0.082052, "VVV": 12.86, "FLR": 0.00691595, "GHO": 0.997832, "EURSAFO": 1.14, "FIL": 0.737228, "XDC": 0.02855475, "YLDS": 0.999691, "USD0": 0.998931, "ADI": 4.37, "HASH": 0.00982397, "APT": 0.623575, "NIGHT": 0.03097604, "USX": 0.999388}}