{"timestamp": 1784369485, "base": "USD", "data": {"BTC": 63943, "ETH": 1844.07, "USDT": 0.999239, "BNB": 568.27, "USDC": 0.999893, "XRP": 1.086, "SOL": 74.82, "TRX": 0.323159, "FIGR_HELOC": 1.026, "HYPE": 58.88, "DOGE": 0.07215, "USDS": 0.999831, "RAIN": 0.01401766, "ZEC": 539.23, "LEO": 9.79, "WBT": 55.76, "XLM": 0.18358, "XMR": 329.35, "ADA": 0.165907, "LINK": 8.24, "CC": 0.125465, "DAI": 0.999849, "BCH": 218.18, "USD1": 0.999236, "GRAM": 1.48, "USDE": 0.99982, "LTC": 45.41, "USDG": 1.006, "USYC": 1.13, "SUI": 0.734649, "HBAR": 0.06614, "PYUSD": 0.99983, "CRO": 0.060126, "AVAX": 6.54, "BUIDL": 1.0, "NEAR": 1.9, "XAUT": 4010.59, "SHIB": 4.17e-06, "UNI": 3.51, "USDY": 1.14, "TAO": 193.06, "WLFI": 0.057659, "PAXG": 4010.47, "OKB": 81.3, "ONDO": 0.342597, "ASTER": 0.621885, "HTX": 1.83e-06, "M": 1.24, "DEXE": 34.85, "RLUSD": 0.999957, "USDD": 0.999252, "USDF": 0.994993, "DOT": 0.836937, "MNT": 0.420874, "SKY": 0.059302, "WLD": 0.377523, "AAVE": 87.99, "BFUSD": 0.998342, "MORPHO": 1.97, "ICP": 2.14, "BGB": 1.65, "PEPE": 2.72e-06, "ETC": 7.03, "U": 0.999822, "USDGO": 1.0, "EUTBL": 1.21, "BCAP": 106.19, "QNT": 64.34, "KCS": 6.62, "PI": 0.082636, "STABLE": 0.03543888, "POL": 0.081517, "JTRSY": 1.11, "EURSAFO": 1.15, "ADI": 6.51, "JST": 0.09919, "ATOM": 1.49, "ENA": 0.080095, "KAS": 0.02776785, "USTB": 11.15, "RENDER": 1.47, "NEXO": 0.745737, "ALGO": 0.082348, "BEAT": 2.3, "GT": 6.65, "\u5e01\u5b89\u4eba\u751f": 0.6907, "JAAA": 1.041, "PUMP": 0.00164344, "BDX": 0.083473, "JUP": 0.194932, "FIL": 0.755727, "GHO": 0.998814, "ARB": 0.089999, "FLR": 0.0065097, "YLDS": 0.999814, "XDC": 0.02793253, "LIT": 2.22, "USD0": 0.998719, "VVV": 11.57, "USX": 0.999768}}