{"timestamp": 1780271941, "base": "USD", "data": {"BTC": 73591, "ETH": 2004.46, "USDT": 0.998497, "BNB": 708.53, "XRP": 1.33, "USDC": 0.999576, "SOL": 82.25, "TRX": 0.350867, "FIGR_HELOC": 1.017, "HYPE": 72.01, "DOGE": 0.100211, "USDS": 0.999569, "ZEC": 564.3, "LEO": 10.02, "RAIN": 0.0142824, "ADA": 0.235165, "XLM": 0.25967, "XMR": 366.97, "LINK": 9.12, "WBT": 53.88, "BCH": 302.39, "CC": 0.155677, "TON": 1.89, "USD1": 0.998365, "USDE": 0.998586, "DAI": 0.999526, "HBAR": 0.096467, "LTC": 51.99, "LAB": 9.73, "M": 2.97, "AVAX": 8.96, "SUI": 0.893769, "SHIB": 5.51e-06, "PYUSD": 0.999721, "CRO": 0.067323, "NEAR": 2.32, "USYC": 1.13, "XAUT": 4518.78, "USDG": 0.999826, "TAO": 255.44, "BUIDL": 1.0, "MNT": 0.666275, "USDY": 1.14, "PAXG": 4531.02, "DOT": 1.19, "OKB": 92.73, "UNI": 3.02, "WLFI": 0.059189, "ASTER": 0.724865, "ONDO": 0.362902, "RLUSD": 0.999685, "HTX": 1.85e-06, "USDF": 0.994928, "SKY": 0.067999, "PI": 0.148112, "ICP": 2.72, "BGB": 2.1, "USDD": 0.999461, "PEPE": 3.41e-06, "MORPHO": 2.12, "BFUSD": 0.998245, "ETC": 8.17, "AAVE": 82.03, "WLD": 0.347841, "ALGO": 0.127022, "RENDER": 2.08, "U": 0.999502, "USDTB": 0.998576, "KCS": 7.83, "QNT": 72.01, "EUTBL": 1.23, "ATOM": 1.95, "POL": 0.092829, "BCAP": 107.16, "USTB": 11.1, "DEXE": 18.99, "STABLE": 0.03794816, "JTRSY": 1.1, "VVV": 18.37, "NEXO": 0.850256, "KAS": 0.03065723, "H": 0.458852, "JST": 0.093413, "ENA": 0.087841, "APT": 0.943, "GT": 7.16, "FIL": 0.934936, "XDC": 0.03373691, "FLR": 0.00770691, "INJ": 6.52, "ARB": 0.103238, "\u5e01\u5b89\u4eba\u751f": 0.640401, "JUP": 0.190326, "PUMP": 0.00179289, "BDX": 0.079127, "FET": 0.269025, "NIGHT": 0.03634484, "HASH": 0.0111123, "GHO": 0.999327, "USD0": 0.998386}}