{"timestamp": 1778730822, "base": "USD", "data": {"BTC": 79046, "ETH": 2241.34, "USDT": 0.999528, "BNB": 665.63, "XRP": 1.42, "USDC": 0.999734, "SOL": 89.97, "TRX": 0.349885, "FIGR_HELOC": 1.044, "DOGE": 0.112706, "WBT": 58.2, "USDS": 0.999761, "ADA": 0.262964, "LEO": 10.07, "HYPE": 38.28, "ZEC": 523.07, "BCH": 432.42, "LINK": 10.11, "XMR": 395.47, "CC": 0.155756, "TON": 2.06, "XLM": 0.15835, "SUI": 1.2, "USD1": 0.999533, "LTC": 56.74, "DAI": 0.999629, "M": 3.29, "AVAX": 9.65, "HBAR": 0.092926, "USDE": 1.0, "SHIB": 6.23e-06, "RAIN": 0.00747068, "PYUSD": 0.999824, "USDG": 0.999556, "CRO": 0.072735, "USYC": 1.12, "TAO": 292.87, "XAUT": 4668.1, "BUIDL": 1.0, "UNI": 3.57, "MNT": 0.675114, "DOT": 1.32, "PAXG": 4667.41, "WLFI": 0.068402, "NEAR": 1.55, "USDY": 1.13, "ONDO": 0.375518, "PI": 0.170207, "USDF": 0.997866, "HTX": 1.96e-06, "OKB": 83.85, "ASTER": 0.66669, "PEPE": 4.02e-06, "SKY": 0.07165, "ICP": 2.98, "RLUSD": 0.999833, "USDD": 0.999535, "AAVE": 95.79, "BGB": 2.05, "ETC": 9.16, "BFUSD": 0.999001, "MORPHO": 1.95, "KCS": 8.29, "JTRSY": 1.1, "QNT": 72.67, "ENA": 0.11535, "ALGO": 0.116723, "U": 1.0, "ATOM": 2.0, "USTB": 11.08, "KAS": 0.03680818, "POL": 0.094537, "EUTBL": 1.23, "BCAP": 105.87, "RENDER": 1.84, "STABLE": 0.0405249, "NEXO": 0.898138, "WLD": 0.254331, "APT": 1.024, "USDTB": 0.999432, "FIL": 1.03, "ARB": 0.12894, "JST": 0.091255, "GT": 7.25, "FLR": 0.0085961, "JUP": 0.219108, "B": 0.71251, "PUMP": 0.00183524, "XDC": 0.03177072, "SIREN": 0.834084, "VET": 0.00720746, "BDX": 0.079418, "VVV": 13.25, "OUSG": 115.23, "BONK": 6.73e-06, "GHO": 0.999373, "DEXE": 12.21, "HASH": 0.01051726, "PENGU": 0.00886915, "USD0": 0.997978}}