{"timestamp": 1782396393, "base": "USD", "data": {"BTC": 58878, "ETH": 1556.62, "USDT": 0.998319, "BNB": 548.52, "USDC": 0.99966, "XRP": 1.023, "SOL": 64.89, "TRX": 0.322973, "FIGR_HELOC": 1.027, "HYPE": 59.93, "DOGE": 0.072633, "USDS": 0.999527, "RAIN": 0.01567587, "LEO": 9.33, "ZEC": 392.03, "XLM": 0.176409, "CC": 0.148502, "XMR": 303.89, "WBT": 47.42, "LAB": 17.81, "LINK": 7.1, "ADA": 0.140702, "USD1": 0.998636, "DAI": 0.999599, "USDE": 0.99787, "GRAM": 1.54, "BCH": 184.48, "USYC": 1.13, "HBAR": 0.071462, "LTC": 39.82, "USDG": 0.999426, "PYUSD": 0.99928, "SUI": 0.662518, "AVAX": 6.04, "CRO": 0.053961, "XAUT": 3998.38, "SHIB": 4.11e-06, "BUIDL": 1.0, "NEAR": 1.84, "USDY": 1.13, "TAO": 208.48, "WLFI": 0.058847, "PAXG": 4000.7, "UNI": 2.79, "WLD": 0.489169, "ASTER": 0.601739, "RLUSD": 0.999648, "OKB": 73.46, "MNT": 0.462367, "HTX": 1.68e-06, "ONDO": 0.301981, "USDF": 0.99349, "DOT": 0.835519, "USDD": 1.002, "PI": 0.122291, "BFUSD": 0.998131, "AAVE": 79.55, "SKY": 0.051396, "ICP": 2.11, "BGB": 1.63, "DEXE": 23.61, "MORPHO": 1.7, "ETC": 6.81, "M": 0.802944, "U": 0.999503, "PEPE": 2.35e-06, "BCAP": 107.03, "QNT": 65.37, "EUTBL": 1.2, "USDTB": 0.999015, "KCS": 6.77, "STABLE": 0.03666476, "JTRSY": 1.11, "ATOM": 1.57, "USTB": 11.13, "RENDER": 1.48, "ALGO": 0.085049, "ENA": 0.080072, "KAS": 0.02699116, "POL": 0.069394, "NEXO": 0.713915, "JUP": 0.21505, "\u5e01\u5b89\u4eba\u751f": 0.700726, "GT": 6.43, "JST": 0.080047, "JAAA": 1.039, "BDX": 0.087826, "GHO": 0.997951, "EURSAFO": 1.14, "FLR": 0.00677357, "VVV": 12.1, "XDC": 0.02833867, "YLDS": 0.99983, "ADI": 4.47, "FIL": 0.704826, "USD0": 0.998677, "BEAT": 1.87, "NIGHT": 0.03149462, "USX": 0.999334, "TUSD": 0.997425}}