{"timestamp": 1781285542, "base": "USD", "data": {"BTC": 63782, "ETH": 1669.06, "USDT": 0.999353, "BNB": 606.33, "USDC": 0.999665, "XRP": 1.13, "SOL": 67.52, "TRX": 0.314079, "FIGR_HELOC": 1.031, "HYPE": 61.98, "DOGE": 0.088345, "USDS": 0.99987, "LEO": 9.55, "RAIN": 0.01306807, "ZEC": 417.76, "XMR": 357.98, "XLM": 0.189517, "ADA": 0.172028, "CC": 0.159941, "WBT": 52.06, "LINK": 7.87, "TON": 1.73, "USDE": 0.99936, "USD1": 1.0, "DAI": 0.999671, "BCH": 204.81, "M": 3.1, "HBAR": 0.07758, "LTC": 43.05, "LAB": 9.84, "BEAT": 10.6, "SUI": 0.754349, "USYC": 1.13, "SHIB": 4.85e-06, "AVAX": 6.6, "NEAR": 2.06, "CRO": 0.059584, "PYUSD": 1.0, "USDG": 0.999883, "XAUT": 4203.72, "BUIDL": 1.0, "USDY": 1.14, "TAO": 213.98, "PAXG": 4212.41, "WLFI": 0.058277, "MNT": 0.539329, "ONDO": 0.364118, "ASTER": 0.625755, "RLUSD": 0.999886, "DOT": 0.960747, "WLD": 0.473607, "UNI": 2.54, "OKB": 73.0, "HTX": 1.67e-06, "USDF": 0.99556, "PI": 0.127025, "SKY": 0.056814, "USDD": 0.99961, "BFUSD": 0.999074, "ICP": 2.29, "BGB": 1.78, "MORPHO": 1.92, "PEPE": 2.82e-06, "ETC": 7.21, "USDTB": 0.99972, "ATOM": 1.96, "U": 1.0, "AAVE": 64.71, "DEXE": 20.87, "BCAP": 106.96, "EUTBL": 1.22, "QNT": 66.27, "USTB": 11.11, "KCS": 6.6, "JTRSY": 1.11, "RENDER": 1.67, "KAS": 0.0309758, "STABLE": 0.03466365, "NEXO": 0.795853, "POL": 0.073584, "ALGO": 0.087567, "ENA": 0.079866, "GT": 6.53, "VVV": 14.81, "JAAA": 1.038, "\u5e01\u5b89\u4eba\u751f": 0.671293, "FLR": 0.00766347, "JST": 0.073997, "XDC": 0.03017068, "GHO": 0.998802, "FIL": 0.754618, "BDX": 0.073521, "JUP": 0.169261, "NIGHT": 0.03371128, "USD0": 0.998653, "YLDS": 0.999606, "APT": 0.652197, "PUMP": 0.0015338, "ARB": 0.084191, "A7A5": 0.0132273}}