{"timestamp": 1779849546, "base": "USD", "data": {"BTC": 75667, "ETH": 2069.1, "USDT": 0.998655, "BNB": 654.91, "XRP": 1.33, "USDC": 0.999782, "SOL": 83.63, "TRX": 0.374412, "FIGR_HELOC": 1.026, "DOGE": 0.101252, "HYPE": 59.92, "USDS": 0.999735, "ZEC": 565.53, "LEO": 10.05, "ADA": 0.239834, "RAIN": 0.01155744, "XMR": 378.26, "BCH": 343.0, "LINK": 9.39, "WBT": 55.65, "CC": 0.156972, "TON": 1.94, "XLM": 0.147295, "USD1": 0.998496, "USDE": 0.998889, "DAI": 0.998835, "LTC": 51.94, "SUI": 0.997561, "AVAX": 9.13, "M": 3.02, "HBAR": 0.086235, "PYUSD": 1.0, "SHIB": 5.52e-06, "NEAR": 2.47, "CRO": 0.067649, "USYC": 1.12, "USDG": 0.99997, "XAUT": 4490.13, "TAO": 276.7, "BUIDL": 1.0, "USDY": 1.14, "PAXG": 4500.82, "DOT": 1.25, "MNT": 0.634154, "UNI": 3.26, "ONDO": 0.406798, "OKB": 87.57, "HTX": 2.02e-06, "WLFI": 0.056913, "RLUSD": 1.0, "ASTER": 0.682767, "USDF": 0.99569, "SKY": 0.069175, "USDD": 0.998526, "PI": 0.14232, "ICP": 2.69, "PEPE": 3.51e-06, "MORPHO": 2.27, "BGB": 2.05, "ETC": 8.61, "BFUSD": 0.998402, "AAVE": 85.75, "WLD": 0.358146, "RENDER": 2.29, "ATOM": 2.23, "QNT": 76.35, "USDTB": 0.999187, "KCS": 8.02, "EUTBL": 1.22, "U": 0.999603, "POL": 0.091958, "BCAP": 107.16, "ALGO": 0.108798, "JTRSY": 1.1, "KAS": 0.03254808, "USTB": 11.09, "ENA": 0.096183, "STABLE": 0.03640447, "NEXO": 0.828641, "JST": 0.093696, "FIL": 1.011, "APT": 0.96513, "VVV": 16.85, "DEXE": 16.37, "GT": 6.99, "FLR": 0.00815759, "ARB": 0.108732, "JUP": 0.196616, "XDC": 0.03167823, "PUMP": 0.00178634, "BDX": 0.07856, "GHO": 0.998793, "HASH": 0.0107858, "INJ": 5.59, "USD0": 0.998351, "NIGHT": 0.03309862, "DASH": 43.16, "FET": 0.242943, "VET": 0.00634208, "OUSG": 115.37}}