{"timestamp": 1780121812, "base": "USD", "data": {"BTC": 73452, "ETH": 2012.21, "USDT": 0.998755, "BNB": 667.18, "XRP": 1.35, "USDC": 0.999613, "SOL": 82.35, "TRX": 0.342633, "FIGR_HELOC": 1.032, "DOGE": 0.101218, "HYPE": 65.58, "USDS": 0.999602, "LEO": 10.05, "RAIN": 0.01440278, "XLM": 0.259847, "ADA": 0.235095, "ZEC": 515.14, "XMR": 400.86, "LINK": 9.15, "WBT": 53.9, "BCH": 301.53, "CC": 0.155624, "TON": 1.76, "USD1": 0.99835, "USDE": 0.999, "DAI": 0.999592, "HBAR": 0.097013, "LTC": 52.35, "AVAX": 8.91, "M": 2.85, "SUI": 0.901192, "SHIB": 5.49e-06, "NEAR": 2.37, "CRO": 0.068068, "PYUSD": 0.999841, "USYC": 1.13, "XAUT": 4511.09, "USDG": 0.999714, "BUIDL": 1.0, "TAO": 251.06, "USDY": 1.14, "MNT": 0.650414, "PAXG": 4524.45, "DOT": 1.2, "UNI": 3.05, "WLFI": 0.058802, "OKB": 86.72, "ASTER": 0.686142, "ONDO": 0.348963, "RLUSD": 0.999669, "USDF": 0.995306, "HTX": 1.8e-06, "PI": 0.143958, "SKY": 0.065358, "ICP": 2.7, "PEPE": 3.43e-06, "USDD": 0.999591, "BGB": 1.99, "BFUSD": 0.998507, "ETC": 8.26, "MORPHO": 2.02, "AAVE": 82.63, "ALGO": 0.128272, "KCS": 7.97, "U": 0.999601, "USDTB": 0.998845, "QNT": 71.93, "RENDER": 1.99, "ATOM": 2.02, "EUTBL": 1.23, "WLD": 0.295411, "BCAP": 107.16, "POL": 0.09105, "USTB": 11.1, "STABLE": 0.03786574, "JTRSY": 1.1, "DEXE": 18.48, "NEXO": 0.845466, "KAS": 0.03049167, "JST": 0.096291, "ENA": 0.08796, "APT": 0.946917, "FIL": 0.983805, "VVV": 15.81, "GT": 6.86, "INJ": 7.0, "XDC": 0.03383225, "FLR": 0.00772699, "ARB": 0.10483, "JUP": 0.18669, "PUMP": 0.00174539, "BDX": 0.079139, "NIGHT": 0.03590708, "GHO": 0.998966, "HASH": 0.01051551, "USD0": 0.998454, "FET": 0.241688, "APXUSD": 0.999536, "OUSG": 115.4, "VET": 0.00619918}}