{"timestamp": 1778506771, "base": "USD", "data": {"BTC": 80797, "ETH": 2316.82, "USDT": 0.999642, "XRP": 1.45, "BNB": 652.01, "USDC": 0.999728, "SOL": 94.66, "TRX": 0.351852, "FIGR_HELOC": 1.006, "DOGE": 0.10918, "WBT": 59.55, "USDS": 0.999756, "ADA": 0.278859, "HYPE": 41.17, "ZEC": 563.0, "LEO": 10.19, "BCH": 449.83, "LINK": 10.49, "XMR": 407.55, "TON": 2.28, "CC": 0.153307, "XLM": 0.167706, "SUI": 1.27, "LTC": 58.44, "DAI": 0.999628, "USD1": 0.998963, "AVAX": 10.06, "M": 3.25, "HBAR": 0.096128, "USDE": 0.999601, "SHIB": 6.55e-06, "RAIN": 0.00752373, "CRO": 0.078263, "PYUSD": 0.999726, "TAO": 317.86, "USYC": 1.12, "XAUT": 4728.6, "USDG": 0.999719, "UNI": 3.86, "BUIDL": 1.0, "MNT": 0.698709, "DOT": 1.35, "PAXG": 4727.64, "WLFI": 0.066272, "ONDO": 0.421, "NEAR": 1.52, "ICP": 3.49, "OKB": 87.13, "PEPE": 4.3e-06, "PI": 0.172997, "USDF": 0.99942, "HTX": 1.97e-06, "SKY": 0.075776, "ASTER": 0.68108, "RLUSD": 0.999911, "ETC": 9.69, "AAVE": 99.4, "BGB": 2.15, "USDD": 0.999485, "MORPHO": 2.13, "USDY": 1.13, "BFUSD": 0.9991, "JTRSY": 1.1, "ENA": 0.128027, "KCS": 8.46, "POL": 0.103662, "ALGO": 0.123289, "QNT": 73.09, "KAS": 0.03852779, "U": 0.999167, "RENDER": 1.97, "ATOM": 2.01, "EUTBL": 1.24, "USTB": 11.08, "BCAP": 105.77, "WLD": 0.277256, "NEXO": 0.914648, "APT": 1.11, "FIL": 1.12, "ARB": 0.142278, "SIREN": 1.16, "JUP": 0.246386, "GT": 7.52, "VVV": 17.17, "STABLE": 0.0344246, "JST": 0.087569, "PUMP": 0.00208469, "FLR": 0.0086376, "VET": 0.00766888, "BONK": 7.45e-06, "XDC": 0.03217921, "PENGU": 0.01017096, "USDTB": 0.99354, "BDX": 0.080032, "OUSG": 115.18, "DEXE": 12.69, "DASH": 46.54, "GHO": 0.999433, "HASH": 0.01089583, "TRUMP": 2.41}}