{"timestamp": 1776584531, "base": "USD", "data": {"BTC": 75079, "ETH": 2309.37, "USDT": 1.0, "XRP": 1.42, "BNB": 619.6, "USDC": 0.999838, "SOL": 84.68, "TRX": 0.329861, "FIGR_HELOC": 1.035, "DOGE": 0.093984, "WBT": 54.42, "USDS": 0.999792, "HYPE": 43.02, "LEO": 10.14, "ADA": 0.245024, "BCH": 440.62, "LINK": 9.14, "XMR": 349.86, "M": 3.55, "USDE": 0.999483, "CC": 0.146375, "XLM": 0.167806, "ZEC": 321.58, "DAI": 0.999689, "LTC": 55.02, "USD1": 0.999691, "PYUSD": 0.999873, "AVAX": 9.15, "HBAR": 0.088105, "SUI": 0.941245, "RAIN": 0.00760884, "SHIB": 5.98e-06, "TON": 1.28, "CRO": 0.069397, "USYC": 1.12, "XAUT": 4778.52, "WLFI": 0.078913, "BUIDL": 1.0, "PAXG": 4779.85, "TAO": 241.13, "USDG": 0.999831, "MNT": 0.653958, "DOT": 1.25, "UNI": 3.25, "USDF": 0.998215, "PI": 0.172966, "OKB": 83.56, "SKY": 0.075599, "NEAR": 1.33, "ASTER": 0.668743, "HTX": 1.8e-06, "PEPE": 3.74e-06, "JTRSY": 1.1, "USDD": 1.0, "RLUSD": 0.99976, "AAVE": 92.53, "ICP": 2.44, "BFUSD": 0.999804, "USDY": 1.13, "BGB": 1.87, "ETC": 8.33, "ONDO": 0.25379, "KCS": 8.43, "GT": 7.11, "PUMP": 0.00182854, "MORPHO": 1.94, "QNT": 73.14, "ENA": 0.118184, "EUTBL": 1.24, "U": 0.99876, "POL": 0.088569, "ALGO": 0.105337, "KAS": 0.0342499, "RENDER": 1.76, "NEXO": 0.89278, "ATOM": 1.77, "USDTB": 1.0, "USTB": 11.05, "WLD": 0.259878, "BCAP": 82.76, "ARB": 0.124606, "APT": 0.925099, "FIL": 0.918348, "DEXE": 15.17, "FLR": 0.00809519, "TRUMP": 2.83, "HASH": 0.01148241, "JUP": 0.176998, "BDX": 0.079966, "NIGHT": 0.03685737, "JST": 0.071346, "VET": 0.00705141, "OUSG": 114.95, "XDC": 0.02978203, "YLDS": 1.0, "GHO": 0.999136, "STABLE": 0.02554927, "USD0": 0.998248, "BONK": 5.96e-06, "CAKE": 1.53}}