{"timestamp": 1778267171, "base": "USD", "data": {"BTC": 79996, "ETH": 2313.05, "USDT": 0.999868, "XRP": 1.42, "BNB": 647.14, "USDC": 0.999867, "SOL": 92.12, "TRX": 0.349727, "FIGR_HELOC": 1.003, "DOGE": 0.108403, "WBT": 59.08, "USDS": 0.999859, "HYPE": 43.25, "ADA": 0.271634, "ZEC": 579.9, "LEO": 10.37, "BCH": 452.15, "LINK": 10.36, "XMR": 405.71, "TON": 2.58, "CC": 0.146194, "XLM": 0.164007, "M": 3.6, "LTC": 58.39, "USD1": 0.999482, "DAI": 0.999646, "AVAX": 9.88, "SUI": 1.021, "HBAR": 0.092682, "USDE": 0.999461, "SHIB": 6.43e-06, "RAIN": 0.00753818, "PYUSD": 0.99999, "CRO": 0.070775, "TAO": 314.06, "USYC": 1.12, "XAUT": 4712.1, "USDG": 0.999998, "BUIDL": 1.0, "WLFI": 0.075287, "UNI": 3.69, "DOT": 1.37, "MNT": 0.681805, "PAXG": 4715.31, "ONDO": 0.449632, "NEAR": 1.57, "SKY": 0.08282, "PEPE": 4.33e-06, "OKB": 86.55, "PI": 0.171211, "USDF": 0.998811, "HTX": 1.97e-06, "ICP": 3.2, "ASTER": 0.678642, "RLUSD": 1.0, "ETC": 9.81, "BGB": 2.13, "USDD": 0.999672, "AAVE": 95.39, "MORPHO": 2.12, "USDY": 1.13, "BFUSD": 0.9995, "JTRSY": 1.1, "ALGO": 0.131167, "ENA": 0.127987, "KCS": 8.37, "POL": 0.101458, "QNT": 73.88, "RENDER": 2.02, "U": 1.0, "KAS": 0.03673592, "EUTBL": 1.24, "ATOM": 1.92, "BCAP": 105.77, "USTB": 11.08, "FIL": 1.19, "WLD": 0.272837, "NEXO": 0.908001, "APT": 1.1, "ARB": 0.144347, "SIREN": 1.22, "GT": 7.29, "JUP": 0.242352, "PUMP": 0.00213308, "STABLE": 0.032552, "JST": 0.083348, "FLR": 0.00799539, "VET": 0.00777728, "PENGU": 0.01045926, "BONK": 7.18e-06, "USDTB": 0.999618, "DASH": 48.95, "VVV": 13.45, "BDX": 0.07992, "OUSG": 115.17, "XDC": 0.03039112, "VIRTUAL": 0.92257, "SKYAI": 0.593474, "GHO": 0.999732, "TRUMP": 2.46}}