{"timestamp": 1781264221, "base": "USD", "data": {"BTC": 63675, "ETH": 1672.03, "USDT": 0.998777, "BNB": 606.2, "USDC": 0.999595, "XRP": 1.14, "SOL": 66.83, "TRX": 0.312016, "FIGR_HELOC": 1.03, "DOGE": 0.086462, "HYPE": 59.21, "USDS": 0.999673, "LEO": 9.55, "RAIN": 0.01314663, "ZEC": 436.17, "XMR": 378.79, "XLM": 0.192916, "ADA": 0.170974, "CC": 0.16382, "WBT": 52.16, "LINK": 7.89, "TON": 1.73, "USDE": 0.998651, "USD1": 0.998623, "DAI": 0.999805, "BCH": 204.28, "M": 3.11, "HBAR": 0.079538, "LTC": 43.03, "LAB": 10.25, "SUI": 0.755484, "USYC": 1.13, "AVAX": 6.64, "SHIB": 4.86e-06, "PYUSD": 0.999835, "NEAR": 2.09, "CRO": 0.059976, "USDG": 0.999495, "XAUT": 4177.93, "BUIDL": 1.0, "BEAT": 8.28, "USDY": 1.13, "TAO": 213.08, "WLFI": 0.061644, "PAXG": 4191.23, "MNT": 0.541343, "ONDO": 0.364843, "ASTER": 0.625825, "RLUSD": 0.999897, "WLD": 0.483578, "DOT": 0.964907, "UNI": 2.53, "OKB": 72.56, "HTX": 1.66e-06, "USDF": 0.995269, "PI": 0.12694, "SKY": 0.057385, "USDD": 0.998926, "BFUSD": 0.998026, "MORPHO": 1.94, "ICP": 2.26, "BGB": 1.77, "PEPE": 2.82e-06, "ETC": 7.25, "ATOM": 1.98, "USDTB": 0.999292, "U": 0.999701, "AAVE": 64.69, "EUTBL": 1.22, "DEXE": 20.9, "BCAP": 106.96, "QNT": 66.63, "USTB": 11.11, "KCS": 6.75, "JTRSY": 1.11, "RENDER": 1.66, "KAS": 0.03070647, "STABLE": 0.03551787, "NEXO": 0.800846, "ALGO": 0.08862, "POL": 0.074287, "ENA": 0.079408, "GT": 6.49, "VELVET": 1.64, "VVV": 14.6, "JAAA": 1.038, "\u5e01\u5b89\u4eba\u751f": 0.650158, "FLR": 0.0074899, "JST": 0.073202, "XDC": 0.0303437, "GHO": 0.998414, "FIL": 0.754405, "NIGHT": 0.03378687, "JUP": 0.167051, "USD0": 0.998648, "YLDS": 0.999635, "APT": 0.65573, "INJ": 5.36, "ARB": 0.084248, "PUMP": 0.00148596}}