{"timestamp": 1777042756, "base": "USD", "data": {"BTC": 78040, "ETH": 2314.58, "USDT": 1.0, "XRP": 1.44, "BNB": 638.48, "USDC": 0.999851, "SOL": 85.99, "TRX": 0.326741, "FIGR_HELOC": 1.031, "DOGE": 0.097776, "WBT": 55.11, "USDS": 0.99984, "HYPE": 40.92, "LEO": 10.24, "ADA": 0.250643, "BCH": 458.25, "XMR": 373.02, "LINK": 9.36, "CC": 0.152737, "ZEC": 348.65, "XLM": 0.174389, "M": 4.31, "DAI": 1.0, "USD1": 1.0, "LTC": 56.25, "AVAX": 9.41, "HBAR": 0.09068, "USDE": 0.999503, "RAIN": 0.00794693, "SUI": 0.948942, "SHIB": 6.2e-06, "PYUSD": 0.999944, "TON": 1.32, "CRO": 0.069376, "USYC": 1.12, "XAUT": 4710.88, "WLFI": 0.075135, "TAO": 248.08, "USDG": 0.999897, "PAXG": 4714.76, "BUIDL": 1.0, "MNT": 0.64562, "DOT": 1.25, "UNI": 3.27, "SKY": 0.084431, "NEAR": 1.41, "USDF": 0.997032, "OKB": 83.85, "PI": 0.17012, "HTX": 1.83e-06, "ASTER": 0.670913, "PEPE": 3.84e-06, "JTRSY": 1.1, "RLUSD": 0.999946, "AAVE": 93.41, "BGB": 2.01, "USDD": 1.001, "ICP": 2.48, "ETC": 8.54, "USDY": 1.13, "BFUSD": 0.999599, "ONDO": 0.263924, "KCS": 8.47, "GT": 7.37, "PUMP": 0.00178668, "QNT": 71.78, "MORPHO": 1.87, "EUTBL": 1.23, "U": 1.0, "POL": 0.095502, "USTB": 11.06, "ATOM": 1.96, "ENA": 0.108607, "ALGO": 0.106595, "RENDER": 1.81, "KAS": 0.03395085, "NEXO": 0.907758, "WLD": 0.26332, "ARB": 0.130429, "APT": 0.962693, "BCAP": 82.76, "STABLE": 0.03387463, "FIL": 0.941148, "JST": 0.082156, "FLR": 0.00792411, "TRUMP": 2.9, "VET": 0.00731331, "NIGHT": 0.03746063, "BDX": 0.080221, "JUP": 0.173885, "HASH": 0.01078355, "XDC": 0.03072678, "OUSG": 115.02, "DEXE": 12.71, "GHO": 0.999208, "USDTB": 0.999821, "BONK": 6.41e-06, "USD0": 0.998123, "YLDS": 0.999722, "PENGU": 0.00863913}}