{"timestamp": 1781275129, "base": "USD", "data": {"BTC": 63687, "ETH": 1673.22, "USDT": 0.999175, "BNB": 609.07, "USDC": 0.9998, "XRP": 1.14, "SOL": 67.22, "TRX": 0.313047, "FIGR_HELOC": 1.03, "DOGE": 0.090489, "HYPE": 59.88, "USDS": 0.999774, "LEO": 9.51, "RAIN": 0.01313299, "ZEC": 427.12, "XMR": 371.12, "XLM": 0.191658, "CC": 0.164751, "ADA": 0.170042, "WBT": 51.95, "LINK": 7.89, "TON": 1.74, "USDE": 0.999306, "USD1": 0.999265, "DAI": 0.999795, "BCH": 204.24, "M": 3.09, "HBAR": 0.078785, "LTC": 43.1, "LAB": 9.83, "SUI": 0.755603, "USYC": 1.13, "SHIB": 4.89e-06, "AVAX": 6.6, "BEAT": 9.65, "NEAR": 2.07, "CRO": 0.059877, "PYUSD": 0.999908, "USDG": 0.999975, "XAUT": 4172.35, "BUIDL": 1.0, "USDY": 1.13, "TAO": 214.3, "PAXG": 4177.91, "WLFI": 0.060039, "MNT": 0.541738, "ONDO": 0.363487, "ASTER": 0.630113, "RLUSD": 1.0, "DOT": 0.961556, "WLD": 0.473179, "UNI": 2.53, "OKB": 72.8, "HTX": 1.66e-06, "USDF": 0.995592, "PI": 0.126949, "SKY": 0.057306, "USDD": 0.998879, "BFUSD": 0.9989, "ICP": 2.27, "MORPHO": 1.93, "BGB": 1.77, "PEPE": 2.83e-06, "ETC": 7.29, "USDTB": 0.99973, "ATOM": 1.96, "DEXE": 21.5, "U": 0.999896, "AAVE": 64.67, "BCAP": 106.96, "EUTBL": 1.22, "QNT": 66.29, "USTB": 11.11, "KCS": 6.62, "JTRSY": 1.11, "RENDER": 1.66, "STABLE": 0.03598626, "KAS": 0.03076328, "NEXO": 0.797013, "ALGO": 0.0883, "POL": 0.073761, "ENA": 0.080598, "GT": 6.5, "JAAA": 1.038, "VVV": 14.51, "VELVET": 1.57, "\u5e01\u5b89\u4eba\u751f": 0.664061, "FLR": 0.00755709, "JST": 0.074681, "XDC": 0.03014763, "GHO": 0.998813, "FIL": 0.752499, "BDX": 0.072699, "NIGHT": 0.03364419, "JUP": 0.166877, "USD0": 0.99873, "YLDS": 0.999502, "APT": 0.655179, "INJ": 5.24, "ARB": 0.083558}}