{"timestamp": 1782597365, "base": "USD", "data": {"BTC": 60102, "ETH": 1573.93, "USDT": 0.998492, "BNB": 556.68, "USDC": 0.9997, "XRP": 1.051, "SOL": 70.89, "TRX": 0.320559, "FIGR_HELOC": 1.037, "HYPE": 62.34, "DOGE": 0.074475, "USDS": 0.999558, "RAIN": 0.01557407, "LEO": 9.41, "ZEC": 397.52, "CC": 0.152854, "XLM": 0.173416, "XMR": 312.45, "WBT": 48.08, "LINK": 7.29, "ADA": 0.144799, "LAB": 16.1, "USD1": 0.998999, "DAI": 0.999769, "USDE": 0.99803, "GRAM": 1.57, "BCH": 196.58, "LTC": 42.16, "HBAR": 0.07189, "USYC": 1.13, "USDG": 0.99941, "AVAX": 6.38, "SUI": 0.682319, "PYUSD": 0.999864, "CRO": 0.054705, "XAUT": 4064.57, "SHIB": 4.21e-06, "NEAR": 1.87, "BUIDL": 1.0, "USDY": 1.14, "TAO": 208.95, "PAXG": 4069.52, "WLFI": 0.057653, "UNI": 2.93, "ASTER": 0.621604, "OKB": 78.8, "RLUSD": 1.0, "WLD": 0.450266, "HTX": 1.68e-06, "ONDO": 0.311358, "MNT": 0.437548, "USDF": 0.994749, "AAVE": 93.31, "PI": 0.129356, "DOT": 0.820367, "USDD": 0.9985, "BFUSD": 0.998362, "ICP": 2.15, "SKY": 0.04938856, "BGB": 1.64, "MORPHO": 1.74, "ETC": 7.11, "M": 0.775536, "DEXE": 21.84, "U": 0.999511, "PEPE": 2.38e-06, "BCAP": 107.03, "QNT": 65.66, "EUTBL": 1.2, "KCS": 6.81, "STABLE": 0.03804501, "JTRSY": 1.11, "USDGO": 0.999998, "RENDER": 1.57, "ATOM": 1.56, "USTB": 11.13, "ALGO": 0.08541, "KAS": 0.02768207, "POL": 0.070454, "USDTB": 0.999756, "JST": 0.085682, "JUP": 0.219994, "NEXO": 0.726237, "ENA": 0.077217, "\u5e01\u5b89\u4eba\u751f": 0.71162, "GT": 6.56, "BEAT": 2.42, "JAAA": 1.039, "BDX": 0.083807, "VVV": 13.41, "ADI": 4.92, "EURSAFO": 1.15, "GHO": 0.997646, "FLR": 0.00668608, "VELVET": 1.38, "FIL": 0.729911, "PUMP": 0.00138562, "YLDS": 0.99998, "XDC": 0.02793138, "USD0": 0.998692}}