{"timestamp": 1777212628, "base": "USD", "data": {"BTC": 77903, "ETH": 2334.58, "USDT": 1.0, "XRP": 1.42, "BNB": 631.4, "USDC": 0.999816, "SOL": 86.11, "TRX": 0.323539, "FIGR_HELOC": 1.02, "DOGE": 0.098464, "WBT": 55.14, "USDS": 0.999732, "HYPE": 41.1, "LEO": 10.29, "ADA": 0.251938, "BCH": 450.98, "XMR": 388.47, "LINK": 9.43, "ZEC": 352.73, "CC": 0.150738, "XLM": 0.170854, "M": 4.36, "DAI": 0.999637, "USD1": 0.999922, "LTC": 55.96, "AVAX": 9.41, "HBAR": 0.092342, "USDE": 0.999321, "SUI": 0.941516, "SHIB": 6.18e-06, "RAIN": 0.00747841, "PYUSD": 0.999946, "TON": 1.31, "CRO": 0.070182, "USYC": 1.12, "XAUT": 4702.21, "USDG": 0.999829, "WLFI": 0.074905, "TAO": 245.9, "PAXG": 4700.81, "BUIDL": 1.0, "MNT": 0.65303, "DOT": 1.26, "UNI": 3.26, "SKY": 0.087398, "PI": 0.181024, "NEAR": 1.39, "USDF": 0.996755, "OKB": 84.35, "HTX": 1.81e-06, "PEPE": 3.89e-06, "ASTER": 0.656333, "RLUSD": 0.999899, "USDD": 0.999845, "AAVE": 94.78, "JTRSY": 1.1, "BGB": 1.97, "ICP": 2.43, "USDY": 1.13, "BFUSD": 0.999701, "ETC": 8.42, "ONDO": 0.267068, "KCS": 8.47, "GT": 7.35, "MORPHO": 1.91, "ALGO": 0.117964, "EUTBL": 1.23, "PUMP": 0.00174736, "USTB": 11.06, "U": 0.999732, "QNT": 70.31, "ATOM": 2.02, "POL": 0.091733, "ENA": 0.108205, "RENDER": 1.81, "KAS": 0.03371078, "NEXO": 0.908498, "WLD": 0.258208, "ARB": 0.129752, "APT": 0.977788, "BCAP": 82.76, "STABLE": 0.03396588, "FIL": 0.939882, "JST": 0.079445, "FLR": 0.00784554, "DEXE": 13.92, "VET": 0.00735893, "JUP": 0.178023, "BDX": 0.080146, "TRUMP": 2.65, "OUSG": 115.03, "XDC": 0.02985718, "NIGHT": 0.0354603, "USDTB": 1.0, "GHO": 0.999238, "HASH": 0.01016613, "USD0": 0.998104, "BONK": 6.29e-06, "PENGU": 0.0087648, "YLDS": 0.999999}}