{"timestamp": 1779456299, "base": "USD", "data": {"BTC": 77343, "ETH": 2130.32, "USDT": 0.99886, "BNB": 661.3, "XRP": 1.37, "USDC": 0.99976, "SOL": 87.46, "TRX": 0.363781, "FIGR_HELOC": 1.026, "DOGE": 0.106372, "HYPE": 60.9, "USDS": 0.999577, "ZEC": 637.23, "ADA": 0.253417, "LEO": 9.98, "WBT": 57.08, "BCH": 379.92, "LINK": 9.98, "XMR": 387.68, "CC": 0.153678, "TON": 2.0, "XLM": 0.15006, "USD1": 0.999495, "SUI": 1.12, "USDE": 0.998948, "DAI": 0.99964, "LTC": 54.22, "AVAX": 9.57, "HBAR": 0.090661, "M": 2.86, "RAIN": 0.00750224, "PYUSD": 0.999684, "SHIB": 5.88e-06, "CRO": 0.070063, "NEAR": 2.31, "USYC": 1.12, "TAO": 286.84, "USDG": 0.999653, "XAUT": 4516.31, "BUIDL": 1.0, "UNI": 3.67, "ONDO": 0.46159, "DOT": 1.34, "MNT": 0.665867, "USDY": 1.13, "PAXG": 4518.0, "WLFI": 0.061013, "HTX": 2.02e-06, "ASTER": 0.699892, "USDF": 0.997233, "RLUSD": 1.0, "OKB": 83.9, "SKY": 0.070753, "PI": 0.154633, "PEPE": 3.81e-06, "ICP": 2.72, "USDD": 0.99948, "ETC": 9.33, "BGB": 1.99, "AAVE": 89.25, "BFUSD": 0.998798, "MORPHO": 2.05, "QNT": 79.21, "ATOM": 2.15, "KCS": 8.0, "USDTB": 0.999055, "RENDER": 2.07, "EUTBL": 1.22, "ALGO": 0.118364, "U": 0.999371, "WLD": 0.294691, "ENA": 0.109755, "POL": 0.092811, "KAS": 0.03531479, "JTRSY": 1.1, "BCAP": 105.74, "USTB": 11.09, "VVV": 19.33, "NEXO": 0.863887, "APT": 0.998114, "FIL": 1.033, "JST": 0.092673, "GT": 7.05, "STABLE": 0.03234801, "JUP": 0.22167, "FLR": 0.00845831, "ARB": 0.115023, "XDC": 0.03421581, "PUMP": 0.00184643, "DEXE": 13.6, "BDX": 0.079578, "PENGU": 0.00970092, "VET": 0.00680005, "GHO": 0.998914, "DASH": 45.19, "HASH": 0.01050426, "BONK": 6.31e-06, "OUSG": 115.32, "USD0": 0.998505, "NIGHT": 0.03273139}}