{"timestamp": 1779144707, "base": "USD", "data": {"BTC": 76942, "ETH": 2130.92, "USDT": 0.999292, "BNB": 643.92, "XRP": 1.39, "USDC": 0.999739, "SOL": 85.28, "TRX": 0.355597, "FIGR_HELOC": 1.036, "DOGE": 0.104794, "WBT": 56.86, "HYPE": 47.22, "USDS": 0.999404, "ZEC": 561.95, "ADA": 0.251401, "LEO": 10.1, "BCH": 374.66, "XMR": 382.65, "LINK": 9.56, "CC": 0.149638, "TON": 2.01, "XLM": 0.147251, "USD1": 0.99962, "DAI": 0.99978, "USDE": 0.999837, "SUI": 1.057, "LTC": 54.35, "M": 3.19, "AVAX": 9.22, "HBAR": 0.089716, "RAIN": 0.00742297, "PYUSD": 0.999952, "SHIB": 5.74e-06, "CRO": 0.069753, "USYC": 1.12, "USDG": 0.99973, "XAUT": 4567.42, "BUIDL": 1.0, "TAO": 261.07, "UNI": 3.52, "PAXG": 4568.65, "USDY": 1.12, "DOT": 1.24, "NEAR": 1.61, "MNT": 0.627272, "WLFI": 0.061638, "ONDO": 0.375746, "HTX": 1.97e-06, "USDF": 0.997666, "OKB": 81.84, "ASTER": 0.654411, "SKY": 0.069534, "PI": 0.152102, "RLUSD": 0.999793, "PEPE": 3.68e-06, "USDD": 0.998971, "ICP": 2.57, "ETC": 8.93, "BGB": 1.99, "AAVE": 89.26, "BFUSD": 0.9987, "QNT": 76.43, "KCS": 8.02, "USDTB": 0.999204, "MORPHO": 1.7, "ATOM": 2.05, "JTRSY": 1.1, "U": 0.999731, "EUTBL": 1.23, "USTB": 11.08, "ALGO": 0.108591, "POL": 0.090517, "BCAP": 105.74, "ENA": 0.105007, "KAS": 0.03461308, "RENDER": 1.81, "NEXO": 0.87519, "WLD": 0.240141, "STABLE": 0.03494658, "APT": 0.94125, "JST": 0.089657, "GT": 7.08, "FIL": 0.955011, "FLR": 0.00838861, "ARB": 0.117163, "VVV": 14.57, "JUP": 0.198713, "DEXE": 13.71, "BDX": 0.078826, "PUMP": 0.00171547, "XDC": 0.030536, "GHO": 0.999313, "VET": 0.00675266, "HASH": 0.01051428, "USD0": 0.997773, "OUSG": 115.28, "KITE": 0.239247, "DASH": 42.27, "PENGU": 0.0085355, "YLDS": 0.999899}}