{"timestamp": 1781364391, "base": "USD", "data": {"BTC": 64247, "ETH": 1681.27, "USDT": 0.999391, "BNB": 609.88, "USDC": 0.999789, "XRP": 1.15, "SOL": 68.5, "TRX": 0.31733, "FIGR_HELOC": 1.031, "DOGE": 0.088643, "HYPE": 60.34, "USDS": 0.9998, "LEO": 9.6, "RAIN": 0.01300035, "ZEC": 416.9, "ADA": 0.175384, "XMR": 344.75, "XLM": 0.190238, "CC": 0.160303, "WBT": 52.42, "LINK": 8.01, "TON": 1.72, "USDE": 0.999392, "USD1": 1.0, "DAI": 0.999726, "BCH": 208.79, "M": 2.95, "HBAR": 0.078498, "LTC": 43.93, "SUI": 0.773502, "USYC": 1.13, "LAB": 9.58, "SHIB": 4.98e-06, "AVAX": 6.72, "PYUSD": 0.999983, "NEAR": 2.11, "CRO": 0.059832, "USDG": 0.999916, "XAUT": 4207.67, "TAO": 266.29, "BUIDL": 1.0, "USDY": 1.13, "BEAT": 7.39, "PAXG": 4215.81, "WLFI": 0.059244, "ONDO": 0.372965, "MNT": 0.548249, "WLD": 0.529465, "ASTER": 0.639686, "DOT": 0.993074, "RLUSD": 1.0, "UNI": 2.58, "OKB": 74.69, "HTX": 1.69e-06, "USDF": 0.995094, "ICP": 2.55, "PI": 0.130898, "USDD": 0.999329, "BFUSD": 0.999001, "SKY": 0.056375, "BGB": 1.79, "MORPHO": 1.94, "PEPE": 2.87e-06, "ETC": 7.22, "AAVE": 67.38, "ATOM": 1.98, "U": 1.0, "BCAP": 106.96, "EUTBL": 1.22, "QNT": 66.69, "USTB": 11.11, "RENDER": 1.8, "KCS": 6.93, "USDTB": 0.999703, "KAS": 0.03157138, "JTRSY": 1.11, "STABLE": 0.0362538, "DEXE": 17.44, "POL": 0.075545, "NEXO": 0.800989, "ENA": 0.086266, "VVV": 16.98, "ALGO": 0.089239, "GT": 6.73, "JAAA": 1.038, "FLR": 0.00797584, "\u5e01\u5b89\u4eba\u751f": 0.673197, "JST": 0.075152, "FIL": 0.793725, "BDX": 0.07988, "XDC": 0.03049205, "GHO": 0.999186, "JUP": 0.174679, "APT": 0.680148, "YLDS": 0.999805, "NIGHT": 0.0334415, "USD0": 0.998554, "HASH": 0.01006575, "PUMP": 0.00156461, "ARB": 0.086731}}