{"timestamp": 1781969356, "base": "USD", "data": {"BTC": 64129, "ETH": 1740.65, "USDT": 0.999012, "BNB": 587.24, "USDC": 0.99975, "XRP": 1.15, "SOL": 72.13, "TRX": 0.325284, "FIGR_HELOC": 1.034, "HYPE": 70.88, "DOGE": 0.083877, "USDS": 0.99979, "RAIN": 0.01449762, "LEO": 9.58, "ZEC": 483.21, "XLM": 0.215782, "WBT": 52.82, "ADA": 0.162482, "XMR": 317.85, "LINK": 7.97, "CC": 0.150895, "USD1": 1.0, "USDE": 0.999039, "GRAM": 1.63, "DAI": 0.999476, "BCH": 199.74, "LAB": 12.52, "M": 2.85, "HBAR": 0.080231, "LTC": 44.26, "USYC": 1.13, "SUI": 0.711799, "USDG": 0.999723, "NEAR": 2.16, "SHIB": 4.72e-06, "PYUSD": 1.0, "CRO": 0.058677, "AVAX": 6.14, "XAUT": 4147.67, "BUIDL": 1.0, "TAO": 232.5, "USDY": 1.14, "WLD": 0.617956, "UNI": 3.04, "PAXG": 4156.91, "WLFI": 0.058111, "MNT": 0.533102, "ASTER": 0.644393, "ONDO": 0.345352, "DOT": 0.967302, "RLUSD": 1.0, "OKB": 76.27, "HTX": 1.72e-06, "USDF": 0.994583, "PI": 0.134599, "USDD": 0.999066, "SKY": 0.058303, "BFUSD": 0.999104, "ICP": 2.3, "BGB": 1.77, "MORPHO": 1.87, "PEPE": 2.84e-06, "ETC": 7.55, "AAVE": 75.69, "QNT": 71.14, "U": 0.99991, "USTB": 11.12, "BCAP": 107.07, "KCS": 7.24, "EUTBL": 1.21, "ATOM": 1.79, "USDTB": 0.999914, "RENDER": 1.75, "JTRSY": 1.11, "POL": 0.08113, "ALGO": 0.09388, "KAS": 0.03036006, "ENA": 0.088711, "NEXO": 0.797703, "STABLE": 0.03246858, "JAAA": 1.039, "GT": 6.72, "DEXE": 15.21, "JST": 0.083049, "VVV": 14.84, "\u5e01\u5b89\u4eba\u751f": 0.693967, "JUP": 0.204932, "FLR": 0.00740163, "BDX": 0.08135, "FIL": 0.790737, "GHO": 0.998507, "XDC": 0.02961533, "YLDS": 0.999705, "EURSAFO": 1.15, "USD0": 0.999045, "NIGHT": 0.03233087, "ARB": 0.084031, "APT": 0.638984, "HASH": 0.00935969, "USX": 0.999248}}