{"timestamp": 1784717961, "base": "USD", "data": {"BTC": 65981, "ETH": 1929.62, "USDT": 0.999248, "BNB": 570.59, "USDC": 0.999896, "XRP": 1.14, "SOL": 77.6, "TRX": 0.330073, "FIGR_HELOC": 1.005, "HYPE": 59.14, "DOGE": 0.072683, "RAIN": 0.01474065, "USDS": 0.999848, "LEO": 9.72, "ZEC": 516.42, "WBT": 57.59, "XMR": 350.39, "XLM": 0.18996, "LINK": 8.67, "ADA": 0.173468, "CC": 0.123832, "DAI": 0.999764, "BCH": 222.05, "USD1": 0.999018, "GRAM": 1.51, "USDE": 0.999832, "LTC": 46.56, "USDG": 0.999433, "HBAR": 0.071273, "SUI": 0.761415, "USYC": 1.13, "AVAX": 6.52, "PYUSD": 0.999698, "CRO": 0.057969, "BUIDL": 1.0, "XAUT": 4108.61, "SHIB": 4.25e-06, "NEAR": 1.89, "UNI": 3.78, "USDY": 1.14, "ONDO": 0.412223, "TAO": 197.28, "PAXG": 4107.92, "WLFI": 0.056527, "OKB": 81.83, "ASTER": 0.62323, "HTX": 1.84e-06, "RLUSD": 1.0, "M": 1.19, "USDD": 0.999262, "SKY": 0.063848, "AAVE": 96.13, "DOT": 0.839621, "USDF": 0.995886, "MNT": 0.425032, "WLD": 0.383185, "MORPHO": 2.03, "BFUSD": 0.998484, "ICP": 2.19, "PEPE": 2.85e-06, "BGB": 1.69, "ETC": 6.96, "U": 0.999651, "EUTBL": 1.2, "PI": 0.091878, "USDGO": 0.999985, "BCAP": 106.2, "QNT": 64.41, "KCS": 6.71, "STABLE": 0.03592069, "JTRSY": 1.11, "ADI": 6.84, "EURSAFO": 1.15, "POL": 0.079217, "ENA": 0.088277, "JST": 0.101424, "BEAT": 2.63, "PUMP": 0.00197362, "RENDER": 1.51, "KAS": 0.02811637, "USTB": 11.15, "ATOM": 1.46, "NEXO": 0.753481, "ALGO": 0.083726, "GT": 6.66, "JAAA": 1.042, "BDX": 0.083321, "GHO": 0.998795, "JUP": 0.195181, "FIL": 0.773175, "VVV": 12.75, "ARB": 0.090028, "FLR": 0.00667717, "\u5e01\u5b89\u4eba\u751f": 0.579665, "LIT": 2.3, "XDC": 0.02877555, "YLDS": 0.999984, "USD0": 0.99928, "HASH": 0.00993812, "INJ": 5.24}}