{"timestamp": 1784843864, "base": "USD", "data": {"BTC": 65086, "ETH": 1880.22, "USDT": 0.999365, "BNB": 566.63, "USDC": 0.999782, "XRP": 1.11, "SOL": 75.96, "TRX": 0.328388, "FIGR_HELOC": 1.04, "WBT": 56.56, "HYPE": 57.58, "DOGE": 0.069418, "USDS": 0.999932, "RAIN": 0.01401314, "LEO": 9.72, "ZEC": 502.36, "XMR": 355.89, "LINK": 8.48, "ADA": 0.168741, "XLM": 0.182252, "CC": 0.12249, "DAI": 1.0, "BCH": 211.32, "USD1": 0.999185, "GRAM": 1.47, "USDE": 0.99994, "LTC": 47.11, "USDG": 1.0, "HBAR": 0.071549, "SUI": 0.74624, "USYC": 1.13, "AVAX": 6.29, "CRO": 0.057033, "PYUSD": 0.999722, "BUIDL": 1.0, "XAUT": 4047.17, "NEAR": 1.89, "SHIB": 4.13e-06, "UNI": 3.77, "USDY": 1.14, "ONDO": 0.40136, "WLFI": 0.058611, "TAO": 193.51, "PAXG": 4044.67, "OKB": 81.65, "ASTER": 0.621017, "HTX": 1.83e-06, "RLUSD": 1.0, "USDD": 0.999391, "M": 1.14, "AAVE": 95.75, "SKY": 0.061372, "USDF": 0.996177, "DOT": 0.816954, "WLD": 0.383829, "MNT": 0.407648, "BFUSD": 0.998479, "MORPHO": 1.96, "ICP": 2.16, "BGB": 1.67, "PEPE": 2.78e-06, "USDGO": 1.0, "ETC": 6.86, "U": 0.999984, "BCAP": 106.2, "PI": 0.086133, "STABLE": 0.03805327, "QNT": 63.44, "BEAT": 2.96, "KCS": 6.6, "JTRSY": 1.11, "ENA": 0.088847, "USTB": 11.15, "JST": 0.100865, "POL": 0.076042, "KAS": 0.02796854, "RENDER": 1.48, "PUMP": 0.0019085, "ALGO": 0.083151, "NEXO": 0.743869, "ATOM": 1.42, "GT": 6.62, "\u5e01\u5b89\u4eba\u751f": 0.687838, "JAAA": 1.042, "BDX": 0.083066, "GHO": 0.998899, "JUP": 0.187653, "FIL": 0.727557, "ARB": 0.086769, "YLDS": 0.99942, "VVV": 12.01, "FLR": 0.00647035, "XDC": 0.02790435, "USD0": 0.999558, "EUTBL": 1.23, "LIT": 2.16, "USX": 0.999558, "APT": 0.61331, "INJ": 5.15, "TUSD": 0.996504}}