{"timestamp": 1778998483, "base": "USD", "data": {"BTC": 78153, "ETH": 2185.87, "USDT": 0.999575, "BNB": 655.26, "XRP": 1.42, "USDC": 0.999818, "SOL": 86.96, "TRX": 0.354249, "FIGR_HELOC": 1.039, "DOGE": 0.109996, "WBT": 57.62, "USDS": 0.999705, "HYPE": 42.67, "ADA": 0.255506, "LEO": 10.03, "ZEC": 512.73, "BCH": 415.84, "XMR": 387.7, "LINK": 9.77, "CC": 0.152733, "TON": 1.93, "XLM": 0.15194, "USD1": 1.0, "DAI": 0.999534, "LTC": 56.21, "USDE": 1.0, "M": 3.3, "SUI": 1.062, "AVAX": 9.32, "HBAR": 0.091574, "RAIN": 0.00752388, "PYUSD": 0.999774, "SHIB": 5.85e-06, "CRO": 0.071283, "USDG": 0.999741, "USYC": 1.12, "BUIDL": 1.0, "XAUT": 4525.77, "TAO": 270.75, "UNI": 3.52, "DOT": 1.28, "PAXG": 4527.47, "MNT": 0.642776, "NEAR": 1.52, "WLFI": 0.061024, "USDY": 1.14, "USDF": 0.997684, "HTX": 1.96e-06, "OKB": 83.62, "ONDO": 0.354992, "ASTER": 0.664976, "PI": 0.158994, "SKY": 0.070261, "PEPE": 3.77e-06, "RLUSD": 0.999828, "USDD": 0.999773, "ICP": 2.62, "ETC": 9.08, "BGB": 2.01, "AAVE": 90.41, "BFUSD": 0.999095, "QNT": 78.79, "MORPHO": 1.77, "KCS": 8.08, "USDTB": 0.998918, "JTRSY": 1.1, "ATOM": 2.04, "U": 1.0, "EUTBL": 1.22, "USTB": 11.08, "ALGO": 0.110105, "POL": 0.091778, "ENA": 0.107335, "BCAP": 105.87, "RENDER": 1.83, "KAS": 0.03419632, "NEXO": 0.869689, "STABLE": 0.03629871, "WLD": 0.243363, "FLR": 0.00922914, "APT": 0.95056, "GT": 7.18, "JST": 0.089423, "FIL": 0.976124, "ARB": 0.121423, "JUP": 0.19967, "XDC": 0.03201491, "VVV": 13.79, "PUMP": 0.00174379, "BDX": 0.078912, "DEXE": 13.09, "VET": 0.00684003, "GHO": 0.999499, "HASH": 0.01084614, "USD0": 0.998158, "OUSG": 115.25, "BONK": 6.24e-06, "PENGU": 0.0084691, "NIGHT": 0.03205069, "YLDS": 0.999811}}