{"timestamp": 1781996339, "base": "USD", "data": {"BTC": 64226, "ETH": 1742.25, "USDT": 0.998909, "BNB": 587.44, "USDC": 0.999854, "XRP": 1.15, "SOL": 73.59, "TRX": 0.32639, "FIGR_HELOC": 1.034, "HYPE": 70.71, "DOGE": 0.083806, "USDS": 0.999644, "RAIN": 0.01444642, "LEO": 9.53, "ZEC": 475.25, "XLM": 0.216522, "WBT": 52.8, "ADA": 0.163215, "XMR": 320.72, "LINK": 7.99, "CC": 0.152382, "USD1": 1.0, "USDE": 0.998906, "GRAM": 1.63, "DAI": 0.999608, "LAB": 13.16, "BCH": 199.87, "M": 2.86, "HBAR": 0.080542, "LTC": 44.47, "USYC": 1.13, "SUI": 0.714657, "NEAR": 2.2, "USDG": 1.0, "SHIB": 4.75e-06, "PYUSD": 0.99984, "CRO": 0.058918, "AVAX": 6.23, "XAUT": 4142.78, "BUIDL": 1.0, "TAO": 232.63, "USDY": 1.13, "WLD": 0.612006, "PAXG": 4149.23, "UNI": 3.02, "WLFI": 0.057927, "MNT": 0.535803, "ASTER": 0.647164, "ONDO": 0.344368, "DOT": 0.972644, "RLUSD": 1.0, "OKB": 75.39, "HTX": 1.72e-06, "USDF": 0.994519, "PI": 0.13471, "USDD": 0.999095, "SKY": 0.058309, "BFUSD": 0.999007, "ICP": 2.31, "BGB": 1.77, "PEPE": 2.84e-06, "MORPHO": 1.82, "ETC": 7.47, "AAVE": 76.79, "QNT": 70.44, "U": 0.9998, "USTB": 11.12, "BCAP": 107.07, "KCS": 7.22, "EUTBL": 1.21, "ATOM": 1.8, "USDTB": 0.999642, "RENDER": 1.73, "JTRSY": 1.11, "POL": 0.080281, "ALGO": 0.093911, "ENA": 0.089721, "KAS": 0.02963252, "STABLE": 0.03387979, "NEXO": 0.795976, "JAAA": 1.039, "DEXE": 15.43, "JST": 0.084306, "GT": 6.7, "\u5e01\u5b89\u4eba\u751f": 0.709258, "JUP": 0.213632, "VVV": 14.53, "FLR": 0.00743242, "FIL": 0.788068, "BDX": 0.080068, "GHO": 0.998182, "XDC": 0.02967085, "YLDS": 0.999719, "EURSAFO": 1.15, "USD0": 0.999123, "HASH": 0.00998611, "ARB": 0.084662, "APT": 0.646078, "NIGHT": 0.03205726, "AERO": 0.553547}}