{"timestamp": 1782170001, "base": "USD", "data": {"BTC": 63935, "ETH": 1723.77, "USDT": 0.998985, "BNB": 589.19, "USDC": 0.999863, "XRP": 1.13, "SOL": 71.98, "TRX": 0.333417, "FIGR_HELOC": 1.035, "HYPE": 66.19, "DOGE": 0.082177, "USDS": 0.999702, "RAIN": 0.01602292, "LEO": 9.58, "ZEC": 442.86, "XLM": 0.202602, "WBT": 52.22, "XMR": 320.2, "CC": 0.151237, "ADA": 0.157918, "LINK": 7.85, "LAB": 16.99, "USD1": 0.999134, "DAI": 0.999666, "GRAM": 1.68, "USDE": 0.998915, "BCH": 196.84, "M": 2.93, "LTC": 44.48, "HBAR": 0.078734, "USYC": 1.13, "SUI": 0.715827, "USDG": 1.0, "PYUSD": 0.999728, "SHIB": 4.62e-06, "NEAR": 2.07, "CRO": 0.058215, "AVAX": 6.2, "XAUT": 4174.48, "BUIDL": 1.0, "TAO": 229.95, "WLD": 0.622364, "USDY": 1.13, "PAXG": 4182.23, "WLFI": 0.058455, "UNI": 2.96, "MNT": 0.532431, "ASTER": 0.629889, "OKB": 80.17, "RLUSD": 1.0, "ONDO": 0.327787, "HTX": 1.75e-06, "DOT": 0.932912, "USDF": 0.996146, "PI": 0.134732, "SKY": 0.059172, "USDD": 0.999581, "BFUSD": 0.998945, "ICP": 2.23, "BGB": 1.76, "PEPE": 2.8e-06, "MORPHO": 1.78, "AAVE": 74.93, "ETC": 7.15, "QNT": 70.03, "U": 0.999988, "USTB": 11.12, "BCAP": 107.03, "KCS": 7.2, "EUTBL": 1.2, "ATOM": 1.79, "USDTB": 0.99961, "JTRSY": 1.11, "STABLE": 0.0358244, "ENA": 0.091185, "POL": 0.079448, "RENDER": 1.63, "DEXE": 18.04, "KAS": 0.02928268, "ALGO": 0.089116, "NEXO": 0.779272, "JAAA": 1.039, "VVV": 15.46, "JST": 0.083819, "GT": 6.72, "\u5e01\u5b89\u4eba\u751f": 0.708491, "JUP": 0.210632, "FLR": 0.00734687, "BDX": 0.080714, "FIL": 0.784512, "GHO": 0.998496, "EURSAFO": 1.15, "XDC": 0.02909756, "YLDS": 0.999778, "HASH": 0.01040099, "USD0": 0.999036, "ADI": 4.4, "APT": 0.655817, "NIGHT": 0.03225199, "ARB": 0.08285}}