{"timestamp": 1783617178, "base": "USD", "data": {"BTC": 62703, "ETH": 1739.18, "USDT": 0.999182, "BNB": 569.44, "USDC": 0.999815, "XRP": 1.089, "SOL": 77.71, "TRX": 0.331902, "FIGR_HELOC": 1.035, "HYPE": 67.28, "DOGE": 0.072702, "USDS": 0.999736, "RAIN": 0.01444555, "LEO": 9.52, "ZEC": 468.74, "WBT": 55.39, "XLM": 0.181215, "ADA": 0.165133, "XMR": 314.27, "LINK": 7.7, "CC": 0.133439, "BCH": 236.24, "DAI": 0.999761, "USD1": 0.998758, "GRAM": 1.62, "USDE": 0.999529, "LTC": 43.87, "USDG": 0.999841, "USYC": 1.13, "HBAR": 0.069818, "SUI": 0.716001, "AVAX": 6.7, "PYUSD": 0.999788, "CRO": 0.056073, "XAUT": 4111.35, "SHIB": 4.26e-06, "NEAR": 1.91, "BUIDL": 1.0, "USDY": 1.14, "UNI": 3.37, "TAO": 207.31, "PAXG": 4117.61, "WLFI": 0.05802, "HTX": 1.85e-06, "ASTER": 0.621208, "OKB": 79.02, "M": 1.2, "RLUSD": 1.0, "ONDO": 0.315019, "USDD": 0.999236, "USDF": 0.996715, "MNT": 0.429468, "DOT": 0.82549, "DEXE": 29.73, "AAVE": 91.41, "MORPHO": 2.11, "SKY": 0.058015, "WLD": 0.383083, "BFUSD": 0.998245, "ICP": 2.29, "BGB": 1.65, "ETC": 6.98, "PEPE": 2.59e-06, "PI": 0.097761, "U": 0.999564, "EUTBL": 1.21, "BCAP": 106.63, "QNT": 66.35, "KCS": 6.79, "JTRSY": 1.11, "STABLE": 0.03528615, "USDGO": 1.0, "JST": 0.098469, "USTB": 11.14, "POL": 0.075517, "ATOM": 1.55, "KAS": 0.0291069, "RENDER": 1.54, "ALGO": 0.08509, "EURSAFO": 1.15, "ADI": 6.01, "NEXO": 0.75207, "BDX": 0.094284, "ENA": 0.07604, "USDTB": 0.999727, "GT": 6.67, "\u5e01\u5b89\u4eba\u751f": 0.696053, "JUP": 0.206972, "JAAA": 1.041, "BEAT": 2.14, "FIL": 0.784325, "LIT": 2.41, "GHO": 0.998233, "PUMP": 0.00148462, "FLR": 0.0065972, "USD0": 0.998799, "ARB": 0.086029, "YLDS": 0.99983, "VVV": 11.51, "XDC": 0.02711235}}