{"timestamp": 1784145969, "base": "USD", "data": {"BTC": 64916, "ETH": 1921.03, "USDT": 0.999307, "BNB": 579.42, "USDC": 0.999845, "XRP": 1.11, "SOL": 77.17, "TRX": 0.324197, "FIGR_HELOC": 1.035, "HYPE": 66.74, "DOGE": 0.073809, "USDS": 0.999773, "RAIN": 0.01444967, "ZEC": 566.67, "LEO": 9.81, "WBT": 56.93, "XLM": 0.186201, "LINK": 8.5, "XMR": 331.55, "ADA": 0.16354, "CC": 0.138781, "DAI": 0.999691, "BCH": 227.45, "GRAM": 1.59, "USD1": 0.999158, "USDE": 0.999818, "LTC": 44.92, "USDG": 1.001, "SUI": 0.748694, "BUIDL": 1.0, "USYC": 1.13, "HBAR": 0.067423, "AVAX": 6.69, "PYUSD": 0.999698, "NEAR": 2.04, "CRO": 0.055614, "SHIB": 4.22e-06, "XAUT": 4048.8, "UNI": 3.6, "USDY": 1.14, "TAO": 197.89, "WLFI": 0.057212, "PAXG": 4048.02, "OKB": 81.61, "ASTER": 0.633173, "ONDO": 0.340886, "M": 1.24, "HTX": 1.8e-06, "DEXE": 33.06, "RLUSD": 1.0, "AAVE": 96.85, "SKY": 0.06257, "USDD": 0.999039, "WLD": 0.406651, "DOT": 0.840934, "USDF": 0.99519, "MNT": 0.426768, "MORPHO": 2.04, "BFUSD": 0.998778, "ICP": 2.19, "BGB": 1.68, "PEPE": 2.78e-06, "ETC": 7.08, "U": 0.999584, "EUTBL": 1.21, "USDGO": 1.0, "BCAP": 106.19, "KCS": 6.95, "QNT": 64.99, "STABLE": 0.03720551, "POL": 0.082806, "ADI": 7.04, "PI": 0.079616, "JTRSY": 1.11, "EURSAFO": 1.16, "JST": 0.099753, "BEAT": 2.69, "ATOM": 1.55, "RENDER": 1.53, "ENA": 0.082781, "KAS": 0.02875904, "USTB": 11.15, "NEXO": 0.765265, "ALGO": 0.08401, "\u5e01\u5b89\u4eba\u751f": 0.723598, "GT": 6.72, "JUP": 0.208456, "JAAA": 1.041, "PUMP": 0.00166773, "BDX": 0.081994, "FIL": 0.789438, "LIT": 2.46, "GHO": 0.998524, "FLR": 0.00660858, "ARB": 0.087887, "USD0": 0.998654, "XDC": 0.02727636, "YLDS": 0.999856, "APT": 0.624713, "USX": 0.999833}}