{"timestamp": 1781491996, "base": "USD", "data": {"BTC": 65465, "ETH": 1717.09, "USDT": 0.999455, "BNB": 615.37, "USDC": 0.999721, "XRP": 1.18, "SOL": 71.01, "TRX": 0.320635, "FIGR_HELOC": 1.018, "HYPE": 64.68, "DOGE": 0.088775, "USDS": 0.999713, "LEO": 9.76, "ZEC": 487.15, "RAIN": 0.01309337, "ADA": 0.179932, "XLM": 0.188869, "XMR": 338.75, "WBT": 53.25, "CC": 0.162461, "LINK": 8.16, "TON": 1.75, "USDE": 0.999559, "USD1": 1.0, "BCH": 211.22, "DAI": 0.999585, "M": 3.01, "HBAR": 0.081581, "LTC": 45.23, "LAB": 10.59, "SUI": 0.791941, "USYC": 1.13, "SHIB": 5e-06, "NEAR": 2.27, "AVAX": 6.74, "CRO": 0.062104, "PYUSD": 0.999883, "TAO": 278.36, "XAUT": 4313.04, "USDG": 1.0, "BUIDL": 1.0, "USDY": 1.14, "PAXG": 4324.18, "WLD": 0.574137, "WLFI": 0.060199, "MNT": 0.568618, "ONDO": 0.373462, "ASTER": 0.636736, "DOT": 0.995873, "RLUSD": 0.999753, "UNI": 2.58, "BEAT": 5.5, "OKB": 75.24, "HTX": 1.7e-06, "USDF": 0.996146, "PI": 0.133874, "ICP": 2.53, "USDD": 0.999476, "SKY": 0.05734, "BFUSD": 0.9987, "MORPHO": 2.01, "BGB": 1.79, "PEPE": 2.9e-06, "ETC": 7.28, "AAVE": 68.69, "ATOM": 1.99, "QNT": 69.21, "U": 0.9999, "BCAP": 106.96, "EUTBL": 1.22, "USTB": 11.11, "RENDER": 1.82, "KCS": 6.99, "H": 0.524676, "USDTB": 0.9997, "KAS": 0.03205598, "JTRSY": 1.11, "DEXE": 18.2, "STABLE": 0.03545596, "ALGO": 0.092336, "POL": 0.077014, "NEXO": 0.812456, "ENA": 0.084282, "VVV": 16.46, "GT": 6.83, "JAAA": 1.038, "FLR": 0.00795951, "\u5e01\u5b89\u4eba\u751f": 0.666635, "JST": 0.077392, "FIL": 0.796864, "BDX": 0.079917, "JUP": 0.185091, "XDC": 0.03024056, "GHO": 0.998957, "APT": 0.681891, "YLDS": 0.99971, "USD0": 0.998644, "PUMP": 0.00158235, "NIGHT": 0.03230736, "ARB": 0.085546}}