{"timestamp": 1779991064, "base": "USD", "data": {"BTC": 73402, "ETH": 2016.57, "USDT": 0.998512, "BNB": 639.15, "XRP": 1.32, "USDC": 0.99964, "SOL": 82.19, "TRX": 0.352737, "FIGR_HELOC": 1.039, "DOGE": 0.09973, "HYPE": 59.44, "USDS": 0.999612, "LEO": 10.02, "ZEC": 542.25, "RAIN": 0.01438496, "ADA": 0.234255, "XLM": 0.208188, "XMR": 356.89, "LINK": 9.01, "WBT": 54.04, "BCH": 302.97, "CC": 0.154139, "TON": 1.77, "USD1": 0.998126, "USDE": 0.998837, "DAI": 0.999479, "LTC": 51.95, "HBAR": 0.090719, "M": 2.97, "AVAX": 8.98, "SUI": 0.93431, "SHIB": 5.37e-06, "PYUSD": 1.0, "NEAR": 2.35, "CRO": 0.067031, "USYC": 1.13, "XAUT": 4487.86, "USDG": 0.999855, "TAO": 260.69, "BUIDL": 1.0, "USDY": 1.13, "PAXG": 4493.77, "MNT": 0.62686, "DOT": 1.21, "UNI": 3.06, "WLFI": 0.059271, "OKB": 87.42, "ONDO": 0.369547, "ASTER": 0.675244, "RLUSD": 0.999727, "HTX": 1.84e-06, "USDF": 0.995254, "ICP": 2.79, "PI": 0.145168, "SKY": 0.065658, "PEPE": 3.39e-06, "USDD": 0.999352, "BGB": 1.99, "BFUSD": 0.998102, "MORPHO": 2.07, "ETC": 8.25, "AAVE": 80.54, "U": 0.99971, "USDTB": 0.998904, "KCS": 7.85, "RENDER": 2.0, "ATOM": 2.02, "EUTBL": 1.23, "QNT": 70.91, "BCAP": 107.16, "ALGO": 0.108781, "WLD": 0.279594, "POL": 0.088062, "STABLE": 0.03854437, "USTB": 11.1, "JTRSY": 1.1, "KAS": 0.03094893, "NEXO": 0.823472, "ENA": 0.088601, "JST": 0.092941, "DEXE": 16.81, "APT": 0.933715, "FIL": 0.969877, "VVV": 15.59, "GT": 6.79, "FLR": 0.00786679, "ARB": 0.104439, "XDC": 0.03127143, "BDX": 0.077767, "PUMP": 0.00170498, "NIGHT": 0.03556022, "GHO": 0.998716, "JUP": 0.174519, "HASH": 0.01039281, "USD0": 0.998342, "INJ": 5.46, "APXUSD": 0.999472, "OUSG": 115.38, "FET": 0.231827, "A7A5": 0.01328795}}