{"timestamp": 1780233517, "base": "USD", "data": {"BTC": 73849, "ETH": 2021.32, "USDT": 0.998553, "BNB": 726.16, "XRP": 1.34, "USDC": 0.99964, "SOL": 82.83, "TRX": 0.348444, "FIGR_HELOC": 1.017, "DOGE": 0.100751, "HYPE": 68.1, "USDS": 0.999573, "LEO": 10.02, "ZEC": 548.4, "RAIN": 0.01427542, "ADA": 0.237184, "XLM": 0.261509, "XMR": 364.14, "LINK": 9.22, "WBT": 54.15, "BCH": 303.86, "CC": 0.154554, "TON": 1.89, "USD1": 0.998162, "USDE": 0.998723, "DAI": 0.99974, "HBAR": 0.098919, "LTC": 52.39, "M": 3.08, "AVAX": 9.02, "SUI": 0.903124, "SHIB": 5.51e-06, "PYUSD": 0.999708, "CRO": 0.068025, "NEAR": 2.32, "USYC": 1.13, "LAB": 7.49, "XAUT": 4517.12, "USDG": 0.999698, "TAO": 257.95, "BUIDL": 1.0, "MNT": 0.678509, "USDY": 1.13, "PAXG": 4530.26, "DOT": 1.19, "OKB": 94.27, "UNI": 3.04, "ASTER": 0.73851, "WLFI": 0.059354, "ONDO": 0.359513, "RLUSD": 0.999723, "HTX": 1.84e-06, "USDF": 0.995614, "PI": 0.148213, "SKY": 0.066217, "ICP": 2.71, "BGB": 2.12, "PEPE": 3.44e-06, "USDD": 1.0, "MORPHO": 2.13, "BFUSD": 0.998175, "ETC": 8.2, "AAVE": 82.6, "ALGO": 0.131855, "WLD": 0.333833, "RENDER": 2.08, "U": 0.999504, "KCS": 7.93, "USDTB": 0.998687, "QNT": 71.49, "ATOM": 1.99, "EUTBL": 1.23, "BCAP": 107.16, "POL": 0.090882, "USTB": 11.1, "DEXE": 18.94, "JTRSY": 1.1, "NEXO": 0.856307, "STABLE": 0.03653215, "VVV": 18.06, "KAS": 0.03053425, "ENA": 0.09063, "JST": 0.093898, "GT": 7.34, "APT": 0.9402, "FIL": 0.959697, "H": 0.390238, "NIGHT": 0.04109272, "XDC": 0.03344881, "FLR": 0.00770113, "INJ": 6.56, "ARB": 0.103003, "PUMP": 0.00179122, "BDX": 0.080266, "FET": 0.27214, "JUP": 0.185062, "GHO": 0.998894, "HASH": 0.01065526, "USD0": 0.998397, "\u5e01\u5b89\u4eba\u751f": 0.549335}}