{"timestamp": 1784069317, "base": "USD", "data": {"BTC": 64889, "ETH": 1886.35, "USDT": 0.999303, "BNB": 581.73, "USDC": 0.999879, "XRP": 1.11, "SOL": 77.78, "TRX": 0.325859, "FIGR_HELOC": 1.036, "HYPE": 65.92, "DOGE": 0.074434, "USDS": 0.999799, "RAIN": 0.0149454, "ZEC": 560.45, "LEO": 9.7, "WBT": 56.72, "XLM": 0.185067, "LINK": 8.3, "XMR": 330.14, "ADA": 0.164882, "CC": 0.137668, "BCH": 236.38, "DAI": 0.999881, "GRAM": 1.61, "USD1": 0.998919, "USDE": 0.999881, "LTC": 45.22, "USDG": 1.0, "SUI": 0.763125, "USYC": 1.13, "HBAR": 0.067231, "BUIDL": 1.0, "AVAX": 6.68, "PYUSD": 0.999843, "NEAR": 2.02, "CRO": 0.055767, "SHIB": 4.21e-06, "XAUT": 4045.08, "UNI": 3.67, "USDY": 1.13, "DEXE": 41.66, "TAO": 200.72, "WLFI": 0.05759, "PAXG": 4043.2, "OKB": 81.18, "ASTER": 0.630127, "HTX": 1.82e-06, "M": 1.23, "USDD": 0.999867, "ONDO": 0.315233, "RLUSD": 1.0, "AAVE": 99.07, "WLD": 0.412714, "DOT": 0.851796, "SKY": 0.061174, "USDF": 0.99548, "MNT": 0.42232, "MORPHO": 2.04, "BFUSD": 0.998894, "ICP": 2.23, "BGB": 1.7, "PEPE": 2.83e-06, "ETC": 7.1, "U": 0.99974, "EUTBL": 1.2, "BCAP": 106.19, "KCS": 7.05, "QNT": 65.76, "USDGO": 1.0, "STABLE": 0.03745654, "POL": 0.084809, "ADI": 7.01, "JTRSY": 1.11, "JST": 0.100329, "PI": 0.078253, "EURSAFO": 1.15, "ATOM": 1.56, "ENA": 0.084595, "RENDER": 1.52, "KAS": 0.02868189, "BEAT": 2.53, "USTB": 11.14, "NEXO": 0.762671, "ALGO": 0.084509, "\u5e01\u5b89\u4eba\u751f": 0.756419, "USDTB": 1.0, "GT": 6.75, "JUP": 0.211453, "JAAA": 1.041, "BDX": 0.08425, "LIT": 2.62, "FIL": 0.784423, "PUMP": 0.00149622, "GHO": 0.99824, "ARB": 0.09119, "FLR": 0.00660917, "USD0": 0.998566, "XDC": 0.02723844, "YLDS": 0.999808, "USX": 0.999773}}