{"timestamp": 1780354639, "base": "USD", "data": {"BTC": 71287, "ETH": 2000.42, "USDT": 0.99858, "BNB": 692.84, "XRP": 1.3, "USDC": 0.999677, "SOL": 81.21, "TRX": 0.343419, "FIGR_HELOC": 1.042, "HYPE": 73.7, "DOGE": 0.100628, "USDS": 0.999688, "LEO": 10.01, "ZEC": 544.58, "ADA": 0.230317, "RAIN": 0.01354681, "XLM": 0.244954, "LINK": 9.02, "XMR": 346.51, "WBT": 52.44, "CC": 0.153372, "BCH": 290.45, "TON": 2.12, "LAB": 15.89, "USD1": 0.998377, "USDE": 0.998774, "DAI": 0.999438, "M": 3.24, "HBAR": 0.092457, "LTC": 50.72, "AVAX": 8.91, "SUI": 0.878216, "NEAR": 2.69, "SHIB": 5.52e-06, "PYUSD": 0.999816, "USYC": 1.13, "CRO": 0.065582, "XAUT": 4465.17, "USDG": 0.999815, "BUIDL": 1.0, "TAO": 252.55, "USDY": 1.13, "MNT": 0.634813, "PAXG": 4476.78, "DOT": 1.16, "OKB": 89.24, "WLFI": 0.058815, "UNI": 2.97, "RLUSD": 0.999998, "ASTER": 0.690463, "ONDO": 0.355172, "USDF": 0.99549, "HTX": 1.83e-06, "ICP": 2.98, "SKY": 0.066903, "PI": 0.145081, "WLD": 0.430394, "PEPE": 3.41e-06, "USDD": 0.998611, "BGB": 2.03, "MORPHO": 2.07, "BFUSD": 0.998415, "H": 0.707295, "ETC": 8.1, "AAVE": 80.12, "RENDER": 2.12, "ALGO": 0.12019, "USDTB": 0.998324, "KCS": 7.83, "QNT": 71.38, "EUTBL": 1.22, "POL": 0.093432, "BCAP": 107.16, "ATOM": 1.9, "U": 0.999413, "STABLE": 0.03928149, "USTB": 11.1, "VVV": 18.85, "JTRSY": 1.11, "NEXO": 0.839164, "DEXE": 18.03, "KAS": 0.03040585, "JST": 0.095105, "ENA": 0.088422, "APT": 0.93836, "FIL": 0.95631, "GT": 6.99, "INJ": 7.03, "JUP": 0.198521, "XDC": 0.03280225, "FLR": 0.00752658, "NIGHT": 0.03901632, "PUMP": 0.0018385, "ARB": 0.10169, "BDX": 0.079349, "FET": 0.270183, "\u5e01\u5b89\u4eba\u751f": 0.59091, "GHO": 0.999425, "USD0": 0.998319, "APXUSD": 0.999678}}