{"timestamp": 1782096901, "base": "USD", "data": {"BTC": 64225, "ETH": 1736.25, "USDT": 0.998766, "BNB": 591.05, "USDC": 0.99975, "XRP": 1.14, "SOL": 73.8, "TRX": 0.327819, "FIGR_HELOC": 1.034, "HYPE": 68.41, "DOGE": 0.08337, "USDS": 0.999727, "RAIN": 0.01438029, "LEO": 9.55, "ZEC": 446.5, "XLM": 0.213505, "WBT": 52.76, "XMR": 320.98, "ADA": 0.159902, "CC": 0.152471, "LINK": 7.91, "USD1": 0.999804, "LAB": 15.06, "USDE": 0.998749, "GRAM": 1.63, "DAI": 0.999804, "BCH": 198.76, "M": 2.91, "LTC": 45.02, "HBAR": 0.0791, "USYC": 1.13, "SUI": 0.705785, "NEAR": 2.17, "USDG": 0.999764, "SHIB": 4.69e-06, "PYUSD": 1.0, "CRO": 0.058941, "AVAX": 6.24, "XAUT": 4176.96, "BUIDL": 1.0, "TAO": 231.18, "WLD": 0.637052, "USDY": 1.14, "PAXG": 4182.83, "WLFI": 0.059598, "UNI": 3.03, "MNT": 0.533799, "ASTER": 0.64237, "ONDO": 0.337762, "RLUSD": 0.999738, "DOT": 0.957788, "OKB": 76.59, "HTX": 1.73e-06, "PI": 0.135981, "USDF": 0.994399, "SKY": 0.059352, "USDD": 0.999173, "BFUSD": 0.998493, "ICP": 2.25, "BGB": 1.75, "PEPE": 2.83e-06, "MORPHO": 1.82, "ETC": 7.35, "AAVE": 75.53, "QNT": 70.73, "U": 0.9998, "USTB": 11.12, "KCS": 7.36, "BCAP": 107.07, "EUTBL": 1.21, "USDTB": 0.999782, "ATOM": 1.78, "RENDER": 1.68, "JTRSY": 1.11, "ENA": 0.092765, "POL": 0.079857, "KAS": 0.02966375, "STABLE": 0.0341718, "ALGO": 0.090634, "NEXO": 0.792703, "JAAA": 1.039, "VVV": 15.59, "JST": 0.084182, "GT": 6.72, "JUP": 0.215413, "\u5e01\u5b89\u4eba\u751f": 0.703256, "FLR": 0.00745471, "FIL": 0.810049, "DEXE": 13.55, "BDX": 0.079436, "GHO": 0.998138, "XDC": 0.02941075, "YLDS": 0.999703, "EURSAFO": 1.15, "NIGHT": 0.03338193, "USD0": 0.999031, "APT": 0.664167, "ARB": 0.084008, "PUMP": 0.00152794, "ADI": 4.17}}