{"timestamp": 1780990733, "base": "USD", "data": {"BTC": 63095, "ETH": 1678.93, "USDT": 0.999431, "BNB": 602.65, "USDC": 0.999786, "XRP": 1.17, "SOL": 66.77, "TRX": 0.32364, "FIGR_HELOC": 1.027, "HYPE": 61.8, "DOGE": 0.086112, "USDS": 0.999643, "LEO": 9.41, "RAIN": 0.01312811, "ZEC": 467.03, "XLM": 0.200672, "ADA": 0.169669, "CC": 0.160997, "XMR": 326.44, "LINK": 7.92, "WBT": 44.94, "TON": 1.76, "USD1": 0.998774, "USDE": 0.999218, "DAI": 0.999711, "BCH": 208.26, "M": 3.02, "HBAR": 0.080849, "LAB": 10.98, "LTC": 42.77, "SUI": 0.753656, "AVAX": 6.74, "USYC": 1.13, "NEAR": 2.18, "PYUSD": 0.999836, "SHIB": 4.71e-06, "CRO": 0.061449, "XAUT": 4306.45, "USDG": 0.999962, "BUIDL": 1.0, "USDY": 1.11, "TAO": 216.74, "PAXG": 4318.44, "ONDO": 0.37117, "MNT": 0.539571, "WLFI": 0.055467, "WLD": 0.513198, "RLUSD": 0.999961, "DOT": 0.969705, "ASTER": 0.622114, "UNI": 2.52, "HTX": 1.73e-06, "OKB": 72.55, "USDF": 0.995327, "PI": 0.128705, "USDD": 0.999408, "SKY": 0.057038, "BFUSD": 0.998901, "ICP": 2.33, "BGB": 1.82, "PEPE": 2.81e-06, "MORPHO": 1.79, "ETC": 7.05, "DEXE": 21.98, "BEAT": 3.5, "USDTB": 0.999731, "EUTBL": 1.21, "U": 0.9997, "QNT": 67.56, "BCAP": 106.96, "USTB": 11.11, "AAVE": 62.72, "ATOM": 1.77, "SIREN": 1.23, "KAS": 0.0320006, "KCS": 6.43, "JTRSY": 1.11, "RENDER": 1.65, "ALGO": 0.092349, "POL": 0.076458, "NEXO": 0.78256, "ENA": 0.082041, "VVV": 15.97, "STABLE": 0.03187901, "JST": 0.08147, "\u5e01\u5b89\u4eba\u751f": 0.687732, "GT": 6.39, "XDC": 0.03158055, "FLR": 0.00716332, "BDX": 0.078634, "FIL": 0.770107, "GHO": 0.999194, "INJ": 5.63, "USD0": 0.998528, "APT": 0.668998, "PUMP": 0.00156436, "NIGHT": 0.03209246, "YLDS": 0.999607, "HASH": 0.00977664, "JUP": 0.157553}}