{"timestamp": 1778860689, "base": "USD", "data": {"BTC": 79187, "ETH": 2221.87, "USDT": 0.999525, "BNB": 671.75, "XRP": 1.43, "USDC": 0.999827, "SOL": 88.99, "TRX": 0.351027, "FIGR_HELOC": 1.033, "DOGE": 0.111378, "WBT": 58.42, "USDS": 0.999526, "HYPE": 43.96, "ADA": 0.257823, "LEO": 10.18, "ZEC": 516.85, "BCH": 424.69, "LINK": 10.02, "XMR": 385.89, "CC": 0.160578, "TON": 1.98, "XLM": 0.15443, "USD1": 0.999608, "DAI": 0.999785, "LTC": 56.89, "SUI": 1.087, "USDE": 1.0, "M": 3.21, "AVAX": 9.48, "HBAR": 0.092277, "SHIB": 6.11e-06, "RAIN": 0.00730259, "PYUSD": 0.999599, "CRO": 0.072698, "USYC": 1.12, "USDG": 0.999917, "TAO": 286.04, "XAUT": 4542.37, "BUIDL": 1.0, "UNI": 3.6, "DOT": 1.31, "MNT": 0.664464, "PAXG": 4540.85, "WLFI": 0.065397, "NEAR": 1.52, "USDY": 1.13, "USDF": 0.99831, "HTX": 1.96e-06, "OKB": 84.45, "ONDO": 0.360412, "PI": 0.165714, "ASTER": 0.661827, "SKY": 0.071063, "PEPE": 3.86e-06, "RLUSD": 1.0, "USDD": 0.999546, "BGB": 2.05, "ICP": 2.59, "AAVE": 93.28, "ETC": 9.01, "BFUSD": 0.999109, "MORPHO": 1.8, "QNT": 76.79, "KCS": 8.2, "JTRSY": 1.1, "U": 0.99971, "EUTBL": 1.22, "USTB": 11.08, "ALGO": 0.111851, "ENA": 0.110387, "ATOM": 1.93, "KAS": 0.03559295, "BCAP": 105.87, "POL": 0.090275, "RENDER": 1.83, "NEXO": 0.900036, "STABLE": 0.0368422, "WLD": 0.241293, "USDTB": 0.998887, "FLR": 0.0093821, "APT": 0.980752, "FIL": 0.994065, "JST": 0.090849, "GT": 7.24, "ARB": 0.12355, "JUP": 0.209928, "XDC": 0.0342243, "PUMP": 0.00179634, "VVV": 13.29, "BDX": 0.079012, "HASH": 0.01142687, "DEXE": 12.88, "VET": 0.00698183, "OUSG": 115.24, "GHO": 0.999546, "BONK": 6.5e-06, "UB": 0.224947, "USD0": 0.998187, "DASH": 43.2, "PENGU": 0.00869971}}