{"timestamp": 1778341342, "base": "USD", "data": {"BTC": 80511, "ETH": 2314.04, "USDT": 0.999878, "XRP": 1.42, "BNB": 648.0, "USDC": 0.99982, "SOL": 92.89, "TRX": 0.35138, "FIGR_HELOC": 1.028, "DOGE": 0.10863, "WBT": 59.3, "USDS": 0.999792, "HYPE": 43.25, "ADA": 0.27044, "ZEC": 594.25, "LEO": 10.32, "BCH": 449.76, "LINK": 10.34, "XMR": 406.82, "TON": 2.41, "CC": 0.156568, "XLM": 0.162121, "LTC": 57.79, "DAI": 0.999644, "USD1": 0.99943, "M": 3.37, "AVAX": 9.84, "SUI": 1.05, "HBAR": 0.092189, "USDE": 0.999413, "SHIB": 6.36e-06, "RAIN": 0.00737303, "PYUSD": 0.999952, "CRO": 0.070718, "USYC": 1.12, "TAO": 306.87, "XAUT": 4699.22, "USDG": 0.999908, "BUIDL": 1.0, "UNI": 3.63, "MNT": 0.685923, "DOT": 1.34, "WLFI": 0.070058, "PAXG": 4703.01, "ONDO": 0.42164, "NEAR": 1.56, "ICP": 3.57, "OKB": 88.67, "SKY": 0.079656, "PI": 0.174876, "ASTER": 0.7029, "PEPE": 4.25e-06, "HTX": 1.97e-06, "USDF": 0.999167, "RLUSD": 0.999932, "ETC": 9.48, "BGB": 2.11, "USDD": 0.999771, "AAVE": 94.76, "USDY": 1.13, "BFUSD": 0.9993, "JTRSY": 1.1, "MORPHO": 2.08, "ENA": 0.128559, "ALGO": 0.130012, "KCS": 8.39, "QNT": 74.3, "POL": 0.101399, "RENDER": 1.99, "U": 0.999763, "KAS": 0.03659549, "EUTBL": 1.24, "USTB": 11.08, "ATOM": 1.93, "BCAP": 105.77, "FIL": 1.21, "SIREN": 1.29, "NEXO": 0.904978, "WLD": 0.270411, "APT": 1.1, "ARB": 0.139748, "GT": 7.44, "JUP": 0.248903, "STABLE": 0.03455431, "PUMP": 0.00214199, "VVV": 15.49, "JST": 0.082972, "FLR": 0.0080075, "PENGU": 0.01053396, "VET": 0.00758223, "DASH": 49.63, "BONK": 7.16e-06, "USDTB": 0.99956, "BDX": 0.079872, "VIRTUAL": 0.926668, "OUSG": 115.18, "XDC": 0.03034918, "SKYAI": 0.604951, "GHO": 0.999673, "HASH": 0.01099909}}