{"timestamp": 1781561440, "base": "USD", "data": {"BTC": 66429, "ETH": 1811.57, "USDT": 0.999488, "BNB": 619.62, "XRP": 1.25, "USDC": 0.999803, "SOL": 74.53, "TRX": 0.319812, "FIGR_HELOC": 1.027, "HYPE": 68.22, "DOGE": 0.088866, "USDS": 0.999742, "LEO": 9.74, "ZEC": 522.35, "RAIN": 0.01375929, "XLM": 0.21921, "XMR": 366.27, "ADA": 0.179762, "CC": 0.1666, "WBT": 54.56, "LINK": 8.36, "GRAM": 1.75, "BCH": 226.89, "USD1": 1.0, "USDE": 0.999462, "DAI": 0.999917, "M": 2.91, "HBAR": 0.082942, "LTC": 45.73, "SUI": 0.799596, "NEAR": 2.46, "USYC": 1.13, "LAB": 9.67, "SHIB": 5.05e-06, "AVAX": 6.88, "CRO": 0.06254, "PYUSD": 0.999861, "USDG": 1.0, "XAUT": 4293.56, "TAO": 264.75, "BUIDL": 1.0, "USDY": 1.13, "WLD": 0.608081, "PAXG": 4303.32, "MNT": 0.57974, "WLFI": 0.06, "ONDO": 0.372814, "ASTER": 0.654416, "UNI": 2.78, "DOT": 1.015, "RLUSD": 0.999986, "OKB": 76.2, "HTX": 1.71e-06, "PI": 0.135706, "USDF": 0.995137, "USDD": 0.999494, "ICP": 2.46, "SKY": 0.057508, "BFUSD": 0.999168, "BGB": 1.82, "MORPHO": 1.96, "PEPE": 2.97e-06, "ETC": 7.47, "BEAT": 3.98, "AAVE": 73.97, "QNT": 70.5, "U": 0.999898, "ATOM": 1.96, "USTB": 11.11, "BCAP": 106.96, "KCS": 7.2, "EUTBL": 1.22, "RENDER": 1.79, "USDTB": 0.999693, "KAS": 0.03313947, "DEXE": 18.95, "JTRSY": 1.11, "STABLE": 0.03632863, "ALGO": 0.095707, "POL": 0.078427, "NEXO": 0.822292, "ENA": 0.08616, "GT": 6.94, "VVV": 15.2, "FLR": 0.00803253, "JAAA": 1.038, "JST": 0.078448, "\u5e01\u5b89\u4eba\u751f": 0.666395, "JUP": 0.193748, "BDX": 0.081874, "FIL": 0.801336, "XDC": 0.0305608, "GHO": 0.998838, "APT": 0.683924, "INJ": 5.66, "NIGHT": 0.0339202, "YLDS": 0.999615, "USD0": 0.999048, "PUMP": 0.00158154, "ARB": 0.087075}}