{"timestamp": 1780704018, "base": "USD", "data": {"BTC": 60922, "ETH": 1580.56, "USDT": 0.99962, "BNB": 571.88, "USDC": 0.99973, "XRP": 1.096, "SOL": 63.48, "TRX": 0.319945, "FIGR_HELOC": 1.029, "HYPE": 59.62, "DOGE": 0.081381, "USDS": 0.999909, "LEO": 9.59, "RAIN": 0.0130167, "XLM": 0.202698, "ZEC": 388.39, "ADA": 0.156625, "CC": 0.149408, "XMR": 307.34, "LINK": 7.35, "WBT": 43.44, "USD1": 0.99915, "USDE": 0.999627, "DAI": 0.999626, "BCH": 209.37, "TON": 1.51, "M": 2.87, "HBAR": 0.080284, "LTC": 43.22, "LAB": 9.75, "AVAX": 6.71, "PYUSD": 0.999681, "USYC": 1.13, "SUI": 0.700515, "SHIB": 4.54e-06, "XAUT": 4299.93, "CRO": 0.057679, "USDG": 1.0, "NEAR": 1.96, "BUIDL": 1.0, "USDY": 1.13, "PAXG": 4319.75, "TAO": 194.63, "WLD": 0.532042, "WLFI": 0.056484, "MNT": 0.517788, "RLUSD": 0.999693, "ONDO": 0.343257, "DOT": 0.943639, "ASTER": 0.616288, "HTX": 1.74e-06, "UNI": 2.46, "OKB": 70.67, "USDF": 0.995542, "USDD": 0.999865, "SKY": 0.058401, "PI": 0.124015, "BFUSD": 0.998958, "BGB": 1.83, "ICP": 2.3, "PEPE": 2.69e-06, "H": 0.586118, "MORPHO": 1.65, "ETC": 6.79, "USDTB": 0.999755, "U": 1.0, "EUTBL": 1.21, "BCAP": 107.06, "USTB": 11.1, "QNT": 65.76, "AAVE": 62.19, "DEXE": 19.44, "ENA": 0.094399, "RENDER": 1.68, "JTRSY": 1.11, "KAS": 0.03084195, "ATOM": 1.65, "KCS": 6.17, "ALGO": 0.093084, "POL": 0.07767, "VVV": 17.62, "NEXO": 0.739144, "STABLE": 0.03135308, "JST": 0.081242, "\u5e01\u5b89\u4eba\u751f": 0.683483, "GT": 6.19, "BDX": 0.079011, "XDC": 0.0292934, "GHO": 0.998926, "FIL": 0.731945, "FLR": 0.00669217, "USD0": 0.998498, "APT": 0.664066, "YLDS": 0.999755, "SIREN": 0.741965, "JUP": 0.156991, "NIGHT": 0.03094958, "A7A5": 0.01311958, "INJ": 5.14, "OUSG": 115.47}}