{"timestamp": 1783774717, "base": "USD", "data": {"BTC": 64135, "ETH": 1799.18, "USDT": 0.999131, "BNB": 579.21, "USDC": 0.99992, "XRP": 1.11, "SOL": 78.01, "TRX": 0.330921, "FIGR_HELOC": 1.033, "HYPE": 66.83, "DOGE": 0.074537, "USDS": 0.999787, "RAIN": 0.01435783, "LEO": 9.56, "ZEC": 503.82, "WBT": 56.12, "XLM": 0.190095, "ADA": 0.16777, "XMR": 319.66, "LINK": 8.02, "CC": 0.135181, "BCH": 247.42, "DAI": 0.999668, "GRAM": 1.67, "USD1": 0.999113, "USDE": 0.999828, "LTC": 45.13, "USDG": 0.999767, "USYC": 1.13, "SUI": 0.74089, "HBAR": 0.06841, "AVAX": 6.73, "BUIDL": 1.0, "PYUSD": 0.999785, "CRO": 0.05642, "SHIB": 4.4e-06, "XAUT": 4105.58, "NEAR": 1.9, "UNI": 3.64, "USDY": 1.14, "TAO": 212.52, "WLFI": 0.058125, "PAXG": 4108.64, "DEXE": 37.57, "M": 1.28, "OKB": 80.76, "ASTER": 0.628817, "HTX": 1.84e-06, "ONDO": 0.332915, "USDD": 0.998942, "RLUSD": 1.0, "AAVE": 98.01, "DOT": 0.878558, "WLD": 0.405626, "USDF": 0.996014, "MNT": 0.428148, "MORPHO": 2.14, "SKY": 0.059914, "BFUSD": 0.99871, "ICP": 2.28, "PEPE": 2.79e-06, "BGB": 1.65, "ETC": 7.08, "PI": 0.098135, "U": 0.999825, "EUTBL": 1.2, "QNT": 67.1, "BCAP": 106.63, "KCS": 6.98, "USDGO": 1.0, "BEAT": 2.97, "JTRSY": 1.11, "STABLE": 0.03521802, "POL": 0.079853, "JST": 0.099415, "ATOM": 1.6, "RENDER": 1.57, "KAS": 0.02956802, "ADI": 6.4, "ENA": 0.082223, "USTB": 11.14, "EURSAFO": 1.15, "ALGO": 0.086418, "NEXO": 0.750978, "USDTB": 1.0, "GT": 6.72, "BDX": 0.088953, "JUP": 0.209394, "JAAA": 1.041, "\u5e01\u5b89\u4eba\u751f": 0.676753, "LIT": 2.61, "FIL": 0.791755, "GHO": 0.998439, "ARB": 0.091814, "PUMP": 0.00144358, "FLR": 0.00663345, "USD0": 0.998517, "XDC": 0.02715816, "YLDS": 0.999799, "APT": 0.637653}}