{"timestamp": 1784135233, "base": "USD", "data": {"BTC": 65074, "ETH": 1920.99, "USDT": 0.999195, "BNB": 578.62, "USDC": 0.999864, "XRP": 1.11, "SOL": 77.65, "TRX": 0.324439, "FIGR_HELOC": 1.037, "HYPE": 67.5, "DOGE": 0.073948, "USDS": 0.999811, "ZEC": 572.03, "RAIN": 0.0144968, "LEO": 9.81, "WBT": 56.99, "XLM": 0.187303, "LINK": 8.48, "XMR": 331.48, "ADA": 0.16359, "CC": 0.139297, "DAI": 0.999815, "BCH": 230.27, "GRAM": 1.6, "USD1": 0.998761, "USDE": 0.999843, "LTC": 45.14, "USDG": 1.001, "SUI": 0.749624, "USYC": 1.13, "HBAR": 0.067537, "AVAX": 6.7, "BUIDL": 1.0, "PYUSD": 0.999786, "NEAR": 2.07, "CRO": 0.055649, "SHIB": 4.22e-06, "XAUT": 4029.87, "UNI": 3.67, "USDY": 1.14, "TAO": 198.42, "PAXG": 4027.98, "WLFI": 0.056438, "OKB": 81.47, "ASTER": 0.631321, "DEXE": 35.81, "M": 1.25, "HTX": 1.81e-06, "ONDO": 0.330143, "RLUSD": 1.0, "AAVE": 96.53, "SKY": 0.062133, "USDD": 0.999163, "DOT": 0.848389, "WLD": 0.40356, "USDF": 0.995634, "MNT": 0.426753, "MORPHO": 2.06, "BFUSD": 0.99863, "ICP": 2.2, "BGB": 1.68, "PEPE": 2.78e-06, "ETC": 7.08, "U": 0.999607, "EUTBL": 1.21, "USDGO": 0.99992, "BCAP": 106.19, "KCS": 6.97, "QNT": 64.56, "STABLE": 0.03739344, "POL": 0.0835, "ADI": 7.09, "PI": 0.07964, "JTRSY": 1.11, "JST": 0.100393, "EURSAFO": 1.15, "BEAT": 2.64, "ATOM": 1.57, "ENA": 0.084248, "RENDER": 1.52, "KAS": 0.02874667, "NEXO": 0.771604, "USTB": 11.15, "ALGO": 0.084814, "\u5e01\u5b89\u4eba\u751f": 0.737461, "USDTB": 1.0, "GT": 6.7, "JUP": 0.211701, "JAAA": 1.041, "PUMP": 0.00168284, "BDX": 0.083715, "FIL": 0.790317, "LIT": 2.49, "GHO": 0.99821, "FLR": 0.00663905, "ARB": 0.087917, "USD0": 0.998633, "XDC": 0.02743496, "YLDS": 0.999783, "VVV": 11.21}}