{"timestamp": 1781457056, "base": "USD", "data": {"BTC": 63912, "ETH": 1662.33, "USDT": 0.999422, "BNB": 606.35, "USDC": 0.99982, "XRP": 1.14, "SOL": 67.53, "TRX": 0.318267, "FIGR_HELOC": 1.018, "DOGE": 0.086522, "HYPE": 60.04, "USDS": 0.999689, "LEO": 9.72, "RAIN": 0.0130331, "ZEC": 423.86, "XMR": 341.87, "ADA": 0.166973, "CC": 0.159783, "XLM": 0.18278, "WBT": 52.04, "LINK": 7.84, "TON": 1.72, "USDE": 0.999479, "USD1": 1.0, "DAI": 0.999832, "BCH": 202.09, "M": 2.94, "LTC": 44.11, "HBAR": 0.077431, "LAB": 9.93, "SUI": 0.750686, "USYC": 1.13, "SHIB": 4.89e-06, "AVAX": 6.52, "PYUSD": 0.999966, "CRO": 0.060451, "NEAR": 2.08, "USDG": 1.0, "XAUT": 4214.77, "TAO": 265.3, "BUIDL": 1.0, "USDY": 1.13, "PAXG": 4223.23, "WLFI": 0.05818, "MNT": 0.554105, "WLD": 0.500946, "ONDO": 0.348851, "ASTER": 0.622351, "RLUSD": 0.999775, "DOT": 0.956173, "BEAT": 5.44, "UNI": 2.49, "OKB": 73.67, "HTX": 1.69e-06, "USDF": 0.995909, "PI": 0.130755, "USDD": 0.999603, "ICP": 2.42, "SKY": 0.056854, "BFUSD": 0.9988, "MORPHO": 1.94, "BGB": 1.78, "PEPE": 2.77e-06, "ETC": 6.97, "ATOM": 1.97, "U": 1.0, "AAVE": 65.54, "QNT": 67.02, "BCAP": 106.96, "EUTBL": 1.22, "USTB": 11.11, "KCS": 6.91, "USDTB": 1.0, "RENDER": 1.74, "KAS": 0.03177835, "JTRSY": 1.11, "STABLE": 0.03607152, "DEXE": 17.81, "ALGO": 0.09049, "POL": 0.075399, "NEXO": 0.79226, "VVV": 16.14, "ENA": 0.080867, "GT": 6.66, "JAAA": 1.038, "FLR": 0.00782434, "\u5e01\u5b89\u4eba\u751f": 0.668781, "JST": 0.077308, "BDX": 0.079609, "FIL": 0.760302, "GHO": 0.998934, "XDC": 0.02978973, "H": 0.325964, "JUP": 0.168408, "YLDS": 0.999629, "USD0": 0.998658, "APT": 0.652141, "PUMP": 0.0015156, "HASH": 0.00963763, "A7A5": 0.01329593}}