{"timestamp": 1784090569, "base": "USD", "data": {"BTC": 64751, "ETH": 1876.18, "USDT": 0.999197, "BNB": 578.92, "USDC": 0.999844, "XRP": 1.1, "SOL": 77.8, "TRX": 0.326515, "FIGR_HELOC": 1.036, "HYPE": 67.04, "DOGE": 0.073976, "USDS": 0.999756, "RAIN": 0.01474186, "ZEC": 554.33, "LEO": 9.83, "WBT": 56.54, "XLM": 0.182999, "LINK": 8.32, "XMR": 331.05, "ADA": 0.163466, "CC": 0.141549, "BCH": 233.44, "DAI": 0.999833, "GRAM": 1.61, "USD1": 0.998713, "USDE": 0.999765, "LTC": 44.69, "USDG": 1.0, "SUI": 0.752807, "USYC": 1.13, "HBAR": 0.067285, "BUIDL": 1.0, "AVAX": 6.64, "PYUSD": 0.999797, "NEAR": 2.01, "CRO": 0.055649, "SHIB": 4.21e-06, "XAUT": 4027.89, "UNI": 3.67, "USDY": 1.14, "DEXE": 40.8, "TAO": 196.76, "WLFI": 0.056911, "PAXG": 4024.82, "OKB": 81.09, "ASTER": 0.629135, "HTX": 1.82e-06, "M": 1.21, "USDD": 0.999842, "ONDO": 0.32045, "RLUSD": 0.999976, "AAVE": 98.35, "WLD": 0.409645, "DOT": 0.850662, "SKY": 0.0612, "USDF": 0.995611, "MNT": 0.421263, "MORPHO": 2.02, "BFUSD": 0.998674, "ICP": 2.19, "BGB": 1.68, "PEPE": 2.78e-06, "ETC": 7.03, "U": 0.999841, "EUTBL": 1.21, "BCAP": 106.19, "QNT": 65.81, "KCS": 6.95, "USDGO": 1.0, "STABLE": 0.03716241, "POL": 0.084205, "PI": 0.08018, "ADI": 6.97, "JTRSY": 1.11, "JST": 0.099429, "EURSAFO": 1.15, "ATOM": 1.56, "BEAT": 2.61, "ENA": 0.083426, "KAS": 0.0288163, "RENDER": 1.53, "USTB": 11.14, "NEXO": 0.759692, "\u5e01\u5b89\u4eba\u751f": 0.759673, "ALGO": 0.084674, "USDTB": 1.0, "GT": 6.73, "JUP": 0.21391, "BDX": 0.087583, "JAAA": 1.041, "PUMP": 0.00164857, "LIT": 2.59, "FIL": 0.780926, "GHO": 0.998237, "FLR": 0.00667061, "ARB": 0.089822, "USD0": 0.998674, "XDC": 0.02729493, "YLDS": 0.999819, "APT": 0.620382}}