{"timestamp": 1781953772, "base": "USD", "data": {"BTC": 63594, "ETH": 1725.3, "USDT": 0.999022, "BNB": 586.38, "USDC": 0.999784, "XRP": 1.15, "SOL": 71.54, "TRX": 0.323682, "FIGR_HELOC": 1.034, "HYPE": 70.67, "DOGE": 0.083835, "USDS": 0.99968, "RAIN": 0.01446608, "LEO": 9.54, "ZEC": 470.14, "XLM": 0.215823, "WBT": 52.46, "ADA": 0.162828, "XMR": 317.1, "LINK": 7.95, "CC": 0.151907, "USD1": 1.0, "USDE": 0.998912, "GRAM": 1.59, "DAI": 0.999512, "BCH": 198.33, "LAB": 12.12, "M": 2.83, "HBAR": 0.080326, "LTC": 44.24, "USYC": 1.13, "SUI": 0.718658, "USDG": 0.999652, "NEAR": 2.14, "SHIB": 4.71e-06, "PYUSD": 0.99966, "CRO": 0.058564, "AVAX": 6.2, "XAUT": 4143.48, "BUIDL": 1.0, "TAO": 229.76, "USDY": 1.14, "WLD": 0.605093, "PAXG": 4150.88, "UNI": 3.02, "WLFI": 0.058514, "MNT": 0.529995, "ASTER": 0.642621, "ONDO": 0.349471, "DOT": 0.964483, "RLUSD": 0.9999, "OKB": 76.25, "HTX": 1.71e-06, "USDF": 0.994417, "PI": 0.134623, "USDD": 0.999063, "SKY": 0.058019, "BFUSD": 0.9992, "ICP": 2.29, "BGB": 1.77, "MORPHO": 1.87, "ETC": 7.66, "PEPE": 2.84e-06, "AAVE": 75.05, "QNT": 70.39, "U": 0.999808, "USTB": 11.12, "BCAP": 107.07, "KCS": 7.18, "EUTBL": 1.21, "ATOM": 1.79, "USDTB": 0.999694, "RENDER": 1.74, "POL": 0.08266, "JTRSY": 1.11, "ALGO": 0.093676, "KAS": 0.03004928, "ENA": 0.088057, "NEXO": 0.792436, "STABLE": 0.03226057, "JAAA": 1.039, "DEXE": 15.44, "JST": 0.083428, "GT": 6.68, "\u5e01\u5b89\u4eba\u751f": 0.705063, "VVV": 14.82, "JUP": 0.198858, "FLR": 0.00738411, "BDX": 0.081152, "FIL": 0.784949, "GHO": 0.998455, "XDC": 0.02957056, "YLDS": 0.999712, "EURSAFO": 1.15, "USD0": 0.9992, "ARB": 0.084092, "NIGHT": 0.032141, "APT": 0.639568, "A7A5": 0.01295916, "USX": 0.999246}}