{"timestamp": 1778946659, "base": "USD", "data": {"BTC": 78234, "ETH": 2182.0, "USDT": 0.999496, "BNB": 655.67, "XRP": 1.41, "USDC": 0.999856, "SOL": 86.58, "TRX": 0.352276, "FIGR_HELOC": 1.031, "DOGE": 0.109603, "WBT": 57.57, "USDS": 0.999745, "HYPE": 40.88, "ADA": 0.255882, "LEO": 9.93, "ZEC": 500.66, "BCH": 416.91, "XMR": 384.74, "LINK": 9.7, "CC": 0.149925, "TON": 1.94, "XLM": 0.152241, "USD1": 0.999914, "DAI": 0.999649, "LTC": 56.26, "USDE": 1.0, "SUI": 1.068, "M": 3.14, "AVAX": 9.32, "HBAR": 0.091915, "RAIN": 0.0073291, "SHIB": 5.89e-06, "PYUSD": 0.99977, "CRO": 0.071555, "USDG": 0.99981, "USYC": 1.12, "XAUT": 4533.7, "BUIDL": 1.0, "TAO": 273.35, "UNI": 3.51, "DOT": 1.27, "PAXG": 4534.34, "MNT": 0.644102, "WLFI": 0.061299, "NEAR": 1.49, "USDY": 1.13, "USDF": 0.997877, "HTX": 1.95e-06, "OKB": 83.28, "ASTER": 0.668971, "PI": 0.160807, "ONDO": 0.347611, "SKY": 0.069689, "PEPE": 3.77e-06, "RLUSD": 0.999913, "USDD": 0.9995, "ICP": 2.65, "ETC": 9.01, "BGB": 2.01, "AAVE": 90.54, "BFUSD": 0.999003, "QNT": 83.87, "MORPHO": 1.79, "KCS": 8.04, "USDTB": 0.999382, "JTRSY": 1.1, "U": 0.999854, "EUTBL": 1.22, "ATOM": 1.99, "USTB": 11.08, "ALGO": 0.111553, "ENA": 0.107116, "POL": 0.090769, "BCAP": 105.87, "RENDER": 1.84, "KAS": 0.03442563, "NEXO": 0.853712, "STABLE": 0.03694622, "WLD": 0.24255, "FLR": 0.00915974, "APT": 0.959324, "JST": 0.090818, "FIL": 0.977193, "GT": 7.14, "ARB": 0.120652, "JUP": 0.201126, "XDC": 0.03245227, "PUMP": 0.00175077, "BDX": 0.079195, "DEXE": 12.98, "VVV": 13.05, "VET": 0.0068747, "GHO": 0.99932, "USD0": 0.998133, "OUSG": 115.25, "BONK": 6.28e-06, "HASH": 0.01038363, "PENGU": 0.00849376, "NIGHT": 0.03203628, "YLDS": 0.999842}}