{"timestamp": 1780721263, "base": "USD", "data": {"BTC": 59773, "USDT": 0.999669, "ETH": 1519.32, "BNB": 563.89, "USDC": 0.999631, "XRP": 1.055, "SOL": 60.6, "TRX": 0.319028, "FIGR_HELOC": 1.029, "HYPE": 57.87, "DOGE": 0.078145, "USDS": 0.999715, "LEO": 9.62, "RAIN": 0.01261704, "XLM": 0.189488, "ZEC": 353.37, "CC": 0.146594, "ADA": 0.14952, "XMR": 296.78, "LINK": 7.03, "WBT": 42.58, "USD1": 0.999304, "USDE": 0.999586, "DAI": 0.99968, "BCH": 203.35, "TON": 1.45, "M": 2.84, "HBAR": 0.076961, "LTC": 40.98, "LAB": 9.52, "PYUSD": 0.999747, "USYC": 1.13, "AVAX": 6.26, "SUI": 0.666952, "XAUT": 4289.76, "SHIB": 4.35e-06, "USDG": 1.0, "CRO": 0.055709, "NEAR": 1.84, "BUIDL": 1.0, "USDY": 1.13, "PAXG": 4302.33, "TAO": 184.99, "WLFI": 0.054117, "MNT": 0.51027, "RLUSD": 0.999774, "HTX": 1.73e-06, "ONDO": 0.315607, "ASTER": 0.593713, "DOT": 0.894395, "USDF": 0.996066, "UNI": 2.33, "WLD": 0.41978, "OKB": 66.47, "USDD": 1.0, "SKY": 0.056983, "BFUSD": 0.998898, "PI": 0.119996, "BGB": 1.82, "ICP": 2.16, "PEPE": 2.54e-06, "MORPHO": 1.6, "H": 0.563121, "ETC": 6.47, "USDTB": 0.999944, "U": 0.999903, "EUTBL": 1.21, "BCAP": 107.06, "USTB": 11.1, "QNT": 63.43, "DEXE": 19.34, "AAVE": 58.43, "JTRSY": 1.11, "ENA": 0.087967, "RENDER": 1.57, "KAS": 0.02969433, "KCS": 6.02, "ATOM": 1.57, "ALGO": 0.0887, "VVV": 16.82, "POL": 0.073839, "NEXO": 0.721091, "STABLE": 0.03088923, "JST": 0.081974, "\u5e01\u5b89\u4eba\u751f": 0.659218, "GT": 6.12, "BDX": 0.078918, "GHO": 0.999047, "XDC": 0.02867956, "FLR": 0.00651154, "USD0": 0.998508, "FIL": 0.68234, "YLDS": 0.999683, "SIREN": 0.727622, "BEAT": 1.81, "A7A5": 0.01305279, "HASH": 0.00945703, "APT": 0.62093, "OUSG": 115.47, "NIGHT": 0.03006272}}