{"timestamp": 1778352443, "base": "USD", "data": {"BTC": 80879, "ETH": 2330.17, "USDT": 0.999781, "XRP": 1.42, "BNB": 650.84, "USDC": 0.999832, "SOL": 93.35, "TRX": 0.350856, "FIGR_HELOC": 1.027, "DOGE": 0.109657, "WBT": 59.68, "USDS": 0.999735, "HYPE": 43.02, "ADA": 0.272206, "ZEC": 596.48, "LEO": 10.35, "BCH": 450.29, "XMR": 413.42, "LINK": 10.42, "TON": 2.42, "CC": 0.155612, "XLM": 0.162692, "LTC": 58.16, "M": 3.43, "DAI": 0.999534, "USD1": 0.999633, "AVAX": 9.96, "SUI": 1.065, "HBAR": 0.092718, "USDE": 0.99934, "SHIB": 6.41e-06, "RAIN": 0.00741434, "PYUSD": 0.999839, "CRO": 0.071054, "USYC": 1.12, "TAO": 310.5, "XAUT": 4706.22, "USDG": 0.999856, "BUIDL": 1.0, "UNI": 3.72, "DOT": 1.35, "MNT": 0.684288, "WLFI": 0.070127, "PAXG": 4709.41, "ONDO": 0.426976, "NEAR": 1.57, "ICP": 3.55, "SKY": 0.079755, "OKB": 88.01, "PI": 0.174601, "ASTER": 0.704242, "PEPE": 4.28e-06, "HTX": 1.97e-06, "USDF": 0.998153, "RLUSD": 0.999935, "ETC": 9.54, "BGB": 2.13, "USDD": 0.998845, "AAVE": 95.86, "USDY": 1.13, "MORPHO": 2.11, "BFUSD": 0.9992, "JTRSY": 1.1, "ENA": 0.130809, "ALGO": 0.130277, "KCS": 8.44, "QNT": 74.52, "POL": 0.101225, "RENDER": 2.0, "U": 0.999828, "KAS": 0.0365743, "EUTBL": 1.24, "USTB": 11.08, "ATOM": 1.94, "BCAP": 105.77, "FIL": 1.22, "SIREN": 1.27, "WLD": 0.272359, "NEXO": 0.909483, "APT": 1.11, "ARB": 0.142143, "JUP": 0.257472, "GT": 7.5, "PUMP": 0.00216906, "STABLE": 0.03418955, "VVV": 15.76, "JST": 0.083349, "FLR": 0.008186, "PENGU": 0.01068192, "VET": 0.00763502, "BONK": 7.22e-06, "DASH": 50.03, "USDTB": 0.999464, "BDX": 0.079835, "VIRTUAL": 0.939356, "SKYAI": 0.613528, "OUSG": 115.18, "XDC": 0.03041164, "GHO": 0.999635, "TRUMP": 2.46}}