{"timestamp": 1778277145, "base": "USD", "data": {"BTC": 80196, "ETH": 2312.55, "USDT": 0.999865, "XRP": 1.42, "BNB": 649.46, "USDC": 0.999933, "SOL": 92.32, "TRX": 0.350293, "FIGR_HELOC": 1.001, "DOGE": 0.10919, "WBT": 59.2, "USDS": 0.999763, "HYPE": 43.22, "ADA": 0.276849, "ZEC": 591.86, "LEO": 10.32, "BCH": 450.95, "LINK": 10.35, "XMR": 398.57, "TON": 2.53, "CC": 0.147867, "XLM": 0.164165, "M": 3.55, "LTC": 58.32, "DAI": 0.999772, "USD1": 0.999496, "AVAX": 9.97, "SUI": 1.025, "HBAR": 0.092774, "USDE": 0.999474, "SHIB": 6.47e-06, "RAIN": 0.00751714, "PYUSD": 0.999809, "CRO": 0.071194, "TAO": 315.93, "USYC": 1.12, "XAUT": 4700.45, "USDG": 0.999999, "BUIDL": 1.0, "WLFI": 0.075049, "UNI": 3.71, "DOT": 1.39, "MNT": 0.683186, "PAXG": 4707.46, "ONDO": 0.440765, "NEAR": 1.59, "ICP": 3.52, "SKY": 0.082129, "PEPE": 4.34e-06, "OKB": 86.6, "PI": 0.172046, "USDF": 0.998873, "HTX": 1.96e-06, "ASTER": 0.683826, "RLUSD": 1.0, "ETC": 9.81, "BGB": 2.13, "AAVE": 96.11, "USDD": 0.999973, "MORPHO": 2.12, "USDY": 1.13, "BFUSD": 0.9994, "JTRSY": 1.1, "ENA": 0.133282, "ALGO": 0.134821, "KCS": 8.39, "POL": 0.101899, "QNT": 73.71, "RENDER": 2.04, "U": 1.0, "KAS": 0.03665355, "EUTBL": 1.24, "ATOM": 1.94, "USTB": 11.08, "FIL": 1.25, "BCAP": 105.77, "APT": 1.14, "WLD": 0.273795, "NEXO": 0.907237, "ARB": 0.146242, "SIREN": 1.15, "GT": 7.28, "JUP": 0.245006, "PUMP": 0.00217224, "STABLE": 0.03286158, "JST": 0.082842, "FLR": 0.00796354, "VET": 0.00786391, "PENGU": 0.0104911, "BONK": 7.34e-06, "USDTB": 0.999414, "BDX": 0.079902, "DASH": 48.63, "VVV": 13.32, "OUSG": 115.18, "XDC": 0.03051259, "VIRTUAL": 0.923664, "SKYAI": 0.596495, "GHO": 0.999824, "TRUMP": 2.47}}