{"timestamp": 1779531944, "base": "USD", "data": {"BTC": 74653, "ETH": 2026.87, "USDT": 0.998804, "BNB": 639.12, "XRP": 1.32, "USDC": 0.999788, "SOL": 82.13, "TRX": 0.36087, "FIGR_HELOC": 1.022, "DOGE": 0.099346, "HYPE": 55.52, "USDS": 0.999676, "ZEC": 591.56, "LEO": 9.93, "ADA": 0.23858, "BCH": 344.75, "XMR": 373.46, "LINK": 9.19, "WBT": 54.94, "CC": 0.155371, "TON": 1.78, "USD1": 0.999128, "XLM": 0.140878, "USDE": 0.999084, "DAI": 0.999695, "LTC": 52.01, "SUI": 1.002, "AVAX": 8.89, "HBAR": 0.085898, "PYUSD": 0.999696, "M": 2.74, "RAIN": 0.00724275, "SHIB": 5.5e-06, "CRO": 0.067411, "USYC": 1.13, "USDG": 0.999749, "NEAR": 2.08, "XAUT": 4494.32, "BUIDL": 1.0, "TAO": 260.33, "USDY": 1.13, "PAXG": 4497.35, "MNT": 0.637431, "UNI": 3.31, "DOT": 1.21, "WLFI": 0.060985, "ONDO": 0.395026, "HTX": 2.01e-06, "USDF": 0.997332, "RLUSD": 0.999954, "ASTER": 0.66918, "OKB": 80.95, "SKY": 0.069552, "PI": 0.149014, "USDD": 0.998961, "PEPE": 3.48e-06, "BGB": 1.96, "ETC": 8.69, "ICP": 2.45, "BFUSD": 0.998501, "AAVE": 83.32, "MORPHO": 1.93, "QNT": 74.93, "USDTB": 0.999156, "EUTBL": 1.22, "KCS": 7.8, "ATOM": 2.03, "U": 1.0, "ALGO": 0.109742, "USTB": 11.09, "BCAP": 105.74, "JTRSY": 1.1, "POL": 0.087982, "RENDER": 1.81, "WLD": 0.264789, "KAS": 0.03261737, "ENA": 0.096038, "NEXO": 0.856773, "VVV": 17.51, "JST": 0.093035, "STABLE": 0.03353713, "APT": 0.910693, "GT": 6.9, "FIL": 0.936831, "FLR": 0.0082022, "ARB": 0.104708, "DEXE": 13.89, "JUP": 0.191756, "XDC": 0.03138882, "BDX": 0.078956, "HASH": 0.01143417, "GHO": 0.998848, "PUMP": 0.00164357, "USD0": 0.998463, "VET": 0.00644032, "OUSG": 115.33, "DASH": 43.32, "PENGU": 0.0085792, "NIGHT": 0.03209838, "APXUSD": 0.9996}}