{"timestamp": 1783548257, "base": "USD", "data": {"BTC": 62215, "ETH": 1738.5, "USDT": 0.999169, "BNB": 566.69, "USDC": 0.99975, "XRP": 1.09, "SOL": 77.23, "TRX": 0.329691, "FIGR_HELOC": 1.034, "HYPE": 67.09, "DOGE": 0.07253, "USDS": 0.999651, "RAIN": 0.01458486, "LEO": 9.46, "ZEC": 464.65, "WBT": 55.08, "ADA": 0.166685, "XLM": 0.181183, "XMR": 321.64, "LINK": 7.63, "CC": 0.126955, "BCH": 233.7, "DAI": 0.99987, "USD1": 0.998595, "USDE": 0.998604, "GRAM": 1.59, "LTC": 43.46, "USDG": 0.99968, "USYC": 1.13, "HBAR": 0.069203, "SUI": 0.710162, "PYUSD": 0.999728, "AVAX": 6.46, "CRO": 0.056399, "SHIB": 4.27e-06, "XAUT": 4069.58, "NEAR": 1.88, "BUIDL": 1.0, "USDY": 1.13, "UNI": 3.25, "TAO": 203.67, "WLFI": 0.058571, "PAXG": 4071.95, "M": 1.32, "HTX": 1.86e-06, "ASTER": 0.621332, "OKB": 78.81, "RLUSD": 1.0, "ONDO": 0.31564, "USDD": 0.999133, "USDF": 0.996739, "DOT": 0.824896, "MNT": 0.421207, "WLD": 0.391397, "DEXE": 28.97, "AAVE": 88.3, "MORPHO": 2.04, "BFUSD": 0.99829, "SKY": 0.055844, "ICP": 2.21, "BGB": 1.65, "PI": 0.101873, "PEPE": 2.59e-06, "ETC": 6.88, "U": 0.999802, "EUTBL": 1.2, "BCAP": 106.63, "QNT": 65.15, "KCS": 6.89, "JTRSY": 1.11, "USDGO": 1.0, "STABLE": 0.03530302, "USTB": 11.14, "JST": 0.09577, "POL": 0.076465, "ATOM": 1.56, "KAS": 0.02921382, "RENDER": 1.53, "ALGO": 0.084493, "BEAT": 2.42, "ADI": 5.97, "EURSAFO": 1.15, "NEXO": 0.733873, "USDTB": 1.0, "BDX": 0.090752, "ENA": 0.074407, "\u5e01\u5b89\u4eba\u751f": 0.708364, "JUP": 0.212252, "GT": 6.6, "JAAA": 1.04, "FIL": 0.760684, "PUMP": 0.00149173, "GHO": 0.998249, "LIT": 2.36, "FLR": 0.0065337, "USD0": 0.998496, "VVV": 11.5, "XDC": 0.02717283, "YLDS": 0.999704, "NIGHT": 0.031391}}