{"timestamp": 1783803346, "base": "USD", "data": {"BTC": 64340, "ETH": 1825.04, "USDT": 0.999279, "BNB": 580.62, "USDC": 0.999866, "XRP": 1.11, "SOL": 78.13, "TRX": 0.330618, "FIGR_HELOC": 1.033, "HYPE": 67.83, "DOGE": 0.075159, "USDS": 0.999803, "RAIN": 0.01446909, "ZEC": 520.93, "LEO": 9.5, "WBT": 56.43, "XLM": 0.191724, "ADA": 0.170852, "XMR": 322.83, "LINK": 8.07, "CC": 0.135045, "BCH": 247.72, "DAI": 0.999859, "GRAM": 1.67, "USD1": 0.999358, "USDE": 0.999913, "LTC": 45.41, "USDG": 0.999038, "USYC": 1.13, "HBAR": 0.069791, "SUI": 0.747442, "AVAX": 6.75, "BUIDL": 1.0, "PYUSD": 0.999765, "CRO": 0.056478, "SHIB": 4.39e-06, "XAUT": 4101.15, "NEAR": 1.9, "UNI": 3.81, "USDY": 1.14, "TAO": 214.27, "WLFI": 0.058649, "PAXG": 4104.39, "DEXE": 38.31, "OKB": 81.07, "ASTER": 0.632086, "M": 1.26, "HTX": 1.84e-06, "ONDO": 0.333845, "USDD": 0.999161, "RLUSD": 0.999932, "AAVE": 101.02, "DOT": 0.881648, "SKY": 0.061847, "WLD": 0.408885, "USDF": 0.997108, "MNT": 0.4281, "MORPHO": 2.16, "BFUSD": 0.998859, "ICP": 2.3, "PEPE": 2.8e-06, "BGB": 1.66, "ETC": 7.09, "PI": 0.098427, "U": 0.999807, "EUTBL": 1.2, "QNT": 67.0, "BCAP": 106.63, "KCS": 7.05, "USDGO": 0.999994, "JTRSY": 1.11, "STABLE": 0.03556325, "JST": 0.101457, "POL": 0.079981, "ATOM": 1.6, "RENDER": 1.58, "ADI": 6.5, "KAS": 0.02959949, "ENA": 0.082919, "USTB": 11.14, "ALGO": 0.086535, "EURSAFO": 1.15, "NEXO": 0.755637, "USDTB": 1.001, "BEAT": 2.35, "GT": 6.71, "BDX": 0.088846, "JUP": 0.210307, "\u5e01\u5b89\u4eba\u751f": 0.688359, "JAAA": 1.041, "LIT": 2.6, "FIL": 0.793286, "ARB": 0.098092, "GHO": 0.998601, "FLR": 0.00669226, "PUMP": 0.00143334, "USD0": 0.998709, "XDC": 0.02723207, "APT": 0.644115, "YLDS": 0.999702}}