{"timestamp": 1777860239, "base": "USD", "data": {"BTC": 79666, "ETH": 2349.55, "USDT": 0.999728, "XRP": 1.4, "BNB": 622.24, "USDC": 0.999768, "SOL": 84.85, "TRX": 0.338361, "FIGR_HELOC": 1.04, "DOGE": 0.112264, "WBT": 59.42, "USDS": 0.999819, "HYPE": 41.6, "LEO": 10.32, "ADA": 0.252128, "BCH": 446.13, "XMR": 394.8, "ZEC": 418.98, "LINK": 9.24, "CC": 0.147693, "XLM": 0.159341, "USD1": 0.999738, "DAI": 0.99979, "LTC": 55.7, "AVAX": 9.19, "USDE": 0.999224, "M": 2.99, "HBAR": 0.088562, "SUI": 0.930018, "SHIB": 6.28e-06, "RAIN": 0.00756418, "TON": 1.37, "PYUSD": 0.999817, "CRO": 0.068785, "USYC": 1.12, "TAO": 287.82, "XAUT": 4605.44, "USDG": 0.999809, "BUIDL": 1.0, "PAXG": 4605.43, "MNT": 0.638268, "UNI": 3.29, "DOT": 1.23, "WLFI": 0.059639, "SKY": 0.081142, "PI": 0.1764, "OKB": 85.83, "USDF": 0.996636, "ASTER": 0.671389, "HTX": 1.91e-06, "PEPE": 4.03e-06, "NEAR": 1.28, "RLUSD": 0.999857, "USDD": 0.999507, "ONDO": 0.293633, "AAVE": 93.75, "BGB": 2.01, "ETC": 8.6, "BFUSD": 0.998995, "JTRSY": 1.1, "USDY": 1.12, "ICP": 2.36, "MORPHO": 1.97, "KCS": 8.54, "U": 0.999885, "POL": 0.095824, "ALGO": 0.113464, "QNT": 69.1, "USTB": 11.07, "EUTBL": 1.23, "ATOM": 1.91, "BCAP": 105.75, "RENDER": 1.84, "KAS": 0.0339173, "ENA": 0.103645, "NEXO": 0.902871, "GT": 7.36, "APT": 1.001, "WLD": 0.239469, "FIL": 0.947525, "STABLE": 0.03266112, "JST": 0.08503, "ARB": 0.118186, "PUMP": 0.00183706, "PENGU": 0.01037343, "FLR": 0.00755579, "VET": 0.00729462, "BDX": 0.080071, "OUSG": 115.1, "JUP": 0.17985, "HASH": 0.01118434, "SKYAI": 0.585263, "GHO": 0.999662, "XDC": 0.02913486, "USDTB": 0.999353, "BONK": 6.37e-06, "USD0": 0.99888, "SIREN": 0.755622, "TRUMP": 2.35, "DASH": 42.14}}