{"timestamp": 1779061869, "base": "USD", "data": {"BTC": 77186, "ETH": 2122.29, "USDT": 0.999372, "BNB": 645.02, "XRP": 1.39, "USDC": 0.999843, "SOL": 84.55, "TRX": 0.355247, "FIGR_HELOC": 1.039, "DOGE": 0.1076, "WBT": 56.91, "USDS": 0.99951, "HYPE": 45.14, "LEO": 10.11, "ADA": 0.249381, "ZEC": 528.14, "BCH": 402.95, "XMR": 387.66, "LINK": 9.48, "CC": 0.153202, "TON": 1.9, "XLM": 0.147929, "USD1": 0.999502, "DAI": 0.999623, "USDE": 0.999725, "LTC": 54.51, "SUI": 1.034, "M": 3.16, "AVAX": 9.09, "HBAR": 0.0893, "RAIN": 0.007417, "PYUSD": 0.999514, "SHIB": 5.67e-06, "CRO": 0.069376, "USDG": 0.999541, "USYC": 1.12, "XAUT": 4529.53, "BUIDL": 1.0, "TAO": 262.44, "UNI": 3.43, "PAXG": 4532.37, "MNT": 0.633984, "DOT": 1.24, "NEAR": 1.49, "WLFI": 0.059689, "USDY": 1.12, "HTX": 1.97e-06, "USDF": 0.99757, "OKB": 81.86, "ASTER": 0.642677, "ONDO": 0.339656, "PI": 0.153423, "SKY": 0.06901, "RLUSD": 1.0, "USDD": 1.0, "PEPE": 3.63e-06, "BGB": 1.99, "ICP": 2.51, "ETC": 8.81, "AAVE": 88.33, "BFUSD": 0.998899, "MORPHO": 1.73, "QNT": 75.09, "USDTB": 0.99926, "KCS": 7.94, "JTRSY": 1.1, "ATOM": 2.02, "EUTBL": 1.22, "U": 0.999056, "USTB": 11.08, "BCAP": 105.87, "POL": 0.089876, "ALGO": 0.106782, "KAS": 0.03386436, "ENA": 0.102717, "RENDER": 1.77, "NEXO": 0.862264, "STABLE": 0.03491932, "WLD": 0.232077, "FLR": 0.00899666, "GT": 7.12, "JST": 0.088297, "APT": 0.914535, "FIL": 0.928931, "ARB": 0.115172, "VVV": 14.08, "JUP": 0.191628, "XDC": 0.03102101, "DEXE": 13.24, "BDX": 0.078671, "PUMP": 0.00168655, "GHO": 0.999424, "VET": 0.00659013, "HASH": 0.01050774, "USD0": 0.997956, "OUSG": 115.25, "YLDS": 0.999805, "BONK": 5.94e-06, "NIGHT": 0.03126058, "PENGU": 0.00823877}}