{"timestamp": 1783866395, "base": "USD", "data": {"BTC": 63958, "ETH": 1804.21, "USDT": 0.999382, "BNB": 579.9, "USDC": 0.999803, "XRP": 1.096, "SOL": 76.97, "TRX": 0.330977, "FIGR_HELOC": 1.041, "HYPE": 67.1, "DOGE": 0.073211, "USDS": 0.999735, "RAIN": 0.01457515, "ZEC": 528.86, "LEO": 9.53, "WBT": 56.02, "XLM": 0.186938, "XMR": 329.22, "ADA": 0.164132, "LINK": 8.01, "CC": 0.137283, "BCH": 245.18, "DAI": 0.999754, "GRAM": 1.64, "USD1": 0.999077, "USDE": 0.999718, "LTC": 44.54, "USDG": 0.999752, "USYC": 1.13, "SUI": 0.740746, "HBAR": 0.067409, "BUIDL": 1.0, "PYUSD": 0.999755, "AVAX": 6.43, "CRO": 0.055678, "SHIB": 4.29e-06, "XAUT": 4091.24, "NEAR": 1.88, "UNI": 3.62, "DEXE": 46.01, "USDY": 1.13, "TAO": 211.25, "WLFI": 0.058101, "PAXG": 4094.62, "OKB": 80.5, "HTX": 1.85e-06, "ASTER": 0.623578, "M": 1.22, "ONDO": 0.325842, "USDD": 0.999178, "RLUSD": 1.0, "AAVE": 98.78, "WLD": 0.419492, "SKY": 0.061744, "DOT": 0.840094, "USDF": 0.996199, "MNT": 0.422301, "BFUSD": 0.99878, "MORPHO": 2.01, "ICP": 2.24, "PEPE": 2.76e-06, "BGB": 1.66, "ETC": 6.91, "PI": 0.097079, "U": 0.999629, "EUTBL": 1.21, "BCAP": 106.63, "KCS": 7.03, "QNT": 65.85, "USDGO": 1.0, "STABLE": 0.03690184, "JTRSY": 1.11, "JST": 0.101094, "BEAT": 2.76, "POL": 0.079359, "ADI": 6.49, "ATOM": 1.57, "RENDER": 1.55, "KAS": 0.02870675, "USTB": 11.14, "ENA": 0.081168, "EURSAFO": 1.15, "ALGO": 0.083752, "NEXO": 0.745839, "USDTB": 1.0, "GT": 6.68, "\u5e01\u5b89\u4eba\u751f": 0.706798, "BDX": 0.087713, "JAAA": 1.041, "JUP": 0.202747, "LIT": 2.63, "FIL": 0.779893, "ARB": 0.095681, "GHO": 0.998476, "PUMP": 0.00141376, "FLR": 0.00654247, "USD0": 0.998469, "XDC": 0.02709223, "YLDS": 0.999806, "USX": 0.999857}}