{"timestamp": 1784331834, "base": "USD", "data": {"BTC": 63930, "ETH": 1840.78, "USDT": 0.999277, "BNB": 567.8, "USDC": 0.999856, "XRP": 1.089, "SOL": 75.03, "TRX": 0.322655, "FIGR_HELOC": 1.027, "HYPE": 59.76, "DOGE": 0.072518, "USDS": 0.999791, "RAIN": 0.01413759, "ZEC": 544.67, "LEO": 9.75, "WBT": 55.75, "XLM": 0.185662, "ADA": 0.16679, "XMR": 330.58, "LINK": 8.26, "CC": 0.128167, "DAI": 0.999833, "BCH": 219.19, "USD1": 0.999317, "GRAM": 1.5, "USDE": 0.999732, "LTC": 45.13, "USDG": 1.002, "USYC": 1.13, "SUI": 0.739614, "CRO": 0.061642, "PYUSD": 0.999799, "HBAR": 0.06593, "AVAX": 6.57, "BUIDL": 1.0, "NEAR": 1.93, "XAUT": 4004.08, "SHIB": 4.14e-06, "UNI": 3.64, "USDY": 1.14, "TAO": 194.56, "WLFI": 0.057101, "ONDO": 0.371861, "PAXG": 4003.34, "OKB": 81.32, "DEXE": 36.4, "ASTER": 0.622313, "M": 1.25, "HTX": 1.82e-06, "RLUSD": 0.999988, "USDD": 0.999238, "DOT": 0.850065, "USDF": 0.995308, "MNT": 0.425464, "SKY": 0.059314, "WLD": 0.38711, "AAVE": 90.04, "BFUSD": 0.99861, "MORPHO": 1.96, "ICP": 2.14, "PEPE": 2.74e-06, "BGB": 1.64, "ETC": 7.04, "U": 0.999808, "USDGO": 0.999807, "EUTBL": 1.21, "BCAP": 106.19, "QNT": 65.36, "KCS": 6.63, "PI": 0.081755, "POL": 0.083095, "STABLE": 0.03594629, "JTRSY": 1.11, "EURSAFO": 1.15, "ADI": 6.57, "JST": 0.097724, "ENA": 0.081979, "ATOM": 1.51, "KAS": 0.027816, "RENDER": 1.47, "USTB": 11.15, "NEXO": 0.747472, "ALGO": 0.082532, "BEAT": 2.39, "GT": 6.68, "\u5e01\u5b89\u4eba\u751f": 0.701503, "JAAA": 1.041, "BDX": 0.084023, "PUMP": 0.00163636, "JUP": 0.194367, "FIL": 0.763907, "GHO": 0.998877, "ARB": 0.090855, "FLR": 0.00654849, "LIT": 2.26, "XDC": 0.02780437, "USD0": 0.998649, "YLDS": 0.999816, "VVV": 11.14, "APT": 0.620323}}