{"timestamp": 1776584089, "base": "USD", "data": {"BTC": 75089, "ETH": 2306.88, "USDT": 1.0, "XRP": 1.42, "BNB": 619.38, "USDC": 0.999857, "SOL": 84.69, "TRX": 0.32987, "FIGR_HELOC": 1.035, "DOGE": 0.093824, "WBT": 54.4, "USDS": 0.999791, "HYPE": 43.08, "LEO": 10.14, "ADA": 0.244997, "BCH": 440.43, "LINK": 9.13, "XMR": 350.07, "M": 3.55, "USDE": 0.99947, "CC": 0.146153, "XLM": 0.167732, "ZEC": 321.92, "DAI": 0.999492, "LTC": 54.97, "USD1": 1.0, "PYUSD": 0.999978, "AVAX": 9.15, "HBAR": 0.08813, "SUI": 0.940403, "RAIN": 0.00760778, "SHIB": 5.97e-06, "TON": 1.28, "CRO": 0.069337, "USYC": 1.12, "XAUT": 4775.53, "WLFI": 0.078841, "BUIDL": 1.0, "PAXG": 4776.97, "TAO": 240.99, "USDG": 0.99989, "MNT": 0.652647, "DOT": 1.25, "UNI": 3.25, "USDF": 0.998493, "PI": 0.172864, "OKB": 83.56, "SKY": 0.075594, "NEAR": 1.33, "ASTER": 0.668501, "HTX": 1.8e-06, "PEPE": 3.74e-06, "JTRSY": 1.1, "USDD": 1.0, "RLUSD": 0.999634, "AAVE": 92.3, "ICP": 2.44, "BFUSD": 0.999902, "USDY": 1.13, "BGB": 1.87, "ETC": 8.32, "ONDO": 0.253712, "GT": 7.11, "KCS": 8.41, "PUMP": 0.00182841, "MORPHO": 1.94, "QNT": 73.1, "ENA": 0.11826, "EUTBL": 1.24, "U": 0.999947, "POL": 0.088554, "KAS": 0.03426656, "ALGO": 0.105229, "RENDER": 1.76, "NEXO": 0.892415, "ATOM": 1.77, "USDTB": 1.0, "USTB": 11.05, "WLD": 0.259896, "BCAP": 82.76, "ARB": 0.124606, "APT": 0.924393, "DEXE": 15.28, "FIL": 0.917945, "FLR": 0.00809178, "HASH": 0.01169576, "TRUMP": 2.83, "JUP": 0.17694, "BDX": 0.079955, "NIGHT": 0.03684419, "JST": 0.071197, "VET": 0.00703922, "OUSG": 114.95, "XDC": 0.02981356, "YLDS": 1.0, "GHO": 0.999103, "STABLE": 0.02556431, "USD0": 0.99823, "BONK": 5.96e-06, "CAKE": 1.53}}