{"timestamp": 1777907146, "base": "USD", "data": {"BTC": 80250, "ETH": 2369.43, "USDT": 0.99978, "XRP": 1.41, "BNB": 627.05, "USDC": 0.999761, "SOL": 85.07, "TRX": 0.339213, "FIGR_HELOC": 1.04, "DOGE": 0.111858, "WBT": 59.77, "USDS": 0.99965, "HYPE": 41.6, "LEO": 10.31, "ADA": 0.252505, "BCH": 445.47, "XMR": 392.39, "LINK": 9.51, "ZEC": 411.07, "CC": 0.145616, "XLM": 0.158892, "USD1": 0.999932, "DAI": 0.999607, "LTC": 55.63, "AVAX": 9.23, "USDE": 0.999151, "HBAR": 0.088717, "TON": 1.42, "SUI": 0.937578, "SHIB": 6.23e-06, "RAIN": 0.00757792, "M": 2.69, "PYUSD": 1.0, "CRO": 0.06861, "USYC": 1.12, "TAO": 284.08, "XAUT": 4556.93, "USDG": 0.999863, "BUIDL": 1.0, "PAXG": 4556.18, "MNT": 0.641229, "UNI": 3.33, "DOT": 1.24, "WLFI": 0.062839, "SKY": 0.080447, "PI": 0.177874, "OKB": 85.55, "USDF": 0.99693, "ASTER": 0.678842, "HTX": 1.91e-06, "PEPE": 4.05e-06, "NEAR": 1.28, "RLUSD": 0.999876, "ONDO": 0.316236, "USDD": 1.0, "BGB": 2.05, "AAVE": 93.2, "ETC": 8.75, "ICP": 2.4, "BFUSD": 0.999156, "JTRSY": 1.1, "USDY": 1.12, "MORPHO": 1.99, "KCS": 8.43, "POL": 0.097528, "U": 1.001, "ALGO": 0.114173, "QNT": 68.36, "USTB": 11.07, "EUTBL": 1.23, "BCAP": 105.75, "RENDER": 1.84, "ATOM": 1.88, "KAS": 0.03389788, "NEXO": 0.907598, "ENA": 0.103137, "GT": 7.3, "APT": 0.993376, "WLD": 0.239298, "STABLE": 0.0330706, "FIL": 0.947248, "ARB": 0.11661, "SKYAI": 0.709003, "JST": 0.082294, "PUMP": 0.00183443, "FLR": 0.00759845, "PENGU": 0.01010565, "VET": 0.00721387, "BDX": 0.079851, "OUSG": 115.1, "JUP": 0.179791, "DASH": 46.98, "XDC": 0.02944797, "GHO": 0.999777, "USDTB": 0.999856, "HASH": 0.01092775, "SIREN": 0.782063, "USD0": 0.998419, "BONK": 6.31e-06, "TRUMP": 2.33}}