{"timestamp": 1781810528, "base": "USD", "data": {"BTC": 62623, "ETH": 1685.11, "USDT": 0.997899, "BNB": 575.68, "USDC": 0.999919, "XRP": 1.14, "SOL": 68.58, "TRX": 0.319258, "FIGR_HELOC": 1.026, "HYPE": 67.83, "DOGE": 0.082362, "USDS": 0.999758, "RAIN": 0.0144725, "LEO": 9.63, "XLM": 0.233776, "ZEC": 446.23, "CC": 0.159698, "WBT": 51.67, "ADA": 0.161703, "XMR": 319.57, "LINK": 7.85, "LAB": 17.05, "USD1": 0.999707, "USDE": 0.998781, "GRAM": 1.65, "DAI": 0.999682, "BCH": 196.61, "M": 2.9, "HBAR": 0.079785, "LTC": 43.23, "USYC": 1.13, "SUI": 0.717175, "NEAR": 2.17, "USDG": 0.999907, "SHIB": 4.68e-06, "PYUSD": 0.999808, "AVAX": 6.3, "CRO": 0.057871, "XAUT": 4189.19, "BUIDL": 1.0, "TAO": 233.43, "USDY": 1.14, "WLD": 0.614529, "PAXG": 4197.87, "WLFI": 0.058955, "UNI": 2.97, "MNT": 0.524362, "ONDO": 0.350269, "ASTER": 0.634327, "RLUSD": 0.999961, "DOT": 0.955932, "HTX": 1.69e-06, "OKB": 72.44, "USDF": 0.994217, "PI": 0.129405, "USDD": 0.999048, "SKY": 0.05692, "BFUSD": 0.999189, "BGB": 1.79, "MORPHO": 1.93, "ICP": 2.24, "PEPE": 2.8e-06, "ETC": 7.08, "AAVE": 72.0, "U": 0.999602, "USTB": 11.12, "QNT": 68.11, "BCAP": 107.07, "KCS": 7.05, "EUTBL": 1.21, "ATOM": 1.78, "USDTB": 0.999763, "ALGO": 0.099825, "JTRSY": 1.11, "RENDER": 1.65, "ENA": 0.088928, "POL": 0.07705, "KAS": 0.02978289, "STABLE": 0.03350406, "NEXO": 0.791662, "DEXE": 15.42, "\u5e01\u5b89\u4eba\u751f": 0.712377, "GT": 6.52, "JST": 0.081141, "JAAA": 1.038, "VVV": 14.1, "FLR": 0.0073232, "BDX": 0.080905, "JUP": 0.186372, "FIL": 0.772475, "GHO": 0.998362, "XDC": 0.02963553, "YLDS": 0.999886, "HASH": 0.01045387, "EURSAFO": 1.15, "USD0": 0.998993, "ARB": 0.082355, "APT": 0.628649, "BEAT": 1.8, "INJ": 5.13}}