{"timestamp": 1779551805, "base": "USD", "data": {"BTC": 75411, "ETH": 2056.56, "USDT": 0.998805, "BNB": 646.51, "XRP": 1.33, "USDC": 0.999832, "SOL": 83.89, "TRX": 0.3593, "FIGR_HELOC": 1.031, "DOGE": 0.100886, "HYPE": 57.21, "USDS": 0.999634, "ZEC": 606.18, "LEO": 9.93, "ADA": 0.241767, "BCH": 348.13, "XMR": 377.54, "LINK": 9.3, "WBT": 55.57, "CC": 0.15908, "XLM": 0.145031, "USD1": 0.999454, "TON": 1.77, "USDE": 0.999044, "DAI": 0.999633, "SUI": 1.037, "LTC": 52.8, "AVAX": 9.12, "HBAR": 0.087519, "M": 2.82, "PYUSD": 0.999773, "RAIN": 0.00732734, "SHIB": 5.59e-06, "CRO": 0.068898, "USYC": 1.13, "NEAR": 2.25, "USDG": 0.999709, "XAUT": 4499.12, "TAO": 270.37, "BUIDL": 1.0, "UNI": 3.4, "MNT": 0.647641, "USDY": 1.13, "PAXG": 4502.68, "DOT": 1.24, "ONDO": 0.416587, "WLFI": 0.061746, "HTX": 2e-06, "USDF": 0.997609, "RLUSD": 1.0, "ASTER": 0.67758, "OKB": 81.29, "SKY": 0.07025, "PI": 0.150608, "USDD": 0.999129, "PEPE": 3.56e-06, "ICP": 2.54, "ETC": 8.84, "BGB": 1.96, "BFUSD": 0.998503, "AAVE": 85.15, "MORPHO": 2.02, "QNT": 77.78, "USDTB": 0.998919, "KCS": 7.9, "EUTBL": 1.22, "ATOM": 2.07, "U": 0.999898, "ALGO": 0.112888, "USTB": 11.09, "RENDER": 1.87, "BCAP": 105.74, "POL": 0.09019, "WLD": 0.280733, "JTRSY": 1.1, "KAS": 0.03318759, "ENA": 0.097716, "NEXO": 0.859435, "VVV": 18.14, "JST": 0.091513, "APT": 0.939981, "STABLE": 0.0334076, "FIL": 0.951665, "GT": 6.91, "FLR": 0.00827936, "ARB": 0.107431, "JUP": 0.197159, "DEXE": 13.72, "XDC": 0.03154395, "BDX": 0.078615, "HASH": 0.01138038, "PUMP": 0.00170198, "GHO": 0.998737, "DASH": 45.03, "VET": 0.00656722, "PENGU": 0.00882874, "USD0": 0.998429, "OUSG": 115.33, "NIGHT": 0.03318992, "BONK": 5.98e-06}}