{"timestamp": 1781428801, "base": "USD", "data": {"BTC": 64331, "ETH": 1670.65, "USDT": 0.999482, "BNB": 609.95, "USDC": 0.99988, "XRP": 1.14, "SOL": 68.03, "TRX": 0.317101, "FIGR_HELOC": 1.018, "DOGE": 0.086936, "HYPE": 60.1, "USDS": 0.99966, "LEO": 9.74, "RAIN": 0.01306132, "ZEC": 425.44, "XMR": 339.38, "ADA": 0.170476, "XLM": 0.185461, "WBT": 52.43, "CC": 0.159527, "LINK": 7.9, "TON": 1.71, "USDE": 0.999485, "USD1": 1.0, "DAI": 0.999715, "BCH": 203.05, "M": 2.96, "HBAR": 0.078969, "LTC": 44.12, "LAB": 10.13, "SUI": 0.756599, "USYC": 1.13, "SHIB": 4.99e-06, "AVAX": 6.63, "CRO": 0.061846, "PYUSD": 1.0, "NEAR": 2.09, "USDG": 1.0, "XAUT": 4218.29, "TAO": 265.77, "BUIDL": 1.0, "USDY": 1.13, "PAXG": 4228.86, "WLFI": 0.058995, "BEAT": 6.43, "MNT": 0.558183, "ONDO": 0.35743, "WLD": 0.503159, "ASTER": 0.631175, "RLUSD": 0.999885, "DOT": 0.967359, "UNI": 2.52, "OKB": 74.2, "HTX": 1.68e-06, "USDF": 0.995449, "PI": 0.131855, "ICP": 2.47, "USDD": 0.99956, "BFUSD": 0.999, "SKY": 0.056486, "MORPHO": 1.94, "BGB": 1.79, "PEPE": 2.81e-06, "ETC": 7.11, "H": 0.606775, "AAVE": 66.09, "U": 1.0, "QNT": 68.73, "ATOM": 1.94, "BCAP": 106.96, "EUTBL": 1.22, "USTB": 11.11, "KCS": 6.95, "RENDER": 1.77, "USDTB": 1.0, "KAS": 0.03150121, "JTRSY": 1.11, "STABLE": 0.0352397, "DEXE": 17.61, "ALGO": 0.09155, "POL": 0.07499, "NEXO": 0.798968, "ENA": 0.082705, "VVV": 16.18, "GT": 6.74, "JAAA": 1.038, "FLR": 0.00796982, "\u5e01\u5b89\u4eba\u751f": 0.67042, "JST": 0.075509, "BDX": 0.080029, "FIL": 0.769897, "GHO": 0.999012, "XDC": 0.02996088, "JUP": 0.169608, "YLDS": 0.999758, "USD0": 0.998692, "APT": 0.662406, "HASH": 0.00999103, "NIGHT": 0.03192251, "PUMP": 0.00151149}}