{"timestamp": 1783409449, "base": "USD", "data": {"BTC": 63208, "ETH": 1776.82, "USDT": 0.999151, "BNB": 579.29, "USDC": 0.999879, "XRP": 1.13, "SOL": 81.55, "TRX": 0.329373, "FIGR_HELOC": 1.035, "HYPE": 71.08, "DOGE": 0.075292, "USDS": 0.999724, "RAIN": 0.01506706, "LEO": 9.41, "ZEC": 453.86, "ADA": 0.180711, "WBT": 56.73, "XLM": 0.196038, "XMR": 325.41, "LINK": 7.93, "CC": 0.134845, "BCH": 239.53, "LAB": 14.99, "DAI": 0.999694, "GRAM": 1.69, "USD1": 0.998348, "USDE": 0.998617, "LTC": 44.17, "USDG": 0.999986, "HBAR": 0.071983, "USYC": 1.13, "SUI": 0.741357, "AVAX": 6.8, "PYUSD": 1.0, "CRO": 0.058265, "NEAR": 2.03, "SHIB": 4.37e-06, "XAUT": 4118.4, "BUIDL": 1.0, "USDY": 1.14, "TAO": 213.85, "UNI": 3.17, "WLFI": 0.059962, "PAXG": 4121.06, "ASTER": 0.636786, "M": 1.28, "OKB": 79.44, "HTX": 1.79e-06, "ONDO": 0.331669, "RLUSD": 1.0, "USDD": 0.998273, "DOT": 0.863945, "MNT": 0.432493, "AAVE": 93.83, "USDF": 0.996203, "WLD": 0.398449, "BFUSD": 0.998102, "SKY": 0.056123, "DEXE": 27.86, "MORPHO": 1.99, "ICP": 2.22, "PI": 0.111796, "BGB": 1.66, "PEPE": 2.7e-06, "ETC": 7.03, "U": 0.999607, "EUTBL": 1.2, "BCAP": 106.63, "KCS": 7.06, "QNT": 65.92, "USTB": 11.13, "USDGO": 1.0, "JTRSY": 1.11, "STABLE": 0.03464839, "RENDER": 1.61, "ATOM": 1.59, "KAS": 0.02954064, "BEAT": 2.62, "POL": 0.074653, "JUP": 0.239294, "JST": 0.092287, "ALGO": 0.086732, "NEXO": 0.750758, "ENA": 0.076558, "BDX": 0.092954, "ADI": 5.8, "USDTB": 1.0, "GT": 6.71, "\u5e01\u5b89\u4eba\u751f": 0.714648, "EURSAFO": 1.15, "JAAA": 1.04, "PUMP": 0.00167927, "LIT": 2.62, "FIL": 0.784004, "GHO": 0.998414, "FLR": 0.00679792, "NIGHT": 0.03380337, "AERO": 0.581606, "USD0": 0.998416, "XDC": 0.02764657}}