{"timestamp": 1782249910, "base": "USD", "data": {"BTC": 62446, "ETH": 1664.04, "USDT": 0.998827, "BNB": 576.15, "USDC": 0.999782, "XRP": 1.1, "SOL": 69.05, "TRX": 0.32873, "FIGR_HELOC": 1.033, "HYPE": 62.13, "DOGE": 0.078509, "USDS": 0.999662, "RAIN": 0.015669, "LEO": 9.55, "ZEC": 416.99, "XLM": 0.195591, "XMR": 320.43, "WBT": 50.87, "CC": 0.151927, "LINK": 7.59, "ADA": 0.150291, "USD1": 0.999102, "LAB": 14.93, "DAI": 0.999699, "USDE": 0.998804, "GRAM": 1.56, "BCH": 194.18, "M": 2.88, "HBAR": 0.077761, "LTC": 41.87, "USYC": 1.13, "USDG": 0.999861, "SUI": 0.699249, "AVAX": 6.42, "PYUSD": 0.999992, "SHIB": 4.55e-06, "CRO": 0.056407, "NEAR": 1.99, "XAUT": 4101.11, "BUIDL": 1.0, "USDY": 1.13, "TAO": 219.36, "WLFI": 0.059583, "WLD": 0.545199, "PAXG": 4108.38, "UNI": 2.92, "MNT": 0.515041, "ASTER": 0.632443, "OKB": 76.79, "RLUSD": 0.999643, "HTX": 1.72e-06, "ONDO": 0.315242, "DOT": 0.908181, "USDF": 0.995499, "PI": 0.128824, "USDD": 0.998866, "BFUSD": 0.998288, "SKY": 0.055916, "ICP": 2.2, "BGB": 1.72, "PEPE": 2.69e-06, "ETC": 7.03, "AAVE": 72.39, "DEXE": 23.33, "MORPHO": 1.65, "QNT": 70.42, "U": 0.999996, "USTB": 11.12, "BCAP": 107.03, "KCS": 7.04, "EUTBL": 1.2, "USDTB": 0.999445, "ATOM": 1.72, "JTRSY": 1.11, "ALGO": 0.09534, "POL": 0.07729, "STABLE": 0.03427685, "RENDER": 1.58, "ENA": 0.086784, "KAS": 0.02864081, "NEXO": 0.778344, "JAAA": 1.039, "GT": 6.68, "\u5e01\u5b89\u4eba\u751f": 0.710809, "JST": 0.08283, "JUP": 0.203662, "VVV": 13.96, "BEAT": 2.25, "BDX": 0.081647, "FIL": 0.794746, "FLR": 0.00704997, "GHO": 0.997721, "EURSAFO": 1.15, "XDC": 0.02909036, "USD0": 0.999031, "ADI": 4.4, "YLDS": 0.9998, "APT": 0.647408, "NIGHT": 0.03183003, "HASH": 0.009358}}