{"timestamp": 1779114784, "base": "USD", "data": {"BTC": 76528, "ETH": 2112.61, "USDT": 0.99948, "BNB": 636.7, "XRP": 1.38, "USDC": 0.999792, "SOL": 84.22, "TRX": 0.357381, "FIGR_HELOC": 1.014, "DOGE": 0.104567, "WBT": 56.59, "USDS": 0.999727, "HYPE": 45.54, "LEO": 10.06, "ADA": 0.248245, "ZEC": 524.16, "BCH": 372.29, "XMR": 385.74, "LINK": 9.44, "CC": 0.149889, "TON": 1.98, "XLM": 0.14692, "USD1": 1.0, "DAI": 0.999716, "USDE": 0.999713, "SUI": 1.034, "LTC": 53.58, "M": 3.15, "AVAX": 9.09, "HBAR": 0.088772, "RAIN": 0.00740935, "PYUSD": 1.0, "SHIB": 5.67e-06, "CRO": 0.069109, "USYC": 1.12, "USDG": 0.999688, "XAUT": 4554.35, "BUIDL": 1.0, "TAO": 257.82, "UNI": 3.4, "PAXG": 4556.05, "DOT": 1.23, "MNT": 0.623772, "NEAR": 1.5, "WLFI": 0.060751, "USDY": 1.13, "HTX": 1.99e-06, "USDF": 0.997484, "OKB": 81.52, "ASTER": 0.648034, "ONDO": 0.341851, "SKY": 0.068559, "PI": 0.149495, "RLUSD": 0.999818, "PEPE": 3.63e-06, "USDD": 0.999328, "BGB": 1.99, "ICP": 2.51, "ETC": 8.73, "AAVE": 88.31, "BFUSD": 0.999001, "QNT": 75.1, "USDTB": 0.998978, "MORPHO": 1.7, "JTRSY": 1.1, "KCS": 7.87, "U": 0.999916, "ATOM": 2.02, "EUTBL": 1.22, "BCAP": 105.87, "USTB": 11.08, "POL": 0.089504, "ALGO": 0.106208, "ENA": 0.103098, "KAS": 0.03388948, "RENDER": 1.75, "NEXO": 0.860285, "STABLE": 0.03696252, "WLD": 0.232592, "APT": 0.924622, "JST": 0.088652, "GT": 7.03, "FLR": 0.00864314, "FIL": 0.937565, "ARB": 0.115427, "VVV": 14.37, "JUP": 0.19444, "DEXE": 13.73, "XDC": 0.03079731, "BDX": 0.078759, "PUMP": 0.00167754, "GHO": 0.99926, "VET": 0.00667524, "USD0": 0.998259, "OUSG": 115.25, "HASH": 0.01029341, "KITE": 0.240065, "YLDS": 0.999976, "NIGHT": 0.0316025, "DASH": 40.89}}