{"timestamp": 1778826361, "base": "USD", "data": {"BTC": 80400, "ETH": 2250.08, "USDT": 0.999663, "BNB": 678.56, "XRP": 1.46, "USDC": 0.999728, "SOL": 90.62, "TRX": 0.352761, "FIGR_HELOC": 1.033, "DOGE": 0.113794, "WBT": 58.93, "USDS": 0.999636, "HYPE": 45.82, "ADA": 0.266014, "LEO": 10.2, "ZEC": 541.63, "BCH": 434.03, "LINK": 10.26, "XMR": 393.13, "CC": 0.164648, "TON": 2.06, "XLM": 0.159004, "SUI": 1.15, "USD1": 0.99965, "LTC": 57.6, "DAI": 0.99968, "M": 3.33, "AVAX": 9.72, "USDE": 1.0, "HBAR": 0.093751, "SHIB": 6.25e-06, "RAIN": 0.00747736, "PYUSD": 0.999766, "USDG": 0.999457, "CRO": 0.07566, "USYC": 1.12, "TAO": 300.99, "XAUT": 4577.32, "BUIDL": 1.0, "UNI": 3.66, "MNT": 0.682995, "DOT": 1.33, "WLFI": 0.067909, "PAXG": 4574.46, "NEAR": 1.56, "USDY": 1.14, "ONDO": 0.378518, "OKB": 85.99, "HTX": 1.96e-06, "USDF": 0.998689, "PI": 0.169509, "ASTER": 0.671695, "SKY": 0.072505, "PEPE": 4e-06, "RLUSD": 0.99992, "ICP": 2.75, "USDD": 0.999704, "AAVE": 96.24, "ETC": 9.3, "BGB": 2.08, "BFUSD": 0.9993, "MORPHO": 1.97, "QNT": 77.76, "KCS": 8.32, "JTRSY": 1.1, "ENA": 0.117804, "ALGO": 0.115878, "U": 0.999549, "ATOM": 2.0, "KAS": 0.03674724, "USTB": 11.08, "POL": 0.09343, "EUTBL": 1.22, "RENDER": 1.87, "BCAP": 105.87, "NEXO": 0.91226, "STABLE": 0.03866985, "WLD": 0.251316, "APT": 1.012, "FLR": 0.00947614, "USDTB": 0.999166, "FIL": 1.026, "ARB": 0.127624, "GT": 7.34, "JST": 0.091077, "JUP": 0.216121, "XDC": 0.03547825, "PUMP": 0.00185458, "VVV": 14.05, "VET": 0.0071889, "BDX": 0.079006, "HASH": 0.01145589, "DEXE": 12.87, "BONK": 6.73e-06, "OUSG": 115.24, "GHO": 0.999423, "UB": 0.228057, "DASH": 45.07, "PENGU": 0.00894001, "USD0": 0.998184}}