{"timestamp": 1778323804, "base": "USD", "data": {"BTC": 80285, "ETH": 2312.9, "USDT": 0.999843, "XRP": 1.42, "BNB": 648.96, "USDC": 0.99987, "SOL": 93.48, "TRX": 0.351734, "FIGR_HELOC": 1.028, "DOGE": 0.109714, "WBT": 59.26, "HYPE": 43.56, "USDS": 0.999759, "ADA": 0.273423, "ZEC": 604.71, "LEO": 10.32, "BCH": 450.29, "XMR": 409.36, "LINK": 10.42, "TON": 2.53, "CC": 0.156829, "XLM": 0.163852, "LTC": 58.31, "DAI": 0.999788, "USD1": 0.999415, "M": 3.33, "AVAX": 9.9, "SUI": 1.051, "HBAR": 0.092567, "USDE": 0.999222, "SHIB": 6.4e-06, "RAIN": 0.00748356, "PYUSD": 0.999804, "CRO": 0.071381, "USYC": 1.12, "TAO": 310.96, "XAUT": 4698.45, "USDG": 0.999851, "BUIDL": 1.0, "WLFI": 0.073678, "UNI": 3.65, "DOT": 1.36, "MNT": 0.68586, "PAXG": 4703.53, "ONDO": 0.421711, "NEAR": 1.58, "ICP": 3.66, "SKY": 0.081329, "OKB": 87.99, "PEPE": 4.31e-06, "PI": 0.173069, "ASTER": 0.698652, "HTX": 1.97e-06, "USDF": 0.998624, "RLUSD": 0.999893, "ETC": 9.59, "BGB": 2.12, "AAVE": 95.97, "USDD": 0.999759, "USDY": 1.13, "MORPHO": 2.11, "BFUSD": 0.9992, "JTRSY": 1.1, "ENA": 0.128888, "ALGO": 0.129747, "KCS": 8.37, "QNT": 76.16, "POL": 0.102095, "RENDER": 2.0, "U": 0.999742, "KAS": 0.03654, "EUTBL": 1.24, "ATOM": 1.96, "USTB": 11.08, "BCAP": 105.77, "FIL": 1.23, "SIREN": 1.28, "NEXO": 0.903723, "WLD": 0.270745, "APT": 1.1, "ARB": 0.142797, "GT": 7.41, "JUP": 0.242966, "STABLE": 0.03463515, "PUMP": 0.00215147, "JST": 0.082702, "VVV": 15.21, "FLR": 0.00802524, "PENGU": 0.01059911, "VET": 0.00766948, "SKYAI": 0.650533, "BONK": 7.19e-06, "DASH": 49.56, "USDTB": 0.999432, "BDX": 0.079844, "XDC": 0.03077992, "VIRTUAL": 0.935237, "OUSG": 115.18, "GHO": 0.999632, "TRUMP": 2.47}}