{"timestamp": 1778852796, "base": "USD", "data": {"BTC": 79118, "ETH": 2224.72, "USDT": 0.999615, "BNB": 675.48, "XRP": 1.44, "USDC": 0.999505, "SOL": 89.3, "TRX": 0.351316, "FIGR_HELOC": 1.033, "DOGE": 0.112404, "WBT": 58.38, "USDS": 0.999621, "HYPE": 43.11, "ADA": 0.261265, "LEO": 10.18, "ZEC": 525.42, "BCH": 427.32, "LINK": 10.12, "XMR": 380.81, "CC": 0.160262, "TON": 2.01, "XLM": 0.156258, "USD1": 0.99972, "SUI": 1.12, "LTC": 57.11, "DAI": 0.999701, "USDE": 1.0, "M": 3.23, "AVAX": 9.57, "HBAR": 0.09206, "SHIB": 6.13e-06, "RAIN": 0.00732358, "PYUSD": 0.999768, "USDG": 0.999683, "CRO": 0.073247, "USYC": 1.12, "TAO": 292.74, "XAUT": 4529.53, "BUIDL": 1.0, "UNI": 3.6, "DOT": 1.31, "MNT": 0.665572, "PAXG": 4532.65, "WLFI": 0.066505, "NEAR": 1.52, "USDY": 1.13, "ONDO": 0.367415, "OKB": 84.77, "USDF": 0.997182, "HTX": 1.96e-06, "PI": 0.167564, "ASTER": 0.663965, "SKY": 0.072474, "PEPE": 3.91e-06, "RLUSD": 0.999974, "USDD": 0.999638, "ICP": 2.63, "BGB": 2.06, "ETC": 9.16, "AAVE": 93.97, "BFUSD": 0.999207, "MORPHO": 1.88, "QNT": 76.95, "KCS": 8.23, "JTRSY": 1.1, "ENA": 0.113376, "U": 0.999994, "EUTBL": 1.22, "ALGO": 0.113385, "ATOM": 1.97, "USTB": 11.08, "KAS": 0.03536048, "POL": 0.091186, "BCAP": 105.87, "RENDER": 1.84, "NEXO": 0.905588, "STABLE": 0.03729561, "WLD": 0.24446, "APT": 0.991835, "USDTB": 0.99907, "FLR": 0.00938162, "FIL": 1.009, "JST": 0.090911, "GT": 7.25, "ARB": 0.124898, "JUP": 0.211516, "XDC": 0.03501663, "PUMP": 0.00180628, "VVV": 13.59, "DEXE": 13.14, "BDX": 0.079033, "VET": 0.00705216, "HASH": 0.01142953, "OUSG": 115.24, "GHO": 0.999341, "BONK": 6.55e-06, "USD0": 0.997939, "DASH": 43.58, "UB": 0.219478, "PENGU": 0.0086889}}