{"timestamp": 1781305741, "base": "USD", "data": {"BTC": 63426, "ETH": 1660.06, "USDT": 0.999395, "BNB": 601.93, "USDC": 0.999829, "XRP": 1.13, "SOL": 66.53, "TRX": 0.315287, "FIGR_HELOC": 1.034, "HYPE": 60.35, "DOGE": 0.086128, "USDS": 0.999608, "LEO": 9.61, "RAIN": 0.01302619, "ZEC": 408.57, "XMR": 344.43, "XLM": 0.187728, "ADA": 0.169214, "CC": 0.161601, "WBT": 51.83, "LINK": 7.83, "USDE": 0.99947, "TON": 1.67, "USD1": 1.0, "DAI": 0.999718, "BCH": 202.0, "M": 3.05, "HBAR": 0.077711, "LTC": 42.92, "LAB": 9.65, "SUI": 0.746727, "USYC": 1.13, "SHIB": 4.83e-06, "AVAX": 6.55, "PYUSD": 0.999802, "CRO": 0.059361, "USDG": 0.99999, "NEAR": 2.0, "XAUT": 4198.19, "BUIDL": 1.0, "USDY": 1.14, "BEAT": 7.17, "TAO": 211.7, "PAXG": 4207.35, "WLFI": 0.058077, "MNT": 0.536152, "ONDO": 0.353831, "ASTER": 0.626542, "RLUSD": 1.0, "DOT": 0.95366, "WLD": 0.459354, "UNI": 2.5, "HTX": 1.7e-06, "OKB": 73.03, "USDF": 0.995923, "PI": 0.126437, "USDD": 0.999533, "BFUSD": 0.9991, "SKY": 0.056241, "ICP": 2.27, "MORPHO": 1.94, "BGB": 1.78, "PEPE": 2.8e-06, "ETC": 7.12, "ATOM": 1.97, "U": 1.0, "BCAP": 106.96, "AAVE": 64.14, "EUTBL": 1.22, "QNT": 66.25, "USTB": 11.11, "DEXE": 20.02, "USDTB": 0.999798, "KCS": 6.66, "JTRSY": 1.11, "RENDER": 1.65, "KAS": 0.03087321, "STABLE": 0.03548619, "NEXO": 0.798838, "POL": 0.073801, "ALGO": 0.086974, "ENA": 0.078094, "GT": 6.54, "JAAA": 1.038, "FLR": 0.00798317, "\u5e01\u5b89\u4eba\u751f": 0.680369, "VVV": 14.25, "JST": 0.075678, "GHO": 0.998943, "XDC": 0.02996965, "FIL": 0.745037, "BDX": 0.074975, "NIGHT": 0.0343079, "USD0": 0.998569, "YLDS": 0.999704, "JUP": 0.165725, "HASH": 0.0100539, "APT": 0.638776, "PUMP": 0.00150312, "ARB": 0.083519}}