{"timestamp": 1778957537, "base": "USD", "data": {"BTC": 78223, "ETH": 2179.92, "USDT": 0.999531, "BNB": 657.12, "XRP": 1.41, "USDC": 0.999837, "SOL": 86.77, "TRX": 0.354371, "FIGR_HELOC": 1.032, "DOGE": 0.109385, "WBT": 57.6, "USDS": 0.999775, "HYPE": 41.27, "ADA": 0.255358, "LEO": 9.86, "ZEC": 509.91, "BCH": 417.41, "XMR": 385.77, "LINK": 9.74, "CC": 0.150735, "TON": 1.93, "XLM": 0.152163, "USD1": 0.999871, "DAI": 0.999561, "LTC": 56.2, "USDE": 1.0, "SUI": 1.064, "M": 3.17, "AVAX": 9.33, "HBAR": 0.091663, "RAIN": 0.00731489, "SHIB": 5.89e-06, "PYUSD": 0.999851, "CRO": 0.071367, "USDG": 0.999797, "USYC": 1.12, "XAUT": 4535.94, "BUIDL": 1.0, "TAO": 275.5, "UNI": 3.51, "DOT": 1.27, "PAXG": 4535.4, "MNT": 0.643029, "WLFI": 0.061579, "NEAR": 1.5, "USDY": 1.13, "HTX": 1.97e-06, "USDF": 0.997958, "OKB": 83.53, "ASTER": 0.670511, "PI": 0.160649, "ONDO": 0.346629, "SKY": 0.06996, "PEPE": 3.77e-06, "RLUSD": 0.999859, "USDD": 0.999615, "ICP": 2.64, "ETC": 9.07, "BGB": 2.01, "AAVE": 90.59, "BFUSD": 0.999009, "QNT": 82.3, "MORPHO": 1.79, "KCS": 8.08, "USDTB": 0.999649, "JTRSY": 1.1, "U": 0.999878, "EUTBL": 1.22, "ATOM": 2.0, "USTB": 11.08, "ALGO": 0.111157, "ENA": 0.107501, "POL": 0.090884, "BCAP": 105.87, "RENDER": 1.84, "KAS": 0.03426689, "NEXO": 0.868006, "STABLE": 0.03682166, "WLD": 0.241523, "FLR": 0.0092205, "APT": 0.953985, "JST": 0.09109, "FIL": 0.976272, "GT": 7.14, "ARB": 0.120416, "JUP": 0.20033, "XDC": 0.03252892, "PUMP": 0.00175374, "VVV": 13.29, "BDX": 0.079004, "DEXE": 12.91, "VET": 0.00685919, "GHO": 0.999371, "OUSG": 115.25, "USD0": 0.998114, "BONK": 6.28e-06, "HASH": 0.01037559, "PENGU": 0.00848127, "NIGHT": 0.0320699, "YLDS": 0.999837}}