{"timestamp": 1779029398, "base": "USD", "data": {"BTC": 78020, "ETH": 2185.72, "USDT": 0.999551, "BNB": 652.42, "XRP": 1.41, "USDC": 0.99976, "SOL": 86.29, "TRX": 0.357057, "FIGR_HELOC": 1.039, "DOGE": 0.11081, "WBT": 57.47, "USDS": 0.999653, "HYPE": 43.07, "ADA": 0.254819, "LEO": 10.1, "ZEC": 514.42, "BCH": 411.58, "XMR": 395.54, "LINK": 9.72, "CC": 0.152429, "TON": 1.93, "XLM": 0.150888, "USD1": 0.999921, "DAI": 0.999501, "USDE": 0.999891, "LTC": 55.88, "SUI": 1.061, "M": 3.16, "AVAX": 9.29, "HBAR": 0.090773, "RAIN": 0.00751713, "PYUSD": 0.999596, "SHIB": 5.79e-06, "CRO": 0.070914, "USDG": 0.99969, "USYC": 1.12, "XAUT": 4535.75, "BUIDL": 1.0, "TAO": 270.55, "UNI": 3.55, "DOT": 1.27, "PAXG": 4534.74, "MNT": 0.642054, "NEAR": 1.53, "WLFI": 0.06035, "USDY": 1.13, "HTX": 1.97e-06, "USDF": 0.99827, "OKB": 83.34, "ASTER": 0.6639, "ONDO": 0.351518, "PI": 0.158878, "SKY": 0.069585, "PEPE": 3.74e-06, "RLUSD": 0.999805, "USDD": 0.999875, "ICP": 2.6, "ETC": 9.02, "BGB": 2.0, "AAVE": 90.51, "BFUSD": 0.9989, "QNT": 77.9, "MORPHO": 1.78, "KCS": 8.09, "USDTB": 0.99942, "JTRSY": 1.1, "ATOM": 2.07, "U": 0.999601, "EUTBL": 1.22, "USTB": 11.08, "POL": 0.091803, "ALGO": 0.109008, "BCAP": 105.87, "ENA": 0.106645, "RENDER": 1.83, "KAS": 0.0343771, "NEXO": 0.874854, "WLD": 0.241496, "STABLE": 0.03508118, "FLR": 0.00919325, "APT": 0.940826, "GT": 7.17, "JST": 0.088993, "FIL": 0.964103, "ARB": 0.11894, "VVV": 14.29, "JUP": 0.198269, "XDC": 0.03144165, "DEXE": 13.37, "PUMP": 0.00174339, "BDX": 0.078732, "GHO": 0.999455, "VET": 0.00678218, "HASH": 0.0109187, "USD0": 0.998101, "OUSG": 115.25, "BONK": 6.21e-06, "PENGU": 0.00850614, "YLDS": 0.999804, "NIGHT": 0.03183818}}