{"timestamp": 1784743409, "base": "USD", "data": {"BTC": 65983, "ETH": 1936.36, "USDT": 0.999362, "BNB": 571.58, "USDC": 0.999845, "XRP": 1.15, "SOL": 78.18, "TRX": 0.328503, "FIGR_HELOC": 1.01, "HYPE": 58.95, "DOGE": 0.073137, "RAIN": 0.01433556, "USDS": 0.99975, "LEO": 9.71, "ZEC": 516.02, "WBT": 57.59, "ADA": 0.177864, "XMR": 349.43, "XLM": 0.189525, "LINK": 8.64, "CC": 0.122238, "DAI": 0.999839, "BCH": 220.33, "USD1": 0.999333, "GRAM": 1.52, "USDE": 0.999866, "LTC": 47.02, "USDG": 1.0, "HBAR": 0.072266, "SUI": 0.769764, "USYC": 1.13, "AVAX": 6.61, "PYUSD": 0.999828, "CRO": 0.058038, "BUIDL": 1.0, "XAUT": 4131.54, "SHIB": 4.26e-06, "NEAR": 1.88, "UNI": 3.8, "USDY": 1.14, "ONDO": 0.410052, "TAO": 199.62, "PAXG": 4132.11, "WLFI": 0.056426, "OKB": 81.95, "ASTER": 0.623419, "HTX": 1.85e-06, "RLUSD": 0.999993, "USDD": 0.999402, "M": 1.14, "AAVE": 97.34, "SKY": 0.063142, "DOT": 0.843964, "USDF": 0.995507, "WLD": 0.39882, "MNT": 0.423917, "BFUSD": 0.9987, "MORPHO": 1.96, "ICP": 2.21, "PEPE": 2.88e-06, "BGB": 1.69, "ETC": 7.0, "U": 0.999597, "EUTBL": 1.2, "USDGO": 1.0, "PI": 0.091221, "BCAP": 106.2, "KCS": 6.79, "QNT": 63.79, "STABLE": 0.03563346, "ENA": 0.091037, "JTRSY": 1.11, "EURSAFO": 1.15, "ADI": 6.86, "POL": 0.078826, "JST": 0.101691, "BEAT": 2.58, "RENDER": 1.53, "KAS": 0.02836746, "NEXO": 0.767166, "PUMP": 0.00191854, "ATOM": 1.47, "USTB": 11.15, "ALGO": 0.084049, "GT": 6.68, "JAAA": 1.042, "GHO": 0.998981, "BDX": 0.0826, "JUP": 0.192172, "FIL": 0.767865, "\u5e01\u5b89\u4eba\u751f": 0.602812, "ARB": 0.090634, "VVV": 12.49, "LIT": 2.32, "FLR": 0.00665931, "YLDS": 0.999946, "XDC": 0.02825239, "USD0": 0.999342, "HASH": 0.00946786, "APT": 0.622596}}