{"timestamp": 1780848471, "base": "USD", "data": {"BTC": 61990, "ETH": 1626.39, "USDT": 0.999603, "BNB": 590.85, "USDC": 0.999763, "XRP": 1.13, "SOL": 64.91, "TRX": 0.328073, "FIGR_HELOC": 1.033, "DOGE": 0.084637, "HYPE": 58.27, "USDS": 0.999735, "LEO": 9.53, "RAIN": 0.01329147, "ZEC": 421.37, "XLM": 0.202855, "CC": 0.168605, "ADA": 0.162413, "XMR": 308.72, "LINK": 7.71, "WBT": 44.34, "USD1": 0.999511, "TON": 1.69, "USDE": 0.999515, "BCH": 223.8, "DAI": 0.999779, "M": 3.13, "LAB": 12.98, "HBAR": 0.081285, "LTC": 41.97, "SUI": 0.743831, "AVAX": 6.7, "PYUSD": 1.0, "USYC": 1.13, "SHIB": 4.69e-06, "CRO": 0.060002, "XAUT": 4299.32, "NEAR": 2.02, "USDG": 1.0, "BUIDL": 1.0, "USDY": 1.13, "TAO": 210.86, "PAXG": 4304.25, "MNT": 0.534565, "WLFI": 0.055127, "ONDO": 0.34933, "WLD": 0.498124, "RLUSD": 0.999811, "ASTER": 0.629858, "DOT": 0.962799, "HTX": 1.76e-06, "UNI": 2.51, "OKB": 71.25, "USDF": 0.996714, "H": 0.791535, "PI": 0.129324, "USDD": 0.999596, "BFUSD": 0.999411, "SKY": 0.05611, "ICP": 2.36, "BGB": 1.83, "PEPE": 2.77e-06, "MORPHO": 1.71, "ETC": 7.02, "USDTB": 0.999983, "QNT": 69.01, "U": 0.999998, "EUTBL": 1.21, "BCAP": 107.06, "USTB": 11.1, "AAVE": 62.95, "SIREN": 1.32, "DEXE": 19.73, "RENDER": 1.67, "ATOM": 1.69, "JTRSY": 1.11, "KCS": 6.36, "ENA": 0.090715, "POL": 0.078985, "KAS": 0.0305716, "BEAT": 2.89, "ALGO": 0.092982, "\u5e01\u5b89\u4eba\u751f": 0.818902, "STABLE": 0.03404169, "VVV": 16.85, "NEXO": 0.761709, "GT": 6.27, "JST": 0.077085, "BDX": 0.078711, "FIL": 0.762423, "FLR": 0.00697159, "XDC": 0.02965576, "GHO": 0.999179, "USD0": 0.99853, "APT": 0.67132, "HASH": 0.01010083, "INJ": 5.32, "YLDS": 0.999719, "PUMP": 0.00151248, "A7A5": 0.01313438}}