{"timestamp": 1782993824, "base": "USD", "data": {"BTC": 61240, "ETH": 1646.73, "USDT": 0.998723, "BNB": 558.85, "USDC": 0.999752, "XRP": 1.082, "SOL": 82.17, "TRX": 0.316948, "FIGR_HELOC": 1.036, "HYPE": 64.93, "DOGE": 0.074001, "RAIN": 0.01544577, "USDS": 0.999664, "LEO": 9.06, "ZEC": 448.59, "XLM": 0.199806, "WBT": 55.17, "ADA": 0.159297, "XMR": 311.94, "LINK": 7.64, "CC": 0.140578, "USD1": 0.998488, "DAI": 0.999727, "GRAM": 1.66, "USDE": 0.998339, "BCH": 215.7, "LTC": 42.94, "HBAR": 0.073683, "USYC": 1.13, "USDG": 0.999968, "SUI": 0.739557, "AVAX": 6.77, "LAB": 9.22, "PYUSD": 0.999903, "CRO": 0.055905, "SHIB": 4.31e-06, "NEAR": 1.94, "XAUT": 4057.73, "BUIDL": 1.0, "USDY": 1.14, "TAO": 212.39, "M": 1.52, "UNI": 3.04, "WLFI": 0.058603, "PAXG": 4060.77, "ASTER": 0.63938, "OKB": 79.78, "ONDO": 0.333329, "RLUSD": 0.999759, "HTX": 1.67e-06, "MNT": 0.435974, "DOT": 0.84864, "USDF": 0.995444, "MORPHO": 2.14, "USDD": 0.998628, "WLD": 0.378217, "AAVE": 87.19, "BFUSD": 0.998401, "SKY": 0.054114, "PI": 0.11533, "ICP": 2.22, "BGB": 1.71, "ETC": 7.13, "DEXE": 22.3, "PEPE": 2.43e-06, "U": 0.999503, "QNT": 67.23, "BCAP": 106.97, "EUTBL": 1.2, "KCS": 7.0, "BEAT": 2.83, "USDGO": 1.0, "JTRSY": 1.11, "USTB": 11.13, "KAS": 0.03110393, "STABLE": 0.0345727, "JUP": 0.248429, "RENDER": 1.56, "ATOM": 1.55, "ALGO": 0.086577, "POL": 0.072545, "NEXO": 0.755275, "JST": 0.087738, "USDTB": 0.999881, "ENA": 0.077083, "ADI": 5.61, "GT": 6.58, "\u5e01\u5b89\u4eba\u751f": 0.691474, "BDX": 0.086995, "JAAA": 1.04, "EURSAFO": 1.15, "VVV": 13.68, "PUMP": 0.00156904, "FIL": 0.778744, "GHO": 0.997891, "FLR": 0.00659059, "XDC": 0.02864042, "YLDS": 0.999751, "USD0": 0.99842, "LIT": 2.17}}