{"timestamp": 1778362552, "base": "USD", "data": {"BTC": 80794, "ETH": 2329.29, "USDT": 0.999832, "XRP": 1.42, "BNB": 651.42, "USDC": 0.9999, "SOL": 93.33, "TRX": 0.350367, "FIGR_HELOC": 1.027, "DOGE": 0.109243, "WBT": 59.63, "USDS": 0.99988, "HYPE": 43.01, "ADA": 0.272124, "ZEC": 593.74, "LEO": 10.34, "BCH": 450.22, "XMR": 413.02, "LINK": 10.41, "TON": 2.44, "CC": 0.155845, "XLM": 0.162517, "M": 3.46, "LTC": 58.08, "USD1": 0.999583, "DAI": 0.999643, "AVAX": 9.96, "SUI": 1.07, "HBAR": 0.092973, "USDE": 0.999383, "SHIB": 6.4e-06, "RAIN": 0.00744358, "PYUSD": 0.999869, "CRO": 0.070923, "USYC": 1.12, "TAO": 308.76, "XAUT": 4709.27, "USDG": 0.999867, "BUIDL": 1.0, "UNI": 3.73, "DOT": 1.35, "MNT": 0.68486, "WLFI": 0.069977, "PAXG": 4712.92, "ONDO": 0.422831, "NEAR": 1.56, "ICP": 3.57, "SKY": 0.079969, "OKB": 88.15, "PI": 0.173904, "ASTER": 0.697776, "PEPE": 4.27e-06, "USDF": 0.997936, "HTX": 1.97e-06, "RLUSD": 0.999845, "ETC": 9.57, "BGB": 2.13, "USDD": 1.0, "AAVE": 96.0, "MORPHO": 2.12, "USDY": 1.13, "BFUSD": 0.999299, "JTRSY": 1.1, "ENA": 0.130814, "ALGO": 0.129671, "KCS": 8.43, "QNT": 74.14, "POL": 0.100936, "RENDER": 2.0, "U": 0.999967, "KAS": 0.03663432, "EUTBL": 1.24, "USTB": 11.08, "ATOM": 1.94, "BCAP": 105.77, "FIL": 1.22, "SIREN": 1.28, "NEXO": 0.91302, "WLD": 0.271512, "APT": 1.12, "ARB": 0.142794, "GT": 7.51, "JUP": 0.249073, "PUMP": 0.00216628, "STABLE": 0.03411974, "VVV": 15.84, "JST": 0.083385, "FLR": 0.00814196, "PENGU": 0.01075009, "VET": 0.00760536, "BONK": 7.24e-06, "DASH": 49.9, "USDTB": 0.999618, "SKYAI": 0.622905, "BDX": 0.079836, "VIRTUAL": 0.93012, "OUSG": 115.18, "XDC": 0.03030541, "GHO": 0.999742, "TRUMP": 2.46}}