{"timestamp": 1782043570, "base": "USD", "data": {"BTC": 64103, "ETH": 1722.99, "USDT": 0.998822, "BNB": 587.43, "USDC": 0.999833, "XRP": 1.14, "SOL": 73.11, "TRX": 0.326343, "FIGR_HELOC": 1.034, "HYPE": 67.66, "DOGE": 0.08296, "USDS": 0.999644, "RAIN": 0.01441846, "LEO": 9.52, "ZEC": 452.49, "XLM": 0.211038, "WBT": 52.54, "XMR": 320.81, "ADA": 0.160766, "CC": 0.153015, "LINK": 7.92, "LAB": 16.19, "USD1": 1.0, "GRAM": 1.68, "USDE": 0.998805, "DAI": 0.999915, "BCH": 197.66, "M": 2.83, "LTC": 44.96, "HBAR": 0.079763, "USYC": 1.13, "NEAR": 2.23, "SUI": 0.704219, "USDG": 0.999678, "PYUSD": 0.99969, "SHIB": 4.68e-06, "CRO": 0.058872, "AVAX": 6.26, "XAUT": 4143.55, "BUIDL": 1.0, "TAO": 233.68, "USDY": 1.14, "WLD": 0.595968, "PAXG": 4151.86, "UNI": 3.02, "WLFI": 0.05798, "MNT": 0.53012, "ASTER": 0.639765, "ONDO": 0.336574, "DOT": 0.962765, "RLUSD": 0.999939, "OKB": 75.86, "HTX": 1.72e-06, "PI": 0.135464, "USDF": 0.994359, "SKY": 0.05922, "USDD": 0.998831, "BFUSD": 0.999115, "ICP": 2.26, "BGB": 1.76, "MORPHO": 1.86, "PEPE": 2.82e-06, "ETC": 7.35, "AAVE": 73.93, "QNT": 70.77, "U": 0.999934, "USTB": 11.12, "BCAP": 107.07, "KCS": 7.19, "EUTBL": 1.21, "USDTB": 0.99925, "ATOM": 1.77, "RENDER": 1.69, "JTRSY": 1.11, "ENA": 0.091194, "POL": 0.079073, "ALGO": 0.092179, "KAS": 0.02971959, "STABLE": 0.03429879, "NEXO": 0.792207, "JUP": 0.221301, "JAAA": 1.039, "JST": 0.082972, "\u5e01\u5b89\u4eba\u751f": 0.708308, "GT": 6.6, "VVV": 14.41, "DEXE": 14.27, "FLR": 0.00738267, "FIL": 0.803748, "BDX": 0.079821, "GHO": 0.998154, "XDC": 0.02956669, "YLDS": 0.999802, "EURSAFO": 1.15, "HASH": 0.01019118, "USD0": 0.999151, "NIGHT": 0.03291906, "APT": 0.65172, "ARB": 0.083567, "AERO": 0.540904}}