{"timestamp": 1778878406, "base": "USD", "data": {"BTC": 79019, "ETH": 2217.61, "USDT": 0.999451, "BNB": 672.95, "XRP": 1.43, "USDC": 0.999851, "SOL": 89.14, "TRX": 0.351401, "FIGR_HELOC": 1.02, "DOGE": 0.112975, "WBT": 58.35, "USDS": 0.999644, "HYPE": 44.23, "ADA": 0.260472, "LEO": 10.08, "ZEC": 514.1, "BCH": 424.75, "LINK": 10.03, "XMR": 379.8, "CC": 0.157638, "TON": 1.98, "XLM": 0.154035, "USD1": 0.999433, "LTC": 57.21, "SUI": 1.094, "DAI": 0.99959, "M": 3.25, "USDE": 0.999909, "AVAX": 9.52, "HBAR": 0.092882, "SHIB": 6.11e-06, "RAIN": 0.00749119, "PYUSD": 0.999817, "CRO": 0.072615, "USYC": 1.12, "USDG": 0.999776, "TAO": 285.74, "XAUT": 4535.54, "BUIDL": 1.0, "UNI": 3.59, "DOT": 1.31, "MNT": 0.662178, "PAXG": 4540.19, "WLFI": 0.065878, "NEAR": 1.54, "USDY": 1.14, "OKB": 84.84, "USDF": 0.998042, "HTX": 1.96e-06, "ONDO": 0.363748, "PI": 0.165893, "ASTER": 0.668728, "SKY": 0.07087, "PEPE": 3.89e-06, "RLUSD": 0.999879, "USDD": 0.99924, "ICP": 2.63, "ETC": 9.23, "BGB": 2.06, "AAVE": 92.44, "BFUSD": 0.999195, "MORPHO": 1.83, "QNT": 77.49, "KCS": 8.2, "USDTB": 1.007, "JTRSY": 1.1, "U": 0.999645, "EUTBL": 1.22, "USTB": 11.08, "ENA": 0.111152, "ALGO": 0.11223, "ATOM": 1.93, "KAS": 0.03528596, "POL": 0.090682, "BCAP": 105.87, "RENDER": 1.84, "NEXO": 0.897755, "WLD": 0.244089, "APT": 0.988431, "STABLE": 0.03561592, "FLR": 0.00934731, "FIL": 1.005, "JST": 0.091178, "GT": 7.25, "ARB": 0.124911, "JUP": 0.209436, "XDC": 0.03373785, "PUMP": 0.0017993, "VVV": 13.73, "DEXE": 13.24, "HASH": 0.01150629, "BDX": 0.078861, "VET": 0.00699968, "GHO": 0.999426, "UB": 0.230287, "BONK": 6.53e-06, "OUSG": 115.25, "USD0": 0.998015, "PENGU": 0.00876935, "DASH": 43.34}}