{"timestamp": 1779576223, "base": "USD", "data": {"BTC": 76446, "ETH": 2110.9, "USDT": 0.998724, "BNB": 655.31, "XRP": 1.35, "USDC": 0.999896, "SOL": 85.71, "TRX": 0.361895, "FIGR_HELOC": 1.03, "DOGE": 0.102822, "HYPE": 57.71, "USDS": 0.999527, "ZEC": 635.45, "LEO": 9.93, "ADA": 0.246203, "BCH": 354.7, "XMR": 385.18, "LINK": 9.54, "WBT": 56.35, "CC": 0.158788, "XLM": 0.147197, "TON": 1.8, "USD1": 0.999514, "USDE": 0.999095, "DAI": 0.999728, "SUI": 1.066, "LTC": 53.35, "AVAX": 9.39, "HBAR": 0.089926, "M": 2.86, "RAIN": 0.00754234, "PYUSD": 0.99939, "SHIB": 5.65e-06, "CRO": 0.069618, "NEAR": 2.36, "USYC": 1.13, "USDG": 0.999637, "XAUT": 4506.73, "TAO": 278.03, "BUIDL": 1.0, "UNI": 3.45, "DOT": 1.29, "MNT": 0.659927, "USDY": 1.13, "PAXG": 4515.37, "ONDO": 0.416683, "WLFI": 0.061934, "HTX": 2e-06, "USDF": 0.99728, "RLUSD": 1.0, "ASTER": 0.679927, "OKB": 82.35, "SKY": 0.070056, "PI": 0.151895, "PEPE": 3.63e-06, "USDD": 0.998409, "ICP": 2.58, "ETC": 8.98, "BGB": 1.97, "MORPHO": 2.09, "AAVE": 86.9, "BFUSD": 0.9986, "QNT": 77.45, "USDTB": 0.999159, "KCS": 8.04, "ATOM": 2.11, "EUTBL": 1.22, "U": 1.003, "WLD": 0.29943, "ALGO": 0.114132, "RENDER": 1.92, "USTB": 11.09, "POL": 0.090941, "BCAP": 105.74, "JTRSY": 1.1, "KAS": 0.03366414, "ENA": 0.101903, "NEXO": 0.87839, "VVV": 18.31, "APT": 0.966627, "JST": 0.091626, "STABLE": 0.03347092, "FIL": 0.979853, "GT": 6.99, "FLR": 0.00841114, "JUP": 0.209708, "ARB": 0.108988, "DEXE": 13.59, "XDC": 0.03170388, "PUMP": 0.00177173, "HASH": 0.01154126, "BDX": 0.078606, "GHO": 0.998977, "DASH": 45.67, "VET": 0.0067368, "PENGU": 0.00899341, "NIGHT": 0.03367649, "USD0": 0.998472, "OUSG": 115.33, "BONK": 6.1e-06}}