{"timestamp": 1777403494, "base": "USD", "data": {"BTC": 76144, "ETH": 2293.2, "USDT": 0.999856, "XRP": 1.38, "BNB": 623.39, "USDC": 0.999884, "SOL": 83.8, "TRX": 0.323606, "FIGR_HELOC": 1.04, "DOGE": 0.099341, "WBT": 54.01, "USDS": 0.99981, "LEO": 10.36, "HYPE": 39.95, "ADA": 0.246765, "BCH": 449.13, "XMR": 381.09, "LINK": 9.24, "CC": 0.149541, "ZEC": 334.81, "XLM": 0.162037, "USD1": 1.0, "DAI": 0.999671, "M": 3.41, "LTC": 55.22, "AVAX": 9.16, "HBAR": 0.089223, "USDE": 0.999112, "SUI": 0.925283, "SHIB": 6.12e-06, "RAIN": 0.0075026, "PYUSD": 0.999864, "TON": 1.29, "CRO": 0.069154, "USYC": 1.12, "XAUT": 4592.37, "TAO": 258.5, "USDG": 0.999783, "WLFI": 0.073759, "BUIDL": 1.0, "PAXG": 4590.79, "MNT": 0.633778, "DOT": 1.23, "UNI": 3.25, "SKY": 0.087284, "PI": 0.18765, "USDF": 0.998157, "NEAR": 1.35, "OKB": 82.71, "ASTER": 0.648492, "HTX": 1.83e-06, "PEPE": 3.89e-06, "RLUSD": 0.999989, "AAVE": 96.82, "USDD": 0.999907, "JTRSY": 1.1, "BGB": 1.95, "ICP": 2.4, "BFUSD": 0.999297, "USDY": 1.12, "ETC": 8.4, "ONDO": 0.264639, "MORPHO": 1.95, "KCS": 8.42, "GT": 7.26, "PUMP": 0.00178698, "U": 1.0, "QNT": 69.2, "EUTBL": 1.23, "ALGO": 0.111401, "ATOM": 1.94, "POL": 0.091603, "BCAP": 105.75, "USTB": 11.06, "ENA": 0.106503, "RENDER": 1.75, "KAS": 0.03262652, "NEXO": 0.886476, "WLD": 0.252915, "STABLE": 0.03661068, "APT": 0.966386, "ARB": 0.124273, "HASH": 0.01295079, "JST": 0.083595, "FIL": 0.918994, "FLR": 0.00756999, "PENGU": 0.01020518, "JUP": 0.189455, "DEXE": 13.37, "BDX": 0.079921, "VET": 0.00717254, "OUSG": 115.06, "XDC": 0.02989455, "USDTB": 1.0, "GHO": 0.999157, "TRUMP": 2.47, "NIGHT": 0.03402902, "USD0": 0.998121, "BONK": 6.26e-06, "YLDS": 0.999902}}