{"timestamp": 1778107292, "base": "USD", "data": {"BTC": 81294, "ETH": 2347.51, "USDT": 0.999872, "XRP": 1.42, "BNB": 647.37, "USDC": 0.999839, "SOL": 89.09, "TRX": 0.346365, "FIGR_HELOC": 1.02, "DOGE": 0.112408, "WBT": 59.52, "USDS": 0.999846, "HYPE": 43.13, "ADA": 0.266366, "LEO": 10.35, "ZEC": 557.28, "BCH": 464.66, "XMR": 410.67, "LINK": 9.98, "TON": 2.41, "CC": 0.147163, "XLM": 0.161758, "M": 3.56, "USD1": 0.999393, "DAI": 0.999699, "LTC": 56.75, "AVAX": 9.6, "SUI": 0.99313, "HBAR": 0.091121, "USDE": 0.999412, "SHIB": 6.4e-06, "RAIN": 0.00722133, "PYUSD": 0.999923, "CRO": 0.070837, "USYC": 1.12, "TAO": 310.22, "XAUT": 4683.58, "USDG": 0.999805, "BUIDL": 1.0, "PAXG": 4685.27, "DOT": 1.31, "MNT": 0.665279, "UNI": 3.46, "WLFI": 0.066741, "NEAR": 1.49, "PI": 0.178849, "SKY": 0.080221, "OKB": 87.22, "USDF": 0.998611, "HTX": 1.96e-06, "ASTER": 0.677875, "PEPE": 4.14e-06, "ICP": 3.04, "ONDO": 0.32416, "RLUSD": 0.999917, "BGB": 2.17, "USDD": 0.999743, "ETC": 9.33, "MORPHO": 2.26, "AAVE": 93.73, "USDY": 1.13, "BFUSD": 0.999301, "JTRSY": 1.1, "KCS": 8.43, "ENA": 0.120149, "ALGO": 0.119214, "POL": 0.098906, "USTB": 11.07, "U": 1.0, "QNT": 70.53, "RENDER": 1.95, "KAS": 0.03637117, "EUTBL": 1.24, "ATOM": 1.91, "BCAP": 105.77, "NEXO": 0.904276, "WLD": 0.255189, "GT": 7.5, "FIL": 1.083, "APT": 1.018, "ARB": 0.127411, "SKYAI": 0.74867, "STABLE": 0.03341664, "PUMP": 0.0019464, "JST": 0.080022, "DASH": 53.59, "PENGU": 0.01072052, "FLR": 0.00775335, "JUP": 0.199162, "VET": 0.00768382, "USDTB": 0.999947, "BDX": 0.079817, "OUSG": 115.16, "HASH": 0.01137731, "SIREN": 0.821858, "BONK": 6.74e-06, "XDC": 0.02960524, "GHO": 0.9997, "VIRTUAL": 0.871929, "VVV": 12.45}}