{"timestamp": 1783649154, "base": "USD", "data": {"BTC": 63711, "ETH": 1765.4, "USDT": 0.999144, "BNB": 574.4, "USDC": 0.999777, "XRP": 1.1, "SOL": 78.97, "TRX": 0.331526, "FIGR_HELOC": 1.002, "HYPE": 67.87, "DOGE": 0.073809, "USDS": 0.999703, "RAIN": 0.01440787, "LEO": 9.57, "ZEC": 485.38, "WBT": 56.24, "XLM": 0.189709, "ADA": 0.168365, "XMR": 316.37, "LINK": 7.87, "CC": 0.134741, "BCH": 242.18, "DAI": 0.999705, "USD1": 0.998795, "GRAM": 1.62, "USDE": 0.999499, "LTC": 44.15, "USDG": 0.999718, "USYC": 1.13, "HBAR": 0.0707, "SUI": 0.724726, "AVAX": 6.78, "PYUSD": 0.999661, "CRO": 0.056513, "SHIB": 4.33e-06, "NEAR": 1.95, "XAUT": 4102.81, "BUIDL": 1.0, "UNI": 3.51, "USDY": 1.14, "TAO": 213.4, "WLFI": 0.058714, "PAXG": 4108.37, "OKB": 80.99, "HTX": 1.86e-06, "ASTER": 0.627841, "M": 1.22, "DEXE": 34.47, "ONDO": 0.320578, "RLUSD": 0.999842, "USDD": 0.999165, "MORPHO": 2.26, "MNT": 0.432224, "USDF": 0.997113, "DOT": 0.835966, "AAVE": 92.57, "SKY": 0.058148, "WLD": 0.384849, "BFUSD": 0.998111, "ICP": 2.35, "BGB": 1.65, "PEPE": 2.66e-06, "ETC": 7.09, "PI": 0.098341, "U": 1.0, "EUTBL": 1.21, "QNT": 68.65, "BCAP": 106.63, "KCS": 6.87, "JTRSY": 1.11, "STABLE": 0.03547783, "USDGO": 0.999999, "JST": 0.099186, "USTB": 11.14, "POL": 0.077459, "KAS": 0.02965769, "RENDER": 1.57, "ATOM": 1.57, "ADI": 6.33, "EURSAFO": 1.15, "ALGO": 0.084983, "NEXO": 0.759504, "ENA": 0.07808, "BDX": 0.093586, "USDTB": 1.0, "GT": 6.76, "JUP": 0.213702, "BEAT": 2.24, "\u5e01\u5b89\u4eba\u751f": 0.688727, "JAAA": 1.041, "FIL": 0.790686, "PUMP": 0.00151122, "LIT": 2.43, "GHO": 0.998247, "FLR": 0.0066338, "ARB": 0.089821, "USD0": 0.998628, "VVV": 11.69, "XDC": 0.02705943, "YLDS": 0.999703}}