{"timestamp": 1779965198, "base": "USD", "data": {"BTC": 73383, "ETH": 1990.8, "USDT": 0.998321, "BNB": 633.19, "XRP": 1.29, "USDC": 0.999608, "SOL": 80.91, "TRX": 0.350421, "FIGR_HELOC": 1.035, "DOGE": 0.098406, "HYPE": 56.87, "USDS": 0.999557, "LEO": 10.03, "RAIN": 0.01428592, "ZEC": 529.32, "ADA": 0.230509, "XMR": 376.97, "LINK": 8.89, "BCH": 320.77, "WBT": 53.84, "CC": 0.154705, "XLM": 0.175431, "TON": 1.8, "USD1": 0.997727, "USDE": 0.998641, "DAI": 0.999086, "LTC": 50.82, "M": 2.94, "AVAX": 8.82, "SUI": 0.914617, "HBAR": 0.083423, "PYUSD": 0.999912, "SHIB": 5.32e-06, "NEAR": 2.39, "USYC": 1.12, "CRO": 0.065592, "USDG": 0.999753, "XAUT": 4383.58, "TAO": 260.43, "BUIDL": 1.0, "USDY": 1.13, "MNT": 0.622972, "PAXG": 4390.9, "DOT": 1.19, "UNI": 3.01, "WLFI": 0.058849, "OKB": 85.83, "ONDO": 0.357444, "RLUSD": 0.999883, "ASTER": 0.66271, "HTX": 1.85e-06, "USDF": 0.994722, "SKY": 0.065559, "PI": 0.142732, "ICP": 2.65, "PEPE": 3.34e-06, "USDD": 0.999803, "BGB": 1.98, "MORPHO": 2.08, "BFUSD": 0.997901, "ETC": 8.15, "AAVE": 80.72, "USDTB": 0.999902, "KCS": 7.77, "ATOM": 2.04, "EUTBL": 1.22, "RENDER": 2.0, "U": 0.999602, "WLD": 0.298267, "QNT": 69.86, "BCAP": 107.16, "ALGO": 0.105339, "POL": 0.087552, "USTB": 11.09, "JTRSY": 1.1, "STABLE": 0.03790735, "KAS": 0.03105205, "NEXO": 0.81273, "JST": 0.094537, "ENA": 0.088001, "DEXE": 16.43, "APT": 0.927402, "FIL": 0.965715, "VVV": 15.59, "GT": 6.77, "FLR": 0.00780795, "ARB": 0.1027, "XDC": 0.03113188, "BDX": 0.078149, "JUP": 0.177633, "PUMP": 0.00166711, "GHO": 0.998436, "NIGHT": 0.03487404, "HASH": 0.01046721, "USD0": 0.998288, "APXUSD": 0.999349, "OUSG": 115.38, "INJ": 5.36, "A7A5": 0.01323837, "VET": 0.00594216}}