{"timestamp": 1778190489, "base": "USD", "data": {"BTC": 79814, "ETH": 2291.16, "USDT": 0.999913, "BNB": 643.09, "XRP": 1.38, "USDC": 0.999717, "SOL": 88.05, "TRX": 0.348296, "FIGR_HELOC": 1.006, "DOGE": 0.107942, "WBT": 58.87, "USDS": 0.999776, "HYPE": 42.58, "ADA": 0.262492, "LEO": 10.35, "ZEC": 558.22, "BCH": 450.19, "XMR": 400.17, "LINK": 9.87, "TON": 2.64, "CC": 0.144491, "XLM": 0.158557, "M": 3.78, "USD1": 0.999808, "DAI": 1.0, "LTC": 56.46, "AVAX": 9.47, "USDE": 0.999237, "HBAR": 0.089722, "SUI": 0.965738, "SHIB": 6.27e-06, "RAIN": 0.0074565, "PYUSD": 0.999839, "CRO": 0.069547, "USYC": 1.12, "TAO": 301.27, "XAUT": 4677.18, "USDG": 0.999901, "BUIDL": 1.0, "WLFI": 0.073238, "PAXG": 4679.82, "DOT": 1.31, "MNT": 0.658916, "UNI": 3.42, "NEAR": 1.47, "SKY": 0.079983, "PI": 0.175106, "OKB": 85.55, "USDF": 0.99835, "HTX": 1.96e-06, "PEPE": 4.14e-06, "ONDO": 0.351764, "ASTER": 0.659264, "ICP": 2.96, "RLUSD": 0.999906, "BGB": 2.11, "USDD": 0.999962, "ETC": 9.26, "AAVE": 92.12, "MORPHO": 2.13, "USDY": 1.13, "BFUSD": 0.9994, "JTRSY": 1.1, "ALGO": 0.128418, "KCS": 8.22, "ENA": 0.119698, "POL": 0.098147, "QNT": 71.0, "U": 1.0, "USTB": 11.07, "RENDER": 1.94, "EUTBL": 1.23, "BCAP": 105.77, "KAS": 0.03509057, "ATOM": 1.89, "NEXO": 0.892266, "FIL": 1.084, "WLD": 0.250966, "APT": 1.024, "GT": 7.26, "ARB": 0.126452, "JST": 0.086082, "STABLE": 0.0323921, "PUMP": 0.00196494, "SIREN": 0.916521, "JUP": 0.203586, "FLR": 0.00781667, "VET": 0.00762386, "PENGU": 0.01024612, "DASH": 50.25, "USDTB": 0.999885, "BDX": 0.079632, "OUSG": 115.17, "BONK": 6.77e-06, "GHO": 0.99978, "VIRTUAL": 0.888969, "XDC": 0.02921758, "DEXE": 12.19, "SKYAI": 0.567865, "USD0": 0.998314}}