{"timestamp": 1782662615, "base": "USD", "data": {"BTC": 59817, "ETH": 1578.6, "USDT": 0.998609, "BNB": 553.61, "USDC": 0.99975, "XRP": 1.05, "SOL": 71.86, "TRX": 0.323141, "FIGR_HELOC": 1.044, "HYPE": 62.96, "DOGE": 0.073433, "USDS": 0.999631, "RAIN": 0.01553662, "LEO": 9.43, "ZEC": 388.84, "XMR": 313.93, "CC": 0.150877, "XLM": 0.17064, "WBT": 47.79, "LINK": 7.3, "LAB": 17.34, "ADA": 0.144313, "USD1": 0.999331, "DAI": 0.999666, "USDE": 0.998098, "GRAM": 1.55, "BCH": 192.79, "LTC": 42.82, "USYC": 1.13, "HBAR": 0.071145, "USDG": 0.999855, "SUI": 0.68527, "PYUSD": 1.0, "AVAX": 6.31, "CRO": 0.054256, "XAUT": 4063.29, "SHIB": 4.18e-06, "NEAR": 1.86, "BUIDL": 1.0, "USDY": 1.14, "TAO": 208.04, "PAXG": 4068.2, "WLFI": 0.057749, "UNI": 2.93, "ASTER": 0.616549, "OKB": 77.63, "RLUSD": 0.999863, "WLD": 0.441998, "HTX": 1.68e-06, "ONDO": 0.308038, "USDF": 0.995063, "MNT": 0.424458, "USDD": 0.998774, "PI": 0.126618, "DOT": 0.808903, "AAVE": 88.91, "BFUSD": 0.998301, "ICP": 2.17, "SKY": 0.04956031, "BGB": 1.63, "MORPHO": 1.74, "ETC": 7.02, "DEXE": 22.35, "U": 0.999709, "PEPE": 2.39e-06, "BCAP": 107.03, "M": 0.722623, "QNT": 65.14, "EUTBL": 1.2, "KCS": 6.76, "STABLE": 0.03726488, "JTRSY": 1.11, "USDGO": 1.0, "ATOM": 1.57, "RENDER": 1.54, "USTB": 11.13, "ALGO": 0.086083, "KAS": 0.02782289, "POL": 0.071526, "VELVET": 1.81, "JST": 0.08799, "USDTB": 0.99957, "BEAT": 2.5, "NEXO": 0.712878, "\u5e01\u5b89\u4eba\u751f": 0.707515, "ENA": 0.076096, "JUP": 0.212406, "GT": 6.57, "JAAA": 1.039, "BDX": 0.086301, "VVV": 13.56, "ADI": 4.96, "EURSAFO": 1.15, "GHO": 0.997848, "PUMP": 0.00145254, "FLR": 0.00666512, "FIL": 0.720015, "YLDS": 0.99962, "XDC": 0.02779484, "USD0": 0.99865}}