{"timestamp": 1783197868, "base": "USD", "data": {"BTC": 63209, "ETH": 1787.53, "USDT": 0.999268, "BNB": 573.4, "USDC": 0.999873, "XRP": 1.16, "SOL": 81.9, "TRX": 0.325921, "FIGR_HELOC": 1.009, "HYPE": 69.87, "DOGE": 0.078066, "RAIN": 0.01541951, "USDS": 0.999788, "LEO": 9.16, "ZEC": 468.12, "ADA": 0.191709, "XLM": 0.208744, "WBT": 57.14, "XMR": 328.77, "LINK": 8.04, "CC": 0.140484, "LAB": 16.15, "GRAM": 1.79, "BCH": 231.62, "DAI": 0.999883, "USD1": 0.998921, "USDE": 0.998658, "LTC": 44.94, "HBAR": 0.074528, "SUI": 0.768141, "USYC": 1.13, "USDG": 1.0, "AVAX": 7.0, "PYUSD": 0.99992, "CRO": 0.060566, "SHIB": 4.46e-06, "NEAR": 1.99, "XAUT": 4159.56, "BUIDL": 1.0, "USDY": 1.14, "TAO": 217.29, "UNI": 3.23, "PAXG": 4162.43, "M": 1.4, "WLFI": 0.057414, "ASTER": 0.644969, "OKB": 80.99, "ONDO": 0.337979, "RLUSD": 0.999815, "HTX": 1.7e-06, "WLD": 0.429731, "DOT": 0.88881, "MNT": 0.452019, "USDF": 0.996265, "USDD": 1.001, "AAVE": 89.66, "SKY": 0.056986, "BFUSD": 0.9988, "PI": 0.115931, "MORPHO": 1.93, "ICP": 2.25, "BGB": 1.72, "PEPE": 2.71e-06, "ETC": 7.29, "DEXE": 23.56, "U": 1.0, "QNT": 68.39, "KCS": 7.18, "EUTBL": 1.21, "BCAP": 106.97, "BEAT": 2.93, "USDGO": 0.999996, "JTRSY": 1.11, "USTB": 11.13, "KAS": 0.03106804, "RENDER": 1.62, "ATOM": 1.6, "STABLE": 0.03407229, "ALGO": 0.090809, "POL": 0.073609, "\u5e01\u5b89\u4eba\u751f": 0.784831, "JUP": 0.234348, "NEXO": 0.776778, "JST": 0.090403, "ENA": 0.079021, "USDTB": 1.0, "ADI": 5.77, "GT": 6.78, "BDX": 0.088582, "EURSAFO": 1.15, "JAAA": 1.04, "FIL": 0.798967, "PUMP": 0.0015678, "FLR": 0.00707304, "GHO": 0.998271, "XDC": 0.02879578, "VVV": 12.16, "AERO": 0.591948, "NIGHT": 0.03403563, "USD0": 0.998732}}