{"timestamp": 1779614111, "base": "USD", "data": {"BTC": 76806, "ETH": 2119.0, "USDT": 0.998749, "BNB": 657.92, "XRP": 1.36, "USDC": 0.999738, "SOL": 86.44, "TRX": 0.362867, "FIGR_HELOC": 1.03, "DOGE": 0.102783, "HYPE": 63.13, "USDS": 0.999674, "ZEC": 637.22, "LEO": 10.08, "ADA": 0.245395, "XMR": 386.61, "BCH": 352.92, "LINK": 9.59, "WBT": 56.74, "CC": 0.163105, "XLM": 0.149319, "USD1": 0.9989, "TON": 1.78, "USDE": 0.999238, "DAI": 0.99932, "SUI": 1.062, "LTC": 53.43, "AVAX": 9.34, "HBAR": 0.089324, "M": 2.88, "PYUSD": 0.999801, "RAIN": 0.0075439, "SHIB": 5.64e-06, "CRO": 0.069447, "NEAR": 2.37, "USYC": 1.13, "USDG": 0.999904, "TAO": 280.35, "XAUT": 4508.46, "BUIDL": 1.0, "UNI": 3.46, "MNT": 0.660779, "DOT": 1.28, "USDY": 1.13, "PAXG": 4536.05, "ONDO": 0.437927, "WLFI": 0.062232, "HTX": 2e-06, "USDF": 0.996802, "ASTER": 0.688698, "RLUSD": 1.0, "OKB": 82.57, "SKY": 0.070356, "PI": 0.150435, "PEPE": 3.62e-06, "USDD": 0.999221, "ICP": 2.61, "ETC": 9.01, "MORPHO": 2.19, "BGB": 1.97, "BFUSD": 0.998408, "AAVE": 86.76, "QNT": 82.25, "KCS": 8.1, "USDTB": 0.999273, "ATOM": 2.11, "EUTBL": 1.22, "U": 0.999787, "RENDER": 1.97, "WLD": 0.300622, "ALGO": 0.113466, "USTB": 11.09, "POL": 0.091441, "BCAP": 105.74, "JTRSY": 1.1, "KAS": 0.03405518, "ENA": 0.100833, "NEXO": 0.87011, "VVV": 18.53, "JST": 0.092942, "APT": 0.964361, "STABLE": 0.03379523, "FIL": 0.973766, "GT": 7.01, "FLR": 0.00837562, "JUP": 0.20826, "ARB": 0.107465, "DEXE": 14.57, "PUMP": 0.00177658, "XDC": 0.03106033, "BDX": 0.07879, "GHO": 0.998782, "DASH": 45.79, "PENGU": 0.0091996, "VET": 0.00673345, "HASH": 0.01065416, "NIGHT": 0.03338998, "USD0": 0.998373, "OUSG": 115.33, "BONK": 6.08e-06}}