{"timestamp": 1778910406, "base": "USD", "data": {"BTC": 78976, "ETH": 2225.06, "USDT": 0.999481, "BNB": 664.38, "XRP": 1.43, "USDC": 0.999818, "SOL": 88.47, "TRX": 0.351275, "FIGR_HELOC": 1.031, "DOGE": 0.111668, "WBT": 58.29, "USDS": 0.999693, "HYPE": 42.62, "ADA": 0.259123, "LEO": 10.15, "BCH": 423.58, "ZEC": 505.71, "LINK": 9.97, "XMR": 377.13, "CC": 0.158367, "TON": 1.92, "XLM": 0.153575, "USD1": 0.999807, "LTC": 56.89, "DAI": 0.999762, "SUI": 1.079, "USDE": 0.999903, "M": 3.2, "AVAX": 9.47, "HBAR": 0.092646, "SHIB": 6.08e-06, "RAIN": 0.00745327, "PYUSD": 0.99977, "CRO": 0.072235, "USDG": 0.999735, "USYC": 1.12, "XAUT": 4540.11, "BUIDL": 1.0, "TAO": 279.3, "UNI": 3.57, "DOT": 1.3, "MNT": 0.658573, "PAXG": 4542.77, "WLFI": 0.064826, "NEAR": 1.53, "USDY": 1.13, "OKB": 85.2, "USDF": 0.997961, "HTX": 1.95e-06, "PI": 0.166655, "ONDO": 0.35544, "ASTER": 0.669424, "SKY": 0.07029, "PEPE": 3.85e-06, "RLUSD": 0.999919, "USDD": 0.999522, "ICP": 2.63, "BGB": 2.04, "ETC": 9.1, "AAVE": 91.35, "BFUSD": 0.99908, "QNT": 83.74, "MORPHO": 1.82, "KCS": 8.23, "USDTB": 0.998923, "JTRSY": 1.1, "U": 0.99978, "EUTBL": 1.22, "ALGO": 0.112754, "USTB": 11.08, "ENA": 0.110234, "ATOM": 1.95, "RENDER": 1.87, "POL": 0.090829, "BCAP": 105.87, "KAS": 0.03492847, "NEXO": 0.877598, "WLD": 0.244509, "FLR": 0.00934255, "APT": 0.979749, "FIL": 1.003, "JST": 0.090875, "GT": 7.22, "ARB": 0.123172, "STABLE": 0.03237807, "JUP": 0.208645, "XDC": 0.03393836, "PUMP": 0.00177874, "DEXE": 13.25, "BDX": 0.078838, "VVV": 13.14, "VET": 0.00700316, "HASH": 0.01128555, "GHO": 0.999525, "BONK": 6.46e-06, "OUSG": 115.25, "USD0": 0.99778, "UB": 0.22074, "PENGU": 0.00872286, "NIGHT": 0.03254816}}