{"timestamp": 1778594387, "base": "USD", "data": {"BTC": 80530, "ETH": 2273.34, "USDT": 0.999647, "XRP": 1.44, "BNB": 657.39, "USDC": 0.999759, "SOL": 94.72, "TRX": 0.348089, "FIGR_HELOC": 1.03, "DOGE": 0.108616, "WBT": 59.09, "USDS": 0.999802, "ADA": 0.272278, "HYPE": 40.71, "LEO": 10.17, "ZEC": 549.88, "BCH": 439.32, "LINK": 10.26, "XMR": 400.6, "TON": 2.32, "CC": 0.159069, "XLM": 0.162854, "SUI": 1.25, "LTC": 57.49, "USD1": 0.998766, "DAI": 0.999596, "AVAX": 9.83, "M": 3.24, "HBAR": 0.09402, "USDE": 0.999513, "SHIB": 6.4e-06, "RAIN": 0.007529, "USDG": 0.999532, "CRO": 0.080262, "PYUSD": 0.99994, "TAO": 311.65, "USYC": 1.12, "XAUT": 4684.97, "UNI": 3.75, "BUIDL": 1.0, "DOT": 1.32, "MNT": 0.674343, "PAXG": 4682.11, "WLFI": 0.067694, "NEAR": 1.54, "ONDO": 0.403618, "USDY": 1.14, "ICP": 3.26, "OKB": 85.56, "PI": 0.171587, "USDF": 0.998401, "HTX": 1.97e-06, "PEPE": 4.16e-06, "ASTER": 0.673645, "SKY": 0.074587, "RLUSD": 0.999837, "BGB": 2.11, "USDD": 0.999825, "ETC": 9.42, "AAVE": 96.83, "MORPHO": 2.09, "BFUSD": 0.999298, "JTRSY": 1.1, "KCS": 8.37, "ENA": 0.121769, "ALGO": 0.12321, "POL": 0.100671, "KAS": 0.03822925, "QNT": 71.37, "U": 1.0, "ATOM": 2.0, "EUTBL": 1.23, "USTB": 11.08, "RENDER": 1.9, "BCAP": 105.87, "NEXO": 0.916674, "WLD": 0.26783, "STABLE": 0.03964744, "APT": 1.073, "SIREN": 1.19, "FIL": 1.091, "ARB": 0.137118, "GT": 7.33, "VVV": 16.85, "JUP": 0.230198, "JST": 0.089293, "FLR": 0.00870069, "PUMP": 0.00198959, "XDC": 0.0330009, "VET": 0.00752755, "B": 0.644383, "BONK": 7.13e-06, "PENGU": 0.00982061, "BDX": 0.079701, "OUSG": 115.21, "DEXE": 12.67, "NIGHT": 0.03523027, "GHO": 0.999376, "DASH": 45.38, "SKYAI": 0.562858}}