{"timestamp": 1778245920, "base": "USD", "data": {"BTC": 79900, "ETH": 2281.24, "USDT": 0.999855, "BNB": 639.06, "XRP": 1.39, "USDC": 0.999865, "SOL": 88.38, "TRX": 0.348866, "FIGR_HELOC": 1.003, "DOGE": 0.106622, "WBT": 58.95, "USDS": 0.999801, "HYPE": 42.51, "ADA": 0.263542, "ZEC": 574.69, "LEO": 10.38, "BCH": 449.55, "XMR": 397.85, "LINK": 9.93, "TON": 2.57, "CC": 0.145356, "XLM": 0.158773, "M": 3.68, "USD1": 0.999449, "DAI": 0.999567, "LTC": 56.69, "AVAX": 9.56, "USDE": 0.999424, "HBAR": 0.090575, "SUI": 0.977614, "SHIB": 6.3e-06, "RAIN": 0.00751606, "PYUSD": 0.999843, "CRO": 0.069561, "USYC": 1.12, "TAO": 307.52, "XAUT": 4708.72, "USDG": 0.999861, "BUIDL": 1.0, "WLFI": 0.073975, "PAXG": 4711.86, "UNI": 3.48, "DOT": 1.31, "MNT": 0.665905, "NEAR": 1.54, "ONDO": 0.400621, "SKY": 0.080593, "OKB": 85.36, "USDF": 0.998588, "HTX": 1.97e-06, "PI": 0.168623, "PEPE": 4.17e-06, "ICP": 3.11, "ASTER": 0.660245, "RLUSD": 0.999892, "ETC": 9.4, "BGB": 2.1, "USDD": 0.999865, "AAVE": 92.45, "USDY": 1.13, "BFUSD": 0.9994, "JTRSY": 1.1, "MORPHO": 2.09, "ALGO": 0.128435, "KCS": 8.31, "ENA": 0.123545, "POL": 0.101317, "QNT": 73.23, "U": 0.999881, "RENDER": 1.97, "EUTBL": 1.24, "KAS": 0.03586504, "BCAP": 105.77, "USTB": 11.07, "ATOM": 1.87, "NEXO": 0.888465, "WLD": 0.256768, "APT": 1.055, "FIL": 1.082, "ARB": 0.132609, "GT": 7.26, "SIREN": 1.1, "STABLE": 0.03268235, "PUMP": 0.00203307, "JST": 0.083939, "JUP": 0.212822, "FLR": 0.00782131, "PENGU": 0.01031382, "VET": 0.00750629, "DASH": 49.89, "USDTB": 0.999405, "VVV": 13.43, "BDX": 0.080139, "BONK": 6.98e-06, "OUSG": 115.17, "VIRTUAL": 0.923013, "SKYAI": 0.60482, "XDC": 0.02952354, "GHO": 0.999841, "USD0": 0.998283}}