{"timestamp": 1784307728, "base": "USD", "data": {"BTC": 63575, "ETH": 1835.78, "USDT": 0.999196, "BNB": 564.05, "USDC": 0.999908, "XRP": 1.086, "SOL": 74.92, "TRX": 0.322919, "FIGR_HELOC": 1.019, "HYPE": 60.26, "DOGE": 0.072334, "USDS": 0.999826, "RAIN": 0.01412678, "ZEC": 549.05, "LEO": 9.8, "WBT": 55.44, "XLM": 0.186966, "ADA": 0.166231, "LINK": 8.22, "XMR": 324.82, "CC": 0.127862, "DAI": 0.999906, "BCH": 217.34, "USD1": 0.999128, "GRAM": 1.54, "USDE": 0.99971, "LTC": 44.86, "USDG": 1.005, "USYC": 1.13, "SUI": 0.738766, "HBAR": 0.066153, "AVAX": 6.56, "PYUSD": 0.999764, "CRO": 0.058368, "BUIDL": 1.0, "NEAR": 1.92, "XAUT": 4009.68, "SHIB": 4.14e-06, "UNI": 3.54, "USDY": 1.14, "TAO": 193.13, "ONDO": 0.378972, "WLFI": 0.05724, "PAXG": 4007.88, "OKB": 81.22, "ASTER": 0.621191, "HTX": 1.82e-06, "M": 1.23, "DEXE": 34.53, "RLUSD": 0.999999, "USDD": 0.999202, "DOT": 0.85841, "USDF": 0.994974, "MNT": 0.42799, "SKY": 0.05947, "AAVE": 91.18, "WLD": 0.383342, "BFUSD": 0.998385, "ICP": 2.15, "BGB": 1.64, "PEPE": 2.72e-06, "ETC": 7.05, "U": 0.999817, "USDGO": 0.999901, "EUTBL": 1.21, "QNT": 67.26, "BCAP": 106.19, "MORPHO": 1.99, "KCS": 6.66, "POL": 0.083451, "STABLE": 0.03568185, "PI": 0.080087, "JTRSY": 1.11, "ADI": 6.65, "EURSAFO": 1.15, "JST": 0.097266, "ATOM": 1.52, "ENA": 0.082297, "RENDER": 1.48, "KAS": 0.02786423, "USTB": 11.15, "BEAT": 2.46, "NEXO": 0.749372, "ALGO": 0.08295, "GT": 6.62, "\u5e01\u5b89\u4eba\u751f": 0.704449, "JAAA": 1.041, "PUMP": 0.00169982, "BDX": 0.084204, "JUP": 0.196976, "FIL": 0.767707, "GHO": 0.998768, "ARB": 0.089343, "FLR": 0.0065394, "LIT": 2.26, "XDC": 0.02813055, "USD0": 0.998857, "YLDS": 0.999816, "USX": 1.0, "APT": 0.608225}}