{"timestamp": 1781859582, "base": "USD", "data": {"BTC": 62539, "ETH": 1695.08, "USDT": 0.999103, "BNB": 573.52, "USDC": 0.999828, "XRP": 1.13, "SOL": 68.57, "TRX": 0.320543, "FIGR_HELOC": 1.012, "HYPE": 67.42, "DOGE": 0.08244, "USDS": 0.999684, "RAIN": 0.01445205, "LEO": 9.58, "ZEC": 451.83, "XLM": 0.218812, "XMR": 328.23, "WBT": 51.7, "CC": 0.155575, "ADA": 0.16029, "LINK": 7.85, "LAB": 15.86, "USD1": 0.99995, "USDE": 0.998956, "GRAM": 1.63, "DAI": 0.999737, "BCH": 193.64, "M": 2.92, "HBAR": 0.078999, "LTC": 43.42, "USYC": 1.13, "SUI": 0.714042, "USDG": 0.999692, "SHIB": 4.71e-06, "NEAR": 2.13, "PYUSD": 0.999791, "CRO": 0.058012, "AVAX": 6.04, "XAUT": 4152.52, "BUIDL": 1.0, "WLD": 0.641785, "TAO": 227.11, "USDY": 1.14, "UNI": 3.05, "PAXG": 4160.5, "WLFI": 0.057608, "MNT": 0.527524, "ONDO": 0.350559, "ASTER": 0.620127, "RLUSD": 0.99991, "DOT": 0.955931, "HTX": 1.7e-06, "OKB": 72.72, "USDF": 0.99596, "PI": 0.130409, "SKY": 0.058805, "USDD": 0.999495, "BFUSD": 0.998655, "MORPHO": 1.95, "BGB": 1.78, "ICP": 2.24, "PEPE": 2.79e-06, "ETC": 7.12, "AAVE": 72.44, "USTB": 11.12, "QNT": 69.55, "U": 1.0, "BCAP": 107.07, "KCS": 7.12, "ATOM": 1.83, "EUTBL": 1.21, "USDTB": 0.999696, "JTRSY": 1.11, "RENDER": 1.67, "POL": 0.077947, "ALGO": 0.092596, "KAS": 0.02985727, "ENA": 0.087407, "STABLE": 0.03380362, "NEXO": 0.78615, "DEXE": 16.7, "GT": 6.59, "\u5e01\u5b89\u4eba\u751f": 0.701101, "JAAA": 1.038, "VVV": 14.35, "JST": 0.076974, "BDX": 0.083249, "FLR": 0.00734907, "JUP": 0.187665, "FIL": 0.771284, "GHO": 0.998336, "XDC": 0.02971577, "YLDS": 0.999804, "EURSAFO": 1.15, "USD0": 0.99869, "HASH": 0.00990582, "ARB": 0.083377, "APT": 0.621737, "BEAT": 1.8, "NIGHT": 0.0310884}}