{"timestamp": 1778070463, "base": "USD", "data": {"BTC": 82418, "ETH": 2410.35, "USDT": 0.999789, "XRP": 1.45, "BNB": 655.61, "USDC": 0.999713, "SOL": 89.6, "TRX": 0.343523, "DOGE": 0.116206, "FIGR_HELOC": 1.033, "WBT": 60.92, "USDS": 0.999724, "HYPE": 44.33, "ADA": 0.27124, "ZEC": 571.86, "LEO": 10.35, "BCH": 471.35, "XMR": 431.84, "LINK": 10.15, "TON": 2.33, "CC": 0.148582, "XLM": 0.164706, "M": 3.6, "USD1": 0.999833, "LTC": 57.67, "DAI": 0.999696, "AVAX": 9.73, "SUI": 1.026, "HBAR": 0.092567, "USDE": 0.9991, "SHIB": 6.49e-06, "RAIN": 0.00742405, "PYUSD": 0.999886, "CRO": 0.071631, "TAO": 314.6, "USYC": 1.12, "XAUT": 4668.55, "USDG": 0.99987, "BUIDL": 1.0, "PAXG": 4670.55, "UNI": 3.53, "MNT": 0.675314, "DOT": 1.32, "WLFI": 0.067167, "PI": 0.185429, "NEAR": 1.49, "SKY": 0.080992, "OKB": 88.78, "USDF": 0.998549, "PEPE": 4.24e-06, "ASTER": 0.688742, "HTX": 1.96e-06, "ONDO": 0.322189, "ICP": 2.83, "RLUSD": 0.999878, "BGB": 2.11, "USDD": 0.999768, "ETC": 9.32, "AAVE": 95.39, "MORPHO": 2.28, "USDY": 1.13, "BFUSD": 0.9991, "JTRSY": 1.1, "KCS": 8.58, "ENA": 0.123068, "ALGO": 0.122473, "POL": 0.099663, "USTB": 11.07, "QNT": 70.9, "U": 1.001, "RENDER": 1.97, "ATOM": 1.96, "EUTBL": 1.24, "KAS": 0.03584243, "BCAP": 105.77, "NEXO": 0.907791, "WLD": 0.259427, "FIL": 1.095, "GT": 7.5, "APT": 1.041, "SKYAI": 0.802482, "STABLE": 0.0344379, "ARB": 0.125186, "JST": 0.083872, "PUMP": 0.00197746, "DASH": 55.57, "PENGU": 0.01106355, "FLR": 0.00783693, "JUP": 0.199908, "VET": 0.0077226, "USDTB": 0.999788, "BDX": 0.080006, "OUSG": 115.14, "BONK": 6.88e-06, "XDC": 0.03010217, "HASH": 0.01122929, "LUNC": 0.00010681, "GHO": 0.99969, "USDM": 0.996948, "VIRTUAL": 0.86331}}