{"timestamp": 1777674969, "base": "USD", "data": {"BTC": 78311, "ETH": 2295.78, "USDT": 0.999861, "XRP": 1.39, "BNB": 617.17, "USDC": 0.999838, "SOL": 83.75, "TRX": 0.326832, "FIGR_HELOC": 1.036, "DOGE": 0.109183, "WBT": 58.45, "USDS": 0.999807, "HYPE": 41.02, "LEO": 10.32, "ADA": 0.248553, "BCH": 450.73, "XMR": 378.17, "LINK": 9.11, "ZEC": 385.27, "CC": 0.148651, "XLM": 0.160366, "USD1": 0.999902, "DAI": 0.999864, "LTC": 55.61, "AVAX": 9.11, "M": 3.02, "USDE": 0.999136, "HBAR": 0.088421, "RAIN": 0.00783979, "SHIB": 6.3e-06, "SUI": 0.922211, "TON": 1.32, "PYUSD": 0.999961, "CRO": 0.0686, "USYC": 1.12, "XAUT": 4601.84, "TAO": 271.69, "USDG": 0.999972, "BUIDL": 1.0, "PAXG": 4603.32, "MNT": 0.630523, "UNI": 3.21, "DOT": 1.21, "PI": 0.181075, "SKY": 0.080741, "USDF": 0.996596, "WLFI": 0.055331, "OKB": 82.99, "ASTER": 0.655186, "NEAR": 1.29, "PEPE": 3.96e-06, "HTX": 1.83e-06, "RLUSD": 0.999951, "USDD": 1.0, "BGB": 2.01, "AAVE": 92.46, "USDY": 1.13, "ETC": 8.44, "BFUSD": 0.999, "JTRSY": 1.1, "ONDO": 0.269414, "ICP": 2.36, "MORPHO": 1.99, "KCS": 8.37, "U": 0.999879, "POL": 0.095809, "QNT": 68.91, "USTB": 11.07, "EUTBL": 1.23, "ALGO": 0.108941, "BCAP": 105.75, "ATOM": 1.9, "NEXO": 0.903786, "ENA": 0.103065, "KAS": 0.03274299, "RENDER": 1.71, "GT": 7.26, "APT": 0.995043, "WLD": 0.23628, "ARB": 0.124776, "STABLE": 0.03351889, "JST": 0.085788, "FIL": 0.922848, "PUMP": 0.00182089, "FLR": 0.00750346, "PENGU": 0.00994956, "VET": 0.00720195, "BDX": 0.079881, "OUSG": 115.1, "JUP": 0.180343, "XDC": 0.02938101, "GHO": 0.999744, "USDTB": 0.999493, "USD0": 0.999067, "HASH": 0.01056233, "BONK": 6.27e-06, "TRUMP": 2.32, "YLDS": 0.99992, "NIGHT": 0.03183547, "SIREN": 0.704517}}