{"timestamp": 1784195946, "base": "USD", "data": {"BTC": 64034, "ETH": 1882.69, "USDT": 0.999162, "BNB": 577.27, "USDC": 0.999879, "XRP": 1.1, "SOL": 75.99, "TRX": 0.323179, "FIGR_HELOC": 1.037, "HYPE": 65.88, "DOGE": 0.073094, "USDS": 0.999773, "RAIN": 0.01432045, "ZEC": 546.43, "LEO": 9.81, "WBT": 56.07, "XLM": 0.188393, "LINK": 8.41, "XMR": 331.65, "ADA": 0.16169, "CC": 0.133094, "DAI": 0.999796, "BCH": 221.18, "USD1": 0.998708, "GRAM": 1.56, "USDE": 0.999672, "LTC": 44.62, "USDG": 1.001, "USYC": 1.13, "SUI": 0.739786, "HBAR": 0.067056, "PYUSD": 0.999659, "AVAX": 6.58, "NEAR": 2.01, "BUIDL": 1.0, "CRO": 0.055896, "XAUT": 4027.25, "SHIB": 4.16e-06, "UNI": 3.68, "USDY": 1.14, "TAO": 195.62, "WLFI": 0.057766, "ONDO": 0.372318, "PAXG": 4025.64, "OKB": 81.33, "ASTER": 0.626062, "DEXE": 34.93, "M": 1.23, "HTX": 1.8e-06, "RLUSD": 1.0, "SKY": 0.06253, "USDD": 0.999057, "AAVE": 94.7, "USDF": 0.995527, "DOT": 0.83673, "MNT": 0.428499, "WLD": 0.398313, "MORPHO": 2.09, "BFUSD": 0.998401, "ICP": 2.15, "BGB": 1.65, "PEPE": 2.73e-06, "ETC": 6.96, "U": 0.999856, "EUTBL": 1.21, "USDGO": 0.999722, "BCAP": 106.19, "QNT": 64.73, "KCS": 6.85, "STABLE": 0.03766475, "POL": 0.082914, "ADI": 6.97, "JTRSY": 1.11, "EURSAFO": 1.16, "JST": 0.098045, "PI": 0.074919, "ATOM": 1.53, "BEAT": 2.57, "KAS": 0.02851299, "ENA": 0.081817, "RENDER": 1.5, "USTB": 11.15, "ALGO": 0.082946, "NEXO": 0.741627, "\u5e01\u5b89\u4eba\u751f": 0.719538, "GT": 6.69, "BDX": 0.087551, "JAAA": 1.041, "JUP": 0.201088, "PUMP": 0.00161498, "FIL": 0.775417, "LIT": 2.4, "GHO": 0.998202, "FLR": 0.00655554, "USD0": 0.998656, "YLDS": 0.999944, "ARB": 0.086327, "XDC": 0.02743236, "USX": 0.999833, "APT": 0.610189}}