{"timestamp": 1784448096, "base": "USD", "data": {"BTC": 64646, "ETH": 1868.29, "USDT": 0.999279, "BNB": 568.55, "USDC": 0.999846, "XRP": 1.095, "SOL": 76.08, "TRX": 0.325627, "FIGR_HELOC": 1.042, "HYPE": 60.71, "DOGE": 0.072419, "USDS": 0.999834, "RAIN": 0.01456891, "ZEC": 559.33, "LEO": 9.81, "WBT": 56.39, "XMR": 339.25, "XLM": 0.186449, "LINK": 8.36, "ADA": 0.16557, "CC": 0.125766, "DAI": 0.999647, "BCH": 218.14, "USD1": 0.999128, "USDE": 0.999816, "GRAM": 1.46, "LTC": 47.04, "USDG": 1.001, "SUI": 0.744495, "USYC": 1.13, "HBAR": 0.067152, "PYUSD": 0.99973, "AVAX": 6.55, "CRO": 0.059513, "BUIDL": 1.0, "NEAR": 1.93, "XAUT": 4009.62, "SHIB": 4.17e-06, "UNI": 3.53, "USDY": 1.14, "TAO": 198.54, "WLFI": 0.056914, "PAXG": 4007.31, "ONDO": 0.350265, "OKB": 80.87, "ASTER": 0.622272, "HTX": 1.84e-06, "M": 1.24, "DEXE": 34.32, "RLUSD": 1.0, "USDD": 0.99927, "SKY": 0.060885, "USDF": 0.995047, "DOT": 0.836718, "AAVE": 90.7, "MNT": 0.421377, "WLD": 0.375056, "BFUSD": 0.998371, "MORPHO": 1.99, "ICP": 2.16, "PEPE": 2.81e-06, "BGB": 1.64, "ETC": 6.97, "U": 0.999812, "USDGO": 1.0, "EUTBL": 1.21, "BCAP": 106.19, "PI": 0.086073, "QNT": 64.51, "KCS": 6.66, "STABLE": 0.03599743, "JTRSY": 1.11, "POL": 0.081108, "EURSAFO": 1.15, "JST": 0.098211, "ADI": 6.26, "ATOM": 1.49, "ENA": 0.080492, "RENDER": 1.48, "USTB": 11.15, "KAS": 0.02766064, "NEXO": 0.753736, "ALGO": 0.082431, "BEAT": 2.33, "GT": 6.75, "\u5e01\u5b89\u4eba\u751f": 0.692346, "JAAA": 1.041, "PUMP": 0.00164208, "GHO": 0.998935, "BDX": 0.081256, "JUP": 0.191401, "FIL": 0.742666, "FLR": 0.00655775, "VVV": 11.86, "ARB": 0.088191, "XDC": 0.0280699, "YLDS": 0.999803, "USD0": 0.998689, "LIT": 2.2, "USX": 0.999815}}