{"timestamp": 1783631637, "base": "USD", "data": {"BTC": 63283, "ETH": 1747.77, "USDT": 0.999232, "BNB": 570.24, "USDC": 0.999826, "XRP": 1.097, "SOL": 78.13, "TRX": 0.331729, "FIGR_HELOC": 1.034, "HYPE": 67.32, "DOGE": 0.073466, "USDS": 0.999681, "RAIN": 0.01444706, "LEO": 9.55, "ZEC": 487.58, "WBT": 55.88, "XLM": 0.185956, "ADA": 0.16706, "XMR": 315.33, "LINK": 7.77, "CC": 0.131795, "BCH": 237.67, "DAI": 0.999929, "USD1": 0.999098, "GRAM": 1.62, "USDE": 0.999645, "LTC": 43.95, "USDG": 0.999884, "USYC": 1.13, "HBAR": 0.070367, "SUI": 0.719963, "AVAX": 6.72, "PYUSD": 0.999781, "CRO": 0.05634, "SHIB": 4.29e-06, "XAUT": 4108.7, "NEAR": 1.92, "BUIDL": 1.0, "USDY": 1.14, "UNI": 3.42, "TAO": 208.42, "WLFI": 0.058394, "PAXG": 4114.82, "HTX": 1.85e-06, "ASTER": 0.625211, "OKB": 79.55, "M": 1.2, "RLUSD": 0.999906, "ONDO": 0.31802, "DEXE": 32.56, "USDD": 0.99914, "MORPHO": 2.23, "MNT": 0.433532, "USDF": 0.997266, "DOT": 0.826674, "AAVE": 91.22, "WLD": 0.384967, "SKY": 0.056513, "BFUSD": 0.998256, "ICP": 2.34, "BGB": 1.65, "PEPE": 2.62e-06, "ETC": 7.03, "PI": 0.09906, "U": 1.0, "EUTBL": 1.21, "QNT": 68.42, "BCAP": 106.63, "KCS": 6.82, "JTRSY": 1.11, "STABLE": 0.03568307, "USDGO": 0.9999, "JST": 0.099623, "USTB": 11.14, "KAS": 0.02968318, "POL": 0.076169, "ATOM": 1.56, "RENDER": 1.56, "ADI": 6.25, "ALGO": 0.085295, "EURSAFO": 1.15, "NEXO": 0.759428, "ENA": 0.07729, "BDX": 0.093559, "USDTB": 0.999762, "GT": 6.68, "\u5e01\u5b89\u4eba\u751f": 0.695249, "JUP": 0.209527, "JAAA": 1.041, "BEAT": 2.2, "FIL": 0.784125, "PUMP": 0.00149085, "GHO": 0.998391, "LIT": 2.36, "FLR": 0.00662542, "ARB": 0.090176, "USD0": 0.998602, "YLDS": 0.999825, "VVV": 11.44, "XDC": 0.0269873}}