{"timestamp": 1782674763, "base": "USD", "data": {"BTC": 59415, "ETH": 1567.3, "USDT": 0.998558, "BNB": 549.92, "USDC": 0.999701, "XRP": 1.043, "SOL": 70.9, "TRX": 0.322721, "FIGR_HELOC": 1.044, "HYPE": 61.92, "DOGE": 0.072994, "USDS": 0.999527, "RAIN": 0.01552467, "LEO": 9.43, "ZEC": 384.22, "XMR": 312.65, "CC": 0.150394, "XLM": 0.170618, "WBT": 47.49, "LINK": 7.23, "ADA": 0.142887, "LAB": 16.94, "USD1": 0.999192, "DAI": 0.999476, "USDE": 0.998156, "GRAM": 1.54, "BCH": 190.21, "LTC": 42.51, "USYC": 1.13, "HBAR": 0.070819, "USDG": 0.999865, "PYUSD": 0.999855, "SUI": 0.680588, "AVAX": 6.32, "XAUT": 4065.48, "CRO": 0.053849, "SHIB": 4.15e-06, "NEAR": 1.83, "BUIDL": 1.0, "USDY": 1.14, "TAO": 205.53, "PAXG": 4067.57, "WLFI": 0.057649, "UNI": 2.89, "ASTER": 0.619198, "OKB": 77.74, "RLUSD": 1.0, "WLD": 0.438316, "HTX": 1.68e-06, "ONDO": 0.307321, "USDF": 0.994978, "MNT": 0.426316, "USDD": 0.998583, "AAVE": 90.05, "DOT": 0.807895, "PI": 0.125171, "BFUSD": 0.998371, "ICP": 2.15, "SKY": 0.04967877, "BGB": 1.63, "MORPHO": 1.72, "ETC": 7.02, "DEXE": 22.46, "U": 0.999565, "PEPE": 2.36e-06, "BCAP": 107.03, "EUTBL": 1.2, "M": 0.714145, "QNT": 64.61, "KCS": 6.74, "JTRSY": 1.11, "STABLE": 0.03595719, "USDGO": 0.999887, "ATOM": 1.57, "RENDER": 1.53, "ALGO": 0.086364, "USTB": 11.13, "VELVET": 1.82, "KAS": 0.02765008, "POL": 0.071139, "JST": 0.088562, "USDTB": 0.999715, "BEAT": 2.46, "NEXO": 0.706464, "ENA": 0.075235, "JUP": 0.210447, "GT": 6.56, "\u5e01\u5b89\u4eba\u751f": 0.694001, "JAAA": 1.039, "BDX": 0.085764, "ADI": 5.04, "VVV": 13.15, "EURSAFO": 1.15, "GHO": 0.997806, "PUMP": 0.00141762, "FLR": 0.00659857, "FIL": 0.71942, "YLDS": 0.999566, "XDC": 0.02775461, "USD0": 0.998525}}