{"timestamp": 1780210349, "base": "USD", "data": {"BTC": 73960, "ETH": 2027.52, "USDT": 0.998569, "BNB": 732.24, "XRP": 1.34, "USDC": 0.999611, "SOL": 82.85, "TRX": 0.346961, "FIGR_HELOC": 1.017, "DOGE": 0.100724, "HYPE": 69.07, "USDS": 0.999567, "LEO": 10.06, "ZEC": 551.92, "RAIN": 0.01432528, "ADA": 0.237492, "XLM": 0.232193, "XMR": 371.23, "LINK": 9.22, "WBT": 54.25, "BCH": 305.5, "CC": 0.154176, "TON": 1.88, "USD1": 0.998315, "USDE": 0.99908, "DAI": 0.999456, "HBAR": 0.096624, "LTC": 52.4, "AVAX": 9.02, "M": 2.97, "SUI": 0.909695, "LAB": 8.78, "SHIB": 5.51e-06, "PYUSD": 0.999774, "CRO": 0.067999, "NEAR": 2.32, "USYC": 1.13, "XAUT": 4515.14, "USDG": 0.999867, "TAO": 259.2, "BUIDL": 1.0, "MNT": 0.679686, "USDY": 1.13, "PAXG": 4526.08, "DOT": 1.19, "OKB": 93.77, "ASTER": 0.763101, "UNI": 3.05, "WLFI": 0.059258, "ONDO": 0.369917, "RLUSD": 0.999702, "USDF": 0.994489, "HTX": 1.82e-06, "PI": 0.149447, "BGB": 2.16, "ICP": 2.71, "SKY": 0.064428, "PEPE": 3.44e-06, "USDD": 0.999592, "MORPHO": 2.17, "BFUSD": 0.997824, "ETC": 8.25, "AAVE": 83.15, "ALGO": 0.12987, "WLD": 0.340691, "RENDER": 2.13, "KCS": 8.0, "U": 0.999607, "USDTB": 0.99897, "QNT": 71.17, "ATOM": 2.0, "EUTBL": 1.23, "BCAP": 107.16, "POL": 0.090952, "USTB": 11.1, "DEXE": 18.7, "NEXO": 0.869725, "JTRSY": 1.1, "STABLE": 0.0367873, "VVV": 18.23, "KAS": 0.0303944, "ENA": 0.090968, "JST": 0.092183, "GT": 7.34, "APT": 0.945857, "FIL": 0.968462, "H": 0.387569, "XDC": 0.03364555, "FLR": 0.00774388, "INJ": 6.51, "ARB": 0.103789, "NIGHT": 0.03882973, "PUMP": 0.00179602, "BDX": 0.080077, "JUP": 0.186228, "FET": 0.26862, "GHO": 0.998851, "HASH": 0.01066932, "USD0": 0.998431, "APXUSD": 0.999702}}