{"timestamp": 1782407087, "base": "USD", "data": {"BTC": 59216, "ETH": 1559.3, "USDT": 0.998676, "BNB": 553.62, "USDC": 0.999866, "XRP": 1.029, "SOL": 65.84, "TRX": 0.323225, "FIGR_HELOC": 1.028, "HYPE": 61.3, "DOGE": 0.073277, "USDS": 0.999666, "RAIN": 0.0157559, "LEO": 9.35, "ZEC": 397.57, "XLM": 0.176065, "CC": 0.150995, "LAB": 18.69, "XMR": 306.83, "WBT": 47.94, "LINK": 7.18, "ADA": 0.142575, "USD1": 0.998928, "DAI": 0.999678, "USDE": 0.998243, "GRAM": 1.55, "BCH": 188.59, "HBAR": 0.072046, "USYC": 1.13, "LTC": 40.37, "USDG": 0.99998, "PYUSD": 1.0, "SUI": 0.678018, "AVAX": 6.1, "CRO": 0.05421, "SHIB": 4.18e-06, "XAUT": 4018.12, "BUIDL": 1.0, "NEAR": 1.84, "USDY": 1.14, "TAO": 209.76, "WLFI": 0.05898, "PAXG": 4022.17, "UNI": 2.83, "WLD": 0.483649, "ASTER": 0.618016, "RLUSD": 1.0, "OKB": 74.65, "HTX": 1.68e-06, "ONDO": 0.308046, "MNT": 0.448845, "USDF": 0.99357, "DOT": 0.84832, "USDD": 1.001, "PI": 0.123457, "BFUSD": 0.998373, "AAVE": 80.79, "SKY": 0.051729, "ICP": 2.16, "M": 0.875897, "BGB": 1.63, "MORPHO": 1.72, "ETC": 6.95, "DEXE": 23.19, "U": 0.999895, "BCAP": 107.03, "PEPE": 2.31e-06, "QNT": 65.94, "EUTBL": 1.2, "USDTB": 0.999811, "KCS": 6.78, "JTRSY": 1.11, "STABLE": 0.03606604, "ATOM": 1.6, "RENDER": 1.51, "USTB": 11.13, "ALGO": 0.085017, "POL": 0.070728, "KAS": 0.02736472, "ENA": 0.080229, "NEXO": 0.719908, "JUP": 0.216841, "\u5e01\u5b89\u4eba\u751f": 0.699394, "JST": 0.081584, "GT": 6.43, "JAAA": 1.039, "BDX": 0.087539, "VVV": 13.72, "BEAT": 2.08, "EURSAFO": 1.15, "GHO": 0.998205, "FLR": 0.00684853, "FIL": 0.715357, "YLDS": 0.999824, "XDC": 0.02822279, "ADI": 4.49, "USD0": 0.998872, "NIGHT": 0.03128716, "USX": 0.999482, "HASH": 0.00917263}}