{"timestamp": 1783779727, "base": "USD", "data": {"BTC": 64242, "ETH": 1802.16, "USDT": 0.999262, "BNB": 581.59, "USDC": 0.999902, "XRP": 1.11, "SOL": 78.23, "TRX": 0.331316, "FIGR_HELOC": 1.033, "HYPE": 66.81, "DOGE": 0.074972, "USDS": 0.999742, "RAIN": 0.01433174, "LEO": 9.5, "ZEC": 503.79, "WBT": 56.21, "XLM": 0.19147, "ADA": 0.16792, "LINK": 8.04, "XMR": 319.96, "CC": 0.134945, "BCH": 248.11, "DAI": 0.999674, "GRAM": 1.68, "USD1": 0.99923, "USDE": 0.999806, "LTC": 45.09, "USDG": 0.9994, "USYC": 1.13, "SUI": 0.744621, "HBAR": 0.068603, "AVAX": 6.75, "BUIDL": 1.0, "PYUSD": 0.999803, "CRO": 0.05644, "SHIB": 4.4e-06, "XAUT": 4106.73, "NEAR": 1.91, "UNI": 3.76, "USDY": 1.13, "TAO": 212.82, "WLFI": 0.058209, "PAXG": 4109.96, "DEXE": 36.78, "OKB": 80.81, "ASTER": 0.630616, "M": 1.27, "HTX": 1.84e-06, "ONDO": 0.335558, "USDD": 0.999173, "RLUSD": 1.0, "AAVE": 99.39, "DOT": 0.878616, "MORPHO": 2.24, "WLD": 0.409018, "USDF": 0.995316, "MNT": 0.42729, "SKY": 0.059822, "BFUSD": 0.99877, "ICP": 2.27, "PEPE": 2.81e-06, "BGB": 1.65, "ETC": 7.08, "PI": 0.098843, "U": 0.999706, "EUTBL": 1.2, "QNT": 67.07, "BCAP": 106.63, "KCS": 7.0, "USDGO": 0.999991, "BEAT": 2.88, "JTRSY": 1.11, "JST": 0.100382, "STABLE": 0.03513524, "POL": 0.079803, "ATOM": 1.6, "RENDER": 1.57, "KAS": 0.02955477, "ADI": 6.36, "ENA": 0.083071, "USTB": 11.14, "ALGO": 0.086653, "EURSAFO": 1.15, "NEXO": 0.748184, "USDTB": 1.0, "GT": 6.74, "JUP": 0.210374, "BDX": 0.088757, "\u5e01\u5b89\u4eba\u751f": 0.684546, "JAAA": 1.041, "LIT": 2.59, "FIL": 0.792002, "ARB": 0.094989, "GHO": 0.998467, "PUMP": 0.00145249, "FLR": 0.00663999, "USD0": 0.998853, "XDC": 0.02715886, "YLDS": 0.999798, "APT": 0.63914}}