{"timestamp": 1784621408, "base": "USD", "data": {"BTC": 66158, "ETH": 1932.5, "USDT": 0.999166, "BNB": 576.38, "USDC": 0.999898, "XRP": 1.13, "SOL": 78.46, "TRX": 0.32619, "FIGR_HELOC": 1.001, "HYPE": 62.88, "DOGE": 0.073355, "USDS": 0.99987, "RAIN": 0.0140391, "ZEC": 548.68, "LEO": 9.72, "WBT": 57.77, "ADA": 0.175866, "XLM": 0.19175, "LINK": 8.73, "XMR": 345.18, "CC": 0.124178, "DAI": 0.999876, "BCH": 223.77, "USD1": 0.998905, "USDE": 0.999775, "GRAM": 1.45, "LTC": 47.5, "USDG": 0.999678, "SUI": 0.776115, "USYC": 1.13, "HBAR": 0.067436, "AVAX": 6.66, "PYUSD": 0.999791, "CRO": 0.057919, "NEAR": 2.01, "BUIDL": 1.0, "SHIB": 4.28e-06, "XAUT": 4061.46, "UNI": 3.72, "USDY": 1.14, "TAO": 198.98, "ONDO": 0.390621, "DEXE": 39.16, "PAXG": 4058.34, "WLFI": 0.056925, "OKB": 82.21, "ASTER": 0.631154, "HTX": 1.85e-06, "RLUSD": 0.9999, "M": 1.18, "USDD": 0.999296, "SKY": 0.063511, "AAVE": 94.8, "DOT": 0.856176, "USDF": 0.996253, "MNT": 0.429888, "WLD": 0.383933, "MORPHO": 2.03, "BFUSD": 0.998163, "ICP": 2.22, "PEPE": 2.92e-06, "BGB": 1.66, "ETC": 7.03, "U": 1.0, "EUTBL": 1.21, "USDGO": 0.99977, "PI": 0.090986, "BCAP": 106.19, "QNT": 64.29, "KCS": 6.78, "STABLE": 0.03724527, "POL": 0.081651, "JTRSY": 1.11, "ADI": 6.73, "EURSAFO": 1.15, "JST": 0.101207, "ENA": 0.085401, "PUMP": 0.00203966, "RENDER": 1.54, "ATOM": 1.51, "KAS": 0.0285034, "USTB": 11.15, "NEXO": 0.76978, "ALGO": 0.084589, "GT": 6.73, "BEAT": 2.28, "JAAA": 1.041, "BDX": 0.08442, "JUP": 0.199183, "GHO": 0.999018, "\u5e01\u5b89\u4eba\u751f": 0.628992, "VVV": 12.75, "ARB": 0.090764, "FIL": 0.745245, "LIT": 2.31, "XDC": 0.02865157, "FLR": 0.00653626, "YLDS": 0.999876, "USD0": 0.998946, "INJ": 5.35}}