{"timestamp": 1778551886, "base": "USD", "data": {"BTC": 81258, "ETH": 2314.87, "USDT": 0.999656, "XRP": 1.47, "BNB": 664.36, "USDC": 0.999869, "SOL": 96.63, "TRX": 0.350332, "FIGR_HELOC": 1.03, "DOGE": 0.111209, "WBT": 59.68, "USDS": 0.999797, "ADA": 0.278353, "HYPE": 41.42, "LEO": 10.14, "ZEC": 554.78, "BCH": 444.2, "LINK": 10.5, "XMR": 412.01, "TON": 2.4, "CC": 0.163334, "XLM": 0.166986, "SUI": 1.28, "LTC": 57.99, "USD1": 0.999001, "DAI": 0.999644, "AVAX": 10.06, "M": 3.26, "HBAR": 0.095973, "USDE": 0.999414, "SHIB": 6.56e-06, "RAIN": 0.00752958, "USDG": 0.999958, "CRO": 0.079916, "PYUSD": 0.999899, "TAO": 318.12, "USYC": 1.12, "XAUT": 4717.91, "UNI": 3.83, "BUIDL": 1.0, "DOT": 1.35, "MNT": 0.686095, "PAXG": 4719.27, "ONDO": 0.440188, "WLFI": 0.067063, "NEAR": 1.52, "USDY": 1.13, "OKB": 86.57, "ICP": 3.28, "PEPE": 4.29e-06, "HTX": 1.97e-06, "USDF": 0.999456, "PI": 0.170519, "ASTER": 0.684225, "SKY": 0.074578, "RLUSD": 0.999994, "AAVE": 99.93, "ETC": 9.63, "BGB": 2.12, "USDD": 0.999882, "MORPHO": 2.13, "BFUSD": 0.999303, "KCS": 8.48, "JTRSY": 1.1, "ENA": 0.125714, "KAS": 0.03994706, "ALGO": 0.121875, "POL": 0.101544, "QNT": 72.47, "U": 1.0, "ATOM": 2.02, "USTB": 11.08, "RENDER": 1.92, "EUTBL": 1.24, "BCAP": 105.87, "WLD": 0.276196, "NEXO": 0.916054, "APT": 1.11, "FIL": 1.11, "ARB": 0.139522, "SIREN": 1.15, "JUP": 0.246733, "VVV": 17.4, "GT": 7.47, "STABLE": 0.03468087, "FLR": 0.00889655, "JST": 0.088005, "PUMP": 0.00205337, "VET": 0.00772185, "BONK": 7.44e-06, "PENGU": 0.01010213, "XDC": 0.0317164, "B": 0.617002, "BDX": 0.079736, "OUSG": 115.21, "NIGHT": 0.03537851, "DEXE": 12.54, "GHO": 0.9995, "DASH": 45.56, "TRUMP": 2.41}}