{"timestamp": 1784318368, "base": "USD", "data": {"BTC": 64129, "ETH": 1842.58, "USDT": 0.999293, "BNB": 567.55, "USDC": 0.999905, "XRP": 1.091, "SOL": 75.13, "TRX": 0.322735, "FIGR_HELOC": 1.008, "HYPE": 60.17, "DOGE": 0.072619, "USDS": 0.999856, "RAIN": 0.01415672, "ZEC": 546.01, "LEO": 9.8, "WBT": 55.86, "XLM": 0.187212, "ADA": 0.165833, "LINK": 8.24, "XMR": 326.68, "CC": 0.127946, "DAI": 0.999956, "BCH": 220.08, "USD1": 0.999135, "GRAM": 1.5, "USDE": 0.999745, "LTC": 45.07, "USDG": 1.002, "USYC": 1.13, "SUI": 0.738413, "HBAR": 0.066071, "AVAX": 6.57, "PYUSD": 0.999847, "BUIDL": 1.0, "CRO": 0.058978, "NEAR": 1.92, "XAUT": 4008.09, "SHIB": 4.14e-06, "UNI": 3.54, "USDY": 1.14, "TAO": 193.45, "ONDO": 0.374853, "WLFI": 0.056905, "PAXG": 4005.29, "OKB": 81.0, "ASTER": 0.62012, "DEXE": 35.27, "M": 1.23, "HTX": 1.81e-06, "RLUSD": 1.0, "USDD": 0.999232, "DOT": 0.852456, "USDF": 0.995586, "MNT": 0.428326, "SKY": 0.059352, "AAVE": 90.41, "WLD": 0.383185, "BFUSD": 0.998597, "ICP": 2.14, "PEPE": 2.75e-06, "BGB": 1.64, "ETC": 7.02, "U": 0.999811, "USDGO": 0.999995, "EUTBL": 1.21, "BCAP": 106.19, "QNT": 65.98, "MORPHO": 1.97, "KCS": 6.65, "POL": 0.082765, "PI": 0.080487, "JTRSY": 1.11, "STABLE": 0.0352535, "EURSAFO": 1.15, "ADI": 6.6, "JST": 0.097342, "ATOM": 1.51, "ENA": 0.081948, "KAS": 0.02798693, "RENDER": 1.48, "USTB": 11.15, "BEAT": 2.45, "NEXO": 0.751151, "ALGO": 0.08259, "GT": 6.67, "\u5e01\u5b89\u4eba\u751f": 0.693633, "JAAA": 1.041, "PUMP": 0.00166817, "BDX": 0.0845, "JUP": 0.197357, "FIL": 0.764036, "GHO": 0.998779, "LIT": 2.29, "ARB": 0.089746, "FLR": 0.00657065, "XDC": 0.02782377, "USD0": 0.998835, "YLDS": 0.999816, "VVV": 11.16, "USX": 1.0}}