{"timestamp": 1779057890, "base": "USD", "data": {"BTC": 78018, "ETH": 2181.4, "USDT": 0.999442, "BNB": 654.62, "XRP": 1.41, "USDC": 0.999872, "SOL": 86.28, "TRX": 0.35618, "FIGR_HELOC": 1.039, "DOGE": 0.110027, "WBT": 57.54, "USDS": 0.999575, "HYPE": 46.68, "ADA": 0.253934, "LEO": 10.1, "ZEC": 539.9, "BCH": 411.96, "XMR": 394.27, "LINK": 9.7, "CC": 0.153242, "TON": 1.96, "XLM": 0.150832, "USD1": 0.999954, "DAI": 0.999484, "USDE": 0.9999, "LTC": 55.92, "SUI": 1.064, "M": 3.2, "AVAX": 9.25, "HBAR": 0.090351, "RAIN": 0.00749707, "PYUSD": 0.999673, "SHIB": 5.8e-06, "CRO": 0.071124, "USDG": 0.999636, "USYC": 1.12, "XAUT": 4544.19, "BUIDL": 1.0, "TAO": 264.6, "UNI": 3.54, "PAXG": 4547.5, "DOT": 1.27, "MNT": 0.643937, "NEAR": 1.51, "WLFI": 0.060421, "USDY": 1.13, "HTX": 1.98e-06, "USDF": 0.99792, "OKB": 83.43, "ONDO": 0.351372, "ASTER": 0.66209, "PI": 0.159765, "SKY": 0.070293, "PEPE": 3.73e-06, "RLUSD": 0.999906, "USDD": 0.999482, "ICP": 2.58, "ETC": 8.96, "BGB": 2.01, "AAVE": 90.18, "BFUSD": 0.999, "MORPHO": 1.77, "QNT": 76.64, "KCS": 8.08, "USDTB": 0.999356, "JTRSY": 1.1, "ATOM": 2.05, "U": 1.0, "EUTBL": 1.22, "USTB": 11.08, "POL": 0.091843, "ALGO": 0.109176, "BCAP": 105.87, "ENA": 0.106115, "RENDER": 1.82, "KAS": 0.03447312, "NEXO": 0.874127, "WLD": 0.240428, "STABLE": 0.03544397, "FLR": 0.00916118, "APT": 0.943377, "GT": 7.19, "JST": 0.088384, "FIL": 0.96223, "ARB": 0.11841, "VVV": 14.72, "JUP": 0.197634, "XDC": 0.03142096, "PUMP": 0.00175231, "DEXE": 13.28, "BDX": 0.078759, "GHO": 0.999342, "VET": 0.00675241, "HASH": 0.01050221, "USD0": 0.998177, "OUSG": 115.25, "BONK": 6.15e-06, "PENGU": 0.00851452, "NIGHT": 0.03196063, "DASH": 41.78}}