{"timestamp": 1779537309, "base": "USD", "data": {"BTC": 74714, "ETH": 2029.38, "USDT": 0.998839, "BNB": 639.32, "XRP": 1.32, "USDC": 0.999781, "SOL": 82.23, "TRX": 0.358823, "FIGR_HELOC": 1.022, "DOGE": 0.099282, "HYPE": 55.05, "USDS": 0.999627, "ZEC": 584.74, "LEO": 9.91, "ADA": 0.237996, "BCH": 345.63, "XMR": 374.83, "LINK": 9.18, "WBT": 54.98, "CC": 0.156539, "USD1": 0.99917, "TON": 1.76, "XLM": 0.141122, "USDE": 0.999089, "DAI": 0.999528, "SUI": 1.002, "LTC": 52.0, "AVAX": 8.89, "HBAR": 0.085833, "PYUSD": 0.999717, "M": 2.74, "RAIN": 0.00723128, "SHIB": 5.51e-06, "CRO": 0.067842, "USYC": 1.13, "USDG": 0.999785, "NEAR": 2.07, "XAUT": 4491.4, "BUIDL": 1.0, "TAO": 260.24, "USDY": 1.13, "PAXG": 4493.42, "MNT": 0.636336, "UNI": 3.3, "DOT": 1.22, "WLFI": 0.061271, "ONDO": 0.39309, "HTX": 2e-06, "USDF": 0.997203, "RLUSD": 0.999893, "ASTER": 0.670614, "OKB": 80.81, "SKY": 0.069637, "PI": 0.148981, "USDD": 0.99907, "PEPE": 3.48e-06, "BGB": 1.96, "ICP": 2.46, "ETC": 8.65, "BFUSD": 0.998611, "AAVE": 83.19, "MORPHO": 1.94, "QNT": 75.79, "USDTB": 0.999168, "EUTBL": 1.22, "KCS": 7.81, "ATOM": 2.02, "U": 0.999766, "ALGO": 0.110003, "USTB": 11.09, "BCAP": 105.74, "JTRSY": 1.1, "POL": 0.08781, "RENDER": 1.8, "WLD": 0.268904, "KAS": 0.03262738, "ENA": 0.095427, "NEXO": 0.854395, "VVV": 17.46, "JST": 0.093041, "STABLE": 0.03343321, "APT": 0.910193, "GT": 6.89, "FIL": 0.933089, "FLR": 0.00821937, "ARB": 0.104804, "DEXE": 13.84, "JUP": 0.191568, "XDC": 0.03132352, "HASH": 0.01154192, "BDX": 0.078899, "GHO": 0.998788, "PUMP": 0.00164299, "USD0": 0.998498, "OUSG": 115.33, "VET": 0.0064182, "DASH": 43.09, "PENGU": 0.00858969, "NIGHT": 0.03196465, "APXUSD": 0.999618}}