{"timestamp": 1781513490, "base": "USD", "data": {"BTC": 65712, "ETH": 1718.91, "USDT": 0.999257, "BNB": 616.08, "USDC": 0.999677, "XRP": 1.18, "SOL": 71.36, "TRX": 0.319943, "FIGR_HELOC": 1.018, "HYPE": 65.9, "DOGE": 0.088735, "USDS": 0.99965, "LEO": 9.78, "RAIN": 0.01350471, "ZEC": 494.35, "ADA": 0.181263, "XLM": 0.190443, "CC": 0.16397, "XMR": 338.25, "WBT": 53.44, "LINK": 8.21, "TON": 1.8, "USDE": 0.999309, "USD1": 0.999948, "BCH": 213.34, "DAI": 0.999561, "M": 2.94, "HBAR": 0.081645, "LTC": 45.19, "SUI": 0.796436, "NEAR": 2.41, "LAB": 9.94, "USYC": 1.13, "SHIB": 5e-06, "AVAX": 6.78, "CRO": 0.061569, "PYUSD": 0.999796, "TAO": 276.89, "XAUT": 4319.88, "USDG": 0.999915, "BUIDL": 1.0, "USDY": 1.13, "WLD": 0.588493, "PAXG": 4332.04, "WLFI": 0.060891, "MNT": 0.573449, "ONDO": 0.379517, "DOT": 1.003, "ASTER": 0.63101, "RLUSD": 0.999928, "UNI": 2.61, "OKB": 75.23, "HTX": 1.7e-06, "USDF": 0.995327, "PI": 0.134203, "ICP": 2.53, "USDD": 0.99941, "BFUSD": 0.998701, "SKY": 0.05629, "MORPHO": 1.99, "BEAT": 4.51, "BGB": 1.81, "PEPE": 2.9e-06, "ETC": 7.28, "AAVE": 72.17, "H": 0.594291, "ATOM": 1.97, "QNT": 68.98, "U": 0.999801, "BCAP": 106.96, "EUTBL": 1.22, "USTB": 11.11, "RENDER": 1.84, "KCS": 7.04, "USDTB": 0.999948, "KAS": 0.03266254, "DEXE": 18.87, "JTRSY": 1.11, "ALGO": 0.09457, "STABLE": 0.0348442, "POL": 0.077136, "NEXO": 0.807816, "ENA": 0.085844, "VVV": 15.94, "GT": 6.86, "\u5e01\u5b89\u4eba\u751f": 0.699184, "JAAA": 1.038, "FLR": 0.00798745, "JST": 0.077402, "FIL": 0.802539, "JUP": 0.18807, "BDX": 0.080308, "XDC": 0.03045778, "GHO": 0.998891, "APT": 0.683422, "YLDS": 0.999726, "PUMP": 0.0015958, "USD0": 0.998549, "NIGHT": 0.03282165, "ARB": 0.086753}}