{"timestamp": 1780185272, "base": "USD", "data": {"BTC": 73737, "ETH": 2019.51, "USDT": 0.998579, "BNB": 717.65, "XRP": 1.34, "USDC": 0.999603, "SOL": 82.53, "TRX": 0.347564, "FIGR_HELOC": 1.018, "DOGE": 0.100346, "HYPE": 67.91, "USDS": 0.999607, "LEO": 10.05, "RAIN": 0.01434752, "ZEC": 527.18, "ADA": 0.235349, "XLM": 0.228282, "XMR": 370.57, "LINK": 9.16, "WBT": 54.05, "BCH": 302.51, "CC": 0.153425, "TON": 1.81, "USD1": 0.99849, "USDE": 0.998962, "DAI": 0.99952, "HBAR": 0.094945, "LTC": 52.33, "AVAX": 8.92, "M": 2.88, "SUI": 0.904356, "SHIB": 5.48e-06, "LAB": 8.0, "PYUSD": 0.999905, "CRO": 0.067779, "USYC": 1.13, "NEAR": 2.23, "XAUT": 4502.89, "USDG": 1.0, "BUIDL": 1.0, "TAO": 253.84, "MNT": 0.678151, "USDY": 1.14, "PAXG": 4516.83, "DOT": 1.19, "UNI": 3.05, "ASTER": 0.740218, "OKB": 90.3, "WLFI": 0.058774, "ONDO": 0.375084, "RLUSD": 0.999867, "USDF": 0.995099, "HTX": 1.82e-06, "PI": 0.144186, "BGB": 2.15, "SKY": 0.064139, "ICP": 2.64, "USDD": 0.999206, "PEPE": 3.4e-06, "MORPHO": 2.17, "BFUSD": 0.998064, "ETC": 8.19, "AAVE": 82.62, "WLD": 0.342775, "ALGO": 0.123921, "RENDER": 2.1, "KCS": 7.94, "U": 0.999601, "USDTB": 0.999151, "QNT": 71.35, "ATOM": 2.01, "EUTBL": 1.23, "BCAP": 107.16, "POL": 0.089716, "USTB": 11.1, "JTRSY": 1.1, "STABLE": 0.03680709, "NEXO": 0.8474, "KAS": 0.03078589, "DEXE": 17.85, "JST": 0.096714, "ENA": 0.088122, "VVV": 16.73, "APT": 0.936196, "FIL": 0.96968, "GT": 6.99, "H": 0.377262, "XDC": 0.03374553, "FLR": 0.00772705, "INJ": 6.56, "ARB": 0.103017, "NIGHT": 0.03854283, "PUMP": 0.00177523, "BDX": 0.080116, "FET": 0.274842, "JUP": 0.18433, "GHO": 0.999006, "HASH": 0.01087847, "USD0": 0.998433, "\u5e01\u5b89\u4eba\u751f": 0.542585}}