{"timestamp": 1781041342, "base": "USD", "data": {"BTC": 61831, "ETH": 1651.09, "USDT": 0.999344, "BNB": 594.95, "USDC": 0.999818, "XRP": 1.14, "SOL": 65.09, "TRX": 0.322829, "FIGR_HELOC": 1.033, "DOGE": 0.084889, "HYPE": 58.4, "USDS": 0.999831, "LEO": 9.47, "RAIN": 0.01279711, "ZEC": 444.47, "XLM": 0.194085, "CC": 0.16329, "ADA": 0.166559, "WBT": 51.08, "XMR": 310.8, "LINK": 7.86, "TON": 1.71, "USD1": 0.999339, "USDE": 0.999098, "DAI": 0.999687, "BCH": 204.24, "M": 2.94, "HBAR": 0.079853, "LTC": 43.28, "SUI": 0.749155, "LAB": 9.45, "USYC": 1.13, "AVAX": 6.64, "NEAR": 2.2, "PYUSD": 1.0, "SHIB": 4.67e-06, "CRO": 0.059839, "XAUT": 4244.7, "USDG": 0.999984, "BUIDL": 1.0, "USDY": 1.13, "TAO": 208.5, "PAXG": 4252.67, "MNT": 0.533375, "ONDO": 0.360068, "WLFI": 0.05474, "WLD": 0.511843, "ASTER": 0.622792, "RLUSD": 1.0, "DOT": 0.957971, "HTX": 1.72e-06, "UNI": 2.49, "OKB": 71.77, "USDF": 0.99474, "PI": 0.127742, "USDD": 0.999219, "BEAT": 4.66, "BFUSD": 0.9991, "SKY": 0.05551, "ICP": 2.28, "BGB": 1.79, "MORPHO": 1.92, "PEPE": 2.78e-06, "ETC": 7.02, "U": 0.999803, "EUTBL": 1.21, "USDTB": 0.999656, "BCAP": 106.96, "QNT": 65.94, "AAVE": 62.34, "USTB": 11.11, "ATOM": 1.78, "DEXE": 19.27, "JTRSY": 1.11, "KCS": 6.25, "KAS": 0.03056767, "RENDER": 1.62, "STABLE": 0.03497368, "ALGO": 0.0911, "POL": 0.075277, "NEXO": 0.770611, "ENA": 0.081372, "VVV": 15.48, "JST": 0.082199, "\u5e01\u5b89\u4eba\u751f": 0.688637, "JAAA": 1.037, "GT": 6.38, "SIREN": 0.928333, "XDC": 0.03144444, "BDX": 0.078997, "FIL": 0.766316, "FLR": 0.00704126, "GHO": 0.999349, "INJ": 5.58, "USD0": 0.998796, "APT": 0.662599, "HASH": 0.00993005, "PUMP": 0.00152443, "YLDS": 0.999807, "A7A5": 0.01336939}}