{"timestamp": 1782836223, "base": "USD", "data": {"BTC": 58284, "ETH": 1563.41, "USDT": 0.998371, "USDC": 0.999661, "BNB": 544.76, "XRP": 1.034, "SOL": 73.09, "TRX": 0.315914, "FIGR_HELOC": 1.045, "HYPE": 64.81, "DOGE": 0.070998, "RAIN": 0.01572432, "USDS": 0.999456, "LEO": 9.26, "ZEC": 399.45, "XLM": 0.18242, "XMR": 302.88, "CC": 0.144037, "WBT": 46.53, "ADA": 0.144091, "LINK": 7.15, "USD1": 0.998655, "DAI": 0.999459, "USDE": 0.997909, "LAB": 13.62, "GRAM": 1.55, "BCH": 200.94, "LTC": 41.7, "USYC": 1.13, "HBAR": 0.069716, "USDG": 0.99985, "AVAX": 6.49, "SUI": 0.689536, "PYUSD": 0.999825, "SHIB": 4.21e-06, "XAUT": 4018.18, "CRO": 0.053283, "NEAR": 1.79, "BUIDL": 1.0, "USDY": 1.13, "TAO": 203.28, "WLFI": 0.057763, "PAXG": 4020.78, "UNI": 2.76, "ASTER": 0.626226, "OKB": 78.6, "ONDO": 0.308901, "HTX": 1.63e-06, "WLD": 0.414645, "USDF": 0.99597, "RLUSD": 0.999993, "DOT": 0.813518, "USDD": 0.998403, "MNT": 0.414873, "BFUSD": 0.997914, "AAVE": 85.68, "SKY": 0.053867, "PI": 0.113323, "MORPHO": 1.89, "ICP": 2.1, "BGB": 1.61, "ETC": 6.97, "DEXE": 23.15, "U": 0.999504, "PEPE": 2.32e-06, "BCAP": 106.97, "QNT": 64.61, "STABLE": 0.03859089, "EUTBL": 1.2, "KCS": 6.72, "M": 0.671488, "JTRSY": 1.11, "USTB": 11.13, "USDGO": 0.999976, "KAS": 0.03081411, "BEAT": 2.74, "ATOM": 1.52, "RENDER": 1.51, "POL": 0.069153, "ALGO": 0.082302, "USDTB": 0.999349, "JST": 0.085729, "NEXO": 0.718402, "ADI": 5.56, "VELVET": 1.64, "JUP": 0.206995, "\u5e01\u5b89\u4eba\u751f": 0.684909, "GT": 6.41, "JAAA": 1.039, "BDX": 0.08742, "ENA": 0.070757, "EURSAFO": 1.15, "GHO": 0.997834, "VVV": 12.62, "PUMP": 0.00142236, "FIL": 0.715683, "YLDS": 0.999672, "XDC": 0.02794015, "USD0": 0.998418, "FLR": 0.00637613}}