{"timestamp": 1776700963, "base": "USD", "data": {"BTC": 75662, "ETH": 2312.74, "USDT": 1.0, "XRP": 1.43, "BNB": 628.69, "USDC": 0.999893, "SOL": 85.79, "TRX": 0.327855, "FIGR_HELOC": 1.017, "DOGE": 0.094858, "WBT": 54.75, "USDS": 0.999853, "HYPE": 41.15, "LEO": 10.29, "ADA": 0.247433, "BCH": 442.26, "LINK": 9.26, "XMR": 352.25, "M": 3.57, "CC": 0.155743, "XLM": 0.170862, "USDE": 0.999674, "ZEC": 310.38, "DAI": 0.999628, "USD1": 1.0, "LTC": 55.05, "PYUSD": 0.999845, "AVAX": 9.22, "HBAR": 0.089833, "SUI": 0.943667, "RAIN": 0.00749027, "SHIB": 6.02e-06, "TON": 1.32, "CRO": 0.069868, "USYC": 1.12, "XAUT": 4781.33, "BUIDL": 1.0, "WLFI": 0.078034, "TAO": 245.5, "PAXG": 4786.11, "USDG": 0.999958, "DOT": 1.27, "UNI": 3.23, "MNT": 0.623421, "SKY": 0.079432, "USDF": 0.998073, "PI": 0.172607, "NEAR": 1.35, "OKB": 83.25, "ASTER": 0.679094, "HTX": 1.8e-06, "PEPE": 3.78e-06, "JTRSY": 1.1, "RLUSD": 1.0, "ICP": 2.45, "BGB": 1.89, "AAVE": 87.17, "USDY": 1.13, "BFUSD": 0.999902, "USDD": 1.001, "ETC": 8.39, "ONDO": 0.253229, "KCS": 8.61, "GT": 7.19, "QNT": 74.43, "MORPHO": 1.95, "PUMP": 0.00182341, "U": 1.001, "ENA": 0.11565, "EUTBL": 1.24, "POL": 0.093199, "KAS": 0.03464086, "RENDER": 1.78, "ATOM": 1.8, "ALGO": 0.101788, "NEXO": 0.895188, "USDTB": 0.99961, "USTB": 11.06, "WLD": 0.26295, "ARB": 0.127906, "APT": 0.942112, "BCAP": 82.76, "FIL": 0.922285, "FLR": 0.008108, "TRUMP": 2.87, "DEXE": 14.15, "JST": 0.073362, "HASH": 0.01116496, "BDX": 0.079945, "VET": 0.00711777, "JUP": 0.170914, "XDC": 0.0303902, "OUSG": 114.95, "NIGHT": 0.03572181, "YLDS": 0.999989, "GHO": 0.99883, "STABLE": 0.02557905, "USD0": 0.998208, "BONK": 6.09e-06, "SIREN": 0.717991}}