{"timestamp": 1778881929, "base": "USD", "data": {"BTC": 79016, "ETH": 2217.7, "USDT": 0.999424, "BNB": 672.22, "XRP": 1.43, "USDC": 0.999805, "SOL": 89.1, "TRX": 0.351562, "FIGR_HELOC": 1.03, "DOGE": 0.113022, "WBT": 58.33, "USDS": 0.999589, "HYPE": 44.02, "ADA": 0.261071, "LEO": 10.12, "ZEC": 518.36, "BCH": 424.69, "LINK": 10.05, "XMR": 380.18, "CC": 0.157277, "TON": 1.96, "XLM": 0.154352, "USD1": 0.999704, "LTC": 57.23, "SUI": 1.095, "DAI": 0.999677, "USDE": 0.999751, "M": 3.24, "AVAX": 9.52, "HBAR": 0.092763, "SHIB": 6.12e-06, "RAIN": 0.00749329, "PYUSD": 0.999648, "CRO": 0.072679, "USYC": 1.12, "USDG": 0.999681, "TAO": 285.68, "XAUT": 4535.3, "BUIDL": 1.0, "UNI": 3.6, "DOT": 1.31, "MNT": 0.66201, "PAXG": 4538.75, "WLFI": 0.066072, "NEAR": 1.53, "USDY": 1.13, "OKB": 84.99, "USDF": 0.998059, "HTX": 1.96e-06, "ONDO": 0.363762, "PI": 0.166592, "ASTER": 0.669215, "SKY": 0.071051, "PEPE": 3.9e-06, "RLUSD": 1.0, "USDD": 0.999277, "ICP": 2.62, "ETC": 9.23, "BGB": 2.05, "AAVE": 92.73, "BFUSD": 0.999194, "MORPHO": 1.83, "QNT": 77.46, "KCS": 8.19, "USDTB": 1.006, "JTRSY": 1.1, "U": 0.999383, "EUTBL": 1.22, "ALGO": 0.112672, "USTB": 11.08, "ENA": 0.111098, "ATOM": 1.94, "RENDER": 1.88, "KAS": 0.03525707, "BCAP": 105.87, "POL": 0.090475, "NEXO": 0.894788, "WLD": 0.243884, "STABLE": 0.03594837, "APT": 0.98821, "FLR": 0.00935152, "FIL": 1.005, "JST": 0.091199, "GT": 7.26, "ARB": 0.124914, "JUP": 0.209755, "XDC": 0.03315194, "PUMP": 0.001794, "VVV": 13.73, "DEXE": 13.26, "HASH": 0.01153404, "BDX": 0.078848, "VET": 0.00700637, "UB": 0.241509, "GHO": 0.999342, "BONK": 6.54e-06, "USD0": 0.99815, "OUSG": 115.25, "DASH": 43.48, "PENGU": 0.00876583}}