{"timestamp": 1782787371, "base": "USD", "data": {"BTC": 59932, "ETH": 1589.89, "USDT": 0.998552, "BNB": 555.71, "USDC": 0.999673, "XRP": 1.048, "SOL": 74.3, "TRX": 0.319366, "FIGR_HELOC": 1.045, "HYPE": 65.78, "DOGE": 0.072429, "RAIN": 0.01595477, "USDS": 0.999523, "LEO": 9.52, "ZEC": 399.86, "XLM": 0.178263, "XMR": 312.69, "WBT": 47.59, "CC": 0.142683, "LINK": 7.3, "ADA": 0.144219, "USD1": 0.998793, "DAI": 0.999738, "LAB": 14.68, "USDE": 0.998215, "GRAM": 1.6, "BCH": 199.51, "LTC": 42.55, "USYC": 1.13, "HBAR": 0.070934, "USDG": 0.999915, "AVAX": 6.65, "SUI": 0.693017, "PYUSD": 0.999725, "SHIB": 4.24e-06, "CRO": 0.05372, "XAUT": 3955.46, "NEAR": 1.83, "BUIDL": 1.0, "USDY": 1.14, "TAO": 205.61, "WLFI": 0.059892, "PAXG": 3954.74, "UNI": 2.87, "OKB": 79.61, "ASTER": 0.621633, "RLUSD": 0.999892, "ONDO": 0.312735, "HTX": 1.67e-06, "WLD": 0.409315, "USDF": 0.994577, "MNT": 0.428847, "DOT": 0.816275, "AAVE": 90.25, "USDD": 0.9987, "BFUSD": 0.998154, "PI": 0.116473, "SKY": 0.05273, "MORPHO": 1.89, "ICP": 2.16, "BGB": 1.62, "ETC": 7.04, "DEXE": 23.1, "U": 0.999603, "PEPE": 2.33e-06, "BCAP": 106.97, "QNT": 65.3, "EUTBL": 1.2, "STABLE": 0.03885837, "KCS": 6.93, "USTB": 11.13, "JTRSY": 1.11, "M": 0.651153, "USDGO": 1.0, "KAS": 0.03070987, "RENDER": 1.55, "BEAT": 2.75, "ATOM": 1.52, "ALGO": 0.085142, "POL": 0.069801, "JST": 0.087046, "USDTB": 0.999722, "NEXO": 0.721206, "ENA": 0.07738, "JUP": 0.211501, "GT": 6.56, "ADI": 5.56, "BDX": 0.089863, "\u5e01\u5b89\u4eba\u751f": 0.690777, "JAAA": 1.039, "VELVET": 1.6, "EURSAFO": 1.15, "VVV": 12.96, "PUMP": 0.00147649, "GHO": 0.997845, "FIL": 0.724078, "FLR": 0.00653208, "YLDS": 0.999646, "XDC": 0.02797671, "USD0": 0.998523}}