{"timestamp": 1779563056, "base": "USD", "data": {"BTC": 75737, "ETH": 2070.91, "USDT": 0.998824, "BNB": 650.45, "XRP": 1.34, "USDC": 0.99982, "SOL": 84.59, "TRX": 0.360586, "FIGR_HELOC": 1.03, "DOGE": 0.102179, "HYPE": 58.44, "USDS": 0.99962, "ZEC": 608.8, "LEO": 9.96, "ADA": 0.243743, "BCH": 351.48, "XMR": 379.67, "LINK": 9.37, "WBT": 55.89, "CC": 0.159635, "XLM": 0.145435, "TON": 1.8, "USD1": 0.999236, "USDE": 0.999098, "DAI": 0.999638, "SUI": 1.049, "LTC": 53.22, "AVAX": 9.28, "HBAR": 0.088166, "M": 2.89, "PYUSD": 0.999846, "RAIN": 0.00744929, "SHIB": 5.62e-06, "NEAR": 2.38, "CRO": 0.068679, "USYC": 1.13, "USDG": 0.99983, "XAUT": 4502.62, "TAO": 273.01, "BUIDL": 1.0, "UNI": 3.43, "MNT": 0.65683, "DOT": 1.28, "USDY": 1.13, "PAXG": 4506.81, "ONDO": 0.417505, "WLFI": 0.062647, "HTX": 2e-06, "USDF": 0.997207, "RLUSD": 1.0, "ASTER": 0.678873, "OKB": 81.74, "SKY": 0.070341, "PI": 0.151181, "PEPE": 3.61e-06, "USDD": 0.999062, "ICP": 2.57, "ETC": 8.94, "BGB": 1.96, "BFUSD": 0.998502, "MORPHO": 2.07, "AAVE": 86.25, "QNT": 77.3, "USDTB": 0.999132, "KCS": 7.96, "ATOM": 2.08, "EUTBL": 1.22, "WLD": 0.302738, "U": 1.0, "ALGO": 0.113784, "RENDER": 1.93, "USTB": 11.09, "POL": 0.090502, "BCAP": 105.74, "JTRSY": 1.1, "KAS": 0.03349702, "ENA": 0.100909, "NEXO": 0.867263, "VVV": 17.85, "APT": 0.964918, "JST": 0.091828, "STABLE": 0.0337156, "FIL": 0.978372, "GT": 6.98, "FLR": 0.00829671, "ARB": 0.109671, "JUP": 0.203698, "DEXE": 13.72, "XDC": 0.03120954, "PUMP": 0.00174765, "BDX": 0.078583, "HASH": 0.01117616, "GHO": 0.998872, "DASH": 45.0, "VET": 0.00663691, "PENGU": 0.00896696, "NIGHT": 0.03339631, "USD0": 0.998526, "OUSG": 115.33, "BONK": 6.08e-06}}