{"timestamp": 1784364221, "base": "USD", "data": {"BTC": 63939, "ETH": 1846.31, "USDT": 0.999238, "BNB": 567.84, "USDC": 0.999879, "XRP": 1.09, "SOL": 74.93, "TRX": 0.323013, "FIGR_HELOC": 1.026, "HYPE": 59.12, "DOGE": 0.072296, "USDS": 0.999813, "RAIN": 0.01409856, "ZEC": 540.68, "LEO": 9.77, "WBT": 55.79, "XLM": 0.184747, "ADA": 0.16658, "LINK": 8.26, "XMR": 328.35, "CC": 0.125853, "DAI": 0.999739, "BCH": 218.85, "USD1": 0.999218, "GRAM": 1.48, "USDE": 0.999813, "LTC": 45.45, "USDG": 1.004, "USYC": 1.13, "SUI": 0.738421, "HBAR": 0.066381, "PYUSD": 0.999816, "CRO": 0.060825, "AVAX": 6.59, "BUIDL": 1.0, "NEAR": 1.92, "XAUT": 4010.77, "SHIB": 4.16e-06, "UNI": 3.52, "USDY": 1.14, "TAO": 194.36, "WLFI": 0.057723, "ONDO": 0.370319, "PAXG": 4010.19, "OKB": 81.23, "ASTER": 0.620988, "M": 1.24, "HTX": 1.82e-06, "DEXE": 34.89, "RLUSD": 1.0, "USDD": 0.999231, "DOT": 0.842596, "USDF": 0.99561, "SKY": 0.059844, "MNT": 0.422439, "WLD": 0.380097, "AAVE": 88.35, "BFUSD": 0.998499, "MORPHO": 1.97, "ICP": 2.15, "BGB": 1.64, "PEPE": 2.72e-06, "ETC": 7.06, "U": 0.999736, "USDGO": 0.999805, "EUTBL": 1.21, "BCAP": 106.19, "QNT": 64.86, "KCS": 6.62, "PI": 0.08182, "STABLE": 0.03538828, "JTRSY": 1.11, "POL": 0.080734, "EURSAFO": 1.15, "ADI": 6.53, "JST": 0.098791, "ATOM": 1.5, "ENA": 0.081076, "KAS": 0.02782977, "RENDER": 1.47, "USTB": 11.15, "NEXO": 0.745432, "ALGO": 0.082131, "BEAT": 2.33, "GT": 6.65, "\u5e01\u5b89\u4eba\u751f": 0.688926, "JAAA": 1.041, "BDX": 0.085019, "PUMP": 0.00164778, "JUP": 0.193251, "FIL": 0.758438, "GHO": 0.998979, "ARB": 0.089809, "FLR": 0.00652984, "LIT": 2.24, "XDC": 0.02796031, "YLDS": 0.999815, "USD0": 0.998718, "VVV": 11.61, "USX": 0.999784}}