{"timestamp": 1784034766, "base": "USD", "data": {"BTC": 63731, "ETH": 1855.63, "USDT": 0.999087, "BNB": 576.32, "USDC": 0.999877, "XRP": 1.086, "SOL": 76.6, "TRX": 0.325402, "FIGR_HELOC": 1.033, "HYPE": 64.93, "DOGE": 0.073097, "USDS": 0.999828, "RAIN": 0.01436397, "LEO": 9.57, "ZEC": 521.78, "WBT": 56.14, "XLM": 0.183613, "XMR": 327.69, "LINK": 8.19, "ADA": 0.161804, "CC": 0.130806, "BCH": 239.23, "DAI": 1.0, "GRAM": 1.61, "USD1": 0.999037, "USDE": 0.999814, "LTC": 44.53, "USDG": 0.999694, "SUI": 0.746991, "USYC": 1.13, "HBAR": 0.066738, "BUIDL": 1.0, "AVAX": 6.59, "PYUSD": 0.999912, "NEAR": 2.02, "CRO": 0.05513, "XAUT": 4067.89, "SHIB": 4.17e-06, "UNI": 3.69, "USDY": 1.13, "M": 1.51, "TAO": 201.02, "DEXE": 40.22, "WLFI": 0.05771, "PAXG": 4067.32, "OKB": 80.81, "ASTER": 0.628629, "HTX": 1.82e-06, "USDD": 0.999257, "RLUSD": 0.999895, "ONDO": 0.313793, "AAVE": 98.25, "WLD": 0.407351, "SKY": 0.061341, "DOT": 0.842377, "USDF": 0.995266, "MNT": 0.424337, "MORPHO": 2.04, "BFUSD": 0.998373, "ICP": 2.21, "PEPE": 2.78e-06, "BGB": 1.63, "ETC": 6.95, "U": 1.0, "EUTBL": 1.21, "BCAP": 106.19, "KCS": 7.01, "USDGO": 0.999893, "QNT": 64.53, "STABLE": 0.0369748, "POL": 0.083881, "ADI": 7.02, "JTRSY": 1.11, "JST": 0.100995, "EURSAFO": 1.15, "BEAT": 2.62, "PI": 0.073776, "ENA": 0.084256, "ATOM": 1.55, "KAS": 0.02842951, "RENDER": 1.51, "USTB": 11.14, "ALGO": 0.084782, "NEXO": 0.748182, "USDTB": 1.0, "\u5e01\u5b89\u4eba\u751f": 0.72721, "GT": 6.73, "BDX": 0.08937, "JUP": 0.20634, "JAAA": 1.041, "LIT": 2.48, "FIL": 0.76388, "GHO": 0.998021, "PUMP": 0.00146201, "ARB": 0.091419, "FLR": 0.00662909, "USD0": 0.998564, "XDC": 0.02713856, "YLDS": 0.999827, "VVV": 11.18}}