{"timestamp": 1779728453, "base": "USD", "data": {"BTC": 77664, "ETH": 2134.24, "USDT": 0.999094, "BNB": 666.76, "XRP": 1.36, "USDC": 0.999757, "SOL": 86.17, "TRX": 0.373179, "FIGR_HELOC": 1.03, "DOGE": 0.103398, "HYPE": 61.98, "ZEC": 670.12, "USDS": 0.99983, "LEO": 10.03, "ADA": 0.247221, "XMR": 393.21, "LINK": 9.64, "BCH": 349.3, "WBT": 57.22, "CC": 0.167344, "TON": 2.07, "XLM": 0.150768, "USD1": 0.998996, "USDE": 0.999169, "DAI": 0.999638, "SUI": 1.058, "LTC": 53.06, "AVAX": 9.46, "HBAR": 0.089271, "RAIN": 0.00799725, "M": 2.91, "NEAR": 2.79, "PYUSD": 0.999887, "SHIB": 5.63e-06, "CRO": 0.069641, "USYC": 1.13, "USDG": 0.999937, "XAUT": 4551.69, "TAO": 278.53, "BUIDL": 1.0, "MNT": 0.656589, "DOT": 1.28, "USDY": 1.14, "PAXG": 4562.14, "UNI": 3.38, "ONDO": 0.434429, "WLFI": 0.062866, "HTX": 2.03e-06, "ASTER": 0.700753, "OKB": 83.25, "USDF": 0.997465, "RLUSD": 1.0, "SKY": 0.070684, "PI": 0.149455, "PEPE": 3.65e-06, "USDD": 0.999501, "ICP": 2.74, "MORPHO": 2.28, "ETC": 9.12, "BGB": 2.01, "BFUSD": 0.998781, "AAVE": 86.84, "RENDER": 2.26, "QNT": 79.57, "ATOM": 2.16, "USDTB": 0.999202, "KCS": 8.07, "EUTBL": 1.22, "WLD": 0.305025, "U": 1.0, "ALGO": 0.113695, "POL": 0.093314, "USTB": 11.09, "BCAP": 105.74, "JTRSY": 1.1, "KAS": 0.03359278, "ENA": 0.101016, "STABLE": 0.03742325, "NEXO": 0.860172, "VVV": 18.17, "DEXE": 17.38, "APT": 0.982912, "JST": 0.092461, "FIL": 1.002, "GT": 7.06, "FLR": 0.00833186, "ARB": 0.10968, "JUP": 0.204289, "XDC": 0.03283628, "PUMP": 0.00182466, "BDX": 0.078899, "GHO": 0.998982, "DASH": 45.78, "VET": 0.00673348, "HASH": 0.01071562, "INJ": 5.7, "PENGU": 0.00901009, "USD0": 0.998586, "OUSG": 115.33, "BONK": 6.14e-06}}