{"timestamp": 1780146402, "base": "USD", "data": {"BTC": 73617, "ETH": 2017.37, "USDT": 0.998578, "BNB": 671.01, "XRP": 1.34, "USDC": 0.999559, "SOL": 82.35, "TRX": 0.343627, "FIGR_HELOC": 1.032, "DOGE": 0.10089, "HYPE": 68.37, "USDS": 0.999456, "LEO": 10.05, "RAIN": 0.01437214, "ZEC": 523.92, "ADA": 0.235199, "XLM": 0.247598, "XMR": 381.66, "LINK": 9.15, "WBT": 53.99, "BCH": 303.32, "CC": 0.154833, "TON": 1.76, "USD1": 0.998074, "USDE": 0.99883, "HBAR": 0.100898, "DAI": 0.999421, "LTC": 52.59, "AVAX": 8.92, "M": 2.85, "SUI": 0.900673, "SHIB": 5.49e-06, "NEAR": 2.4, "PYUSD": 0.999644, "CRO": 0.067999, "USYC": 1.13, "XAUT": 4510.26, "USDG": 0.999863, "BUIDL": 1.0, "TAO": 252.61, "MNT": 0.650668, "USDY": 1.13, "PAXG": 4523.17, "DOT": 1.2, "UNI": 3.03, "WLFI": 0.059377, "OKB": 86.87, "ASTER": 0.693547, "RLUSD": 0.99982, "ONDO": 0.346517, "USDF": 0.994554, "HTX": 1.8e-06, "PI": 0.143701, "SKY": 0.064856, "ICP": 2.71, "PEPE": 3.42e-06, "USDD": 0.999611, "BGB": 2.01, "BFUSD": 0.997918, "MORPHO": 2.06, "ETC": 8.25, "AAVE": 83.01, "ALGO": 0.126746, "U": 0.999519, "KCS": 7.94, "USDTB": 0.998885, "RENDER": 2.04, "QNT": 72.51, "ATOM": 2.05, "WLD": 0.306446, "EUTBL": 1.23, "BCAP": 107.16, "POL": 0.090939, "USTB": 11.1, "DEXE": 18.98, "STABLE": 0.03772512, "JTRSY": 1.1, "NEXO": 0.84319, "KAS": 0.03063975, "JST": 0.096829, "ENA": 0.088723, "APT": 0.942226, "FIL": 0.978743, "VVV": 16.16, "GT": 6.85, "INJ": 6.75, "XDC": 0.03367418, "FLR": 0.00772061, "ARB": 0.104838, "NIGHT": 0.03781688, "PUMP": 0.00177415, "BDX": 0.079922, "JUP": 0.184566, "FET": 0.268429, "GHO": 0.9989, "H": 0.318265, "LAB": 7.59, "HASH": 0.0105552, "USD0": 0.998339, "APXUSD": 0.999525}}