{"timestamp": 1781136600, "base": "USD", "data": {"BTC": 61561, "ETH": 1622.62, "USDT": 0.999126, "BNB": 586.76, "USDC": 0.999835, "XRP": 1.096, "SOL": 63.29, "TRX": 0.320771, "FIGR_HELOC": 1.024, "DOGE": 0.083065, "HYPE": 53.25, "USDS": 0.999632, "LEO": 9.65, "RAIN": 0.01310405, "ZEC": 411.05, "XMR": 336.24, "CC": 0.162905, "XLM": 0.182693, "ADA": 0.161037, "WBT": 50.57, "LINK": 7.57, "USDE": 0.999265, "USD1": 0.99926, "TON": 1.6, "DAI": 0.999716, "BCH": 194.93, "M": 2.87, "HBAR": 0.077764, "LTC": 41.74, "USYC": 1.13, "SUI": 0.728362, "PYUSD": 0.99979, "AVAX": 6.4, "SHIB": 4.62e-06, "CRO": 0.059306, "USDG": 1.0, "NEAR": 1.98, "XAUT": 4038.65, "BUIDL": 1.0, "LAB": 7.81, "USDY": 1.12, "BEAT": 7.05, "TAO": 201.26, "WLFI": 0.059323, "PAXG": 4046.06, "MNT": 0.528488, "ASTER": 0.619927, "RLUSD": 1.0, "ONDO": 0.333027, "HTX": 1.71e-06, "DOT": 0.918866, "WLD": 0.450926, "UNI": 2.4, "OKB": 70.61, "USDF": 0.994591, "USDD": 0.999098, "PI": 0.124669, "BFUSD": 0.998902, "MORPHO": 2.0, "SKY": 0.054819, "BGB": 1.77, "ICP": 2.22, "PEPE": 2.7e-06, "ETC": 6.96, "U": 0.999804, "USDTB": 0.999557, "EUTBL": 1.21, "BCAP": 106.96, "QNT": 65.22, "AAVE": 61.41, "USTB": 11.11, "ATOM": 1.77, "KCS": 6.49, "JTRSY": 1.11, "DEXE": 18.0, "KAS": 0.03033356, "NEXO": 0.791408, "RENDER": 1.52, "STABLE": 0.03351015, "ALGO": 0.08646, "POL": 0.072319, "\u5e01\u5b89\u4eba\u751f": 0.71026, "JAAA": 1.037, "JST": 0.079374, "ENA": 0.072342, "GT": 6.28, "XDC": 0.03075506, "BDX": 0.079246, "VVV": 13.01, "HASH": 0.01106343, "GHO": 0.999035, "FLR": 0.00685068, "FIL": 0.735862, "USD0": 0.998796, "SIREN": 0.754313, "YLDS": 0.999803, "NIGHT": 0.03110583, "APT": 0.624248, "USX": 0.999673, "EURSAFO": 1.16}}