{"timestamp": 1781791060, "base": "USD", "data": {"BTC": 64000, "ETH": 1736.39, "USDT": 0.998827, "BNB": 589.36, "USDC": 0.999836, "XRP": 1.16, "SOL": 71.13, "TRX": 0.319516, "FIGR_HELOC": 1.02, "HYPE": 71.17, "DOGE": 0.084082, "USDS": 0.999672, "RAIN": 0.01454894, "LEO": 9.6, "XLM": 0.244427, "ZEC": 471.36, "CC": 0.163384, "WBT": 52.9, "XMR": 329.07, "ADA": 0.164933, "LINK": 8.03, "LAB": 15.7, "USD1": 0.99983, "USDE": 0.998875, "GRAM": 1.65, "DAI": 0.999578, "BCH": 205.88, "M": 2.95, "HBAR": 0.080428, "LTC": 43.99, "USYC": 1.13, "SUI": 0.738459, "NEAR": 2.27, "AVAX": 6.61, "SHIB": 4.79e-06, "USDG": 0.999877, "PYUSD": 0.99991, "CRO": 0.058857, "XAUT": 4240.71, "BUIDL": 1.0, "TAO": 240.45, "WLD": 0.62914, "USDY": 1.14, "UNI": 3.11, "PAXG": 4248.93, "WLFI": 0.060181, "ONDO": 0.37149, "ASTER": 0.668779, "MNT": 0.538146, "RLUSD": 1.0, "DOT": 0.975002, "HTX": 1.71e-06, "OKB": 73.14, "USDF": 0.99419, "PI": 0.130771, "USDD": 0.999116, "SKY": 0.057667, "BFUSD": 0.998736, "MORPHO": 1.95, "ICP": 2.27, "BGB": 1.8, "PEPE": 2.88e-06, "ETC": 7.18, "AAVE": 73.36, "QNT": 69.86, "U": 0.999705, "KCS": 7.24, "BCAP": 107.07, "USTB": 11.12, "ATOM": 1.83, "EUTBL": 1.21, "USDTB": 0.99977, "ALGO": 0.100712, "RENDER": 1.7, "JTRSY": 1.11, "ENA": 0.092074, "KAS": 0.03072056, "POL": 0.07717, "NEXO": 0.810021, "STABLE": 0.03358935, "\u5e01\u5b89\u4eba\u751f": 0.724346, "JST": 0.082974, "VVV": 15.08, "GT": 6.58, "JAAA": 1.038, "DEXE": 14.5, "BDX": 0.081907, "FLR": 0.00742087, "JUP": 0.187937, "FIL": 0.788177, "XDC": 0.03063003, "GHO": 0.998556, "YLDS": 0.999824, "HASH": 0.01046334, "USD0": 0.998899, "EURSAFO": 1.16, "ARB": 0.084559, "APT": 0.644854, "INJ": 5.23, "PUMP": 0.00147367}}