{"timestamp": 1778194394, "base": "USD", "data": {"BTC": 79889, "ETH": 2286.19, "USDT": 0.999864, "XRP": 1.38, "BNB": 634.88, "USDC": 0.999724, "SOL": 87.99, "TRX": 0.348691, "FIGR_HELOC": 1.005, "DOGE": 0.107608, "WBT": 58.83, "USDS": 0.999775, "HYPE": 42.43, "ADA": 0.261353, "LEO": 10.35, "ZEC": 560.32, "BCH": 449.67, "XMR": 395.61, "TON": 2.67, "LINK": 9.83, "CC": 0.145015, "XLM": 0.157968, "M": 3.83, "USD1": 0.999473, "DAI": 0.9998, "LTC": 56.3, "AVAX": 9.44, "USDE": 0.999228, "HBAR": 0.089718, "SUI": 0.963404, "SHIB": 6.25e-06, "RAIN": 0.00744792, "PYUSD": 0.999699, "CRO": 0.069357, "USYC": 1.12, "TAO": 299.29, "XAUT": 4676.22, "USDG": 0.999906, "BUIDL": 1.0, "WLFI": 0.07305, "PAXG": 4678.13, "DOT": 1.3, "MNT": 0.660828, "UNI": 3.4, "NEAR": 1.46, "SKY": 0.079914, "PI": 0.174903, "OKB": 85.37, "USDF": 0.998387, "HTX": 1.96e-06, "PEPE": 4.14e-06, "ONDO": 0.350596, "ASTER": 0.65924, "ICP": 2.98, "RLUSD": 0.999961, "BGB": 2.11, "USDD": 0.999061, "ETC": 9.18, "AAVE": 92.06, "USDY": 1.13, "MORPHO": 2.1, "BFUSD": 0.9995, "JTRSY": 1.1, "ALGO": 0.12786, "KCS": 8.26, "ENA": 0.118666, "POL": 0.09799, "QNT": 71.64, "U": 0.999821, "USTB": 11.07, "RENDER": 1.93, "EUTBL": 1.23, "BCAP": 105.77, "KAS": 0.03503664, "ATOM": 1.88, "NEXO": 0.891139, "FIL": 1.073, "WLD": 0.249709, "APT": 1.016, "GT": 7.28, "ARB": 0.125879, "JST": 0.086225, "STABLE": 0.03245453, "PUMP": 0.00196949, "SIREN": 0.930097, "JUP": 0.202824, "FLR": 0.00781028, "VET": 0.00759704, "PENGU": 0.01024554, "DASH": 50.42, "USDTB": 0.999533, "BDX": 0.079637, "OUSG": 115.17, "BONK": 6.73e-06, "VIRTUAL": 0.896675, "GHO": 0.999749, "XDC": 0.02918964, "DEXE": 12.2, "SKYAI": 0.569091, "VVV": 12.33}}