{"timestamp": 1784114574, "base": "USD", "data": {"BTC": 64633, "ETH": 1879.11, "USDT": 0.999187, "BNB": 577.64, "USDC": 0.999886, "XRP": 1.11, "SOL": 77.38, "TRX": 0.328058, "FIGR_HELOC": 1.036, "HYPE": 68.13, "DOGE": 0.073584, "USDS": 0.999712, "RAIN": 0.01461742, "ZEC": 571.98, "LEO": 9.8, "WBT": 56.48, "XLM": 0.18571, "LINK": 8.35, "ADA": 0.164483, "XMR": 325.64, "CC": 0.137334, "BCH": 234.47, "DAI": 0.999823, "GRAM": 1.61, "USD1": 0.998754, "USDE": 0.999694, "LTC": 45.46, "USDG": 1.0, "SUI": 0.751472, "USYC": 1.13, "HBAR": 0.067184, "BUIDL": 1.0, "AVAX": 6.66, "PYUSD": 0.999709, "NEAR": 2.05, "CRO": 0.05558, "SHIB": 4.25e-06, "XAUT": 4026.64, "UNI": 3.58, "USDY": 1.13, "TAO": 197.42, "PAXG": 4022.36, "WLFI": 0.056789, "DEXE": 37.99, "OKB": 81.6, "ASTER": 0.634221, "HTX": 1.82e-06, "M": 1.24, "ONDO": 0.321733, "RLUSD": 0.999963, "USDD": 0.999057, "AAVE": 98.28, "WLD": 0.412308, "DOT": 0.849175, "SKY": 0.061449, "USDF": 0.995367, "MNT": 0.422992, "MORPHO": 2.1, "BFUSD": 0.998473, "ICP": 2.2, "BGB": 1.68, "PEPE": 2.78e-06, "ETC": 7.06, "U": 0.999478, "EUTBL": 1.2, "USDGO": 0.999895, "BCAP": 106.19, "KCS": 6.96, "QNT": 65.04, "STABLE": 0.03670242, "PI": 0.081692, "POL": 0.083524, "ADI": 6.98, "JTRSY": 1.11, "EURSAFO": 1.15, "JST": 0.096359, "ATOM": 1.57, "BEAT": 2.63, "ENA": 0.08326, "RENDER": 1.52, "KAS": 0.02857445, "USTB": 11.14, "ALGO": 0.084969, "\u5e01\u5b89\u4eba\u751f": 0.752656, "NEXO": 0.75268, "USDTB": 1.0, "GT": 6.77, "BDX": 0.090218, "JUP": 0.207868, "JAAA": 1.041, "PUMP": 0.00165254, "LIT": 2.57, "FIL": 0.787783, "GHO": 0.998191, "FLR": 0.00661051, "ARB": 0.089104, "USD0": 0.998423, "XDC": 0.02742444, "YLDS": 0.999814, "APT": 0.618951}}