{"timestamp": 1778971068, "base": "USD", "data": {"BTC": 78214, "ETH": 2181.02, "USDT": 0.999552, "BNB": 656.78, "XRP": 1.41, "USDC": 0.999817, "SOL": 86.61, "TRX": 0.355086, "FIGR_HELOC": 1.031, "DOGE": 0.109526, "WBT": 57.63, "USDS": 0.999768, "HYPE": 41.96, "ADA": 0.255085, "LEO": 9.92, "ZEC": 510.66, "BCH": 416.04, "XMR": 387.3, "LINK": 9.73, "CC": 0.151723, "TON": 1.91, "XLM": 0.151936, "USD1": 0.999913, "DAI": 0.999663, "USDE": 1.0, "LTC": 56.09, "SUI": 1.063, "M": 3.14, "AVAX": 9.3, "HBAR": 0.091287, "RAIN": 0.0074397, "PYUSD": 0.999816, "SHIB": 5.87e-06, "CRO": 0.071094, "USDG": 0.99973, "USYC": 1.12, "XAUT": 4535.37, "BUIDL": 1.0, "TAO": 274.27, "UNI": 3.5, "DOT": 1.27, "PAXG": 4533.42, "MNT": 0.644001, "WLFI": 0.061384, "NEAR": 1.49, "USDY": 1.13, "USDF": 0.998211, "HTX": 1.96e-06, "OKB": 83.67, "ASTER": 0.666183, "PI": 0.160496, "ONDO": 0.344756, "SKY": 0.070088, "PEPE": 3.76e-06, "RLUSD": 1.0, "USDD": 0.999383, "ICP": 2.6, "ETC": 9.04, "BGB": 2.02, "AAVE": 90.15, "BFUSD": 0.999105, "QNT": 80.66, "MORPHO": 1.78, "KCS": 8.09, "USDTB": 0.998859, "JTRSY": 1.1, "ATOM": 2.04, "U": 0.999665, "EUTBL": 1.22, "USTB": 11.08, "ALGO": 0.11045, "ENA": 0.107272, "POL": 0.090909, "BCAP": 105.87, "RENDER": 1.83, "KAS": 0.03411014, "NEXO": 0.874617, "STABLE": 0.03611928, "WLD": 0.240092, "FLR": 0.00920178, "JST": 0.0909, "APT": 0.947833, "GT": 7.14, "FIL": 0.973167, "ARB": 0.119655, "JUP": 0.19935, "XDC": 0.03223444, "PUMP": 0.00174639, "VVV": 13.36, "BDX": 0.078998, "DEXE": 12.93, "VET": 0.00682434, "GHO": 0.999385, "USD0": 0.998117, "OUSG": 115.25, "BONK": 6.24e-06, "HASH": 0.01030945, "PENGU": 0.00847353, "NIGHT": 0.03198523, "YLDS": 0.999704}}