{"timestamp": 1777996047, "base": "USD", "data": {"BTC": 81609, "ETH": 2385.12, "USDT": 0.999901, "XRP": 1.41, "BNB": 631.67, "USDC": 0.999807, "SOL": 85.6, "TRX": 0.342525, "FIGR_HELOC": 1.029, "DOGE": 0.112595, "WBT": 60.42, "USDS": 0.99983, "HYPE": 44.04, "ADA": 0.2574, "LEO": 10.33, "BCH": 456.5, "XMR": 407.01, "ZEC": 430.86, "LINK": 9.73, "CC": 0.148401, "XLM": 0.159246, "TON": 1.8, "USD1": 0.999822, "M": 3.37, "DAI": 0.999387, "LTC": 55.68, "AVAX": 9.43, "HBAR": 0.089733, "USDE": 0.999239, "SUI": 0.963729, "SHIB": 6.28e-06, "RAIN": 0.00744502, "PYUSD": 0.999986, "CRO": 0.069666, "USYC": 1.12, "TAO": 283.48, "XAUT": 4566.65, "USDG": 0.999957, "BUIDL": 1.0, "PAXG": 4566.2, "DOT": 1.27, "UNI": 3.38, "MNT": 0.643823, "WLFI": 0.065127, "SKY": 0.081359, "PI": 0.180804, "OKB": 85.89, "USDF": 0.999554, "HTX": 1.93e-06, "ASTER": 0.675228, "PEPE": 4.1e-06, "NEAR": 1.28, "RLUSD": 0.999964, "ONDO": 0.316535, "USDD": 0.999887, "BGB": 2.07, "AAVE": 93.43, "ICP": 2.53, "ETC": 8.92, "MORPHO": 2.26, "USDY": 1.12, "BFUSD": 0.999399, "JTRSY": 1.1, "KCS": 8.54, "ALGO": 0.117767, "POL": 0.09779, "U": 1.0, "USTB": 11.07, "QNT": 67.81, "ENA": 0.109349, "EUTBL": 1.23, "RENDER": 1.87, "BCAP": 105.77, "ATOM": 1.87, "KAS": 0.03412931, "NEXO": 0.908194, "GT": 7.27, "WLD": 0.242841, "APT": 0.974461, "SKYAI": 0.774984, "STABLE": 0.03396387, "FIL": 0.955541, "PENGU": 0.01166391, "ARB": 0.118848, "JST": 0.084047, "PUMP": 0.00183312, "FLR": 0.00760524, "JUP": 0.190183, "VET": 0.00731883, "BDX": 0.079962, "LUNC": 0.00011164, "OUSG": 115.13, "GHO": 0.999824, "XDC": 0.02925355, "USDTB": 0.999885, "DASH": 45.52, "BONK": 6.46e-06, "USD0": 0.998312, "TRUMP": 2.38, "HASH": 0.01046278}}