{"timestamp": 1784575620, "base": "USD", "data": {"BTC": 65088, "ETH": 1893.52, "USDT": 0.99917, "BNB": 571.43, "USDC": 0.999839, "XRP": 1.11, "SOL": 77.44, "TRX": 0.326425, "FIGR_HELOC": 1.0, "HYPE": 62.12, "DOGE": 0.072148, "USDS": 0.999785, "RAIN": 0.01409721, "ZEC": 545.86, "LEO": 9.72, "WBT": 56.74, "XLM": 0.18776, "LINK": 8.54, "XMR": 335.09, "ADA": 0.16822, "CC": 0.123581, "DAI": 0.999749, "BCH": 216.99, "USD1": 0.999015, "USDE": 0.999833, "GRAM": 1.44, "LTC": 47.05, "USDG": 0.999443, "SUI": 0.76526, "USYC": 1.13, "PYUSD": 0.999708, "HBAR": 0.066006, "AVAX": 6.55, "CRO": 0.057702, "BUIDL": 1.0, "NEAR": 1.96, "SHIB": 4.22e-06, "XAUT": 4007.78, "UNI": 3.61, "USDY": 1.14, "TAO": 194.88, "WLFI": 0.056901, "PAXG": 4003.56, "ONDO": 0.355717, "OKB": 81.31, "DEXE": 35.94, "ASTER": 0.622914, "HTX": 1.85e-06, "RLUSD": 1.0, "M": 1.22, "USDD": 0.999049, "SKY": 0.062203, "USDF": 0.99552, "MNT": 0.424545, "DOT": 0.821596, "AAVE": 89.3, "WLD": 0.37202, "BFUSD": 0.998291, "MORPHO": 1.98, "PEPE": 2.88e-06, "ICP": 2.16, "BGB": 1.65, "ETC": 6.98, "PI": 0.099796, "U": 0.999632, "EUTBL": 1.2, "USDGO": 1.0, "BCAP": 106.19, "QNT": 64.1, "KCS": 6.68, "STABLE": 0.03606031, "JTRSY": 1.11, "POL": 0.080346, "ADI": 6.7, "EURSAFO": 1.15, "PUMP": 0.00205665, "JST": 0.100316, "ENA": 0.082148, "RENDER": 1.51, "ATOM": 1.49, "BEAT": 2.51, "KAS": 0.0281427, "USTB": 11.15, "NEXO": 0.763449, "ALGO": 0.082644, "GT": 6.76, "JAAA": 1.041, "BDX": 0.082846, "GHO": 0.998543, "JUP": 0.194902, "\u5e01\u5b89\u4eba\u751f": 0.641678, "ARB": 0.089415, "FIL": 0.728177, "FLR": 0.00646031, "XDC": 0.02809344, "YLDS": 0.999882, "USD0": 0.998979, "LIT": 2.19, "INJ": 5.42, "VVV": 11.42}}