{"timestamp": 1779304510, "base": "USD", "data": {"BTC": 77324, "ETH": 2129.49, "USDT": 0.998953, "BNB": 648.16, "XRP": 1.37, "USDC": 0.999676, "SOL": 85.76, "TRX": 0.358957, "FIGR_HELOC": 1.033, "DOGE": 0.104087, "HYPE": 51.74, "WBT": 57.05, "ZEC": 661.12, "USDS": 0.99957, "LEO": 10.03, "ADA": 0.249027, "BCH": 370.99, "XMR": 393.36, "LINK": 9.59, "CC": 0.152598, "TON": 2.04, "XLM": 0.143156, "USD1": 0.999639, "USDE": 0.999282, "DAI": 0.999713, "M": 3.33, "SUI": 1.067, "LTC": 54.15, "AVAX": 9.28, "HBAR": 0.088978, "RAIN": 0.00748425, "PYUSD": 0.999662, "SHIB": 5.78e-06, "CRO": 0.068855, "USYC": 1.12, "USDG": 0.99943, "XAUT": 4534.95, "TAO": 271.49, "BUIDL": 1.0, "UNI": 3.59, "NEAR": 1.67, "USDY": 1.14, "PAXG": 4537.01, "MNT": 0.647049, "DOT": 1.25, "WLFI": 0.063062, "ONDO": 0.394591, "RLUSD": 1.0, "HTX": 2e-06, "USDF": 0.997639, "ASTER": 0.689927, "OKB": 80.8, "SKY": 0.069743, "PI": 0.151097, "PEPE": 3.71e-06, "USDD": 0.999375, "ETC": 8.99, "ICP": 2.54, "BGB": 2.0, "AAVE": 88.36, "BFUSD": 0.9986, "MORPHO": 1.89, "USDTB": 0.999241, "KCS": 7.98, "QNT": 73.32, "EUTBL": 1.22, "ALGO": 0.117565, "U": 0.999986, "ATOM": 2.01, "RENDER": 1.91, "JTRSY": 1.1, "USTB": 11.09, "POL": 0.090533, "BCAP": 105.74, "ENA": 0.10571, "KAS": 0.03458528, "NEXO": 0.883243, "WLD": 0.248053, "JST": 0.093996, "VVV": 17.33, "STABLE": 0.03456124, "APT": 0.949377, "FIL": 0.960986, "GT": 7.05, "FLR": 0.00836532, "JUP": 0.210108, "ARB": 0.111305, "XDC": 0.03404615, "DEXE": 13.87, "PUMP": 0.00174849, "DASH": 49.02, "BDX": 0.078729, "GHO": 0.998889, "PENGU": 0.00914847, "VET": 0.00662685, "OUSG": 115.29, "USD0": 0.998322, "HASH": 0.01032837, "BONK": 6.1e-06, "KITE": 0.234964}}