{"timestamp": 1776873181, "base": "USD", "data": {"BTC": 79310, "ETH": 2409.59, "USDT": 1.0, "XRP": 1.46, "BNB": 649.68, "USDC": 0.999816, "SOL": 88.36, "TRX": 0.328783, "FIGR_HELOC": 1.034, "DOGE": 0.098139, "WBT": 56.49, "USDS": 0.999734, "HYPE": 41.09, "ADA": 0.255761, "LEO": 10.18, "BCH": 465.22, "XMR": 375.38, "LINK": 9.5, "XLM": 0.182184, "CC": 0.153578, "M": 4.29, "ZEC": 325.24, "USDE": 0.999292, "DAI": 0.999708, "LTC": 56.45, "USD1": 1.0, "AVAX": 9.58, "HBAR": 0.093176, "SUI": 0.973413, "RAIN": 0.00781418, "SHIB": 6.28e-06, "PYUSD": 0.999914, "TON": 1.38, "CRO": 0.070909, "USYC": 1.12, "XAUT": 4713.2, "WLFI": 0.079687, "BUIDL": 1.0, "TAO": 245.67, "USDG": 0.999914, "PAXG": 4716.61, "DOT": 1.3, "UNI": 3.43, "MNT": 0.641685, "SKY": 0.0842, "NEAR": 1.43, "USDF": 0.998068, "OKB": 84.89, "PI": 0.169605, "ASTER": 0.685119, "PEPE": 3.95e-06, "HTX": 1.82e-06, "JTRSY": 1.1, "RLUSD": 1.0, "AAVE": 94.31, "ICP": 2.55, "BGB": 1.95, "USDD": 1.0, "ETC": 8.68, "USDY": 1.13, "BFUSD": 0.9998, "ONDO": 0.268115, "KCS": 8.63, "PUMP": 0.00192, "GT": 7.44, "QNT": 75.04, "MORPHO": 1.94, "U": 1.001, "EUTBL": 1.23, "POL": 0.094714, "ENA": 0.11182, "KAS": 0.03507322, "RENDER": 1.85, "ATOM": 1.89, "ALGO": 0.104882, "NEXO": 0.917955, "WLD": 0.269192, "USDTB": 0.99966, "USTB": 11.06, "APT": 0.979981, "ARB": 0.127821, "BCAP": 82.76, "FIL": 0.956587, "TRUMP": 2.99, "FLR": 0.00811204, "JST": 0.081233, "JUP": 0.177164, "VET": 0.00729662, "BDX": 0.080086, "NIGHT": 0.03714366, "XDC": 0.03078588, "OUSG": 115.0, "HASH": 0.01041802, "YLDS": 0.999851, "GHO": 0.998618, "STABLE": 0.02592557, "BONK": 6.48e-06, "DEXE": 12.07, "USD0": 0.997892, "PENGU": 0.00859681}}