{"timestamp": 1778095542, "base": "USD", "data": {"BTC": 81315, "ETH": 2346.64, "USDT": 0.999854, "XRP": 1.43, "BNB": 649.76, "USDC": 0.999802, "SOL": 89.08, "TRX": 0.347037, "FIGR_HELOC": 1.02, "DOGE": 0.112748, "WBT": 59.52, "USDS": 0.99991, "HYPE": 43.25, "ADA": 0.266172, "LEO": 10.34, "BCH": 464.98, "ZEC": 556.15, "XMR": 411.09, "LINK": 9.97, "TON": 2.41, "CC": 0.14799, "XLM": 0.16093, "M": 3.56, "USD1": 0.999251, "DAI": 0.999488, "LTC": 56.84, "AVAX": 9.58, "SUI": 0.990282, "HBAR": 0.091417, "USDE": 0.99922, "SHIB": 6.39e-06, "RAIN": 0.00731828, "PYUSD": 1.0, "CRO": 0.070858, "USYC": 1.12, "TAO": 312.52, "XAUT": 4684.47, "USDG": 0.999803, "BUIDL": 1.0, "PAXG": 4686.0, "DOT": 1.31, "MNT": 0.664366, "UNI": 3.45, "WLFI": 0.067216, "NEAR": 1.5, "PI": 0.180968, "SKY": 0.079576, "OKB": 87.17, "USDF": 0.998649, "HTX": 1.96e-06, "ASTER": 0.682778, "PEPE": 4.14e-06, "ICP": 2.89, "ONDO": 0.324324, "RLUSD": 0.999924, "BGB": 2.17, "USDD": 0.99984, "ETC": 9.27, "AAVE": 93.32, "MORPHO": 2.25, "USDY": 1.13, "BFUSD": 0.9992, "JTRSY": 1.1, "KCS": 8.42, "ALGO": 0.119545, "ENA": 0.11739, "POL": 0.098297, "USTB": 11.07, "U": 0.999893, "QNT": 70.43, "RENDER": 1.95, "KAS": 0.03621228, "EUTBL": 1.24, "ATOM": 1.91, "BCAP": 105.77, "NEXO": 0.902765, "WLD": 0.254564, "GT": 7.45, "FIL": 1.061, "APT": 1.014, "SKYAI": 0.780235, "ARB": 0.123442, "STABLE": 0.03379368, "PUMP": 0.00196823, "JST": 0.08144, "DASH": 54.33, "PENGU": 0.01072019, "FLR": 0.00780698, "VET": 0.00767092, "JUP": 0.196468, "USDTB": 1.0, "HASH": 0.01189958, "BDX": 0.07993, "OUSG": 115.14, "BONK": 6.74e-06, "XDC": 0.02953047, "LUNC": 0.00010566, "GHO": 0.999666, "SIREN": 0.799067, "VIRTUAL": 0.863563}}