{"timestamp": 1782338920, "base": "USD", "data": {"BTC": 60996, "ETH": 1621.74, "USDT": 0.99852, "BNB": 563.81, "USDC": 0.999767, "XRP": 1.076, "SOL": 68.11, "TRX": 0.326987, "FIGR_HELOC": 1.027, "HYPE": 63.2, "DOGE": 0.076126, "USDS": 0.99956, "RAIN": 0.01587721, "LEO": 9.4, "ZEC": 416.76, "XLM": 0.186789, "XMR": 317.54, "CC": 0.15085, "WBT": 49.59, "LINK": 7.45, "ADA": 0.147778, "LAB": 16.26, "USD1": 0.999069, "DAI": 0.999673, "USDE": 0.998015, "GRAM": 1.57, "BCH": 189.67, "M": 2.7, "HBAR": 0.076158, "LTC": 41.05, "USYC": 1.13, "USDG": 0.999776, "SUI": 0.687207, "AVAX": 6.41, "PYUSD": 0.999992, "CRO": 0.056765, "SHIB": 4.37e-06, "NEAR": 1.97, "XAUT": 4001.29, "BUIDL": 1.0, "USDY": 1.14, "TAO": 218.2, "WLD": 0.533737, "WLFI": 0.057493, "PAXG": 4002.2, "UNI": 2.9, "MNT": 0.502189, "ASTER": 0.612441, "RLUSD": 0.999845, "OKB": 75.08, "HTX": 1.7e-06, "ONDO": 0.311175, "DOT": 0.887982, "USDF": 0.994404, "USDD": 0.999135, "PI": 0.126167, "BFUSD": 0.998355, "SKY": 0.05344, "ICP": 2.19, "AAVE": 78.48, "BGB": 1.68, "MORPHO": 1.73, "ETC": 6.94, "PEPE": 2.53e-06, "DEXE": 22.34, "U": 0.999701, "QNT": 68.23, "BCAP": 107.03, "KCS": 6.95, "EUTBL": 1.2, "USDTB": 0.999538, "USTB": 11.12, "JTRSY": 1.11, "ATOM": 1.66, "STABLE": 0.03524716, "RENDER": 1.58, "ALGO": 0.090199, "POL": 0.07356, "ENA": 0.08385, "KAS": 0.0280918, "NEXO": 0.754931, "JUP": 0.217217, "\u5e01\u5b89\u4eba\u751f": 0.704103, "GT": 6.55, "JST": 0.081032, "JAAA": 1.039, "BDX": 0.082283, "VVV": 12.92, "FLR": 0.00695809, "GHO": 0.997866, "FIL": 0.753364, "EURSAFO": 1.14, "XDC": 0.02879454, "YLDS": 0.999741, "USD0": 0.998932, "ADI": 4.38, "APT": 0.634748, "NIGHT": 0.03141558, "HASH": 0.00934652, "USX": 0.99943}}