{"timestamp": 1778217829, "base": "USD", "data": {"BTC": 79600, "ETH": 2279.5, "USDT": 0.999824, "BNB": 639.22, "XRP": 1.39, "USDC": 0.999865, "SOL": 88.17, "TRX": 0.347451, "FIGR_HELOC": 1.003, "DOGE": 0.106364, "WBT": 58.67, "USDS": 0.999781, "HYPE": 42.2, "ADA": 0.261863, "LEO": 10.35, "ZEC": 569.21, "BCH": 450.22, "TON": 2.72, "XMR": 394.19, "LINK": 9.84, "CC": 0.144874, "XLM": 0.158456, "M": 3.83, "USD1": 0.999823, "DAI": 0.999647, "LTC": 56.51, "AVAX": 9.5, "USDE": 0.99934, "HBAR": 0.090175, "SUI": 0.964893, "SHIB": 6.29e-06, "RAIN": 0.00741216, "PYUSD": 0.999916, "CRO": 0.069707, "USYC": 1.12, "TAO": 304.32, "XAUT": 4703.41, "USDG": 0.99985, "BUIDL": 1.0, "WLFI": 0.074256, "PAXG": 4706.0, "DOT": 1.32, "MNT": 0.663685, "UNI": 3.43, "NEAR": 1.49, "SKY": 0.080564, "PI": 0.174584, "OKB": 85.41, "USDF": 0.998057, "HTX": 1.96e-06, "ICP": 3.19, "ONDO": 0.360544, "PEPE": 4.14e-06, "ASTER": 0.664781, "RLUSD": 0.999899, "BGB": 2.13, "ETC": 9.34, "USDD": 1.001, "AAVE": 92.73, "USDY": 1.13, "BFUSD": 0.9992, "JTRSY": 1.1, "MORPHO": 2.07, "ALGO": 0.130339, "KCS": 8.21, "QNT": 74.52, "ENA": 0.119385, "POL": 0.099088, "U": 1.0, "RENDER": 1.96, "USTB": 11.07, "EUTBL": 1.23, "KAS": 0.03525901, "BCAP": 105.77, "ATOM": 1.88, "NEXO": 0.892452, "FIL": 1.1, "WLD": 0.256078, "APT": 1.041, "GT": 7.27, "ARB": 0.128685, "SIREN": 1.058, "STABLE": 0.03283458, "PUMP": 0.00201485, "JST": 0.084373, "JUP": 0.204324, "FLR": 0.00781987, "VET": 0.00761028, "PENGU": 0.01021583, "DASH": 49.52, "VVV": 13.63, "USDTB": 0.999578, "BDX": 0.079524, "SKYAI": 0.610547, "OUSG": 115.17, "BONK": 6.82e-06, "VIRTUAL": 0.906869, "XDC": 0.02961, "GHO": 0.999855, "DEXE": 12.07}}