{"timestamp": 1779999675, "base": "USD", "data": {"BTC": 73457, "ETH": 2014.25, "USDT": 0.998606, "BNB": 639.91, "XRP": 1.32, "USDC": 0.999601, "SOL": 82.05, "TRX": 0.352705, "FIGR_HELOC": 1.04, "DOGE": 0.099515, "HYPE": 60.47, "USDS": 0.999579, "LEO": 10.03, "ZEC": 549.12, "RAIN": 0.0142436, "ADA": 0.234964, "XLM": 0.202168, "XMR": 348.75, "LINK": 9.0, "WBT": 53.93, "BCH": 300.98, "CC": 0.153706, "TON": 1.77, "USD1": 0.997955, "USDE": 0.998946, "DAI": 0.99961, "LTC": 51.78, "M": 3.0, "AVAX": 8.92, "HBAR": 0.088393, "SUI": 0.926886, "SHIB": 5.34e-06, "PYUSD": 0.999855, "NEAR": 2.38, "CRO": 0.067135, "USYC": 1.13, "XAUT": 4478.99, "USDG": 0.999719, "TAO": 262.18, "BUIDL": 1.0, "USDY": 1.14, "PAXG": 4484.28, "MNT": 0.630304, "DOT": 1.21, "UNI": 3.05, "WLFI": 0.059363, "OKB": 87.25, "ONDO": 0.369515, "ASTER": 0.674117, "RLUSD": 0.999768, "HTX": 1.86e-06, "USDF": 0.994582, "PI": 0.145695, "SKY": 0.065596, "ICP": 2.75, "PEPE": 3.39e-06, "USDD": 0.999492, "BGB": 1.99, "BFUSD": 0.998251, "MORPHO": 2.05, "ETC": 8.27, "AAVE": 81.18, "U": 0.999798, "USDTB": 0.998948, "KCS": 7.86, "QNT": 72.12, "ATOM": 2.03, "EUTBL": 1.23, "RENDER": 1.98, "BCAP": 107.16, "ALGO": 0.109388, "WLD": 0.282426, "POL": 0.087435, "USTB": 11.1, "STABLE": 0.03757496, "JTRSY": 1.1, "KAS": 0.03078295, "NEXO": 0.826469, "JST": 0.093706, "ENA": 0.088376, "DEXE": 17.04, "APT": 0.935811, "FIL": 0.956394, "VVV": 16.16, "GT": 6.8, "FLR": 0.00782749, "ARB": 0.104781, "XDC": 0.0317378, "BDX": 0.077691, "NIGHT": 0.0360596, "PUMP": 0.00169725, "GHO": 0.998766, "JUP": 0.175573, "HASH": 0.01037702, "USD0": 0.998556, "INJ": 5.46, "APXUSD": 0.99902, "OUSG": 115.38, "A7A5": 0.01320373, "FET": 0.22812}}