{"timestamp": 1784012691, "base": "USD", "data": {"BTC": 62544, "ETH": 1781.39, "USDT": 0.998758, "BNB": 568.74, "USDC": 0.999904, "XRP": 1.068, "SOL": 75.04, "TRX": 0.324772, "FIGR_HELOC": 1.033, "HYPE": 63.66, "DOGE": 0.0722, "USDS": 0.999629, "RAIN": 0.01424069, "LEO": 9.55, "ZEC": 505.19, "WBT": 54.89, "XLM": 0.178669, "XMR": 323.28, "LINK": 7.92, "ADA": 0.158653, "CC": 0.130366, "BCH": 235.36, "DAI": 0.999756, "USD1": 0.998248, "GRAM": 1.59, "USDE": 0.999644, "LTC": 43.67, "USDG": 0.9998, "USYC": 1.13, "SUI": 0.732595, "HBAR": 0.065886, "BUIDL": 1.0, "PYUSD": 0.999657, "AVAX": 6.49, "NEAR": 2.0, "CRO": 0.054206, "XAUT": 4016.22, "SHIB": 4.16e-06, "UNI": 3.59, "USDY": 1.14, "TAO": 199.11, "DEXE": 40.11, "WLFI": 0.057542, "PAXG": 4015.1, "ASTER": 0.629465, "OKB": 80.26, "HTX": 1.82e-06, "M": 1.24, "USDD": 0.997104, "RLUSD": 0.999904, "ONDO": 0.309638, "AAVE": 95.87, "DOT": 0.839455, "USDF": 0.994808, "WLD": 0.400103, "SKY": 0.059564, "MNT": 0.418791, "BFUSD": 0.997827, "MORPHO": 1.98, "ICP": 2.21, "PEPE": 2.74e-06, "BGB": 1.62, "ETC": 6.94, "U": 0.999404, "EUTBL": 1.2, "BCAP": 106.19, "USDGO": 0.999864, "KCS": 6.84, "QNT": 64.13, "STABLE": 0.03722546, "POL": 0.083428, "ADI": 7.01, "JST": 0.102358, "JTRSY": 1.11, "EURSAFO": 1.15, "BEAT": 2.63, "PI": 0.072928, "ATOM": 1.53, "ENA": 0.082262, "KAS": 0.02837323, "USTB": 11.14, "BDX": 0.098443, "RENDER": 1.49, "ALGO": 0.083847, "NEXO": 0.728965, "USDTB": 1.0, "GT": 6.64, "\u5e01\u5b89\u4eba\u751f": 0.706325, "JUP": 0.207335, "JAAA": 1.041, "FIL": 0.757049, "GHO": 0.997626, "LIT": 2.39, "PUMP": 0.00145629, "ARB": 0.089597, "FLR": 0.00651318, "USD0": 0.998464, "YLDS": 0.999819, "XDC": 0.02692119, "VVV": 11.24}}