{"timestamp": 1778701360, "base": "USD", "data": {"BTC": 79537, "ETH": 2256.54, "USDT": 0.999564, "BNB": 670.78, "XRP": 1.42, "USDC": 1.0, "SOL": 90.85, "TRX": 0.350381, "FIGR_HELOC": 1.042, "DOGE": 0.112949, "WBT": 58.43, "USDS": 0.999756, "ADA": 0.264016, "HYPE": 39.08, "LEO": 10.03, "ZEC": 531.11, "BCH": 433.77, "LINK": 10.18, "XMR": 398.47, "CC": 0.156277, "TON": 2.13, "XLM": 0.159086, "SUI": 1.21, "USD1": 0.999394, "LTC": 56.9, "DAI": 0.999707, "M": 3.28, "AVAX": 9.74, "HBAR": 0.092919, "USDE": 1.0, "SHIB": 6.29e-06, "RAIN": 0.0075088, "PYUSD": 0.999933, "USDG": 0.999738, "CRO": 0.075336, "USYC": 1.12, "TAO": 294.08, "XAUT": 4680.72, "BUIDL": 1.0, "UNI": 3.63, "DOT": 1.33, "PAXG": 4680.43, "MNT": 0.652882, "WLFI": 0.066854, "NEAR": 1.59, "USDY": 1.13, "ONDO": 0.381282, "USDF": 0.999187, "PI": 0.17032, "OKB": 84.9, "HTX": 1.96e-06, "ASTER": 0.673735, "SKY": 0.074359, "PEPE": 4.07e-06, "ICP": 3.08, "RLUSD": 1.0, "USDD": 0.999715, "AAVE": 95.81, "ETC": 9.23, "BGB": 2.06, "BFUSD": 0.9993, "MORPHO": 1.99, "KCS": 8.29, "JTRSY": 1.1, "QNT": 73.2, "ENA": 0.117469, "ATOM": 2.07, "ALGO": 0.117684, "POL": 0.097033, "U": 1.0, "KAS": 0.03736765, "USTB": 11.08, "EUTBL": 1.23, "BCAP": 105.87, "RENDER": 1.86, "SIREN": 1.24, "NEXO": 0.901848, "STABLE": 0.03957997, "WLD": 0.258252, "APT": 1.047, "FIL": 1.046, "ARB": 0.13265, "JST": 0.091485, "GT": 7.25, "JUP": 0.223779, "FLR": 0.00862875, "VVV": 15.13, "B": 0.672099, "PUMP": 0.00187505, "USDTB": 0.999603, "XDC": 0.03142018, "VET": 0.0072959, "BDX": 0.079919, "BONK": 6.83e-06, "OUSG": 115.22, "GHO": 0.999438, "PENGU": 0.00905667, "DEXE": 12.05, "TRUMP": 2.36, "DASH": 43.98}}