{"timestamp": 1782221859, "base": "USD", "data": {"BTC": 62269, "ETH": 1655.98, "USDT": 0.99892, "BNB": 573.43, "USDC": 0.999757, "XRP": 1.1, "SOL": 68.97, "TRX": 0.329454, "FIGR_HELOC": 1.035, "HYPE": 63.11, "DOGE": 0.079353, "USDS": 0.999638, "RAIN": 0.0158061, "LEO": 9.52, "ZEC": 419.54, "XLM": 0.192189, "XMR": 318.68, "WBT": 50.48, "CC": 0.151192, "LINK": 7.58, "ADA": 0.151275, "USD1": 0.999301, "LAB": 15.28, "DAI": 0.999844, "USDE": 0.998834, "GRAM": 1.58, "BCH": 191.81, "M": 2.88, "HBAR": 0.077453, "LTC": 43.29, "USYC": 1.13, "SUI": 0.703446, "USDG": 0.999934, "PYUSD": 0.999877, "AVAX": 6.25, "SHIB": 4.56e-06, "CRO": 0.056583, "NEAR": 1.99, "XAUT": 4102.17, "BUIDL": 1.0, "USDY": 1.14, "TAO": 218.61, "WLD": 0.573852, "PAXG": 4107.93, "WLFI": 0.057574, "UNI": 2.88, "MNT": 0.516473, "ASTER": 0.620735, "OKB": 77.34, "RLUSD": 0.999964, "HTX": 1.72e-06, "DOT": 0.900775, "ONDO": 0.311308, "USDF": 0.99596, "PI": 0.129508, "USDD": 0.998322, "BFUSD": 0.998422, "SKY": 0.05629, "BGB": 1.72, "ICP": 2.16, "PEPE": 2.72e-06, "AAVE": 72.36, "MORPHO": 1.69, "ETC": 6.94, "DEXE": 22.18, "U": 0.999992, "QNT": 68.81, "USTB": 11.12, "BCAP": 107.03, "KCS": 6.97, "EUTBL": 1.2, "USDTB": 0.999719, "ATOM": 1.75, "JTRSY": 1.11, "ALGO": 0.095207, "STABLE": 0.03462476, "POL": 0.077534, "RENDER": 1.57, "KAS": 0.02904175, "ENA": 0.085967, "NEXO": 0.760675, "JAAA": 1.039, "\u5e01\u5b89\u4eba\u751f": 0.709605, "JST": 0.082457, "GT": 6.57, "JUP": 0.20103, "BDX": 0.081995, "VVV": 13.38, "FLR": 0.00703894, "FIL": 0.764248, "GHO": 0.998036, "XDC": 0.02910977, "EURSAFO": 1.15, "HASH": 0.0104396, "USD0": 0.999062, "ADI": 4.38, "YLDS": 0.999837, "NIGHT": 0.03219266, "APT": 0.631719, "BEAT": 1.77}}