{"timestamp": 1778018131, "base": "USD", "data": {"BTC": 81473, "ETH": 2376.74, "USDT": 0.999882, "XRP": 1.42, "BNB": 633.41, "USDC": 0.999819, "SOL": 86.62, "TRX": 0.345119, "FIGR_HELOC": 1.033, "DOGE": 0.114807, "WBT": 60.14, "USDS": 0.999903, "HYPE": 44.34, "ADA": 0.263383, "LEO": 10.35, "BCH": 456.07, "ZEC": 521.63, "XMR": 418.22, "LINK": 9.8, "CC": 0.147649, "XLM": 0.160365, "TON": 1.97, "USD1": 0.999858, "M": 3.46, "DAI": 0.999666, "LTC": 56.47, "AVAX": 9.45, "HBAR": 0.090671, "SUI": 0.973084, "USDE": 0.999258, "SHIB": 6.37e-06, "RAIN": 0.00741201, "PYUSD": 0.999972, "CRO": 0.070338, "USYC": 1.12, "TAO": 289.51, "XAUT": 4552.99, "USDG": 0.9999, "BUIDL": 1.0, "PAXG": 4552.96, "DOT": 1.29, "MNT": 0.647336, "UNI": 3.37, "WLFI": 0.066623, "PI": 0.181709, "SKY": 0.08076, "OKB": 86.06, "USDF": 0.99774, "HTX": 1.94e-06, "PEPE": 4.17e-06, "ASTER": 0.678611, "NEAR": 1.31, "ONDO": 0.324332, "RLUSD": 0.999864, "ICP": 2.71, "USDD": 0.999923, "BGB": 2.06, "AAVE": 93.61, "ETC": 9.01, "MORPHO": 2.24, "USDY": 1.13, "BFUSD": 0.999201, "JTRSY": 1.1, "KCS": 8.54, "ALGO": 0.120541, "POL": 0.098626, "U": 1.0, "USTB": 11.07, "ENA": 0.11128, "QNT": 68.13, "RENDER": 1.9, "EUTBL": 1.23, "BCAP": 105.77, "ATOM": 1.88, "KAS": 0.03438454, "NEXO": 0.907481, "GT": 7.38, "WLD": 0.248494, "APT": 0.985669, "FIL": 0.986047, "STABLE": 0.03391095, "SKYAI": 0.742766, "ARB": 0.120361, "JST": 0.084793, "PENGU": 0.01116388, "PUMP": 0.00186339, "FLR": 0.00763642, "VET": 0.00751747, "JUP": 0.191556, "USDTB": 0.999854, "DASH": 48.84, "LUNC": 0.00011207, "BDX": 0.079925, "OUSG": 115.14, "HASH": 0.01134989, "GHO": 0.999813, "XDC": 0.02889859, "BONK": 6.55e-06, "USD0": 0.998302, "TRUMP": 2.4}}