{"timestamp": 1776670109, "base": "USD", "data": {"BTC": 75278, "ETH": 2316.55, "USDT": 1.0, "XRP": 1.43, "BNB": 627.25, "USDC": 0.999858, "SOL": 85.39, "TRX": 0.331634, "FIGR_HELOC": 1.035, "DOGE": 0.095169, "WBT": 54.5, "USDS": 0.999487, "HYPE": 41.38, "LEO": 10.17, "ADA": 0.248123, "BCH": 441.08, "LINK": 9.3, "XMR": 351.71, "M": 3.56, "CC": 0.150967, "XLM": 0.170221, "USDE": 0.999333, "ZEC": 309.44, "DAI": 0.999437, "LTC": 55.12, "USD1": 0.999713, "PYUSD": 0.99956, "AVAX": 9.27, "HBAR": 0.089442, "SUI": 0.948556, "RAIN": 0.00763127, "SHIB": 6.03e-06, "TON": 1.29, "CRO": 0.069507, "USYC": 1.12, "XAUT": 4779.48, "BUIDL": 1.0, "WLFI": 0.077751, "PAXG": 4787.34, "TAO": 244.34, "USDG": 0.999639, "DOT": 1.27, "UNI": 3.31, "MNT": 0.610898, "SKY": 0.078176, "USDF": 0.998028, "PI": 0.172578, "NEAR": 1.36, "OKB": 83.26, "ASTER": 0.681715, "HTX": 1.81e-06, "PEPE": 3.77e-06, "JTRSY": 1.1, "RLUSD": 0.999561, "AAVE": 93.16, "USDD": 0.999963, "ICP": 2.44, "BGB": 1.89, "BFUSD": 0.999794, "ETC": 8.43, "USDY": 1.12, "ONDO": 0.255224, "KCS": 8.57, "GT": 7.24, "MORPHO": 1.96, "PUMP": 0.00181681, "QNT": 73.66, "ENA": 0.118192, "U": 0.995739, "EUTBL": 1.24, "POL": 0.090024, "KAS": 0.03461482, "RENDER": 1.77, "ALGO": 0.102932, "ATOM": 1.79, "NEXO": 0.890479, "USDTB": 0.999505, "WLD": 0.264449, "USTB": 11.05, "ARB": 0.127504, "BCAP": 82.76, "APT": 0.927171, "FIL": 0.928097, "FLR": 0.00806924, "DEXE": 14.79, "TRUMP": 2.85, "JST": 0.073443, "HASH": 0.01087445, "BDX": 0.079908, "VET": 0.0070794, "NIGHT": 0.03656987, "JUP": 0.17082, "OUSG": 114.95, "XDC": 0.03008429, "CAKE": 1.53, "YLDS": 0.999803, "GHO": 0.998393, "STABLE": 0.02553029, "USD0": 0.998123, "BONK": 6.11e-06}}