{"timestamp": 1779736603, "base": "USD", "data": {"BTC": 77423, "ETH": 2123.31, "USDT": 0.9991, "BNB": 662.12, "XRP": 1.36, "USDC": 0.999795, "SOL": 85.78, "TRX": 0.372616, "FIGR_HELOC": 1.03, "DOGE": 0.102984, "HYPE": 61.78, "USDS": 0.999823, "ZEC": 660.13, "LEO": 9.99, "ADA": 0.245815, "XMR": 383.91, "BCH": 350.21, "LINK": 9.56, "WBT": 57.0, "CC": 0.164923, "TON": 2.02, "XLM": 0.150641, "USD1": 0.999026, "USDE": 0.999167, "DAI": 0.999666, "SUI": 1.053, "LTC": 52.92, "AVAX": 9.39, "HBAR": 0.088866, "RAIN": 0.00797306, "M": 2.92, "PYUSD": 0.999807, "NEAR": 2.73, "SHIB": 5.61e-06, "CRO": 0.069289, "USYC": 1.13, "USDG": 0.999874, "XAUT": 4547.91, "TAO": 281.5, "BUIDL": 1.0, "MNT": 0.653271, "DOT": 1.28, "PAXG": 4557.4, "USDY": 1.13, "UNI": 3.35, "ONDO": 0.435655, "WLFI": 0.061687, "HTX": 2.03e-06, "ASTER": 0.693803, "OKB": 83.46, "USDF": 0.997349, "RLUSD": 1.0, "SKY": 0.070335, "PI": 0.149259, "PEPE": 3.62e-06, "USDD": 0.99972, "ICP": 2.7, "MORPHO": 2.25, "ETC": 9.04, "BGB": 2.0, "AAVE": 86.95, "BFUSD": 0.998966, "QNT": 79.47, "RENDER": 2.19, "WLD": 0.328786, "ATOM": 2.14, "USDTB": 0.999218, "KCS": 8.08, "EUTBL": 1.23, "U": 0.999913, "ALGO": 0.113654, "POL": 0.093249, "USTB": 11.09, "BCAP": 105.74, "JTRSY": 1.1, "KAS": 0.03356941, "ENA": 0.100793, "STABLE": 0.03740761, "NEXO": 0.857952, "VVV": 17.99, "DEXE": 17.5, "APT": 0.976779, "JST": 0.092448, "FIL": 0.997042, "GT": 7.03, "FLR": 0.00832883, "ARB": 0.109552, "JUP": 0.202673, "XDC": 0.03260982, "PUMP": 0.00181354, "BDX": 0.078724, "GHO": 0.998895, "DASH": 45.66, "VET": 0.00668977, "INJ": 5.66, "PENGU": 0.00895706, "USD0": 0.998585, "HASH": 0.01032693, "OUSG": 115.33, "NIGHT": 0.0323521}}