{"timestamp": 1782034678, "base": "USD", "data": {"BTC": 64062, "ETH": 1729.81, "USDT": 0.998864, "BNB": 589.28, "USDC": 0.999861, "XRP": 1.15, "SOL": 73.73, "TRX": 0.327016, "FIGR_HELOC": 1.034, "HYPE": 68.03, "DOGE": 0.083099, "USDS": 0.999701, "RAIN": 0.01442317, "LEO": 9.53, "ZEC": 456.68, "XLM": 0.21213, "WBT": 52.61, "CC": 0.155467, "XMR": 320.91, "ADA": 0.161043, "LINK": 7.96, "USD1": 0.999831, "LAB": 15.15, "GRAM": 1.68, "USDE": 0.99887, "DAI": 0.999758, "BCH": 197.73, "M": 2.84, "HBAR": 0.079799, "LTC": 44.81, "USYC": 1.13, "NEAR": 2.25, "SUI": 0.709776, "USDG": 1.0, "PYUSD": 0.999676, "SHIB": 4.69e-06, "AVAX": 6.31, "CRO": 0.058886, "XAUT": 4145.12, "BUIDL": 1.0, "TAO": 235.38, "USDY": 1.14, "WLD": 0.602632, "PAXG": 4153.97, "UNI": 3.01, "WLFI": 0.058185, "MNT": 0.533208, "ASTER": 0.646061, "ONDO": 0.336948, "DOT": 0.966283, "RLUSD": 0.999909, "OKB": 75.84, "HTX": 1.72e-06, "USDF": 0.993898, "PI": 0.134958, "SKY": 0.058954, "USDD": 0.999112, "BFUSD": 0.999104, "ICP": 2.27, "BGB": 1.76, "MORPHO": 1.85, "PEPE": 2.83e-06, "ETC": 7.39, "AAVE": 74.67, "QNT": 70.54, "U": 0.999889, "USTB": 11.12, "KCS": 7.29, "BCAP": 107.07, "EUTBL": 1.21, "ATOM": 1.78, "USDTB": 0.999905, "RENDER": 1.69, "JTRSY": 1.11, "ENA": 0.091755, "POL": 0.079281, "STABLE": 0.03486041, "ALGO": 0.092873, "KAS": 0.02973523, "NEXO": 0.792224, "JAAA": 1.039, "JUP": 0.219745, "GT": 6.76, "JST": 0.083093, "\u5e01\u5b89\u4eba\u751f": 0.704853, "DEXE": 14.46, "VVV": 14.19, "FLR": 0.00738686, "FIL": 0.795077, "BDX": 0.079791, "GHO": 0.998099, "XDC": 0.02957171, "YLDS": 0.99979, "EURSAFO": 1.15, "HASH": 0.01019959, "USD0": 0.999206, "APT": 0.659406, "NIGHT": 0.03277217, "ARB": 0.08354, "PUMP": 0.0014962}}