{"timestamp": 1783720375, "base": "USD", "data": {"BTC": 63952, "ETH": 1793.34, "USDT": 0.999301, "BNB": 575.67, "USDC": 0.999842, "XRP": 1.1, "SOL": 77.92, "TRX": 0.330312, "FIGR_HELOC": 1.002, "HYPE": 67.13, "DOGE": 0.07409, "USDS": 0.999685, "RAIN": 0.01436577, "LEO": 9.43, "ZEC": 498.44, "WBT": 55.99, "XLM": 0.18982, "ADA": 0.166879, "XMR": 322.12, "LINK": 7.94, "CC": 0.133311, "BCH": 246.17, "DAI": 0.999579, "GRAM": 1.65, "USD1": 0.999249, "USDE": 0.999455, "LTC": 44.59, "USDG": 1.0, "USYC": 1.13, "HBAR": 0.07, "SUI": 0.739282, "AVAX": 6.75, "BUIDL": 1.0, "PYUSD": 0.999828, "SHIB": 4.39e-06, "CRO": 0.055675, "XAUT": 4106.94, "NEAR": 1.88, "UNI": 3.56, "USDY": 1.13, "TAO": 212.4, "PAXG": 4110.52, "WLFI": 0.057989, "M": 1.33, "OKB": 80.57, "ASTER": 0.630031, "HTX": 1.85e-06, "DEXE": 34.94, "ONDO": 0.327299, "USDD": 0.999195, "RLUSD": 1.0, "DOT": 0.880614, "AAVE": 97.12, "MORPHO": 2.18, "USDF": 0.996986, "MNT": 0.429027, "SKY": 0.059933, "WLD": 0.380649, "BFUSD": 0.998778, "ICP": 2.28, "PEPE": 2.82e-06, "BGB": 1.67, "ETC": 7.08, "PI": 0.099402, "U": 0.999785, "EUTBL": 1.2, "QNT": 68.24, "BCAP": 106.63, "KCS": 7.04, "USDGO": 0.999827, "JST": 0.102344, "JTRSY": 1.11, "STABLE": 0.0351548, "POL": 0.079622, "ATOM": 1.59, "BEAT": 2.65, "KAS": 0.02973232, "RENDER": 1.56, "ADI": 6.31, "USTB": 11.14, "EURSAFO": 1.15, "ENA": 0.08082, "ALGO": 0.085873, "NEXO": 0.757542, "USDTB": 1.0, "GT": 6.73, "BDX": 0.088659, "JAAA": 1.041, "\u5e01\u5b89\u4eba\u751f": 0.676843, "JUP": 0.202407, "LIT": 2.65, "FIL": 0.791453, "GHO": 0.998263, "ARB": 0.093587, "PUMP": 0.00146703, "FLR": 0.00667472, "USD0": 0.998937, "XDC": 0.02728678, "YLDS": 0.9998, "VVV": 11.13}}