{"timestamp": 1776618201, "base": "USD", "data": {"BTC": 75435, "ETH": 2310.01, "USDT": 1.0, "XRP": 1.42, "BNB": 623.06, "USDC": 0.999806, "SOL": 85.84, "TRX": 0.335391, "FIGR_HELOC": 1.035, "DOGE": 0.094605, "WBT": 54.65, "USDS": 0.999581, "HYPE": 43.17, "LEO": 10.15, "ADA": 0.2471, "BCH": 441.93, "LINK": 9.23, "XMR": 348.36, "M": 3.44, "CC": 0.149344, "XLM": 0.170298, "USDE": 0.999946, "ZEC": 321.48, "DAI": 0.999474, "LTC": 55.32, "USD1": 1.0, "PYUSD": 1.0, "AVAX": 9.23, "HBAR": 0.088431, "SUI": 0.951144, "RAIN": 0.0076423, "SHIB": 6.01e-06, "TON": 1.3, "CRO": 0.069341, "USYC": 1.12, "XAUT": 4792.05, "WLFI": 0.078581, "BUIDL": 1.0, "PAXG": 4794.21, "TAO": 245.06, "USDG": 0.999582, "MNT": 0.650777, "DOT": 1.27, "UNI": 3.3, "USDF": 0.997927, "SKY": 0.076706, "NEAR": 1.36, "PI": 0.17202, "OKB": 83.42, "ASTER": 0.676522, "HTX": 1.82e-06, "PEPE": 3.75e-06, "JTRSY": 1.1, "USDD": 1.0, "RLUSD": 0.999521, "AAVE": 91.49, "ICP": 2.47, "ETC": 8.44, "BFUSD": 1.0, "USDY": 1.13, "BGB": 1.88, "ONDO": 0.257234, "KCS": 8.52, "GT": 7.21, "MORPHO": 2.02, "PUMP": 0.00183598, "QNT": 74.12, "ENA": 0.116812, "EUTBL": 1.24, "U": 0.999807, "POL": 0.090357, "KAS": 0.03497316, "ALGO": 0.10541, "RENDER": 1.78, "ATOM": 1.79, "NEXO": 0.894173, "WLD": 0.265532, "USDTB": 0.99986, "USTB": 11.05, "ARB": 0.12666, "APT": 0.934536, "BCAP": 82.76, "DEXE": 15.9, "FIL": 0.927274, "FLR": 0.0081113, "HASH": 0.01157909, "TRUMP": 2.83, "JUP": 0.175634, "NIGHT": 0.0372439, "BDX": 0.079915, "VET": 0.00716763, "JST": 0.071194, "OUSG": 114.95, "XDC": 0.02980324, "YLDS": 0.999997, "GHO": 0.998588, "STABLE": 0.02577487, "USD0": 0.99811, "BONK": 6.06e-06, "CAKE": 1.53}}