{"timestamp": 1779491128, "base": "USD", "data": {"BTC": 75716, "ETH": 2072.96, "USDT": 0.998794, "BNB": 652.1, "XRP": 1.34, "USDC": 0.999733, "SOL": 84.95, "TRX": 0.362668, "FIGR_HELOC": 1.031, "DOGE": 0.103496, "HYPE": 55.48, "USDS": 0.999546, "ZEC": 592.87, "LEO": 9.94, "ADA": 0.245273, "BCH": 373.6, "XMR": 382.02, "LINK": 9.52, "WBT": 55.7, "CC": 0.155719, "TON": 1.89, "XLM": 0.144657, "USD1": 0.999399, "USDE": 0.998903, "DAI": 0.999496, "SUI": 1.061, "LTC": 53.34, "AVAX": 9.23, "HBAR": 0.088793, "PYUSD": 0.99957, "M": 2.77, "RAIN": 0.00736151, "SHIB": 5.73e-06, "CRO": 0.067985, "USYC": 1.12, "USDG": 0.999632, "NEAR": 2.09, "XAUT": 4495.19, "TAO": 270.84, "BUIDL": 1.0, "UNI": 3.5, "DOT": 1.28, "USDY": 1.13, "PAXG": 4499.11, "MNT": 0.640291, "WLFI": 0.060579, "ONDO": 0.385631, "HTX": 2.02e-06, "USDF": 0.997005, "RLUSD": 1.0, "ASTER": 0.67421, "OKB": 81.39, "SKY": 0.070432, "PI": 0.150508, "PEPE": 3.66e-06, "USDD": 0.998915, "ICP": 2.52, "ETC": 8.84, "BGB": 1.97, "BFUSD": 0.998699, "AAVE": 86.66, "MORPHO": 1.97, "QNT": 78.32, "USDTB": 0.998982, "ATOM": 2.08, "EUTBL": 1.22, "KCS": 7.84, "U": 0.999258, "ALGO": 0.112984, "USTB": 11.09, "RENDER": 1.88, "POL": 0.091266, "BCAP": 105.74, "WLD": 0.280976, "JTRSY": 1.1, "KAS": 0.03386941, "ENA": 0.102166, "NEXO": 0.877566, "VVV": 17.49, "JST": 0.093076, "APT": 0.952721, "STABLE": 0.03392683, "FIL": 0.983836, "GT": 7.02, "FLR": 0.00826853, "ARB": 0.109912, "JUP": 0.200792, "XDC": 0.03217516, "DEXE": 13.62, "HASH": 0.01169068, "BDX": 0.079395, "PUMP": 0.00173213, "GHO": 0.998716, "VET": 0.0065659, "PENGU": 0.00889582, "USD0": 0.998415, "OUSG": 115.33, "DASH": 43.54, "NIGHT": 0.03310101, "INJ": 5.38}}