{"timestamp": 1778344973, "base": "USD", "data": {"BTC": 80606, "ETH": 2318.05, "USDT": 0.999849, "XRP": 1.42, "BNB": 648.14, "USDC": 0.999834, "SOL": 92.79, "TRX": 0.350884, "FIGR_HELOC": 1.027, "DOGE": 0.108763, "WBT": 59.46, "USDS": 0.999766, "HYPE": 43.01, "ADA": 0.270457, "ZEC": 592.71, "LEO": 10.35, "BCH": 450.27, "XMR": 407.69, "LINK": 10.33, "TON": 2.43, "CC": 0.156922, "XLM": 0.162036, "LTC": 57.89, "M": 3.43, "DAI": 0.999614, "USD1": 0.999713, "AVAX": 9.85, "SUI": 1.051, "HBAR": 0.09201, "USDE": 0.99941, "SHIB": 6.38e-06, "RAIN": 0.00740088, "PYUSD": 0.999936, "CRO": 0.070802, "USYC": 1.12, "TAO": 307.45, "XAUT": 4699.09, "USDG": 1.0, "BUIDL": 1.0, "UNI": 3.64, "DOT": 1.34, "MNT": 0.685126, "WLFI": 0.070158, "PAXG": 4704.6, "ONDO": 0.421768, "NEAR": 1.55, "ICP": 3.57, "OKB": 88.09, "SKY": 0.079359, "PI": 0.174334, "ASTER": 0.70516, "PEPE": 4.25e-06, "HTX": 1.97e-06, "USDF": 0.998497, "RLUSD": 0.999956, "BGB": 2.12, "ETC": 9.48, "USDD": 0.999785, "AAVE": 94.77, "USDY": 1.13, "MORPHO": 2.1, "BFUSD": 0.9993, "JTRSY": 1.1, "ALGO": 0.129802, "ENA": 0.128007, "KCS": 8.39, "QNT": 74.18, "POL": 0.101265, "RENDER": 1.99, "U": 0.999906, "KAS": 0.03648149, "EUTBL": 1.24, "USTB": 11.08, "ATOM": 1.93, "BCAP": 105.77, "SIREN": 1.31, "FIL": 1.2, "NEXO": 0.905905, "WLD": 0.269092, "APT": 1.1, "ARB": 0.140684, "GT": 7.44, "JUP": 0.248744, "STABLE": 0.0346972, "PUMP": 0.00214705, "VVV": 16.11, "JST": 0.083336, "FLR": 0.00813317, "PENGU": 0.01056627, "VET": 0.00757558, "DASH": 49.97, "BONK": 7.15e-06, "USDTB": 0.999642, "SKYAI": 0.621525, "BDX": 0.079929, "OUSG": 115.18, "XDC": 0.03043206, "VIRTUAL": 0.922013, "GHO": 0.999709, "HASH": 0.01096842}}