{"timestamp": 1779589888, "base": "USD", "data": {"BTC": 76654, "ETH": 2117.19, "USDT": 0.998739, "BNB": 655.81, "XRP": 1.36, "USDC": 0.999777, "SOL": 85.68, "TRX": 0.362167, "FIGR_HELOC": 1.03, "DOGE": 0.102794, "HYPE": 60.06, "USDS": 0.999624, "ZEC": 628.92, "LEO": 10.07, "ADA": 0.244756, "XMR": 387.35, "BCH": 354.06, "LINK": 9.54, "WBT": 56.58, "CC": 0.162246, "XLM": 0.147553, "TON": 1.8, "USD1": 0.999006, "USDE": 0.999115, "DAI": 0.999623, "SUI": 1.059, "LTC": 53.25, "AVAX": 9.34, "HBAR": 0.089458, "M": 2.9, "RAIN": 0.00758707, "PYUSD": 0.999738, "SHIB": 5.65e-06, "CRO": 0.069513, "NEAR": 2.37, "USYC": 1.13, "USDG": 0.999499, "TAO": 278.52, "XAUT": 4510.6, "BUIDL": 1.0, "UNI": 3.44, "MNT": 0.660837, "DOT": 1.29, "USDY": 1.13, "PAXG": 4532.83, "ONDO": 0.42062, "WLFI": 0.06191, "HTX": 2e-06, "USDF": 0.997214, "ASTER": 0.683161, "RLUSD": 1.0, "OKB": 82.48, "SKY": 0.070149, "PI": 0.151334, "PEPE": 3.62e-06, "USDD": 0.998993, "ICP": 2.59, "ETC": 8.98, "BGB": 1.98, "MORPHO": 2.12, "BFUSD": 0.998501, "AAVE": 86.37, "QNT": 79.68, "USDTB": 0.99905, "KCS": 8.06, "ATOM": 2.11, "EUTBL": 1.22, "U": 0.9998, "RENDER": 1.98, "WLD": 0.298289, "ALGO": 0.113324, "USTB": 11.09, "POL": 0.091214, "BCAP": 105.74, "JTRSY": 1.1, "KAS": 0.03377738, "ENA": 0.100834, "NEXO": 0.882196, "VVV": 18.13, "STABLE": 0.03452141, "APT": 0.961637, "JST": 0.092224, "FIL": 0.973702, "GT": 7.01, "FLR": 0.00843283, "JUP": 0.207229, "ARB": 0.10887, "DEXE": 13.67, "PUMP": 0.00176248, "XDC": 0.03116925, "BDX": 0.078727, "GHO": 0.998823, "DASH": 45.76, "VET": 0.0067709, "HASH": 0.01085689, "PENGU": 0.00906138, "USD0": 0.998372, "OUSG": 115.33, "NIGHT": 0.03314479, "BONK": 6.07e-06}}