{"timestamp": 1783962489, "base": "USD", "data": {"BTC": 62226, "ETH": 1770.06, "USDT": 0.999041, "BNB": 565.39, "USDC": 0.999845, "XRP": 1.068, "SOL": 75.22, "TRX": 0.325446, "FIGR_HELOC": 1.013, "HYPE": 63.36, "DOGE": 0.071603, "USDS": 0.999671, "RAIN": 0.01446526, "LEO": 9.53, "ZEC": 509.83, "WBT": 54.63, "XLM": 0.181903, "XMR": 319.43, "LINK": 7.89, "ADA": 0.158153, "CC": 0.132961, "BCH": 235.82, "DAI": 0.999683, "USD1": 0.999177, "GRAM": 1.6, "USDE": 0.999662, "LTC": 43.3, "USDG": 0.999694, "USYC": 1.13, "SUI": 0.724657, "HBAR": 0.066525, "BUIDL": 1.0, "PYUSD": 0.999581, "AVAX": 6.5, "NEAR": 1.95, "CRO": 0.054397, "XAUT": 3992.24, "SHIB": 4.15e-06, "UNI": 3.57, "USDY": 1.14, "TAO": 204.42, "DEXE": 39.14, "WLFI": 0.057167, "PAXG": 3991.5, "OKB": 79.93, "ASTER": 0.619633, "HTX": 1.82e-06, "M": 1.21, "USDD": 0.998839, "ONDO": 0.31405, "RLUSD": 1.0, "AAVE": 94.68, "USDF": 0.995552, "DOT": 0.838749, "WLD": 0.401053, "MNT": 0.423792, "SKY": 0.0589, "MORPHO": 2.03, "BFUSD": 0.998563, "ICP": 2.17, "BGB": 1.63, "PEPE": 2.7e-06, "ETC": 6.95, "U": 0.99957, "EUTBL": 1.2, "BCAP": 106.63, "USDGO": 0.999656, "QNT": 64.41, "KCS": 6.77, "STABLE": 0.03707186, "ADI": 7.08, "PI": 0.081233, "POL": 0.081934, "JTRSY": 1.11, "JST": 0.099503, "EURSAFO": 1.15, "ATOM": 1.54, "BEAT": 2.55, "KAS": 0.02865887, "RENDER": 1.5, "USTB": 11.14, "ENA": 0.078831, "ALGO": 0.084036, "BDX": 0.095292, "USDTB": 1.0, "NEXO": 0.724847, "JUP": 0.213302, "GT": 6.63, "\u5e01\u5b89\u4eba\u751f": 0.701743, "JAAA": 1.041, "FIL": 0.755124, "PUMP": 0.0014954, "GHO": 0.998116, "LIT": 2.39, "ARB": 0.09078, "FLR": 0.00639352, "USD0": 0.998429, "XDC": 0.02691174, "YLDS": 0.999837, "USX": 0.999791}}