{"timestamp": 1779318365, "base": "USD", "data": {"BTC": 77398, "ETH": 2124.71, "USDT": 0.999026, "BNB": 647.85, "XRP": 1.36, "USDC": 0.999738, "SOL": 85.92, "TRX": 0.359032, "FIGR_HELOC": 1.035, "DOGE": 0.103367, "HYPE": 54.29, "WBT": 57.07, "ZEC": 668.62, "USDS": 0.999648, "LEO": 10.04, "ADA": 0.248896, "BCH": 371.58, "XMR": 400.01, "LINK": 9.61, "CC": 0.154417, "TON": 2.02, "XLM": 0.14338, "USD1": 0.999867, "USDE": 0.999381, "DAI": 0.999773, "SUI": 1.072, "LTC": 53.95, "M": 3.07, "AVAX": 9.26, "HBAR": 0.088786, "PYUSD": 0.999742, "RAIN": 0.00745193, "SHIB": 5.77e-06, "CRO": 0.068881, "USYC": 1.12, "XAUT": 4529.84, "USDG": 0.999757, "TAO": 272.61, "BUIDL": 1.0, "UNI": 3.62, "NEAR": 1.69, "MNT": 0.661807, "USDY": 1.13, "PAXG": 4531.11, "DOT": 1.25, "WLFI": 0.062819, "ONDO": 0.399939, "HTX": 2e-06, "ASTER": 0.694528, "USDF": 0.997776, "RLUSD": 0.999795, "OKB": 80.65, "SKY": 0.070079, "PI": 0.150927, "PEPE": 3.71e-06, "USDD": 0.999384, "ICP": 2.55, "ETC": 8.98, "BGB": 2.01, "AAVE": 88.07, "BFUSD": 0.998401, "MORPHO": 1.88, "USDTB": 0.998964, "QNT": 74.19, "KCS": 7.97, "EUTBL": 1.22, "ALGO": 0.11651, "U": 1.0, "ATOM": 1.99, "JTRSY": 1.1, "USTB": 11.09, "RENDER": 1.9, "POL": 0.090782, "BCAP": 105.74, "KAS": 0.03484189, "ENA": 0.105629, "NEXO": 0.888197, "WLD": 0.24767, "JST": 0.093908, "APT": 0.949558, "STABLE": 0.03395407, "VVV": 16.65, "FIL": 0.96735, "GT": 7.06, "FLR": 0.00838444, "JUP": 0.212987, "ARB": 0.110377, "XDC": 0.03433459, "DEXE": 13.91, "DASH": 49.46, "PUMP": 0.00173761, "BDX": 0.078737, "GHO": 0.998987, "PENGU": 0.00905553, "VET": 0.0066144, "OUSG": 115.31, "USD0": 0.998361, "HASH": 0.01009608, "BONK": 6.08e-06, "KITE": 0.234513}}