{"timestamp": 1778378846, "base": "USD", "data": {"BTC": 80627, "ETH": 2321.9, "USDT": 0.999817, "XRP": 1.41, "BNB": 646.08, "USDC": 0.999887, "SOL": 92.87, "TRX": 0.350378, "FIGR_HELOC": 1.029, "DOGE": 0.108059, "WBT": 59.5, "USDS": 0.999828, "HYPE": 42.59, "ZEC": 599.46, "ADA": 0.269411, "LEO": 10.29, "BCH": 449.72, "XMR": 407.04, "LINK": 10.31, "TON": 2.44, "CC": 0.155648, "XLM": 0.161446, "LTC": 57.74, "USD1": 0.99928, "DAI": 0.999819, "M": 3.39, "SUI": 1.071, "AVAX": 9.87, "HBAR": 0.092713, "USDE": 0.99957, "SHIB": 6.33e-06, "RAIN": 0.00741451, "PYUSD": 0.999911, "CRO": 0.070771, "TAO": 312.19, "USYC": 1.12, "XAUT": 4707.15, "USDG": 0.999942, "BUIDL": 1.0, "UNI": 3.7, "MNT": 0.680463, "DOT": 1.33, "WLFI": 0.070017, "PAXG": 4710.28, "NEAR": 1.55, "ONDO": 0.410447, "ICP": 3.55, "OKB": 87.52, "SKY": 0.07911, "PI": 0.173242, "ASTER": 0.69698, "USDF": 0.998485, "HTX": 1.96e-06, "PEPE": 4.21e-06, "RLUSD": 1.0, "ETC": 9.6, "BGB": 2.12, "USDD": 0.999774, "AAVE": 95.26, "MORPHO": 2.12, "USDY": 1.13, "BFUSD": 0.9992, "JTRSY": 1.1, "ENA": 0.127073, "KCS": 8.42, "ALGO": 0.126761, "POL": 0.100719, "QNT": 72.75, "RENDER": 1.98, "U": 0.999085, "KAS": 0.03723594, "EUTBL": 1.24, "USTB": 11.08, "ATOM": 1.91, "BCAP": 105.77, "FIL": 1.19, "NEXO": 0.91352, "SIREN": 1.22, "WLD": 0.266011, "APT": 1.087, "ARB": 0.139761, "GT": 7.46, "JUP": 0.242876, "STABLE": 0.03418313, "PUMP": 0.0021371, "FLR": 0.0083351, "JST": 0.0834, "VVV": 15.26, "PENGU": 0.01049702, "VET": 0.00754349, "BONK": 7.17e-06, "USDTB": 0.999062, "DASH": 49.1, "SKYAI": 0.620967, "BDX": 0.079836, "OUSG": 115.18, "XDC": 0.03012542, "VIRTUAL": 0.889167, "GHO": 0.999651, "HASH": 0.01089162}}