{"timestamp": 1784671009, "base": "USD", "data": {"BTC": 66323, "ETH": 1923.04, "USDT": 0.999389, "BNB": 573.12, "USDC": 0.999877, "XRP": 1.15, "SOL": 78.01, "TRX": 0.328999, "FIGR_HELOC": 1.005, "HYPE": 60.79, "DOGE": 0.073308, "RAIN": 0.01491872, "USDS": 0.999877, "ZEC": 532.98, "LEO": 9.71, "WBT": 57.74, "XMR": 352.54, "XLM": 0.192743, "LINK": 8.62, "ADA": 0.172748, "CC": 0.12642, "DAI": 0.999707, "BCH": 224.31, "GRAM": 1.53, "USD1": 0.999293, "USDE": 0.999826, "LTC": 46.92, "USDG": 0.999696, "SUI": 0.76928, "HBAR": 0.069735, "USYC": 1.13, "AVAX": 6.56, "PYUSD": 0.999851, "CRO": 0.058388, "BUIDL": 1.0, "SHIB": 4.27e-06, "NEAR": 1.93, "XAUT": 4075.84, "UNI": 3.71, "USDY": 1.14, "ONDO": 0.39792, "TAO": 199.41, "PAXG": 4071.04, "WLFI": 0.056456, "OKB": 82.18, "ASTER": 0.626892, "HTX": 1.85e-06, "RLUSD": 0.999883, "M": 1.17, "USDD": 0.999499, "SKY": 0.063201, "AAVE": 95.04, "DOT": 0.852228, "MNT": 0.430117, "USDF": 0.995471, "MORPHO": 2.04, "WLD": 0.375694, "BFUSD": 0.998607, "ICP": 2.21, "PEPE": 2.88e-06, "BGB": 1.71, "ETC": 7.0, "U": 1.0, "EUTBL": 1.2, "PI": 0.093466, "USDGO": 0.99982, "BCAP": 106.2, "QNT": 64.54, "KCS": 6.69, "STABLE": 0.03683405, "JTRSY": 1.11, "POL": 0.080032, "EURSAFO": 1.15, "ADI": 6.65, "ENA": 0.086791, "JST": 0.100582, "BEAT": 2.6, "PUMP": 0.00201109, "RENDER": 1.54, "KAS": 0.02862323, "USTB": 11.15, "ATOM": 1.49, "NEXO": 0.766179, "ALGO": 0.084557, "GT": 6.76, "JAAA": 1.042, "JUP": 0.19894, "BDX": 0.082811, "GHO": 0.998955, "FIL": 0.777371, "\u5e01\u5b89\u4eba\u751f": 0.606462, "VVV": 12.6, "LIT": 2.38, "FLR": 0.00678761, "ARB": 0.089128, "XDC": 0.0292179, "YLDS": 0.99991, "USD0": 0.99928, "INJ": 5.32, "USX": 0.99981}}