{"timestamp": 1781294159, "base": "USD", "data": {"BTC": 63579, "ETH": 1664.82, "USDT": 0.999404, "BNB": 604.03, "USDC": 0.999803, "XRP": 1.13, "SOL": 66.74, "TRX": 0.314592, "FIGR_HELOC": 1.033, "DOGE": 0.087409, "HYPE": 60.65, "USDS": 0.999625, "LEO": 9.54, "RAIN": 0.01303604, "ZEC": 414.58, "XMR": 359.6, "XLM": 0.189274, "ADA": 0.17078, "CC": 0.15903, "WBT": 51.93, "LINK": 7.83, "TON": 1.68, "USDE": 0.999527, "USD1": 1.0, "DAI": 0.999746, "BCH": 204.09, "M": 3.08, "HBAR": 0.078014, "LTC": 42.97, "LAB": 10.03, "SUI": 0.74891, "USYC": 1.13, "SHIB": 4.86e-06, "AVAX": 6.59, "CRO": 0.059461, "USDG": 0.999932, "PYUSD": 0.999891, "NEAR": 2.01, "XAUT": 4192.51, "BUIDL": 1.0, "BEAT": 8.63, "USDY": 1.13, "TAO": 212.49, "PAXG": 4200.35, "WLFI": 0.058073, "MNT": 0.538174, "ONDO": 0.358315, "ASTER": 0.629434, "RLUSD": 1.0, "DOT": 0.956545, "WLD": 0.464373, "UNI": 2.52, "OKB": 73.04, "HTX": 1.68e-06, "USDF": 0.995662, "PI": 0.126478, "USDD": 0.999543, "BFUSD": 0.999254, "SKY": 0.056559, "ICP": 2.27, "MORPHO": 1.94, "BGB": 1.78, "PEPE": 2.82e-06, "ETC": 7.15, "ATOM": 1.96, "U": 1.0, "AAVE": 64.94, "BCAP": 106.96, "DEXE": 20.83, "EUTBL": 1.22, "QNT": 66.12, "USTB": 11.11, "USDTB": 0.999828, "KCS": 6.58, "JTRSY": 1.11, "RENDER": 1.67, "KAS": 0.03102572, "STABLE": 0.03501557, "NEXO": 0.795426, "POL": 0.07376, "ALGO": 0.087473, "ENA": 0.079616, "GT": 6.54, "JAAA": 1.038, "\u5e01\u5b89\u4eba\u751f": 0.67842, "VVV": 14.34, "FLR": 0.00767974, "JST": 0.076092, "BDX": 0.079029, "XDC": 0.03016051, "GHO": 0.998979, "FIL": 0.750347, "NIGHT": 0.03368308, "JUP": 0.167142, "USD0": 0.998572, "YLDS": 0.999803, "HASH": 0.01009903, "PUMP": 0.00153126, "APT": 0.645727, "ARB": 0.083902}}