{"timestamp": 1779054360, "base": "USD", "data": {"BTC": 78386, "ETH": 2191.64, "USDT": 0.999445, "BNB": 656.07, "XRP": 1.42, "USDC": 0.99975, "SOL": 86.85, "TRX": 0.355982, "FIGR_HELOC": 1.039, "DOGE": 0.111036, "WBT": 57.77, "USDS": 0.999675, "HYPE": 46.5, "ADA": 0.255447, "LEO": 10.09, "ZEC": 542.98, "BCH": 413.3, "XMR": 394.69, "LINK": 9.75, "CC": 0.155296, "TON": 1.98, "XLM": 0.151671, "USD1": 0.999964, "DAI": 0.99973, "USDE": 0.999843, "LTC": 56.2, "SUI": 1.069, "M": 3.2, "AVAX": 9.32, "HBAR": 0.091079, "RAIN": 0.00751073, "PYUSD": 0.999738, "SHIB": 5.84e-06, "CRO": 0.071323, "USDG": 0.999779, "USYC": 1.12, "XAUT": 4530.93, "BUIDL": 1.0, "TAO": 268.9, "UNI": 3.58, "DOT": 1.28, "MNT": 0.645768, "PAXG": 4532.49, "NEAR": 1.54, "WLFI": 0.060903, "USDY": 1.13, "HTX": 1.97e-06, "USDF": 0.998398, "OKB": 83.55, "ONDO": 0.354506, "ASTER": 0.664881, "PI": 0.160411, "SKY": 0.07054, "PEPE": 3.76e-06, "RLUSD": 0.999721, "USDD": 1.0, "ICP": 2.62, "ETC": 9.02, "BGB": 2.0, "AAVE": 90.67, "BFUSD": 0.9989, "QNT": 77.61, "MORPHO": 1.78, "KCS": 8.08, "USDTB": 0.99939, "JTRSY": 1.1, "ATOM": 2.07, "U": 0.99983, "EUTBL": 1.22, "USTB": 11.08, "POL": 0.092393, "ALGO": 0.109805, "ENA": 0.107092, "BCAP": 105.87, "RENDER": 1.84, "KAS": 0.03480244, "NEXO": 0.878461, "WLD": 0.242598, "STABLE": 0.03562303, "FLR": 0.00920238, "APT": 0.951537, "GT": 7.18, "JST": 0.088924, "FIL": 0.97046, "ARB": 0.119478, "VVV": 14.82, "JUP": 0.200116, "XDC": 0.03163653, "PUMP": 0.00176774, "DEXE": 13.29, "BDX": 0.078781, "VET": 0.00680347, "GHO": 0.999327, "HASH": 0.01059674, "USD0": 0.998173, "OUSG": 115.25, "BONK": 6.21e-06, "PENGU": 0.00861352, "DASH": 42.29, "NIGHT": 0.03195775}}