{"timestamp": 1780783105, "base": "USD", "data": {"BTC": 60793, "ETH": 1560.35, "USDT": 0.999531, "BNB": 575.51, "USDC": 0.999701, "XRP": 1.089, "SOL": 62.05, "TRX": 0.323183, "FIGR_HELOC": 1.032, "HYPE": 56.83, "DOGE": 0.08135, "USDS": 0.999729, "LEO": 9.48, "RAIN": 0.01286017, "XLM": 0.210509, "CC": 0.165737, "ZEC": 354.81, "ADA": 0.157745, "XMR": 294.99, "LINK": 7.36, "WBT": 43.32, "USD1": 0.999654, "USDE": 0.999551, "TON": 1.64, "BCH": 217.11, "LAB": 13.68, "DAI": 0.999527, "M": 3.02, "HBAR": 0.079342, "LTC": 41.75, "AVAX": 6.64, "SUI": 0.711297, "PYUSD": 0.999909, "USYC": 1.13, "SHIB": 4.53e-06, "XAUT": 4283.22, "CRO": 0.058303, "USDG": 1.0, "NEAR": 1.89, "BUIDL": 1.0, "USDY": 1.13, "PAXG": 4290.44, "TAO": 193.83, "WLFI": 0.055351, "MNT": 0.512988, "RLUSD": 0.999932, "ASTER": 0.618801, "DOT": 0.939962, "ONDO": 0.324044, "HTX": 1.74e-06, "UNI": 2.44, "USDF": 0.995954, "OKB": 69.02, "WLD": 0.419559, "USDD": 0.999674, "PI": 0.124184, "BFUSD": 0.999401, "SKY": 0.055239, "BGB": 1.83, "ICP": 2.3, "PEPE": 2.66e-06, "H": 0.611025, "ETC": 6.77, "MORPHO": 1.64, "USDTB": 1.0, "U": 0.9999, "EUTBL": 1.21, "BCAP": 107.06, "QNT": 67.0, "USTB": 11.1, "DEXE": 20.0, "AAVE": 60.66, "JTRSY": 1.11, "ENA": 0.090003, "ATOM": 1.63, "KAS": 0.03037855, "RENDER": 1.6, "ALGO": 0.092567, "KCS": 6.07, "POL": 0.076478, "\u5e01\u5b89\u4eba\u751f": 0.795532, "STABLE": 0.03293427, "NEXO": 0.738009, "VVV": 15.52, "JST": 0.08269, "BEAT": 2.27, "GT": 6.13, "BDX": 0.078768, "SIREN": 0.834744, "XDC": 0.02942405, "GHO": 0.999263, "FIL": 0.729671, "FLR": 0.00672134, "USD0": 0.998509, "APT": 0.654766, "YLDS": 0.999621, "NIGHT": 0.03107372, "A7A5": 0.01313496, "HASH": 0.00952091, "INJ": 5.1}}