{"timestamp": 1782082938, "base": "USD", "data": {"BTC": 63706, "ETH": 1714.92, "USDT": 0.998878, "BNB": 586.73, "USDC": 0.99988, "XRP": 1.13, "SOL": 73.0, "TRX": 0.327734, "FIGR_HELOC": 1.034, "HYPE": 67.32, "DOGE": 0.082817, "USDS": 0.99973, "RAIN": 0.0143821, "LEO": 9.57, "ZEC": 445.66, "XLM": 0.211324, "WBT": 52.26, "XMR": 321.07, "ADA": 0.158951, "LINK": 7.83, "CC": 0.150289, "USD1": 0.999966, "USDE": 0.998894, "LAB": 14.33, "GRAM": 1.65, "DAI": 0.999654, "BCH": 196.7, "M": 2.93, "LTC": 44.76, "HBAR": 0.07877, "USYC": 1.13, "SUI": 0.697169, "USDG": 0.999956, "PYUSD": 1.0, "SHIB": 4.66e-06, "NEAR": 2.11, "CRO": 0.058591, "AVAX": 6.14, "XAUT": 4141.16, "BUIDL": 1.0, "TAO": 231.23, "USDY": 1.13, "WLD": 0.609439, "WLFI": 0.059901, "PAXG": 4148.34, "UNI": 3.0, "MNT": 0.529945, "ASTER": 0.639857, "RLUSD": 1.0, "ONDO": 0.333574, "OKB": 76.81, "DOT": 0.948135, "HTX": 1.73e-06, "PI": 0.135974, "USDF": 0.995473, "SKY": 0.059168, "USDD": 0.999238, "BFUSD": 0.999013, "ICP": 2.23, "BGB": 1.76, "PEPE": 2.81e-06, "MORPHO": 1.81, "ETC": 7.33, "AAVE": 73.86, "QNT": 70.52, "U": 0.999803, "USTB": 11.12, "BCAP": 107.07, "KCS": 7.23, "EUTBL": 1.21, "USDTB": 1.0, "ATOM": 1.76, "JTRSY": 1.11, "RENDER": 1.68, "POL": 0.079249, "ENA": 0.088083, "STABLE": 0.03433777, "KAS": 0.02952188, "ALGO": 0.090168, "NEXO": 0.783586, "JAAA": 1.039, "JST": 0.08425, "JUP": 0.215679, "GT": 6.68, "VVV": 14.99, "\u5e01\u5b89\u4eba\u751f": 0.7004, "DEXE": 14.33, "FLR": 0.00741603, "FIL": 0.789807, "BDX": 0.07956, "GHO": 0.998069, "XDC": 0.02944046, "YLDS": 0.9998, "EURSAFO": 1.15, "NIGHT": 0.03389884, "USD0": 0.999038, "APT": 0.652912, "ARB": 0.082328, "ADI": 4.16, "PUMP": 0.00147939}}