{"timestamp": 1777892289, "base": "USD", "data": {"BTC": 78897, "ETH": 2336.94, "USDT": 0.999749, "XRP": 1.4, "BNB": 624.03, "USDC": 0.999825, "SOL": 84.04, "TRX": 0.340342, "FIGR_HELOC": 1.04, "DOGE": 0.110202, "WBT": 58.97, "USDS": 0.999716, "HYPE": 41.39, "LEO": 10.33, "ADA": 0.2486, "BCH": 443.76, "XMR": 388.35, "LINK": 9.44, "ZEC": 407.49, "CC": 0.148261, "XLM": 0.158572, "USD1": 0.999983, "DAI": 0.999437, "LTC": 55.3, "AVAX": 9.13, "USDE": 0.99911, "HBAR": 0.087926, "SUI": 0.928915, "SHIB": 6.18e-06, "TON": 1.37, "RAIN": 0.00737425, "M": 2.66, "PYUSD": 1.0, "CRO": 0.068431, "USYC": 1.12, "TAO": 285.41, "XAUT": 4559.38, "USDG": 0.999882, "BUIDL": 1.0, "PAXG": 4559.11, "MNT": 0.637917, "UNI": 3.29, "DOT": 1.22, "WLFI": 0.060418, "SKY": 0.079585, "PI": 0.176389, "OKB": 85.24, "USDF": 0.996275, "ASTER": 0.684986, "HTX": 1.9e-06, "PEPE": 3.98e-06, "NEAR": 1.26, "RLUSD": 1.0, "USDD": 1.001, "ONDO": 0.304535, "BGB": 2.04, "AAVE": 92.08, "ETC": 8.58, "USDY": 1.13, "BFUSD": 0.999089, "JTRSY": 1.1, "ICP": 2.36, "MORPHO": 1.95, "KCS": 8.38, "U": 0.999671, "POL": 0.096489, "ALGO": 0.112495, "USTB": 11.07, "QNT": 68.08, "EUTBL": 1.23, "BCAP": 105.75, "ATOM": 1.88, "RENDER": 1.84, "KAS": 0.03375257, "NEXO": 0.902993, "ENA": 0.102847, "GT": 7.29, "APT": 0.971774, "WLD": 0.237031, "STABLE": 0.03330549, "FIL": 0.93318, "JST": 0.082904, "ARB": 0.114605, "PUMP": 0.00182497, "FLR": 0.00753929, "SKYAI": 0.643347, "PENGU": 0.00996242, "VET": 0.00721638, "BDX": 0.079944, "OUSG": 115.1, "XDC": 0.02951407, "DASH": 46.34, "JUP": 0.177134, "GHO": 0.999731, "USDTB": 0.99976, "USD0": 0.99841, "SIREN": 0.767482, "HASH": 0.01048922, "BONK": 6.22e-06, "TRUMP": 2.31}}