{"timestamp": 1780744699, "base": "USD", "data": {"BTC": 60625, "ETH": 1554.69, "USDT": 0.999516, "BNB": 573.65, "USDC": 0.999645, "XRP": 1.082, "SOL": 61.94, "TRX": 0.318636, "FIGR_HELOC": 1.029, "HYPE": 58.79, "DOGE": 0.080718, "USDS": 0.999573, "LEO": 9.58, "RAIN": 0.01286835, "XLM": 0.196217, "ZEC": 366.79, "CC": 0.153512, "ADA": 0.154701, "XMR": 301.53, "LINK": 7.27, "WBT": 43.17, "USD1": 0.999426, "USDE": 0.999418, "BCH": 217.2, "DAI": 0.999564, "TON": 1.55, "M": 2.82, "HBAR": 0.078298, "LTC": 42.59, "LAB": 9.28, "PYUSD": 0.999716, "AVAX": 6.62, "USYC": 1.13, "SUI": 0.69671, "SHIB": 4.46e-06, "XAUT": 4284.61, "CRO": 0.057544, "USDG": 1.0, "NEAR": 1.88, "BUIDL": 1.0, "USDY": 1.13, "PAXG": 4293.51, "TAO": 191.77, "WLFI": 0.055377, "MNT": 0.515348, "RLUSD": 0.999752, "ASTER": 0.613576, "DOT": 0.936843, "ONDO": 0.322747, "HTX": 1.72e-06, "UNI": 2.41, "USDF": 0.995813, "OKB": 68.68, "WLD": 0.421302, "USDD": 0.999652, "SKY": 0.05773, "BFUSD": 0.9992, "PI": 0.121902, "BGB": 1.82, "ICP": 2.28, "PEPE": 2.64e-06, "H": 0.594125, "MORPHO": 1.64, "ETC": 6.73, "USDTB": 1.0, "U": 0.999899, "EUTBL": 1.21, "BCAP": 107.06, "USTB": 11.1, "DEXE": 19.85, "QNT": 63.63, "AAVE": 60.75, "JTRSY": 1.11, "ENA": 0.090841, "RENDER": 1.61, "KCS": 6.18, "KAS": 0.03036395, "ATOM": 1.61, "ALGO": 0.09153, "POL": 0.075343, "STABLE": 0.03217795, "VVV": 16.03, "NEXO": 0.733973, "JST": 0.082748, "\u5e01\u5b89\u4eba\u751f": 0.699637, "GT": 6.14, "BDX": 0.078808, "SIREN": 0.810827, "XDC": 0.02928133, "GHO": 0.999005, "FIL": 0.71884, "FLR": 0.00662022, "BEAT": 1.93, "USD0": 0.998541, "YLDS": 0.999712, "APT": 0.646581, "INJ": 5.2, "A7A5": 0.01309974, "JUP": 0.154106, "NIGHT": 0.03074985}}