{"timestamp": 1780614142, "base": "USD", "data": {"BTC": 63660, "ETH": 1767.2, "USDT": 0.998942, "BNB": 602.41, "USDC": 0.999769, "XRP": 1.17, "SOL": 68.37, "TRX": 0.331248, "FIGR_HELOC": 1.019, "HYPE": 64.36, "DOGE": 0.087949, "USDS": 0.999619, "LEO": 9.93, "RAIN": 0.01411073, "ZEC": 467.21, "XMR": 364.96, "XLM": 0.201472, "ADA": 0.181633, "CC": 0.149487, "LINK": 7.97, "WBT": 45.85, "BCH": 244.63, "USD1": 0.998767, "USDE": 0.998549, "TON": 1.67, "DAI": 0.99979, "M": 3.3, "LAB": 12.53, "HBAR": 0.083963, "LTC": 45.61, "AVAX": 7.66, "SUI": 0.765371, "PYUSD": 0.999818, "SHIB": 4.93e-06, "NEAR": 2.21, "USYC": 1.13, "XAUT": 4443.48, "CRO": 0.060697, "USDG": 1.0, "BUIDL": 1.0, "USDY": 1.14, "PAXG": 4459.81, "TAO": 209.05, "WLFI": 0.05968, "MNT": 0.555025, "ONDO": 0.371408, "WLD": 0.528484, "DOT": 1.034, "RLUSD": 0.999878, "ASTER": 0.657982, "UNI": 2.64, "HTX": 1.78e-06, "OKB": 73.98, "USDF": 0.995027, "ICP": 2.7, "SKY": 0.063729, "USDD": 1.002, "PI": 0.12785, "BFUSD": 0.9989, "BGB": 1.88, "PEPE": 2.93e-06, "MORPHO": 1.8, "ETC": 7.26, "AAVE": 70.78, "H": 0.560869, "USDTB": 0.998914, "QNT": 69.33, "EUTBL": 1.22, "BCAP": 107.06, "RENDER": 1.88, "DEXE": 20.34, "U": 0.999902, "USTB": 11.1, "POL": 0.086796, "ATOM": 1.8, "KCS": 6.79, "ALGO": 0.100285, "STABLE": 0.03793523, "JTRSY": 1.11, "ENA": 0.094336, "KAS": 0.02948696, "NEXO": 0.774314, "VVV": 16.26, "\u5e01\u5b89\u4eba\u751f": 0.708486, "GT": 6.51, "FIL": 0.860343, "JST": 0.077182, "NIGHT": 0.03752265, "BDX": 0.079748, "FLR": 0.00710043, "APT": 0.746382, "JUP": 0.180872, "XDC": 0.0297724, "GHO": 0.999074, "PUMP": 0.00162224, "ARB": 0.088609, "USD0": 0.998594, "YLDS": 0.999744, "INJ": 5.38, "A7A5": 0.0131222}}