{"timestamp": 1783678554, "base": "USD", "data": {"BTC": 64244, "ETH": 1789.39, "USDT": 0.999265, "BNB": 575.34, "USDC": 0.999747, "XRP": 1.11, "SOL": 79.13, "TRX": 0.330031, "FIGR_HELOC": 1.002, "HYPE": 69.06, "DOGE": 0.074237, "USDS": 0.99968, "RAIN": 0.01437539, "LEO": 9.62, "ZEC": 500.52, "WBT": 56.71, "XLM": 0.193521, "ADA": 0.168346, "XMR": 318.79, "LINK": 7.95, "CC": 0.131629, "BCH": 245.11, "DAI": 0.99988, "USD1": 0.999148, "GRAM": 1.64, "USDE": 0.999588, "LTC": 44.46, "USDG": 0.998615, "USYC": 1.13, "HBAR": 0.070832, "SUI": 0.729974, "AVAX": 6.74, "PYUSD": 0.999705, "CRO": 0.056935, "SHIB": 4.37e-06, "NEAR": 1.94, "XAUT": 4092.99, "BUIDL": 1.0, "UNI": 3.6, "USDY": 1.13, "TAO": 213.53, "WLFI": 0.058093, "PAXG": 4097.24, "ASTER": 0.63219, "OKB": 80.52, "HTX": 1.84e-06, "M": 1.26, "ONDO": 0.326087, "DEXE": 34.27, "RLUSD": 0.999839, "MORPHO": 2.29, "DOT": 0.881789, "AAVE": 97.79, "USDD": 0.999109, "MNT": 0.431098, "USDF": 0.997086, "WLD": 0.389498, "SKY": 0.058468, "BFUSD": 0.998277, "ICP": 2.33, "BGB": 1.66, "PEPE": 2.69e-06, "ETC": 7.09, "PI": 0.09974, "U": 0.999889, "EUTBL": 1.21, "QNT": 68.46, "BCAP": 106.63, "KCS": 6.98, "JTRSY": 1.11, "STABLE": 0.03538054, "USDGO": 0.999815, "JST": 0.100153, "USTB": 11.14, "POL": 0.077138, "ATOM": 1.59, "KAS": 0.02960634, "RENDER": 1.57, "ADI": 6.28, "ALGO": 0.086528, "NEXO": 0.76594, "EURSAFO": 1.15, "ENA": 0.078583, "USDTB": 1.0, "GT": 6.77, "BDX": 0.091582, "BEAT": 2.29, "JUP": 0.209421, "\u5e01\u5b89\u4eba\u751f": 0.685002, "JAAA": 1.041, "FIL": 0.796521, "LIT": 2.51, "PUMP": 0.00150679, "GHO": 0.998384, "ARB": 0.093913, "FLR": 0.00668865, "XDC": 0.02776333, "USD0": 0.998503, "VVV": 11.57, "YLDS": 0.999706}}