{"timestamp": 1779978644, "base": "USD", "data": {"BTC": 72832, "ETH": 1986.28, "USDT": 0.99831, "BNB": 633.01, "XRP": 1.3, "USDC": 0.999587, "SOL": 81.01, "TRX": 0.348586, "FIGR_HELOC": 1.035, "DOGE": 0.098076, "HYPE": 57.65, "USDS": 0.999528, "LEO": 10.02, "ZEC": 531.67, "RAIN": 0.0142605, "ADA": 0.232546, "XLM": 0.198977, "XMR": 352.87, "LINK": 8.91, "WBT": 53.53, "BCH": 296.9, "CC": 0.153645, "USD1": 0.997926, "TON": 1.74, "USDE": 0.998759, "DAI": 0.999563, "LTC": 51.04, "M": 2.93, "AVAX": 8.86, "HBAR": 0.088107, "SUI": 0.915439, "PYUSD": 0.999763, "SHIB": 5.3e-06, "NEAR": 2.32, "CRO": 0.067112, "USYC": 1.12, "USDG": 0.999761, "XAUT": 4443.86, "TAO": 257.29, "BUIDL": 1.0, "USDY": 1.14, "PAXG": 4449.18, "MNT": 0.620411, "DOT": 1.2, "UNI": 3.01, "WLFI": 0.059025, "OKB": 86.12, "ONDO": 0.360524, "ASTER": 0.666355, "RLUSD": 0.999962, "USDF": 0.994199, "HTX": 1.83e-06, "PI": 0.144781, "SKY": 0.065607, "ICP": 2.6, "USDD": 0.998521, "PEPE": 3.33e-06, "BGB": 1.98, "BFUSD": 0.997901, "MORPHO": 2.05, "ETC": 8.14, "AAVE": 79.7, "USDTB": 1.0, "U": 0.999511, "KCS": 7.76, "ATOM": 2.03, "EUTBL": 1.23, "QNT": 69.84, "RENDER": 1.95, "WLD": 0.287009, "BCAP": 107.16, "ALGO": 0.104704, "POL": 0.087262, "USTB": 11.1, "JTRSY": 1.1, "STABLE": 0.03848857, "KAS": 0.03075421, "QAIT": 0.189682, "JST": 0.095506, "NEXO": 0.814878, "ENA": 0.086859, "DEXE": 16.73, "APT": 0.915948, "FIL": 0.945635, "GT": 6.73, "VVV": 14.59, "FLR": 0.00778408, "ARB": 0.101883, "XDC": 0.03093854, "BDX": 0.077335, "NIGHT": 0.03511826, "GHO": 0.998558, "PUMP": 0.00164573, "JUP": 0.172179, "HASH": 0.01046285, "USD0": 0.998364, "APXUSD": 0.999538, "OUSG": 115.38, "INJ": 5.32, "A7A5": 0.01320725}}