{"timestamp": 1781819922, "base": "USD", "data": {"BTC": 62907, "ETH": 1706.56, "USDT": 0.998104, "BNB": 578.9, "USDC": 0.999933, "XRP": 1.14, "SOL": 69.48, "TRX": 0.320079, "FIGR_HELOC": 1.003, "HYPE": 67.93, "DOGE": 0.083304, "USDS": 0.99979, "RAIN": 0.01448932, "LEO": 9.61, "XLM": 0.231868, "ZEC": 453.97, "CC": 0.159702, "XMR": 327.24, "WBT": 51.97, "ADA": 0.162864, "LINK": 7.98, "LAB": 17.44, "USD1": 1.0, "USDE": 0.998969, "GRAM": 1.65, "DAI": 0.999917, "BCH": 198.97, "M": 2.92, "HBAR": 0.080137, "LTC": 43.67, "USYC": 1.13, "SUI": 0.721822, "NEAR": 2.19, "USDG": 1.0, "SHIB": 4.74e-06, "PYUSD": 0.999916, "AVAX": 6.28, "CRO": 0.058611, "XAUT": 4203.66, "BUIDL": 1.0, "TAO": 234.81, "WLD": 0.63837, "USDY": 1.13, "PAXG": 4211.11, "UNI": 3.04, "WLFI": 0.059454, "ONDO": 0.360327, "MNT": 0.528929, "ASTER": 0.636654, "DOT": 0.968228, "RLUSD": 1.0, "HTX": 1.7e-06, "OKB": 72.59, "USDF": 0.994216, "PI": 0.130016, "USDD": 0.999109, "SKY": 0.057704, "BFUSD": 0.999529, "MORPHO": 1.95, "BGB": 1.79, "ICP": 2.24, "PEPE": 2.83e-06, "ETC": 7.19, "AAVE": 73.93, "QNT": 69.74, "USTB": 11.12, "U": 0.9996, "BCAP": 107.07, "KCS": 7.14, "EUTBL": 1.21, "ATOM": 1.79, "USDTB": 0.999798, "ALGO": 0.098473, "JTRSY": 1.11, "RENDER": 1.66, "ENA": 0.091973, "KAS": 0.03034045, "POL": 0.077607, "NEXO": 0.795054, "STABLE": 0.03338066, "DEXE": 15.36, "\u5e01\u5b89\u4eba\u751f": 0.706619, "JST": 0.081804, "GT": 6.56, "JAAA": 1.038, "VVV": 14.48, "JUP": 0.192437, "FLR": 0.00734667, "BDX": 0.081407, "FIL": 0.790368, "GHO": 0.998537, "XDC": 0.02993642, "YLDS": 0.999854, "HASH": 0.01045659, "EURSAFO": 1.15, "USD0": 0.99905, "ARB": 0.084354, "APT": 0.635183, "INJ": 5.27, "NIGHT": 0.03094055}}