{"timestamp": 1782590621, "base": "USD", "data": {"BTC": 60126, "ETH": 1576.93, "USDT": 0.998485, "BNB": 558.73, "USDC": 0.999805, "XRP": 1.053, "SOL": 71.02, "TRX": 0.320124, "FIGR_HELOC": 1.029, "HYPE": 62.16, "DOGE": 0.074634, "USDS": 0.99958, "RAIN": 0.01558883, "LEO": 9.41, "ZEC": 400.64, "CC": 0.151751, "XLM": 0.173729, "XMR": 312.96, "WBT": 48.0, "LINK": 7.32, "ADA": 0.145222, "LAB": 16.16, "USD1": 0.999089, "DAI": 0.999771, "USDE": 0.998066, "GRAM": 1.56, "BCH": 196.45, "LTC": 42.28, "HBAR": 0.072064, "USYC": 1.13, "USDG": 0.9999, "AVAX": 6.42, "SUI": 0.685317, "PYUSD": 0.999716, "CRO": 0.054824, "SHIB": 4.23e-06, "XAUT": 4061.71, "NEAR": 1.86, "BUIDL": 1.0, "USDY": 1.14, "TAO": 209.15, "WLFI": 0.058236, "PAXG": 4066.5, "UNI": 2.94, "ASTER": 0.624266, "OKB": 78.71, "RLUSD": 0.999847, "WLD": 0.448306, "ONDO": 0.3115, "HTX": 1.66e-06, "MNT": 0.437132, "PI": 0.131999, "AAVE": 93.83, "USDF": 0.994018, "DOT": 0.827657, "USDD": 0.998418, "BFUSD": 0.998362, "ICP": 2.15, "SKY": 0.04927976, "BGB": 1.64, "MORPHO": 1.75, "ETC": 7.14, "DEXE": 21.71, "U": 0.999599, "PEPE": 2.39e-06, "M": 0.753187, "BCAP": 107.03, "QNT": 65.61, "EUTBL": 1.2, "KCS": 6.81, "STABLE": 0.03770957, "JTRSY": 1.11, "USDGO": 1.0, "RENDER": 1.57, "ATOM": 1.57, "KAS": 0.02823484, "USTB": 11.13, "ALGO": 0.085135, "POL": 0.070771, "JUP": 0.222676, "USDTB": 0.999729, "JST": 0.085252, "NEXO": 0.724661, "ENA": 0.077175, "\u5e01\u5b89\u4eba\u751f": 0.708386, "GT": 6.56, "BEAT": 2.39, "JAAA": 1.039, "BDX": 0.083871, "VVV": 13.36, "ADI": 4.92, "EURSAFO": 1.15, "GHO": 0.997762, "FIL": 0.7326, "FLR": 0.00670004, "YLDS": 0.999939, "VELVET": 1.33, "XDC": 0.02795709, "USD0": 0.998621, "PUMP": 0.00135928}}