{"timestamp": 1778531272, "base": "USD", "data": {"BTC": 81870, "ETH": 2338.21, "USDT": 0.999715, "XRP": 1.47, "BNB": 661.5, "USDC": 0.999904, "SOL": 97.95, "TRX": 0.350742, "FIGR_HELOC": 1.03, "DOGE": 0.11142, "WBT": 60.2, "USDS": 0.999822, "ADA": 0.279652, "HYPE": 41.98, "LEO": 10.24, "ZEC": 555.66, "BCH": 449.86, "LINK": 10.62, "XMR": 417.79, "TON": 2.45, "CC": 0.16304, "XLM": 0.169076, "SUI": 1.3, "LTC": 58.82, "USD1": 0.999096, "DAI": 0.999761, "AVAX": 10.18, "M": 3.29, "HBAR": 0.096313, "USDE": 0.999552, "SHIB": 6.59e-06, "RAIN": 0.00752163, "CRO": 0.079257, "PYUSD": 0.999776, "USDG": 0.99979, "TAO": 324.44, "USYC": 1.12, "XAUT": 4722.05, "UNI": 3.9, "BUIDL": 1.0, "MNT": 0.69778, "DOT": 1.37, "PAXG": 4722.68, "WLFI": 0.067184, "ONDO": 0.434133, "NEAR": 1.55, "ICP": 3.38, "OKB": 87.61, "PEPE": 4.36e-06, "PI": 0.17147, "HTX": 1.97e-06, "USDF": 0.998957, "ASTER": 0.688235, "SKY": 0.076081, "RLUSD": 1.0, "AAVE": 102.01, "ETC": 9.82, "BGB": 2.14, "USDD": 0.999519, "MORPHO": 2.13, "USDY": 1.13, "BFUSD": 0.999699, "ENA": 0.129292, "KCS": 8.52, "JTRSY": 1.1, "KAS": 0.04008336, "POL": 0.102829, "ALGO": 0.122649, "QNT": 73.32, "U": 1.0, "RENDER": 1.97, "ATOM": 2.01, "USTB": 11.08, "EUTBL": 1.24, "BCAP": 105.87, "WLD": 0.281648, "NEXO": 0.923517, "APT": 1.13, "FIL": 1.13, "ARB": 0.141523, "SIREN": 1.13, "VVV": 17.54, "GT": 7.53, "JUP": 0.2394, "STABLE": 0.03453032, "PUMP": 0.00210835, "FLR": 0.008733, "JST": 0.087391, "VET": 0.00777784, "BONK": 7.57e-06, "PENGU": 0.01032995, "B": 0.648868, "XDC": 0.03193934, "HASH": 0.01187267, "BDX": 0.080007, "OUSG": 115.18, "NIGHT": 0.03603249, "DASH": 46.69, "DEXE": 12.65, "GHO": 0.999755}}