{"timestamp": 1779568806, "base": "USD", "data": {"BTC": 76436, "ETH": 2099.13, "USDT": 0.998778, "BNB": 654.43, "XRP": 1.35, "USDC": 0.999706, "SOL": 85.89, "TRX": 0.361237, "FIGR_HELOC": 1.03, "DOGE": 0.103145, "HYPE": 59.3, "USDS": 0.999609, "ZEC": 624.4, "LEO": 9.95, "ADA": 0.244718, "BCH": 353.69, "XMR": 381.13, "LINK": 9.46, "WBT": 55.99, "CC": 0.158801, "XLM": 0.146713, "TON": 1.82, "USD1": 0.998796, "USDE": 0.999168, "DAI": 0.999679, "SUI": 1.059, "LTC": 53.39, "AVAX": 9.31, "HBAR": 0.0887, "M": 2.88, "PYUSD": 0.999687, "RAIN": 0.00753092, "SHIB": 5.64e-06, "NEAR": 2.4, "CRO": 0.068992, "USYC": 1.13, "USDG": 0.999743, "XAUT": 4506.93, "TAO": 278.63, "BUIDL": 1.0, "UNI": 3.46, "MNT": 0.661458, "DOT": 1.28, "USDY": 1.13, "PAXG": 4514.45, "ONDO": 0.420963, "WLFI": 0.062751, "HTX": 2e-06, "USDF": 0.997173, "RLUSD": 1.0, "ASTER": 0.681783, "OKB": 81.93, "SKY": 0.070582, "PI": 0.151412, "PEPE": 3.64e-06, "USDD": 0.998815, "ICP": 2.58, "ETC": 8.95, "BGB": 1.97, "BFUSD": 0.998501, "AAVE": 86.9, "MORPHO": 2.09, "QNT": 77.34, "USDTB": 0.999222, "KCS": 7.98, "ATOM": 2.1, "EUTBL": 1.22, "U": 0.99859, "WLD": 0.300472, "ALGO": 0.113602, "RENDER": 1.94, "USTB": 11.09, "POL": 0.0908, "BCAP": 105.74, "JTRSY": 1.1, "KAS": 0.03357178, "ENA": 0.101586, "VVV": 18.93, "NEXO": 0.874151, "APT": 0.966307, "JST": 0.092063, "STABLE": 0.03365504, "FIL": 0.980065, "GT": 7.0, "FLR": 0.0083215, "ARB": 0.109775, "JUP": 0.206536, "DEXE": 13.72, "XDC": 0.03156316, "PUMP": 0.00176719, "BDX": 0.07884, "VET": 0.00686067, "GHO": 0.99895, "HASH": 0.01110038, "DASH": 45.83, "PENGU": 0.00909976, "NIGHT": 0.03355072, "USD0": 0.998502, "OUSG": 115.33, "INJ": 5.38}}