{"timestamp": 1779502364, "base": "USD", "data": {"BTC": 75388, "ETH": 2065.46, "USDT": 0.998802, "BNB": 649.74, "XRP": 1.34, "USDC": 0.999814, "SOL": 84.33, "TRX": 0.362518, "FIGR_HELOC": 1.032, "DOGE": 0.101615, "HYPE": 54.66, "USDS": 0.999649, "ZEC": 594.04, "LEO": 9.93, "ADA": 0.243661, "BCH": 361.0, "XMR": 375.63, "LINK": 9.4, "WBT": 55.53, "CC": 0.157943, "TON": 1.86, "XLM": 0.144258, "USD1": 0.999518, "USDE": 0.999032, "DAI": 0.99975, "SUI": 1.041, "LTC": 52.79, "AVAX": 9.17, "HBAR": 0.088253, "PYUSD": 0.999793, "M": 2.76, "RAIN": 0.00732901, "SHIB": 5.68e-06, "CRO": 0.068059, "USYC": 1.12, "USDG": 0.999779, "NEAR": 2.09, "XAUT": 4496.36, "TAO": 264.24, "BUIDL": 1.0, "UNI": 3.36, "USDY": 1.13, "PAXG": 4499.08, "DOT": 1.25, "MNT": 0.638397, "WLFI": 0.060472, "ONDO": 0.382965, "HTX": 2.01e-06, "USDF": 0.997474, "RLUSD": 1.0, "ASTER": 0.670426, "OKB": 82.01, "SKY": 0.070179, "PI": 0.150647, "PEPE": 3.62e-06, "USDD": 0.999071, "ETC": 8.84, "BGB": 1.97, "ICP": 2.49, "BFUSD": 0.998602, "AAVE": 85.97, "MORPHO": 1.97, "QNT": 76.86, "USDTB": 0.998914, "ATOM": 2.11, "EUTBL": 1.22, "KCS": 7.79, "U": 0.999632, "ALGO": 0.112115, "USTB": 11.09, "POL": 0.090494, "BCAP": 105.74, "RENDER": 1.85, "JTRSY": 1.1, "KAS": 0.03383396, "WLD": 0.269701, "ENA": 0.099986, "NEXO": 0.865567, "VVV": 17.54, "JST": 0.093041, "STABLE": 0.03398659, "APT": 0.942186, "FIL": 0.96609, "GT": 6.96, "FLR": 0.00823538, "ARB": 0.109636, "JUP": 0.200704, "XDC": 0.03220287, "DEXE": 13.72, "HASH": 0.01163075, "BDX": 0.079524, "PUMP": 0.0017096, "GHO": 0.998917, "VET": 0.00659976, "DASH": 44.44, "USD0": 0.998559, "OUSG": 115.33, "PENGU": 0.00872166, "NIGHT": 0.03254102, "BONK": 5.96e-06}}