{"timestamp": 1779432112, "base": "USD", "data": {"BTC": 77333, "ETH": 2124.74, "USDT": 0.998879, "BNB": 655.9, "XRP": 1.36, "USDC": 0.999727, "SOL": 86.66, "TRX": 0.364966, "FIGR_HELOC": 1.026, "DOGE": 0.105253, "HYPE": 57.89, "WBT": 56.99, "ZEC": 654.19, "USDS": 0.999674, "ADA": 0.250349, "LEO": 10.01, "BCH": 377.99, "XMR": 386.82, "LINK": 9.81, "CC": 0.155586, "TON": 2.0, "XLM": 0.146685, "USD1": 0.999552, "USDE": 0.999045, "SUI": 1.1, "DAI": 0.999681, "LTC": 54.16, "AVAX": 9.49, "HBAR": 0.089261, "M": 2.89, "RAIN": 0.00750302, "PYUSD": 0.999737, "SHIB": 5.83e-06, "CRO": 0.069039, "USYC": 1.12, "NEAR": 2.17, "TAO": 281.21, "USDG": 0.99994, "XAUT": 4513.66, "BUIDL": 1.0, "UNI": 3.61, "MNT": 0.674094, "DOT": 1.31, "USDY": 1.13, "PAXG": 4515.03, "ONDO": 0.406565, "WLFI": 0.061327, "HTX": 2.01e-06, "USDF": 0.997892, "ASTER": 0.690131, "RLUSD": 1.0, "OKB": 81.37, "SKY": 0.070757, "PI": 0.152581, "PEPE": 3.77e-06, "USDD": 0.999044, "ICP": 2.64, "ETC": 9.08, "BGB": 1.98, "AAVE": 87.68, "BFUSD": 0.998501, "MORPHO": 2.0, "ATOM": 2.13, "USDTB": 0.99906, "QNT": 73.96, "KCS": 7.98, "EUTBL": 1.22, "RENDER": 1.99, "U": 0.999987, "ALGO": 0.114113, "POL": 0.092047, "USTB": 11.09, "JTRSY": 1.1, "BCAP": 105.74, "ENA": 0.106243, "WLD": 0.280288, "KAS": 0.03482695, "NEXO": 0.871677, "VVV": 18.02, "APT": 0.974346, "FIL": 1.011, "JST": 0.092505, "STABLE": 0.03340215, "GT": 7.06, "FLR": 0.00838381, "JUP": 0.217194, "ARB": 0.113539, "XDC": 0.03500484, "DEXE": 14.1, "PUMP": 0.00181157, "BDX": 0.079566, "PENGU": 0.00961088, "DASH": 47.42, "GHO": 0.998899, "VET": 0.0067073, "HASH": 0.01056133, "OUSG": 115.32, "USD0": 0.998465, "BONK": 6.23e-06, "KITE": 0.232582}}