{"timestamp": 1777851369, "base": "USD", "data": {"BTC": 78620, "ETH": 2325.71, "USDT": 0.999758, "XRP": 1.39, "BNB": 618.72, "USDC": 0.999807, "SOL": 84.03, "TRX": 0.338202, "FIGR_HELOC": 1.04, "DOGE": 0.108586, "WBT": 58.71, "USDS": 0.999789, "HYPE": 41.47, "LEO": 10.3, "ADA": 0.250055, "BCH": 443.57, "XMR": 391.07, "ZEC": 412.98, "LINK": 9.14, "CC": 0.147807, "XLM": 0.158245, "USD1": 0.999852, "DAI": 0.999869, "LTC": 55.38, "AVAX": 9.1, "USDE": 0.999249, "M": 2.98, "HBAR": 0.08785, "SUI": 0.922052, "SHIB": 6.18e-06, "RAIN": 0.0075014, "TON": 1.35, "PYUSD": 1.0, "CRO": 0.068115, "USYC": 1.12, "TAO": 289.7, "XAUT": 4608.69, "USDG": 0.999815, "BUIDL": 1.0, "PAXG": 4608.6, "MNT": 0.631812, "UNI": 3.24, "DOT": 1.21, "WLFI": 0.058527, "SKY": 0.079962, "PI": 0.176327, "OKB": 85.49, "USDF": 0.996897, "HTX": 1.91e-06, "ASTER": 0.668007, "PEPE": 3.96e-06, "NEAR": 1.28, "RLUSD": 0.999866, "USDD": 0.999878, "AAVE": 92.72, "ONDO": 0.288545, "BGB": 2.0, "ETC": 8.5, "USDY": 1.13, "BFUSD": 0.999198, "JTRSY": 1.1, "ICP": 2.35, "MORPHO": 1.92, "KCS": 8.41, "U": 0.999421, "POL": 0.095359, "ALGO": 0.113611, "USTB": 11.07, "QNT": 68.38, "EUTBL": 1.23, "BCAP": 105.75, "ATOM": 1.88, "RENDER": 1.83, "KAS": 0.03371199, "NEXO": 0.900977, "ENA": 0.101193, "GT": 7.31, "APT": 0.990285, "WLD": 0.238032, "STABLE": 0.03295319, "JST": 0.084774, "ARB": 0.117712, "FIL": 0.927057, "PUMP": 0.00180787, "FLR": 0.00753853, "PENGU": 0.00988187, "VET": 0.00722261, "BDX": 0.08001, "OUSG": 115.1, "JUP": 0.178039, "HASH": 0.01112377, "GHO": 0.999761, "USDTB": 0.999221, "XDC": 0.0291365, "USD0": 0.998912, "BONK": 6.26e-06, "TRUMP": 2.34, "SIREN": 0.744901, "YLDS": 0.99996, "USDM": 1.0}}