{"timestamp": 1778917907, "base": "USD", "data": {"BTC": 78386, "ETH": 2195.22, "USDT": 0.999515, "BNB": 660.38, "XRP": 1.42, "USDC": 0.9998, "SOL": 87.52, "TRX": 0.351211, "FIGR_HELOC": 1.031, "DOGE": 0.110078, "WBT": 57.84, "USDS": 0.999771, "HYPE": 41.87, "ADA": 0.255648, "LEO": 10.14, "BCH": 419.92, "ZEC": 496.79, "LINK": 9.82, "XMR": 377.48, "CC": 0.15833, "TON": 1.9, "XLM": 0.152111, "USD1": 1.0, "DAI": 0.999524, "LTC": 56.1, "SUI": 1.072, "USDE": 0.999931, "M": 3.18, "AVAX": 9.35, "HBAR": 0.091249, "SHIB": 5.98e-06, "RAIN": 0.00736891, "PYUSD": 0.999843, "CRO": 0.071049, "USDG": 0.999769, "USYC": 1.12, "XAUT": 4532.75, "BUIDL": 1.0, "TAO": 271.43, "UNI": 3.53, "MNT": 0.650222, "DOT": 1.27, "PAXG": 4534.51, "WLFI": 0.062948, "NEAR": 1.5, "USDY": 1.13, "USDF": 0.998169, "HTX": 1.95e-06, "OKB": 83.69, "ASTER": 0.665722, "ONDO": 0.34862, "PI": 0.158678, "SKY": 0.069179, "PEPE": 3.79e-06, "RLUSD": 0.999929, "USDD": 0.999475, "BGB": 2.03, "ICP": 2.56, "ETC": 8.95, "AAVE": 89.16, "BFUSD": 0.999105, "QNT": 81.82, "MORPHO": 1.77, "KCS": 8.1, "USDTB": 0.99914, "JTRSY": 1.1, "U": 0.999604, "EUTBL": 1.22, "USTB": 11.08, "ALGO": 0.111342, "ATOM": 1.95, "ENA": 0.107932, "BCAP": 105.87, "POL": 0.089577, "KAS": 0.0342263, "RENDER": 1.8, "NEXO": 0.859623, "WLD": 0.240748, "FLR": 0.00921936, "APT": 0.96015, "JST": 0.090613, "GT": 7.19, "FIL": 0.975798, "ARB": 0.120561, "STABLE": 0.03219206, "JUP": 0.204733, "XDC": 0.03322632, "PUMP": 0.00173862, "VVV": 13.18, "BDX": 0.078567, "DEXE": 12.83, "VET": 0.00687933, "HASH": 0.01105579, "GHO": 0.999372, "OUSG": 115.25, "USD0": 0.997904, "BONK": 6.31e-06, "PENGU": 0.00853188, "DASH": 41.65, "YLDS": 0.999798}}