{"timestamp": 1784155867, "base": "USD", "data": {"BTC": 64875, "ETH": 1923.3, "USDT": 0.999395, "BNB": 580.67, "USDC": 0.999897, "XRP": 1.12, "SOL": 77.51, "TRX": 0.324517, "FIGR_HELOC": 1.037, "HYPE": 67.05, "DOGE": 0.074056, "USDS": 0.999842, "ZEC": 576.59, "RAIN": 0.0146154, "LEO": 9.81, "WBT": 56.9, "XLM": 0.189178, "LINK": 8.56, "XMR": 329.16, "ADA": 0.165049, "CC": 0.136548, "DAI": 0.999926, "BCH": 227.01, "USD1": 0.998997, "GRAM": 1.59, "USDE": 0.999881, "LTC": 45.05, "USDG": 1.002, "SUI": 0.755949, "USYC": 1.13, "HBAR": 0.067845, "AVAX": 6.69, "PYUSD": 0.999838, "NEAR": 2.07, "BUIDL": 1.0, "CRO": 0.055765, "SHIB": 4.24e-06, "XAUT": 4052.47, "UNI": 3.63, "USDY": 1.14, "TAO": 198.8, "WLFI": 0.057529, "PAXG": 4050.83, "ONDO": 0.365856, "DEXE": 37.91, "OKB": 81.77, "ASTER": 0.630882, "M": 1.24, "HTX": 1.8e-06, "RLUSD": 0.999965, "SKY": 0.062641, "AAVE": 96.31, "WLD": 0.410105, "USDD": 0.999351, "DOT": 0.847747, "USDF": 0.995906, "MNT": 0.427135, "MORPHO": 2.02, "BFUSD": 0.998737, "ICP": 2.18, "BGB": 1.68, "PEPE": 2.79e-06, "ETC": 7.09, "U": 0.999645, "EUTBL": 1.21, "USDGO": 0.999829, "BCAP": 106.19, "KCS": 6.93, "QNT": 65.02, "STABLE": 0.03711476, "POL": 0.083, "ADI": 6.98, "PI": 0.079596, "JTRSY": 1.11, "EURSAFO": 1.16, "JST": 0.098951, "BEAT": 2.63, "ATOM": 1.56, "ENA": 0.084062, "KAS": 0.02894797, "RENDER": 1.53, "USTB": 11.15, "NEXO": 0.762591, "ALGO": 0.084834, "\u5e01\u5b89\u4eba\u751f": 0.725431, "GT": 6.72, "JUP": 0.20775, "JAAA": 1.041, "PUMP": 0.00166704, "FIL": 0.791416, "BDX": 0.080026, "LIT": 2.43, "GHO": 0.998631, "FLR": 0.00663832, "ARB": 0.088586, "USD0": 0.99866, "XDC": 0.02743142, "YLDS": 0.999864, "APT": 0.626133, "USX": 0.999858}}