{"timestamp": 1781611508, "base": "USD", "data": {"BTC": 66393, "ETH": 1796.29, "USDT": 0.99932, "BNB": 613.34, "XRP": 1.24, "USDC": 0.999804, "SOL": 74.58, "TRX": 0.317159, "FIGR_HELOC": 1.027, "HYPE": 75.31, "DOGE": 0.088024, "USDS": 0.999668, "LEO": 9.76, "RAIN": 0.01395395, "ZEC": 514.1, "XLM": 0.222034, "ADA": 0.178557, "XMR": 348.53, "WBT": 54.5, "CC": 0.164054, "LINK": 8.32, "USDE": 0.999389, "USD1": 1.0, "GRAM": 1.67, "BCH": 218.1, "DAI": 0.999811, "M": 3.06, "LAB": 12.51, "HBAR": 0.08348, "LTC": 45.48, "SUI": 0.794015, "NEAR": 2.43, "USYC": 1.13, "AVAX": 6.94, "SHIB": 5e-06, "CRO": 0.062343, "PYUSD": 0.999986, "USDG": 1.0, "XAUT": 4319.14, "TAO": 263.73, "BUIDL": 1.0, "WLD": 0.655453, "USDY": 1.13, "PAXG": 4329.53, "WLFI": 0.059887, "MNT": 0.574875, "UNI": 3.0, "ONDO": 0.383379, "ASTER": 0.663865, "DOT": 1.02, "RLUSD": 0.999979, "OKB": 75.84, "HTX": 1.7e-06, "PI": 0.135846, "USDF": 0.993894, "USDD": 0.999391, "SKY": 0.057859, "ICP": 2.43, "BFUSD": 0.998817, "BGB": 1.83, "MORPHO": 1.96, "PEPE": 2.96e-06, "ETC": 7.37, "AAVE": 75.32, "QNT": 72.36, "ATOM": 1.98, "U": 0.999798, "KCS": 7.26, "BCAP": 107.07, "USTB": 11.11, "EUTBL": 1.22, "KAS": 0.03388275, "RENDER": 1.79, "BEAT": 3.15, "USDTB": 0.999717, "DEXE": 18.63, "JTRSY": 1.11, "ALGO": 0.095843, "STABLE": 0.03578077, "POL": 0.079029, "NEXO": 0.820004, "ENA": 0.086971, "GT": 6.88, "VVV": 15.4, "JST": 0.080154, "JAAA": 1.038, "FLR": 0.00796681, "\u5e01\u5b89\u4eba\u751f": 0.675007, "JUP": 0.199804, "FIL": 0.798731, "BDX": 0.081411, "XDC": 0.0307207, "INJ": 5.99, "GHO": 0.998923, "APT": 0.680073, "NIGHT": 0.03374584, "USD0": 0.999037, "YLDS": 0.999612, "PUMP": 0.00157404, "ARB": 0.086567}}