{"timestamp": 1779634579, "base": "USD", "data": {"BTC": 76396, "ETH": 2095.6, "USDT": 0.998778, "BNB": 655.43, "XRP": 1.35, "USDC": 0.999779, "SOL": 85.2, "TRX": 0.365357, "FIGR_HELOC": 1.03, "DOGE": 0.102189, "HYPE": 62.85, "USDS": 0.999664, "ZEC": 648.38, "LEO": 10.03, "ADA": 0.242723, "XMR": 387.29, "BCH": 349.49, "LINK": 9.42, "WBT": 56.33, "CC": 0.165462, "XLM": 0.146727, "USD1": 0.998909, "TON": 1.73, "USDE": 0.998888, "DAI": 0.999667, "SUI": 1.042, "LTC": 52.85, "AVAX": 9.23, "HBAR": 0.088621, "M": 2.89, "PYUSD": 0.999705, "RAIN": 0.00742795, "SHIB": 5.57e-06, "NEAR": 2.48, "CRO": 0.06892, "USYC": 1.13, "USDG": 0.999673, "XAUT": 4503.39, "TAO": 274.33, "BUIDL": 1.0, "MNT": 0.653516, "UNI": 3.39, "USDY": 1.13, "ONDO": 0.436795, "PAXG": 4518.1, "DOT": 1.26, "WLFI": 0.061468, "ASTER": 0.70894, "HTX": 2.01e-06, "USDF": 0.996681, "RLUSD": 1.0, "OKB": 82.22, "SKY": 0.069642, "PI": 0.149666, "USDD": 0.999203, "PEPE": 3.58e-06, "ICP": 2.56, "ETC": 8.93, "MORPHO": 2.2, "BGB": 1.97, "BFUSD": 0.998509, "AAVE": 85.81, "QNT": 80.1, "USDTB": 0.999349, "KCS": 8.04, "EUTBL": 1.22, "ATOM": 2.05, "WLD": 0.303518, "U": 0.999607, "RENDER": 1.94, "ALGO": 0.112297, "USTB": 11.09, "BCAP": 105.74, "POL": 0.090447, "JTRSY": 1.1, "VVV": 19.83, "KAS": 0.03332167, "ENA": 0.098771, "NEXO": 0.851301, "JST": 0.093122, "APT": 0.947818, "STABLE": 0.03353778, "FIL": 0.954912, "GT": 7.01, "FLR": 0.00831578, "DEXE": 14.72, "JUP": 0.201635, "ARB": 0.10603, "PUMP": 0.00173823, "BDX": 0.078932, "XDC": 0.03061495, "GHO": 0.998903, "DASH": 45.06, "VET": 0.00662709, "HASH": 0.01063766, "NIGHT": 0.03413318, "PENGU": 0.00894418, "USD0": 0.998501, "OUSG": 115.33, "BONK": 5.99e-06}}