{"timestamp": 1777012203, "base": "USD", "data": {"BTC": 77845, "ETH": 2313.91, "USDT": 1.0, "XRP": 1.43, "BNB": 634.63, "USDC": 0.9998, "SOL": 85.57, "TRX": 0.327704, "FIGR_HELOC": 1.031, "DOGE": 0.097576, "WBT": 55.03, "USDS": 0.999798, "HYPE": 41.12, "LEO": 10.29, "ADA": 0.249074, "BCH": 456.66, "XMR": 379.08, "LINK": 9.29, "M": 4.67, "XLM": 0.175251, "CC": 0.151776, "ZEC": 347.74, "DAI": 0.99975, "USD1": 0.999937, "LTC": 56.05, "AVAX": 9.39, "USDE": 0.999254, "HBAR": 0.090718, "SUI": 0.94526, "SHIB": 6.15e-06, "RAIN": 0.00739762, "PYUSD": 0.999938, "TON": 1.32, "CRO": 0.069935, "USYC": 1.12, "XAUT": 4664.58, "BUIDL": 1.0, "WLFI": 0.077016, "USDG": 0.999754, "TAO": 246.4, "PAXG": 4666.39, "MNT": 0.648408, "DOT": 1.24, "UNI": 3.26, "SKY": 0.084059, "NEAR": 1.41, "USDF": 0.996886, "OKB": 83.81, "PI": 0.17072, "HTX": 1.83e-06, "ASTER": 0.669747, "PEPE": 3.85e-06, "JTRSY": 1.1, "RLUSD": 0.999918, "AAVE": 93.65, "BGB": 2.02, "USDD": 1.0, "ICP": 2.47, "ETC": 8.48, "BFUSD": 0.9996, "USDY": 1.12, "ONDO": 0.262309, "GT": 7.42, "KCS": 8.42, "PUMP": 0.00180229, "MORPHO": 1.87, "QNT": 71.45, "U": 0.999703, "EUTBL": 1.23, "POL": 0.094139, "USTB": 11.06, "ATOM": 1.93, "ENA": 0.108861, "ALGO": 0.106172, "RENDER": 1.81, "KAS": 0.03416713, "NEXO": 0.899377, "WLD": 0.263865, "ARB": 0.129054, "APT": 0.946354, "STABLE": 0.03421329, "BCAP": 82.76, "FIL": 0.93313, "JST": 0.082477, "FLR": 0.0079029, "TRUMP": 2.87, "VET": 0.00726363, "BDX": 0.080042, "JUP": 0.174206, "HASH": 0.01062335, "NIGHT": 0.0365405, "XDC": 0.03011684, "OUSG": 115.02, "DEXE": 12.71, "GHO": 0.999116, "USDTB": 0.999424, "BONK": 6.39e-06, "USD0": 0.998247, "YLDS": 0.999907, "PENGU": 0.00856158}}