{"timestamp": 1779234961, "base": "USD", "data": {"BTC": 76809, "ETH": 2111.75, "USDT": 0.999053, "BNB": 639.78, "XRP": 1.36, "USDC": 0.999758, "SOL": 84.27, "TRX": 0.355969, "FIGR_HELOC": 1.032, "DOGE": 0.102977, "WBT": 56.66, "HYPE": 48.19, "USDS": 0.999558, "ZEC": 574.71, "ADA": 0.248457, "LEO": 9.94, "BCH": 369.66, "XMR": 399.03, "LINK": 9.45, "CC": 0.148241, "TON": 1.99, "XLM": 0.143511, "USD1": 0.99969, "M": 3.55, "USDE": 0.999507, "DAI": 0.999576, "SUI": 1.053, "LTC": 54.42, "AVAX": 9.1, "HBAR": 0.088558, "RAIN": 0.00745394, "PYUSD": 0.999661, "SHIB": 5.69e-06, "CRO": 0.068374, "USYC": 1.12, "USDG": 0.999802, "XAUT": 4490.83, "BUIDL": 1.0, "TAO": 257.17, "UNI": 3.45, "USDY": 1.13, "PAXG": 4492.09, "NEAR": 1.6, "DOT": 1.22, "MNT": 0.623781, "WLFI": 0.0599, "ONDO": 0.368898, "HTX": 1.97e-06, "USDF": 0.997844, "ASTER": 0.649064, "OKB": 79.69, "RLUSD": 0.999943, "SKY": 0.069061, "PI": 0.148959, "USDD": 0.999513, "PEPE": 3.64e-06, "BGB": 2.0, "ETC": 8.96, "ICP": 2.47, "AAVE": 87.39, "BFUSD": 0.9988, "MORPHO": 1.79, "USDTB": 0.998808, "QNT": 73.41, "KCS": 7.9, "USTB": 11.09, "ATOM": 2.04, "EUTBL": 1.22, "U": 0.999734, "JTRSY": 1.1, "ALGO": 0.112877, "BCAP": 105.74, "POL": 0.089189, "RENDER": 1.82, "ENA": 0.102947, "KAS": 0.03371665, "NEXO": 0.883137, "WLD": 0.238421, "STABLE": 0.03477227, "JST": 0.091662, "VVV": 16.52, "APT": 0.930083, "GT": 6.98, "FIL": 0.937444, "FLR": 0.00827055, "ARB": 0.113558, "DEXE": 14.02, "JUP": 0.194989, "XDC": 0.03230768, "BDX": 0.078736, "PUMP": 0.00167771, "GHO": 0.99894, "VET": 0.00654121, "HASH": 0.01045085, "USD0": 0.997968, "OUSG": 115.29, "PENGU": 0.00869192, "KITE": 0.237258, "DASH": 42.27, "BONK": 5.92e-06}}