{"timestamp": 1781736043, "base": "USD", "data": {"BTC": 64319, "ETH": 1741.6, "USDT": 0.999202, "BNB": 599.32, "USDC": 0.999819, "XRP": 1.19, "SOL": 71.78, "TRX": 0.320571, "FIGR_HELOC": 1.022, "HYPE": 71.02, "DOGE": 0.085726, "USDS": 0.999633, "RAIN": 0.01458419, "LEO": 9.7, "ZEC": 482.06, "XLM": 0.228023, "CC": 0.162515, "WBT": 53.13, "XMR": 332.89, "ADA": 0.166774, "LINK": 8.05, "USD1": 1.0, "USDE": 0.999222, "GRAM": 1.66, "BCH": 211.7, "DAI": 0.999624, "LAB": 12.99, "M": 2.92, "HBAR": 0.080709, "LTC": 44.86, "SUI": 0.770354, "USYC": 1.13, "AVAX": 6.75, "SHIB": 4.94e-06, "NEAR": 2.23, "USDG": 0.999967, "PYUSD": 0.999861, "CRO": 0.059125, "XAUT": 4245.99, "BUIDL": 1.0, "TAO": 246.72, "WLD": 0.648233, "USDY": 1.14, "UNI": 3.26, "WLFI": 0.061394, "PAXG": 4257.89, "ASTER": 0.714665, "MNT": 0.540433, "ONDO": 0.363777, "DOT": 1.004, "RLUSD": 1.0, "HTX": 1.72e-06, "OKB": 73.31, "USDF": 0.994785, "PI": 0.131229, "USDD": 0.999121, "SKY": 0.056803, "BFUSD": 0.999166, "ICP": 2.34, "BGB": 1.81, "MORPHO": 1.95, "PEPE": 2.95e-06, "ETC": 7.29, "AAVE": 73.77, "QNT": 70.47, "U": 0.999701, "USTB": 11.12, "ATOM": 1.9, "BCAP": 107.07, "KCS": 7.23, "EUTBL": 1.21, "USDTB": 0.999849, "RENDER": 1.69, "JTRSY": 1.11, "ALGO": 0.09721, "KAS": 0.03146091, "ENA": 0.092112, "NEXO": 0.819164, "POL": 0.076602, "STABLE": 0.0340391, "VVV": 15.77, "GT": 6.73, "JST": 0.08325, "DEXE": 14.78, "JAAA": 1.038, "\u5e01\u5b89\u4eba\u751f": 0.67721, "FLR": 0.00754056, "FIL": 0.796066, "JUP": 0.188042, "BDX": 0.079928, "GHO": 0.998644, "XDC": 0.02997738, "APT": 0.669182, "YLDS": 0.999721, "USD0": 0.998914, "EURSAFO": 1.16, "ARB": 0.085579, "INJ": 5.42, "A7A5": 0.01313614, "PUMP": 0.0014675}}