{"timestamp": 1779222345, "base": "USD", "data": {"BTC": 76861, "ETH": 2113.35, "USDT": 0.999113, "BNB": 639.58, "XRP": 1.35, "USDC": 0.999769, "SOL": 84.35, "TRX": 0.355652, "FIGR_HELOC": 1.032, "DOGE": 0.103361, "WBT": 56.68, "HYPE": 48.35, "USDS": 0.99965, "ZEC": 574.13, "ADA": 0.248458, "LEO": 9.92, "BCH": 367.52, "XMR": 391.74, "LINK": 9.47, "CC": 0.149112, "TON": 2.02, "XLM": 0.143332, "M": 3.56, "USD1": 0.999702, "USDE": 0.999472, "DAI": 0.99977, "SUI": 1.059, "LTC": 54.04, "AVAX": 9.11, "HBAR": 0.088053, "RAIN": 0.00745811, "PYUSD": 0.999769, "SHIB": 5.69e-06, "BUIDL": 1.0, "CRO": 0.0684, "USYC": 1.12, "USDG": 0.999809, "XAUT": 4486.44, "TAO": 258.69, "UNI": 3.46, "USDY": 1.13, "PAXG": 4486.43, "NEAR": 1.63, "MNT": 0.626301, "DOT": 1.23, "WLFI": 0.059918, "USDF": 0.997781, "ONDO": 0.364853, "HTX": 1.96e-06, "ASTER": 0.650066, "OKB": 79.36, "RLUSD": 0.999937, "SKY": 0.069032, "PI": 0.14851, "PEPE": 3.64e-06, "USDD": 0.999574, "ETC": 9.01, "BGB": 2.0, "ICP": 2.48, "AAVE": 88.04, "BFUSD": 0.9989, "MORPHO": 1.78, "USDTB": 0.998731, "QNT": 73.44, "KCS": 7.91, "USTB": 11.09, "ATOM": 2.06, "EUTBL": 1.22, "U": 0.999827, "ALGO": 0.11459, "JTRSY": 1.1, "BCAP": 105.74, "POL": 0.089454, "RENDER": 1.82, "ENA": 0.103301, "KAS": 0.03387292, "NEXO": 0.879638, "WLD": 0.239526, "STABLE": 0.03501289, "VVV": 17.01, "JST": 0.091303, "APT": 0.93411, "GT": 6.95, "FIL": 0.940471, "ARB": 0.114408, "FLR": 0.00823337, "DEXE": 13.96, "JUP": 0.196123, "XDC": 0.03193284, "BDX": 0.078767, "PUMP": 0.00168776, "GHO": 0.999026, "VET": 0.00651064, "USD0": 0.998305, "HASH": 0.0104024, "OUSG": 115.28, "KITE": 0.240092, "PENGU": 0.00861046, "DASH": 42.63, "BONK": 5.91e-06}}