{"timestamp": 1776975265, "base": "USD", "data": {"BTC": 77865, "ETH": 2322.51, "USDT": 1.0, "XRP": 1.43, "BNB": 637.52, "USDC": 0.999862, "SOL": 85.54, "TRX": 0.329198, "FIGR_HELOC": 1.038, "DOGE": 0.096463, "WBT": 55.12, "USDS": 0.999792, "HYPE": 41.04, "LEO": 10.28, "BCH": 457.83, "ADA": 0.247886, "XMR": 373.72, "LINK": 9.3, "XLM": 0.175484, "CC": 0.149654, "ZEC": 335.81, "M": 4.27, "DAI": 0.999663, "USD1": 0.999824, "LTC": 55.59, "AVAX": 9.31, "USDE": 0.999342, "HBAR": 0.090405, "SUI": 0.937187, "SHIB": 6.11e-06, "RAIN": 0.00747381, "PYUSD": 0.999856, "TON": 1.35, "CRO": 0.069804, "USYC": 1.12, "XAUT": 4684.82, "BUIDL": 1.0, "WLFI": 0.077244, "USDG": 1.0, "TAO": 246.02, "PAXG": 4687.44, "MNT": 0.640934, "UNI": 3.27, "DOT": 1.23, "SKY": 0.084568, "NEAR": 1.4, "USDF": 0.997025, "OKB": 83.69, "PI": 0.167579, "HTX": 1.83e-06, "ASTER": 0.670841, "PEPE": 3.8e-06, "JTRSY": 1.1, "RLUSD": 0.999972, "AAVE": 93.2, "USDD": 1.0, "BGB": 1.94, "ICP": 2.46, "USDY": 1.13, "ETC": 8.47, "BFUSD": 0.999999, "ONDO": 0.259259, "KCS": 8.42, "GT": 7.36, "QNT": 73.0, "MORPHO": 1.9, "PUMP": 0.00178996, "U": 0.999908, "EUTBL": 1.23, "POL": 0.094259, "USTB": 11.06, "ENA": 0.11055, "ATOM": 1.88, "KAS": 0.0340449, "RENDER": 1.79, "ALGO": 0.103257, "NEXO": 0.899925, "WLD": 0.260777, "ARB": 0.127198, "APT": 0.937437, "BCAP": 82.76, "FIL": 0.923066, "JST": 0.082473, "FLR": 0.00793839, "STABLE": 0.03029669, "TRUMP": 2.84, "VET": 0.00726246, "BDX": 0.080112, "NIGHT": 0.0366328, "JUP": 0.170208, "OUSG": 115.01, "XDC": 0.02979783, "HASH": 0.01034622, "DEXE": 12.58, "GHO": 0.998911, "USDTB": 0.999573, "USD0": 0.998143, "BONK": 6.33e-06, "YLDS": 0.999892, "PENGU": 0.00841243}}