{"timestamp": 1783441211, "base": "USD", "data": {"BTC": 63824, "ETH": 1793.72, "USDT": 0.999166, "BNB": 583.46, "USDC": 0.999943, "XRP": 1.13, "SOL": 81.9, "TRX": 0.331412, "FIGR_HELOC": 1.035, "HYPE": 72.05, "DOGE": 0.074883, "USDS": 0.999849, "RAIN": 0.014916, "LEO": 9.37, "ZEC": 500.52, "WBT": 56.69, "ADA": 0.177045, "XLM": 0.191903, "XMR": 332.53, "LINK": 7.98, "CC": 0.132046, "BCH": 241.44, "DAI": 0.999754, "GRAM": 1.67, "USD1": 0.998994, "USDE": 0.998658, "LTC": 44.46, "HBAR": 0.072124, "USDG": 1.0, "USYC": 1.13, "SUI": 0.742189, "AVAX": 6.75, "PYUSD": 1.0, "CRO": 0.05811, "NEAR": 2.05, "SHIB": 4.43e-06, "XAUT": 4128.81, "BUIDL": 1.0, "USDY": 1.14, "LAB": 6.66, "TAO": 214.1, "UNI": 3.22, "WLFI": 0.059794, "PAXG": 4133.39, "M": 1.36, "ASTER": 0.631555, "HTX": 1.87e-06, "OKB": 79.58, "ONDO": 0.335179, "RLUSD": 1.0, "USDD": 0.999136, "DOT": 0.86888, "MNT": 0.431121, "USDF": 0.997078, "AAVE": 92.2, "WLD": 0.393468, "DEXE": 28.48, "BFUSD": 0.998311, "SKY": 0.056371, "MORPHO": 1.99, "ICP": 2.25, "PI": 0.111666, "BGB": 1.68, "PEPE": 2.7e-06, "ETC": 7.02, "U": 0.9999, "EUTBL": 1.2, "BCAP": 106.63, "QNT": 66.68, "KCS": 7.06, "JTRSY": 1.11, "USDGO": 0.999721, "USTB": 11.14, "RENDER": 1.59, "ATOM": 1.59, "STABLE": 0.03398044, "KAS": 0.0298812, "POL": 0.07577, "JST": 0.093683, "JUP": 0.240215, "ALGO": 0.086759, "BEAT": 2.46, "ENA": 0.07792, "NEXO": 0.745297, "ADI": 5.81, "USDTB": 1.001, "GT": 6.75, "\u5e01\u5b89\u4eba\u751f": 0.716457, "BDX": 0.090667, "EURSAFO": 1.15, "JAAA": 1.04, "PUMP": 0.00162274, "LIT": 2.58, "FIL": 0.792679, "GHO": 0.998451, "FLR": 0.0067867, "AERO": 0.600353, "NIGHT": 0.03331755, "USD0": 0.998606, "XDC": 0.0276656}}