{"timestamp": 1780779340, "base": "USD", "data": {"BTC": 60693, "ETH": 1557.61, "USDT": 0.999479, "BNB": 574.64, "USDC": 0.999678, "XRP": 1.085, "SOL": 61.79, "TRX": 0.322458, "FIGR_HELOC": 1.03, "HYPE": 56.34, "DOGE": 0.080835, "USDS": 0.999759, "LEO": 9.51, "RAIN": 0.012824, "XLM": 0.204229, "CC": 0.161007, "ZEC": 350.62, "ADA": 0.157188, "XMR": 294.09, "LINK": 7.32, "WBT": 43.18, "USD1": 0.999229, "USDE": 0.999543, "LAB": 14.27, "DAI": 0.999674, "BCH": 214.52, "TON": 1.6, "M": 2.92, "HBAR": 0.078917, "LTC": 41.16, "AVAX": 6.61, "PYUSD": 0.999923, "SUI": 0.706389, "USYC": 1.13, "SHIB": 4.52e-06, "XAUT": 4285.58, "CRO": 0.058185, "USDG": 1.0, "NEAR": 1.87, "BUIDL": 1.0, "USDY": 1.13, "PAXG": 4291.92, "TAO": 193.59, "WLFI": 0.055398, "MNT": 0.511684, "RLUSD": 0.999991, "ASTER": 0.619791, "DOT": 0.934081, "HTX": 1.73e-06, "ONDO": 0.322179, "UNI": 2.43, "USDF": 0.99612, "OKB": 69.05, "WLD": 0.41349, "USDD": 0.999615, "BFUSD": 0.9994, "PI": 0.123512, "SKY": 0.055233, "BGB": 1.83, "ICP": 2.29, "H": 0.627418, "PEPE": 2.65e-06, "ETC": 6.73, "MORPHO": 1.63, "USDTB": 1.0, "U": 0.999808, "EUTBL": 1.21, "BCAP": 107.06, "USTB": 11.1, "QNT": 66.09, "DEXE": 20.14, "AAVE": 60.03, "JTRSY": 1.11, "ENA": 0.090113, "KAS": 0.03040754, "ATOM": 1.62, "RENDER": 1.58, "ALGO": 0.09189, "KCS": 6.05, "POL": 0.075684, "\u5e01\u5b89\u4eba\u751f": 0.777196, "STABLE": 0.03327134, "NEXO": 0.736184, "VVV": 15.45, "JST": 0.082465, "GT": 6.11, "BEAT": 2.24, "BDX": 0.078646, "SIREN": 0.83615, "XDC": 0.02940218, "GHO": 0.999415, "FIL": 0.726411, "FLR": 0.00668279, "USD0": 0.998431, "YLDS": 0.999612, "APT": 0.647933, "A7A5": 0.01313502, "NIGHT": 0.03097456, "JUP": 0.15306, "INJ": 5.08}}