{"timestamp": 1778326956, "base": "USD", "data": {"BTC": 80329, "ETH": 2314.08, "USDT": 0.999878, "XRP": 1.42, "BNB": 650.21, "USDC": 0.999917, "SOL": 93.58, "TRX": 0.352384, "FIGR_HELOC": 1.028, "DOGE": 0.109713, "WBT": 59.31, "HYPE": 43.74, "USDS": 0.999799, "ADA": 0.273738, "ZEC": 602.06, "LEO": 10.32, "BCH": 450.26, "LINK": 10.47, "XMR": 407.03, "TON": 2.48, "CC": 0.159902, "XLM": 0.164097, "LTC": 58.36, "DAI": 0.999764, "USD1": 0.999755, "M": 3.39, "AVAX": 9.94, "SUI": 1.052, "HBAR": 0.092726, "USDE": 0.999148, "SHIB": 6.42e-06, "RAIN": 0.00748777, "PYUSD": 0.999897, "CRO": 0.071291, "USYC": 1.12, "TAO": 310.07, "XAUT": 4699.32, "USDG": 0.999965, "BUIDL": 1.0, "WLFI": 0.073385, "UNI": 3.66, "DOT": 1.36, "MNT": 0.687866, "PAXG": 4703.94, "ONDO": 0.426446, "NEAR": 1.59, "ICP": 3.69, "SKY": 0.081262, "OKB": 88.06, "PEPE": 4.32e-06, "PI": 0.173833, "ASTER": 0.701061, "USDF": 0.998659, "HTX": 1.97e-06, "RLUSD": 0.999964, "ETC": 9.61, "BGB": 2.12, "AAVE": 95.99, "USDD": 0.999801, "MORPHO": 2.13, "USDY": 1.13, "BFUSD": 0.9993, "JTRSY": 1.1, "ENA": 0.129455, "ALGO": 0.130468, "KCS": 8.39, "QNT": 76.22, "POL": 0.102206, "RENDER": 2.01, "U": 1.0, "KAS": 0.03654311, "ATOM": 1.97, "EUTBL": 1.24, "USTB": 11.08, "BCAP": 105.77, "FIL": 1.23, "SIREN": 1.27, "WLD": 0.272971, "NEXO": 0.903862, "APT": 1.1, "ARB": 0.143415, "GT": 7.49, "JUP": 0.246439, "STABLE": 0.03493484, "PUMP": 0.00216123, "JST": 0.083037, "VVV": 15.2, "FLR": 0.00802846, "PENGU": 0.01070396, "VET": 0.00768377, "BONK": 7.24e-06, "SKYAI": 0.637441, "DASH": 49.78, "USDTB": 0.999787, "BDX": 0.079875, "XDC": 0.0309068, "VIRTUAL": 0.934986, "OUSG": 115.18, "GHO": 0.999653, "TRUMP": 2.48}}