{"timestamp": 1784414385, "base": "USD", "data": {"BTC": 64682, "ETH": 1860.03, "USDT": 0.99935, "BNB": 569.55, "USDC": 0.999901, "XRP": 1.092, "SOL": 75.36, "TRX": 0.325534, "FIGR_HELOC": 1.038, "HYPE": 60.24, "DOGE": 0.072342, "USDS": 0.999927, "RAIN": 0.01479126, "ZEC": 556.86, "LEO": 9.8, "WBT": 56.35, "XLM": 0.188297, "XMR": 335.01, "LINK": 8.34, "ADA": 0.166519, "CC": 0.124648, "DAI": 0.999695, "BCH": 219.91, "USD1": 0.999404, "GRAM": 1.48, "USDE": 0.999968, "LTC": 46.78, "USDG": 1.002, "SUI": 0.742039, "USYC": 1.13, "HBAR": 0.066936, "PYUSD": 0.999998, "AVAX": 6.57, "CRO": 0.05968, "BUIDL": 1.0, "NEAR": 1.93, "XAUT": 4005.66, "SHIB": 4.14e-06, "UNI": 3.56, "USDY": 1.13, "TAO": 195.47, "WLFI": 0.056921, "PAXG": 4004.17, "OKB": 81.36, "ONDO": 0.346851, "ASTER": 0.619514, "DEXE": 35.4, "HTX": 1.83e-06, "M": 1.24, "RLUSD": 1.0, "USDD": 0.9993, "SKY": 0.062235, "USDF": 0.995428, "DOT": 0.835296, "MNT": 0.420069, "AAVE": 89.81, "MORPHO": 2.02, "WLD": 0.372732, "BFUSD": 0.998431, "ICP": 2.18, "PEPE": 2.76e-06, "BGB": 1.65, "ETC": 6.99, "U": 1.0, "USDGO": 1.0, "EUTBL": 1.21, "BCAP": 106.19, "PI": 0.085203, "QNT": 63.83, "KCS": 6.67, "STABLE": 0.03559932, "JTRSY": 1.11, "POL": 0.081058, "EURSAFO": 1.15, "ADI": 6.43, "JST": 0.098457, "ATOM": 1.5, "ENA": 0.08095, "RENDER": 1.48, "USTB": 11.15, "KAS": 0.0276827, "NEXO": 0.756811, "ALGO": 0.083168, "BEAT": 2.37, "GT": 6.72, "\u5e01\u5b89\u4eba\u751f": 0.688706, "JAAA": 1.041, "PUMP": 0.00165843, "BDX": 0.083071, "GHO": 0.999036, "JUP": 0.194251, "FIL": 0.749411, "FLR": 0.00654829, "LIT": 2.26, "ARB": 0.08848, "XDC": 0.02807127, "YLDS": 0.999901, "VVV": 11.74, "USD0": 0.998785, "USX": 0.999893}}