{"timestamp": 1778812019, "base": "USD", "data": {"BTC": 80933, "ETH": 2266.15, "USDT": 0.999705, "XRP": 1.48, "BNB": 679.05, "USDC": 0.999678, "SOL": 91.8, "TRX": 0.352782, "FIGR_HELOC": 1.033, "DOGE": 0.115637, "WBT": 59.32, "USDS": 0.999711, "HYPE": 45.81, "ADA": 0.269837, "LEO": 10.2, "ZEC": 547.2, "BCH": 435.43, "LINK": 10.4, "XMR": 392.75, "CC": 0.168503, "TON": 2.1, "XLM": 0.16153, "SUI": 1.18, "LTC": 58.04, "USD1": 0.99968, "DAI": 0.999754, "M": 3.36, "AVAX": 9.85, "USDE": 1.0, "HBAR": 0.094914, "SHIB": 6.32e-06, "RAIN": 0.00754028, "PYUSD": 0.999602, "USDG": 0.999339, "CRO": 0.075882, "USYC": 1.12, "TAO": 305.14, "XAUT": 4612.78, "BUIDL": 1.0, "UNI": 3.7, "MNT": 0.691964, "DOT": 1.36, "WLFI": 0.069636, "PAXG": 4609.95, "NEAR": 1.56, "ONDO": 0.390249, "USDY": 1.13, "PI": 0.170942, "HTX": 1.97e-06, "OKB": 84.93, "USDF": 0.998182, "ASTER": 0.683406, "PEPE": 4.07e-06, "SKY": 0.072416, "RLUSD": 0.999819, "ICP": 2.83, "USDD": 0.999731, "AAVE": 97.75, "ETC": 9.4, "BGB": 2.09, "BFUSD": 0.999301, "MORPHO": 1.95, "QNT": 78.39, "KCS": 8.38, "JTRSY": 1.1, "ENA": 0.120279, "ALGO": 0.118273, "KAS": 0.03787739, "ATOM": 2.02, "U": 1.0, "USTB": 11.08, "POL": 0.094424, "RENDER": 1.91, "EUTBL": 1.22, "BCAP": 105.87, "NEXO": 0.912581, "STABLE": 0.03920434, "WLD": 0.259326, "APT": 1.044, "FLR": 0.00962981, "FIL": 1.05, "USDTB": 0.999406, "ARB": 0.130139, "GT": 7.31, "JST": 0.091172, "JUP": 0.223751, "XDC": 0.03415949, "PUMP": 0.00188526, "VVV": 14.23, "VET": 0.00733915, "BDX": 0.079102, "BONK": 6.87e-06, "DEXE": 12.93, "OUSG": 115.24, "GHO": 0.999423, "DASH": 45.52, "UB": 0.230563, "PENGU": 0.00906306, "TRUMP": 2.36, "HASH": 0.01054119}}