{"timestamp": 1777061268, "base": "USD", "data": {"BTC": 77609, "ETH": 2321.75, "USDT": 1.0, "XRP": 1.44, "BNB": 638.02, "USDC": 0.999805, "SOL": 86.52, "TRX": 0.324511, "FIGR_HELOC": 1.031, "DOGE": 0.098442, "WBT": 54.91, "USDS": 0.999795, "HYPE": 41.29, "LEO": 10.23, "ADA": 0.251844, "BCH": 456.64, "LINK": 9.4, "XMR": 368.9, "ZEC": 358.07, "CC": 0.152384, "XLM": 0.17361, "M": 4.22, "DAI": 0.999654, "LTC": 56.7, "USD1": 0.999816, "AVAX": 9.43, "HBAR": 0.09121, "USDE": 0.999384, "SUI": 0.950913, "SHIB": 6.26e-06, "RAIN": 0.00755788, "PYUSD": 0.999694, "TON": 1.34, "CRO": 0.069373, "USYC": 1.12, "XAUT": 4697.12, "TAO": 251.14, "USDG": 0.999826, "WLFI": 0.075209, "PAXG": 4701.63, "BUIDL": 1.0, "MNT": 0.648841, "DOT": 1.26, "UNI": 3.27, "SKY": 0.084244, "NEAR": 1.41, "USDF": 0.996697, "OKB": 83.89, "PI": 0.170381, "HTX": 1.83e-06, "ASTER": 0.668766, "PEPE": 3.88e-06, "RLUSD": 1.0, "JTRSY": 1.1, "AAVE": 94.97, "USDD": 1.0, "BGB": 1.98, "ICP": 2.48, "ETC": 8.58, "USDY": 1.12, "BFUSD": 0.999799, "ONDO": 0.26563, "KCS": 8.47, "GT": 7.38, "MORPHO": 1.87, "PUMP": 0.00179029, "QNT": 71.87, "EUTBL": 1.23, "U": 0.999441, "USTB": 11.06, "ATOM": 1.99, "POL": 0.093685, "ALGO": 0.108684, "ENA": 0.108656, "RENDER": 1.81, "KAS": 0.03399233, "NEXO": 0.904391, "WLD": 0.262532, "ARB": 0.12964, "STABLE": 0.03563779, "APT": 0.97168, "BCAP": 82.76, "FIL": 0.947145, "TRUMP": 3.01, "JST": 0.0802, "FLR": 0.00791618, "HASH": 0.0111231, "DEXE": 13.52, "VET": 0.00733132, "NIGHT": 0.0375333, "BDX": 0.08018, "JUP": 0.174744, "XDC": 0.03077571, "OUSG": 115.02, "USDTB": 0.999911, "GHO": 0.999122, "BONK": 6.37e-06, "USD0": 0.998076, "YLDS": 0.99982, "PENGU": 0.00854677}}