{"timestamp": 1780876892, "base": "USD", "data": {"BTC": 63273, "ETH": 1688.21, "USDT": 0.999541, "BNB": 604.12, "USDC": 0.999738, "XRP": 1.15, "SOL": 66.36, "TRX": 0.326597, "FIGR_HELOC": 1.033, "DOGE": 0.086131, "HYPE": 59.57, "USDS": 0.999697, "LEO": 9.61, "RAIN": 0.01343859, "ZEC": 439.81, "XLM": 0.205837, "CC": 0.163864, "ADA": 0.165064, "LINK": 7.9, "XMR": 303.41, "WBT": 45.04, "USD1": 0.999176, "BCH": 229.94, "TON": 1.7, "USDE": 0.999493, "DAI": 0.999656, "M": 3.08, "LAB": 12.8, "HBAR": 0.081841, "LTC": 42.83, "SUI": 0.756849, "AVAX": 6.8, "PYUSD": 0.999561, "USYC": 1.13, "SHIB": 4.71e-06, "CRO": 0.060587, "NEAR": 2.05, "XAUT": 4321.47, "USDG": 1.0, "BUIDL": 1.0, "USDY": 1.13, "TAO": 213.71, "PAXG": 4334.66, "WLFI": 0.057124, "MNT": 0.543416, "ONDO": 0.348942, "RLUSD": 0.999892, "DOT": 0.971258, "ASTER": 0.632955, "UNI": 2.57, "HTX": 1.76e-06, "WLD": 0.466491, "OKB": 72.54, "USDF": 0.995713, "PI": 0.130704, "USDD": 0.999745, "SKY": 0.057758, "BFUSD": 0.999507, "ICP": 2.37, "H": 0.714147, "BGB": 1.85, "PEPE": 2.81e-06, "ETC": 7.1, "MORPHO": 1.71, "QNT": 69.35, "USDTB": 1.0, "U": 0.999903, "EUTBL": 1.21, "BCAP": 107.06, "AAVE": 63.55, "USTB": 11.1, "BEAT": 3.32, "SIREN": 1.3, "DEXE": 19.7, "KCS": 6.58, "ATOM": 1.71, "RENDER": 1.68, "JTRSY": 1.11, "KAS": 0.03122275, "POL": 0.079508, "ALGO": 0.094245, "ENA": 0.089547, "\u5e01\u5b89\u4eba\u751f": 0.818243, "STABLE": 0.03389045, "NEXO": 0.777589, "VVV": 16.27, "GT": 6.42, "JST": 0.078933, "FLR": 0.00717396, "BDX": 0.078861, "FIL": 0.771776, "XDC": 0.02957097, "GHO": 0.999217, "USD0": 0.998735, "APT": 0.670107, "INJ": 5.42, "PUMP": 0.00152434, "YLDS": 0.999981, "HASH": 0.00979852, "JUP": 0.156399}}