{"timestamp": 1781172551, "base": "USD", "data": {"BTC": 62852, "ETH": 1657.36, "USDT": 0.998786, "BNB": 599.49, "USDC": 0.999769, "XRP": 1.12, "SOL": 65.33, "TRX": 0.322216, "FIGR_HELOC": 1.024, "DOGE": 0.084983, "HYPE": 56.04, "USDS": 0.99969, "LEO": 9.45, "RAIN": 0.01327688, "ZEC": 427.52, "XMR": 354.02, "CC": 0.164781, "XLM": 0.188927, "ADA": 0.165853, "WBT": 51.56, "LINK": 7.79, "USDE": 0.998821, "TON": 1.66, "USD1": 0.998764, "DAI": 0.999826, "BCH": 199.95, "M": 2.91, "HBAR": 0.078685, "LTC": 42.45, "SUI": 0.748337, "USYC": 1.13, "PYUSD": 0.999362, "AVAX": 6.56, "SHIB": 4.72e-06, "CRO": 0.05992, "USDG": 0.999727, "NEAR": 2.0, "XAUT": 4082.99, "BUIDL": 1.0, "LAB": 7.8, "BEAT": 8.35, "USDY": 1.14, "TAO": 207.96, "WLFI": 0.05885, "PAXG": 4091.36, "MNT": 0.537555, "ASTER": 0.62966, "ONDO": 0.346259, "WLD": 0.49165, "RLUSD": 0.999817, "DOT": 0.944785, "UNI": 2.52, "HTX": 1.71e-06, "OKB": 71.23, "USDF": 0.99438, "PI": 0.125865, "SKY": 0.057336, "USDD": 0.998918, "MORPHO": 2.04, "BFUSD": 0.99844, "ICP": 2.28, "BGB": 1.77, "PEPE": 2.75e-06, "ETC": 7.13, "U": 0.999502, "USDTB": 0.999424, "EUTBL": 1.21, "BCAP": 106.96, "AAVE": 63.24, "ATOM": 1.86, "QNT": 64.79, "DEXE": 19.89, "USTB": 11.11, "KCS": 6.68, "JTRSY": 1.11, "KAS": 0.03073927, "RENDER": 1.58, "NEXO": 0.807153, "STABLE": 0.03390527, "ALGO": 0.089093, "POL": 0.073454, "\u5e01\u5b89\u4eba\u751f": 0.721116, "ENA": 0.075845, "GT": 6.46, "JAAA": 1.037, "JST": 0.077589, "VVV": 13.92, "XDC": 0.03089971, "BDX": 0.078243, "GHO": 0.998742, "FLR": 0.00697091, "FIL": 0.752313, "HASH": 0.01051008, "USD0": 0.998762, "NIGHT": 0.03300955, "YLDS": 0.999918, "INJ": 5.22, "APT": 0.629807, "JUP": 0.154337, "USX": 0.999315}}