{"timestamp": 1784491397, "base": "USD", "data": {"BTC": 64470, "ETH": 1863.09, "USDT": 0.999244, "BNB": 568.0, "USDC": 0.999845, "XRP": 1.094, "SOL": 75.82, "TRX": 0.326761, "FIGR_HELOC": 1.042, "HYPE": 61.03, "DOGE": 0.072252, "USDS": 0.999833, "RAIN": 0.0143083, "ZEC": 550.08, "LEO": 9.78, "WBT": 56.22, "XLM": 0.190489, "XMR": 333.73, "LINK": 8.33, "ADA": 0.165933, "CC": 0.127649, "DAI": 0.999844, "BCH": 217.6, "USD1": 0.998828, "USDE": 0.9998, "GRAM": 1.44, "LTC": 47.61, "USDG": 1.001, "SUI": 0.748629, "USYC": 1.13, "HBAR": 0.066412, "PYUSD": 0.999803, "AVAX": 6.43, "CRO": 0.058655, "BUIDL": 1.0, "NEAR": 1.92, "XAUT": 4011.28, "SHIB": 4.13e-06, "UNI": 3.49, "USDY": 1.13, "TAO": 197.29, "WLFI": 0.057785, "PAXG": 4007.18, "ONDO": 0.34685, "OKB": 80.32, "HTX": 1.86e-06, "ASTER": 0.620129, "DEXE": 34.78, "M": 1.19, "RLUSD": 1.0, "USDD": 0.99917, "SKY": 0.060863, "USDF": 0.995713, "MNT": 0.422656, "DOT": 0.816058, "AAVE": 89.05, "BFUSD": 0.998354, "MORPHO": 1.99, "WLD": 0.360444, "PEPE": 2.84e-06, "ICP": 2.14, "BGB": 1.64, "ETC": 6.96, "U": 1.0, "PI": 0.095127, "USDGO": 0.999999, "EUTBL": 1.21, "BCAP": 106.19, "QNT": 64.08, "KCS": 6.63, "STABLE": 0.03582712, "JTRSY": 1.11, "POL": 0.080376, "EURSAFO": 1.15, "ADI": 6.5, "JST": 0.097479, "ATOM": 1.48, "RENDER": 1.48, "ENA": 0.080238, "USTB": 11.15, "KAS": 0.02786156, "NEXO": 0.752261, "ALGO": 0.082518, "BEAT": 2.38, "PUMP": 0.00177792, "GT": 6.66, "JAAA": 1.041, "\u5e01\u5b89\u4eba\u751f": 0.681379, "BDX": 0.08272, "GHO": 0.998758, "JUP": 0.191997, "ARB": 0.088647, "FIL": 0.714737, "XDC": 0.0285011, "FLR": 0.00648291, "YLDS": 0.999904, "LIT": 2.23, "USD0": 0.998784, "VVV": 11.4, "USX": 0.999987}}