{"timestamp": 1783457167, "base": "USD", "data": {"BTC": 63633, "ETH": 1782.8, "USDT": 0.999326, "BNB": 580.37, "USDC": 0.999856, "XRP": 1.12, "SOL": 81.15, "TRX": 0.331173, "FIGR_HELOC": 1.029, "HYPE": 70.06, "DOGE": 0.074347, "USDS": 0.99965, "RAIN": 0.01491151, "LEO": 9.34, "ZEC": 489.22, "WBT": 56.47, "ADA": 0.175977, "XLM": 0.190388, "XMR": 334.47, "LINK": 7.89, "CC": 0.13125, "BCH": 241.81, "DAI": 0.999698, "USD1": 0.999202, "GRAM": 1.63, "USDE": 0.99872, "LTC": 44.01, "USDG": 0.999875, "HBAR": 0.071426, "USYC": 1.13, "SUI": 0.734079, "AVAX": 6.74, "PYUSD": 1.0, "CRO": 0.057504, "NEAR": 2.0, "SHIB": 4.41e-06, "XAUT": 4095.29, "BUIDL": 1.0, "USDY": 1.14, "TAO": 213.59, "UNI": 3.24, "PAXG": 4099.21, "WLFI": 0.057759, "M": 1.32, "HTX": 1.87e-06, "OKB": 80.18, "ASTER": 0.627066, "LAB": 5.36, "ONDO": 0.329397, "RLUSD": 1.0, "USDD": 1.001, "DOT": 0.85703, "USDF": 0.997281, "MNT": 0.422409, "AAVE": 91.35, "WLD": 0.389741, "DEXE": 29.04, "BFUSD": 0.998576, "MORPHO": 2.01, "SKY": 0.054595, "ICP": 2.2, "PI": 0.111151, "BGB": 1.66, "PEPE": 2.68e-06, "ETC": 6.95, "U": 0.999899, "EUTBL": 1.2, "BCAP": 106.63, "QNT": 66.43, "KCS": 6.99, "JTRSY": 1.11, "USDGO": 0.999908, "USTB": 11.14, "STABLE": 0.03541755, "ATOM": 1.59, "RENDER": 1.58, "POL": 0.076225, "KAS": 0.02952046, "JUP": 0.240521, "JST": 0.093288, "ALGO": 0.086289, "BEAT": 2.41, "NEXO": 0.741991, "ENA": 0.076732, "ADI": 5.81, "USDTB": 1.0, "GT": 6.82, "BDX": 0.090485, "EURSAFO": 1.15, "\u5e01\u5b89\u4eba\u751f": 0.708129, "JAAA": 1.04, "LIT": 2.58, "PUMP": 0.00159706, "FIL": 0.780718, "GHO": 0.998337, "FLR": 0.00678454, "AERO": 0.577725, "NIGHT": 0.03341958, "USD0": 0.998669, "YLDS": 0.999818}}