{"timestamp": 1778456552, "base": "USD", "data": {"BTC": 82324, "ETH": 2377.59, "USDT": 0.999814, "XRP": 1.47, "BNB": 665.71, "USDC": 0.999954, "SOL": 96.61, "TRX": 0.350567, "FIGR_HELOC": 1.0, "DOGE": 0.112349, "WBT": 60.63, "USDS": 0.999772, "ADA": 0.283122, "HYPE": 43.09, "ZEC": 592.48, "LEO": 10.1, "BCH": 463.4, "LINK": 10.74, "XMR": 410.36, "TON": 2.46, "CC": 0.156426, "XLM": 0.169462, "SUI": 1.33, "LTC": 60.39, "AVAX": 10.27, "DAI": 0.999614, "USD1": 0.999322, "M": 3.3, "HBAR": 0.097916, "USDE": 0.999774, "SHIB": 6.6e-06, "RAIN": 0.00763832, "PYUSD": 0.999882, "CRO": 0.075728, "TAO": 321.3, "USYC": 1.12, "XAUT": 4689.66, "USDG": 0.999917, "UNI": 4.01, "BUIDL": 1.0, "MNT": 0.712957, "DOT": 1.39, "PAXG": 4692.03, "WLFI": 0.068944, "ONDO": 0.42482, "NEAR": 1.57, "OKB": 88.94, "PEPE": 4.42e-06, "ICP": 3.36, "ASTER": 0.713228, "SKY": 0.079007, "PI": 0.17502, "HTX": 1.97e-06, "USDF": 0.999521, "ETC": 10.02, "AAVE": 102.63, "RLUSD": 0.999808, "BGB": 2.16, "USDD": 0.999961, "MORPHO": 2.2, "USDY": 1.12, "BFUSD": 0.999304, "JTRSY": 1.1, "ENA": 0.133338, "KCS": 8.59, "ALGO": 0.129296, "POL": 0.104398, "QNT": 75.29, "KAS": 0.03855425, "RENDER": 2.02, "U": 0.999741, "ATOM": 2.02, "EUTBL": 1.24, "USTB": 11.08, "BCAP": 105.77, "WLD": 0.28507, "APT": 1.16, "NEXO": 0.925688, "FIL": 1.15, "ARB": 0.144481, "JUP": 0.266381, "GT": 7.55, "SIREN": 1.15, "PUMP": 0.00220347, "STABLE": 0.03435885, "FLR": 0.0087262, "JST": 0.084881, "VET": 0.00796462, "BONK": 7.74e-06, "VVV": 14.79, "PENGU": 0.01070133, "USDTB": 1.021, "BDX": 0.080255, "OUSG": 115.18, "XDC": 0.03046796, "DASH": 47.87, "VIRTUAL": 0.910104, "DEXE": 12.69, "GHO": 0.999782, "TRUMP": 2.5}}