{"timestamp": 1778177876, "base": "USD", "data": {"BTC": 80152, "ETH": 2300.12, "USDT": 0.99991, "BNB": 644.04, "XRP": 1.39, "USDC": 0.999648, "SOL": 88.79, "TRX": 0.349483, "FIGR_HELOC": 1.014, "DOGE": 0.108126, "WBT": 59.1, "USDS": 0.999759, "HYPE": 42.46, "ADA": 0.263131, "LEO": 10.35, "ZEC": 563.47, "BCH": 451.56, "XMR": 406.42, "LINK": 9.92, "TON": 2.63, "CC": 0.145914, "XLM": 0.159805, "M": 3.93, "USD1": 0.999797, "DAI": 0.999453, "LTC": 56.69, "AVAX": 9.51, "USDE": 0.999313, "HBAR": 0.090231, "SUI": 0.973596, "SHIB": 6.3e-06, "RAIN": 0.00752332, "PYUSD": 0.999714, "CRO": 0.069909, "USYC": 1.12, "TAO": 310.02, "XAUT": 4701.02, "USDG": 0.999939, "BUIDL": 1.0, "WLFI": 0.073874, "PAXG": 4702.81, "DOT": 1.31, "MNT": 0.662473, "UNI": 3.44, "NEAR": 1.49, "SKY": 0.080396, "PI": 0.175624, "OKB": 85.76, "USDF": 0.998527, "HTX": 1.96e-06, "PEPE": 4.17e-06, "ASTER": 0.660908, "ONDO": 0.350029, "ICP": 2.95, "RLUSD": 1.0, "BGB": 2.1, "ETC": 9.25, "USDD": 0.999855, "AAVE": 92.78, "MORPHO": 2.14, "USDY": 1.13, "BFUSD": 0.999401, "JTRSY": 1.1, "ALGO": 0.127, "KCS": 8.29, "ENA": 0.119216, "POL": 0.098326, "U": 1.0, "QNT": 70.34, "RENDER": 1.97, "USTB": 11.07, "EUTBL": 1.24, "KAS": 0.03581271, "BCAP": 105.77, "ATOM": 1.89, "NEXO": 0.89713, "WLD": 0.253122, "FIL": 1.066, "APT": 1.023, "GT": 7.25, "ARB": 0.126728, "STABLE": 0.03286618, "JST": 0.085651, "SIREN": 1.013, "PUMP": 0.00198223, "JUP": 0.204886, "FLR": 0.00776754, "VET": 0.00765713, "PENGU": 0.01038801, "DASH": 51.23, "USDTB": 0.999629, "BDX": 0.079571, "OUSG": 115.16, "SKYAI": 0.589236, "BONK": 6.78e-06, "VIRTUAL": 0.903574, "XDC": 0.02939361, "VVV": 12.75, "GHO": 0.999618, "DEXE": 11.98}}