{"timestamp": 1778348543, "base": "USD", "data": {"BTC": 80881, "ETH": 2331.25, "USDT": 0.999826, "XRP": 1.42, "BNB": 649.98, "USDC": 0.999817, "SOL": 93.36, "TRX": 0.350157, "FIGR_HELOC": 1.027, "DOGE": 0.109538, "WBT": 59.65, "USDS": 0.999711, "HYPE": 43.1, "ADA": 0.272304, "ZEC": 601.97, "LEO": 10.31, "BCH": 450.49, "XMR": 412.38, "LINK": 10.4, "TON": 2.41, "CC": 0.155657, "XLM": 0.162906, "LTC": 58.17, "M": 3.45, "DAI": 0.9995, "USD1": 0.999478, "AVAX": 9.95, "SUI": 1.066, "HBAR": 0.0927, "USDE": 0.99934, "SHIB": 6.42e-06, "RAIN": 0.0074123, "PYUSD": 0.999744, "CRO": 0.070998, "USYC": 1.12, "TAO": 310.25, "XAUT": 4701.56, "USDG": 0.999827, "BUIDL": 1.0, "UNI": 3.69, "DOT": 1.35, "MNT": 0.685639, "WLFI": 0.070011, "PAXG": 4705.64, "ONDO": 0.430762, "NEAR": 1.56, "ICP": 3.54, "SKY": 0.079894, "OKB": 88.26, "PI": 0.17471, "ASTER": 0.704696, "PEPE": 4.28e-06, "HTX": 1.97e-06, "USDF": 0.998601, "RLUSD": 0.999983, "ETC": 9.53, "BGB": 2.12, "USDD": 1.0, "AAVE": 95.55, "USDY": 1.13, "MORPHO": 2.1, "BFUSD": 0.9993, "JTRSY": 1.1, "ENA": 0.130081, "ALGO": 0.130854, "KCS": 8.44, "QNT": 74.58, "POL": 0.101611, "RENDER": 2.01, "U": 0.999692, "KAS": 0.0366038, "EUTBL": 1.24, "USTB": 11.08, "ATOM": 1.94, "BCAP": 105.77, "FIL": 1.22, "SIREN": 1.29, "NEXO": 0.913391, "WLD": 0.272545, "APT": 1.11, "ARB": 0.142004, "GT": 7.48, "JUP": 0.252896, "PUMP": 0.00216878, "STABLE": 0.03428508, "VVV": 16.23, "JST": 0.083336, "FLR": 0.00817933, "PENGU": 0.01067003, "VET": 0.00762975, "DASH": 50.66, "BONK": 7.24e-06, "SKYAI": 0.623006, "USDTB": 0.999503, "BDX": 0.079773, "VIRTUAL": 0.935252, "OUSG": 115.18, "XDC": 0.03031711, "GHO": 0.999627, "HASH": 0.01101715}}