{"timestamp": 1777928405, "base": "USD", "data": {"BTC": 79929, "ETH": 2349.92, "USDT": 0.999821, "XRP": 1.39, "BNB": 623.08, "USDC": 0.999852, "SOL": 84.06, "TRX": 0.340944, "FIGR_HELOC": 1.029, "DOGE": 0.110201, "WBT": 59.48, "USDS": 0.999847, "HYPE": 41.65, "LEO": 10.32, "ADA": 0.249693, "BCH": 444.74, "XMR": 397.05, "ZEC": 415.56, "LINK": 9.33, "CC": 0.147456, "XLM": 0.157238, "USD1": 0.999915, "DAI": 0.999743, "LTC": 55.14, "TON": 1.48, "AVAX": 9.15, "USDE": 0.999168, "HBAR": 0.087509, "SUI": 0.930253, "SHIB": 6.18e-06, "RAIN": 0.00747725, "M": 2.71, "PYUSD": 1.0, "CRO": 0.068374, "USYC": 1.12, "TAO": 283.38, "XAUT": 4520.91, "USDG": 0.999809, "BUIDL": 1.0, "PAXG": 4519.4, "MNT": 0.637743, "UNI": 3.27, "DOT": 1.22, "WLFI": 0.062831, "PI": 0.180489, "SKY": 0.079553, "OKB": 84.91, "USDF": 0.996691, "HTX": 1.92e-06, "ASTER": 0.667711, "PEPE": 4e-06, "NEAR": 1.27, "RLUSD": 1.0, "ONDO": 0.317164, "USDD": 0.999166, "BGB": 2.05, "AAVE": 92.12, "ETC": 8.69, "USDY": 1.12, "BFUSD": 0.999182, "JTRSY": 1.1, "ICP": 2.36, "MORPHO": 1.99, "KCS": 8.41, "POL": 0.097309, "U": 1.0, "USTB": 11.07, "ALGO": 0.112921, "EUTBL": 1.23, "QNT": 67.4, "BCAP": 105.77, "ATOM": 1.88, "RENDER": 1.82, "KAS": 0.0334256, "NEXO": 0.903595, "ENA": 0.101043, "GT": 7.35, "WLD": 0.237305, "APT": 0.972145, "SKYAI": 0.77134, "STABLE": 0.03402899, "FIL": 0.93416, "JST": 0.084136, "ARB": 0.115587, "PUMP": 0.00181828, "FLR": 0.0075421, "PENGU": 0.01000676, "BDX": 0.079722, "VET": 0.00716683, "OUSG": 115.1, "DASH": 47.32, "JUP": 0.17898, "GHO": 0.999685, "USDTB": 1.0, "XDC": 0.02911411, "LUNC": 0.00010185, "SIREN": 0.773027, "USD0": 0.99836, "HASH": 0.01050042, "BONK": 6.23e-06}}