{"timestamp": 1778422851, "base": "USD", "data": {"BTC": 80900, "ETH": 2327.69, "USDT": 0.999905, "XRP": 1.43, "BNB": 650.78, "USDC": 1.0, "SOL": 93.81, "TRX": 0.351067, "FIGR_HELOC": 1.029, "DOGE": 0.108094, "WBT": 59.65, "USDS": 0.999749, "HYPE": 43.03, "ADA": 0.275283, "ZEC": 595.0, "LEO": 10.22, "BCH": 453.22, "LINK": 10.56, "XMR": 408.21, "TON": 2.37, "CC": 0.155327, "XLM": 0.164461, "SUI": 1.15, "LTC": 58.73, "M": 3.45, "DAI": 0.999662, "USD1": 0.999101, "AVAX": 10.07, "HBAR": 0.095717, "USDE": 0.999632, "SHIB": 6.49e-06, "RAIN": 0.00756528, "PYUSD": 0.999897, "CRO": 0.072369, "TAO": 317.88, "USYC": 1.12, "XAUT": 4716.0, "USDG": 0.999759, "UNI": 4.14, "BUIDL": 1.0, "DOT": 1.36, "MNT": 0.687884, "PAXG": 4717.62, "WLFI": 0.067666, "NEAR": 1.58, "ONDO": 0.410762, "ICP": 3.38, "OKB": 88.38, "ASTER": 0.714791, "SKY": 0.079114, "PI": 0.174318, "PEPE": 4.27e-06, "USDF": 0.998999, "HTX": 1.96e-06, "RLUSD": 0.999808, "ETC": 9.67, "BGB": 2.15, "AAVE": 98.71, "USDD": 1.0, "MORPHO": 2.14, "USDY": 1.12, "BFUSD": 0.999306, "JTRSY": 1.1, "ENA": 0.130201, "ALGO": 0.128223, "KCS": 8.47, "POL": 0.102925, "QNT": 73.47, "RENDER": 2.02, "U": 0.999964, "KAS": 0.03734836, "EUTBL": 1.24, "USTB": 11.08, "ATOM": 1.95, "BCAP": 105.77, "NEXO": 0.921602, "FIL": 1.17, "WLD": 0.272368, "APT": 1.12, "ARB": 0.143059, "SIREN": 1.18, "GT": 7.44, "JUP": 0.24616, "PUMP": 0.0021859, "STABLE": 0.03393809, "FLR": 0.00839003, "JST": 0.084223, "VVV": 15.11, "VET": 0.00783836, "PENGU": 0.01049579, "BONK": 7.32e-06, "USDTB": 0.999132, "DASH": 48.81, "BDX": 0.079715, "OUSG": 115.18, "VIRTUAL": 0.914338, "XDC": 0.02992955, "GHO": 0.99975, "TRUMP": 2.47, "DEXE": 12.23}}