{"timestamp": 1777716700, "base": "USD", "data": {"BTC": 78281, "ETH": 2303.81, "USDT": 0.999771, "XRP": 1.39, "BNB": 615.4, "USDC": 0.999869, "SOL": 83.94, "TRX": 0.330529, "FIGR_HELOC": 1.033, "DOGE": 0.107871, "WBT": 58.43, "USDS": 0.999897, "HYPE": 41.85, "LEO": 10.33, "ADA": 0.248797, "BCH": 448.28, "XMR": 385.47, "LINK": 9.09, "ZEC": 378.52, "CC": 0.149682, "XLM": 0.15962, "USD1": 0.999707, "DAI": 0.999801, "LTC": 55.43, "AVAX": 9.11, "USDE": 0.999074, "M": 3.04, "HBAR": 0.087951, "RAIN": 0.00774834, "SHIB": 6.26e-06, "SUI": 0.919101, "TON": 1.33, "PYUSD": 0.999989, "CRO": 0.068443, "USYC": 1.12, "XAUT": 4599.77, "TAO": 272.73, "USDG": 0.999868, "BUIDL": 1.0, "PAXG": 4601.86, "MNT": 0.630987, "DOT": 1.21, "UNI": 3.21, "SKY": 0.081115, "PI": 0.176994, "WLFI": 0.056143, "USDF": 0.996417, "OKB": 83.43, "ASTER": 0.657813, "NEAR": 1.29, "HTX": 1.84e-06, "PEPE": 3.93e-06, "RLUSD": 0.999781, "USDD": 0.999915, "BGB": 2.01, "AAVE": 92.32, "USDY": 1.13, "ETC": 8.52, "ONDO": 0.271936, "JTRSY": 1.1, "BFUSD": 0.9989, "ICP": 2.34, "MORPHO": 1.99, "KCS": 8.34, "POL": 0.097296, "U": 0.999949, "QNT": 68.54, "USTB": 11.07, "EUTBL": 1.23, "BCAP": 105.75, "ATOM": 1.89, "ALGO": 0.106573, "NEXO": 0.904778, "RENDER": 1.72, "ENA": 0.101695, "KAS": 0.03239732, "GT": 7.2, "APT": 1.002, "WLD": 0.236255, "STABLE": 0.033969, "ARB": 0.122657, "JST": 0.085737, "FIL": 0.917938, "PUMP": 0.0018139, "FLR": 0.0074875, "PENGU": 0.01001171, "BDX": 0.079819, "VET": 0.00718042, "OUSG": 115.1, "JUP": 0.178041, "HASH": 0.01126157, "XDC": 0.02939526, "GHO": 0.999768, "USDTB": 0.999385, "USD0": 0.999068, "BONK": 6.24e-06, "YLDS": 0.999833, "TRUMP": 2.28, "NIGHT": 0.03150592, "SIREN": 0.713438}}