{"timestamp": 1776838391, "base": "USD", "data": {"BTC": 77929, "ETH": 2392.18, "USDT": 0.999941, "XRP": 1.45, "BNB": 641.98, "USDC": 0.999821, "SOL": 88.04, "TRX": 0.332829, "FIGR_HELOC": 1.034, "DOGE": 0.097027, "WBT": 56.19, "USDS": 0.999542, "HYPE": 40.45, "LEO": 10.38, "ADA": 0.255339, "BCH": 465.21, "XMR": 385.72, "LINK": 9.53, "XLM": 0.181344, "CC": 0.151163, "M": 4.39, "ZEC": 324.09, "USDE": 0.998985, "DAI": 0.999656, "LTC": 56.26, "USD1": 0.999809, "AVAX": 9.6, "HBAR": 0.090871, "SUI": 0.967908, "RAIN": 0.00790144, "SHIB": 6.2e-06, "PYUSD": 0.999684, "TON": 1.37, "CRO": 0.070842, "USYC": 1.12, "XAUT": 4748.88, "WLFI": 0.079865, "BUIDL": 1.0, "TAO": 248.33, "USDG": 0.999644, "PAXG": 4749.42, "DOT": 1.31, "UNI": 3.37, "MNT": 0.636119, "SKY": 0.082068, "NEAR": 1.41, "USDF": 0.996998, "OKB": 84.65, "PI": 0.170115, "ASTER": 0.686805, "HTX": 1.83e-06, "PEPE": 3.89e-06, "JTRSY": 1.1, "RLUSD": 1.0, "AAVE": 93.51, "ICP": 2.53, "ETC": 8.62, "BGB": 1.91, "USDD": 0.999926, "BFUSD": 0.9997, "USDY": 1.12, "ONDO": 0.267161, "KCS": 8.71, "GT": 7.33, "PUMP": 0.00190211, "MORPHO": 2.01, "QNT": 74.7, "U": 1.0, "EUTBL": 1.23, "POL": 0.094838, "ENA": 0.11252, "ATOM": 1.91, "RENDER": 1.84, "KAS": 0.03470053, "ALGO": 0.105679, "NEXO": 0.909321, "USDTB": 0.998937, "WLD": 0.266057, "USTB": 11.06, "ARB": 0.129157, "APT": 0.952557, "BCAP": 82.76, "FIL": 0.953159, "FLR": 0.00811228, "JST": 0.079845, "TRUMP": 2.93, "HASH": 0.01132377, "JUP": 0.178316, "VET": 0.00731084, "XDC": 0.03097243, "BDX": 0.079778, "NIGHT": 0.03714365, "DEXE": 13.12, "OUSG": 115.0, "YLDS": 0.999828, "STABLE": 0.02661826, "GHO": 0.998961, "BONK": 6.37e-06, "USD0": 0.998104, "CAKE": 1.57}}