{"timestamp": 1777621148, "base": "USD", "data": {"BTC": 76978, "ETH": 2275.07, "USDT": 0.999569, "XRP": 1.37, "BNB": 616.61, "USDC": 0.999648, "SOL": 83.8, "TRX": 0.326198, "FIGR_HELOC": 1.031, "DOGE": 0.108244, "WBT": 57.66, "USDS": 0.999791, "HYPE": 39.89, "LEO": 10.31, "ADA": 0.248365, "BCH": 442.82, "XMR": 382.52, "LINK": 9.14, "ZEC": 348.85, "CC": 0.150831, "XLM": 0.158788, "USD1": 0.99984, "DAI": 0.999735, "LTC": 55.18, "M": 3.15, "AVAX": 9.09, "USDE": 0.999047, "HBAR": 0.08773, "RAIN": 0.0078425, "SHIB": 6.34e-06, "SUI": 0.913525, "PYUSD": 0.999703, "TON": 1.34, "CRO": 0.068155, "USYC": 1.12, "XAUT": 4578.11, "USDG": 0.999722, "TAO": 254.48, "BUIDL": 1.0, "PAXG": 4579.07, "MNT": 0.629675, "UNI": 3.2, "DOT": 1.2, "WLFI": 0.059847, "SKY": 0.08041, "PI": 0.180039, "USDF": 0.99642, "OKB": 82.91, "ASTER": 0.652892, "NEAR": 1.3, "HTX": 1.83e-06, "PEPE": 3.92e-06, "USDD": 0.999725, "RLUSD": 0.999832, "AAVE": 92.32, "BGB": 2.0, "JTRSY": 1.1, "BFUSD": 0.998601, "USDY": 1.12, "ICP": 2.38, "ETC": 8.37, "ONDO": 0.266753, "MORPHO": 1.99, "KCS": 8.49, "U": 0.999859, "QNT": 68.71, "POL": 0.093931, "EUTBL": 1.23, "ALGO": 0.109116, "USTB": 11.07, "BCAP": 105.75, "ATOM": 1.87, "ENA": 0.1026, "NEXO": 0.892586, "KAS": 0.03243971, "RENDER": 1.69, "APT": 1.028, "GT": 7.26, "WLD": 0.239826, "ARB": 0.124589, "JST": 0.088961, "STABLE": 0.03339333, "FIL": 0.923806, "PUMP": 0.00179579, "FLR": 0.007485, "BDX": 0.07996, "PENGU": 0.00983401, "OUSG": 115.09, "VET": 0.00702457, "JUP": 0.181213, "XDC": 0.02961597, "USDTB": 0.99996, "GHO": 0.999652, "USD0": 0.998952, "HASH": 0.01060528, "TRUMP": 2.36, "BONK": 6.2e-06, "NIGHT": 0.03251904, "DEXE": 11.49, "YLDS": 0.999979}}