{"timestamp": 1779295664, "base": "USD", "data": {"BTC": 77252, "ETH": 2133.68, "USDT": 0.999027, "BNB": 647.7, "XRP": 1.37, "USDC": 0.999693, "SOL": 86.28, "TRX": 0.35821, "FIGR_HELOC": 1.03, "DOGE": 0.104293, "HYPE": 51.38, "WBT": 57.02, "USDS": 0.999617, "ZEC": 630.16, "LEO": 10.05, "ADA": 0.249837, "BCH": 370.62, "XMR": 396.79, "LINK": 9.6, "CC": 0.151687, "TON": 2.06, "XLM": 0.143852, "USD1": 0.999604, "USDE": 0.999484, "DAI": 0.999604, "M": 3.34, "SUI": 1.073, "LTC": 54.16, "AVAX": 9.32, "HBAR": 0.089132, "RAIN": 0.0074814, "PYUSD": 0.999761, "SHIB": 5.8e-06, "CRO": 0.069131, "USYC": 1.12, "USDG": 0.999726, "XAUT": 4524.34, "TAO": 270.71, "BUIDL": 1.0, "UNI": 3.61, "NEAR": 1.68, "USDY": 1.13, "PAXG": 4525.18, "DOT": 1.25, "MNT": 0.634583, "WLFI": 0.064035, "ONDO": 0.397148, "RLUSD": 0.99997, "HTX": 1.99e-06, "USDF": 0.997735, "ASTER": 0.674599, "OKB": 80.86, "SKY": 0.070147, "PI": 0.151756, "PEPE": 3.72e-06, "USDD": 0.999642, "ICP": 2.57, "ETC": 9.06, "BGB": 2.0, "AAVE": 88.52, "BFUSD": 0.9986, "MORPHO": 1.83, "USDTB": 0.999004, "QNT": 73.99, "KCS": 7.99, "EUTBL": 1.22, "ALGO": 0.116245, "ATOM": 2.01, "U": 0.998458, "JTRSY": 1.1, "RENDER": 1.94, "POL": 0.090934, "BCAP": 105.74, "USTB": 11.09, "ENA": 0.106467, "KAS": 0.0348252, "NEXO": 0.881702, "WLD": 0.251822, "VVV": 17.79, "JST": 0.093923, "STABLE": 0.0347641, "APT": 0.952959, "FIL": 0.967922, "GT": 7.04, "FLR": 0.00834901, "JUP": 0.214812, "ARB": 0.112668, "XDC": 0.03491423, "DEXE": 13.97, "PUMP": 0.00177591, "DASH": 48.19, "BDX": 0.078656, "GHO": 0.998968, "PENGU": 0.00928152, "VET": 0.00669612, "OUSG": 115.29, "USD0": 0.998572, "HASH": 0.01035943, "BONK": 6.09e-06, "KITE": 0.231921}}