{"timestamp": 1778629956, "base": "USD", "data": {"BTC": 80457, "ETH": 2274.82, "USDT": 0.999698, "BNB": 664.54, "XRP": 1.44, "USDC": 0.999798, "SOL": 94.32, "TRX": 0.349272, "FIGR_HELOC": 1.037, "DOGE": 0.109981, "WBT": 59.08, "USDS": 0.999738, "ADA": 0.270934, "HYPE": 40.2, "ZEC": 569.58, "LEO": 9.99, "BCH": 439.36, "XMR": 411.33, "LINK": 10.29, "TON": 2.29, "CC": 0.153033, "XLM": 0.162397, "SUI": 1.24, "LTC": 58.0, "USD1": 0.999091, "DAI": 0.999748, "AVAX": 9.84, "M": 3.24, "HBAR": 0.093755, "USDE": 0.999479, "SHIB": 6.42e-06, "RAIN": 0.00753539, "USDG": 0.999714, "PYUSD": 0.99979, "CRO": 0.078143, "USYC": 1.12, "TAO": 309.53, "XAUT": 4710.73, "BUIDL": 1.0, "UNI": 3.76, "DOT": 1.34, "PAXG": 4711.08, "MNT": 0.666473, "WLFI": 0.067293, "NEAR": 1.6, "ONDO": 0.389224, "USDY": 1.13, "PI": 0.173391, "OKB": 85.31, "USDF": 0.999018, "HTX": 1.96e-06, "ICP": 3.18, "PEPE": 4.14e-06, "ASTER": 0.673505, "SKY": 0.074914, "RLUSD": 0.999927, "USDD": 0.999709, "ETC": 9.39, "AAVE": 96.71, "BGB": 2.09, "BFUSD": 0.9995, "MORPHO": 2.03, "KCS": 8.36, "JTRSY": 1.1, "ENA": 0.121535, "ALGO": 0.121868, "ATOM": 2.11, "QNT": 73.59, "POL": 0.098695, "KAS": 0.03811, "U": 0.999447, "USTB": 11.08, "EUTBL": 1.23, "RENDER": 1.9, "BCAP": 105.87, "NEXO": 0.917799, "WLD": 0.267439, "STABLE": 0.03994167, "APT": 1.082, "FIL": 1.092, "SIREN": 1.16, "ARB": 0.136319, "GT": 7.31, "JUP": 0.231915, "JST": 0.090137, "VVV": 16.31, "FLR": 0.0086608, "PUMP": 0.00197256, "VET": 0.00747346, "B": 0.632437, "USDTB": 0.999103, "XDC": 0.03125203, "BONK": 7.08e-06, "BDX": 0.079635, "OUSG": 115.22, "PENGU": 0.00951915, "DEXE": 12.54, "DASH": 46.44, "TRUMP": 2.46, "GHO": 0.999367}}