{"timestamp": 1778356323, "base": "USD", "data": {"BTC": 80853, "ETH": 2329.41, "USDT": 0.999853, "XRP": 1.42, "BNB": 650.93, "USDC": 0.999879, "SOL": 93.47, "TRX": 0.350902, "FIGR_HELOC": 1.027, "DOGE": 0.109683, "WBT": 59.61, "USDS": 0.999759, "HYPE": 43.05, "ADA": 0.272261, "ZEC": 598.82, "LEO": 10.31, "BCH": 450.25, "XMR": 412.2, "LINK": 10.43, "TON": 2.42, "CC": 0.155903, "XLM": 0.162726, "M": 3.48, "LTC": 58.08, "DAI": 0.999624, "USD1": 0.999387, "AVAX": 9.99, "SUI": 1.067, "HBAR": 0.09277, "USDE": 0.999451, "SHIB": 6.41e-06, "RAIN": 0.00744993, "PYUSD": 0.999702, "CRO": 0.070864, "USYC": 1.12, "TAO": 310.33, "XAUT": 4708.61, "USDG": 0.999823, "BUIDL": 1.0, "UNI": 3.71, "DOT": 1.35, "MNT": 0.685212, "WLFI": 0.069997, "PAXG": 4710.89, "ONDO": 0.425872, "NEAR": 1.56, "ICP": 3.57, "OKB": 88.07, "SKY": 0.079562, "PI": 0.174579, "ASTER": 0.702165, "PEPE": 4.27e-06, "HTX": 1.98e-06, "USDF": 0.99814, "RLUSD": 0.999968, "ETC": 9.55, "BGB": 2.13, "USDD": 1.0, "AAVE": 96.13, "USDY": 1.13, "MORPHO": 2.1, "BFUSD": 0.999299, "JTRSY": 1.1, "ENA": 0.131295, "ALGO": 0.130722, "KCS": 8.43, "QNT": 74.11, "POL": 0.100923, "RENDER": 2.0, "U": 0.999462, "KAS": 0.03661064, "EUTBL": 1.24, "USTB": 11.08, "ATOM": 1.94, "BCAP": 105.77, "FIL": 1.22, "SIREN": 1.28, "NEXO": 0.915132, "WLD": 0.272228, "APT": 1.11, "ARB": 0.142211, "GT": 7.5, "JUP": 0.251575, "PUMP": 0.0021763, "STABLE": 0.03413899, "VVV": 15.77, "JST": 0.083381, "FLR": 0.00819016, "PENGU": 0.01072541, "VET": 0.00763956, "DASH": 50.2, "BONK": 7.22e-06, "USDTB": 0.999385, "BDX": 0.079844, "VIRTUAL": 0.940165, "OUSG": 115.18, "XDC": 0.03036818, "SKYAI": 0.609124, "GHO": 0.999615, "TRUMP": 2.46}}