{"timestamp": 1779627844, "base": "USD", "data": {"BTC": 77012, "ETH": 2117.37, "USDT": 0.998778, "BNB": 659.72, "XRP": 1.36, "USDC": 0.999714, "SOL": 86.24, "TRX": 0.365217, "FIGR_HELOC": 1.03, "DOGE": 0.102848, "HYPE": 64.18, "USDS": 0.999772, "ZEC": 652.96, "LEO": 10.05, "ADA": 0.244748, "XMR": 390.02, "BCH": 352.23, "LINK": 9.54, "WBT": 56.85, "CC": 0.165936, "XLM": 0.148061, "USD1": 0.999114, "TON": 1.77, "USDE": 0.999074, "DAI": 0.999535, "SUI": 1.057, "LTC": 53.43, "AVAX": 9.32, "HBAR": 0.089148, "M": 2.87, "PYUSD": 0.999927, "RAIN": 0.00753769, "SHIB": 5.63e-06, "CRO": 0.069459, "NEAR": 2.39, "USYC": 1.13, "USDG": 0.999695, "XAUT": 4506.11, "TAO": 278.19, "BUIDL": 1.0, "MNT": 0.662009, "UNI": 3.43, "ONDO": 0.446772, "DOT": 1.27, "USDY": 1.14, "PAXG": 4526.6, "WLFI": 0.06218, "ASTER": 0.722712, "HTX": 2.01e-06, "USDF": 0.996818, "RLUSD": 1.0, "OKB": 82.34, "SKY": 0.069951, "PI": 0.150251, "PEPE": 3.61e-06, "USDD": 0.99873, "ICP": 2.59, "ETC": 9.05, "BGB": 1.98, "MORPHO": 2.19, "AAVE": 87.02, "BFUSD": 0.998501, "QNT": 81.55, "KCS": 8.12, "USDTB": 0.999113, "ATOM": 2.09, "EUTBL": 1.22, "WLD": 0.304335, "U": 0.999926, "RENDER": 1.96, "ALGO": 0.113046, "USTB": 11.09, "POL": 0.091069, "BCAP": 105.74, "JTRSY": 1.1, "KAS": 0.03359312, "VVV": 19.8, "ENA": 0.100103, "NEXO": 0.870532, "JST": 0.093328, "APT": 0.95572, "STABLE": 0.03405959, "FIL": 0.968822, "GT": 7.03, "FLR": 0.00839618, "DEXE": 14.54, "JUP": 0.204403, "ARB": 0.10645, "PUMP": 0.00176214, "XDC": 0.03084331, "BDX": 0.078741, "GHO": 0.998833, "DASH": 45.65, "VET": 0.00671331, "PENGU": 0.00909867, "NIGHT": 0.03414403, "HASH": 0.01061639, "USD0": 0.998544, "OUSG": 115.33, "BONK": 6.03e-06}}