{"timestamp": 1778284147, "base": "USD", "data": {"BTC": 80179, "ETH": 2305.9, "USDT": 0.999904, "XRP": 1.42, "BNB": 648.3, "USDC": 0.999937, "SOL": 91.85, "TRX": 0.350559, "FIGR_HELOC": 1.028, "DOGE": 0.109218, "WBT": 59.13, "HYPE": 43.13, "USDS": 0.999829, "ZEC": 612.23, "ADA": 0.272835, "LEO": 10.34, "BCH": 450.41, "LINK": 10.3, "XMR": 400.9, "TON": 2.51, "CC": 0.146724, "XLM": 0.163065, "M": 3.53, "LTC": 58.17, "DAI": 0.999783, "USD1": 0.999527, "AVAX": 9.89, "SUI": 1.019, "HBAR": 0.092466, "USDE": 0.999535, "SHIB": 6.44e-06, "RAIN": 0.00753783, "PYUSD": 0.999904, "CRO": 0.071606, "TAO": 313.85, "USYC": 1.12, "XAUT": 4700.08, "USDG": 0.999922, "BUIDL": 1.0, "WLFI": 0.07513, "UNI": 3.69, "DOT": 1.37, "MNT": 0.683587, "PAXG": 4706.63, "ONDO": 0.451463, "NEAR": 1.59, "ICP": 3.58, "SKY": 0.081859, "OKB": 87.23, "PEPE": 4.3e-06, "PI": 0.172083, "USDF": 0.998065, "HTX": 1.97e-06, "ASTER": 0.6861, "RLUSD": 1.0, "ETC": 9.76, "BGB": 2.15, "USDD": 1.0, "AAVE": 95.5, "USDY": 1.13, "MORPHO": 2.09, "BFUSD": 0.999499, "JTRSY": 1.1, "ALGO": 0.133176, "ENA": 0.130047, "KCS": 8.39, "POL": 0.101741, "QNT": 73.14, "RENDER": 2.04, "U": 0.999055, "FIL": 1.3, "KAS": 0.03637721, "EUTBL": 1.24, "ATOM": 1.95, "USTB": 11.08, "BCAP": 105.77, "WLD": 0.272783, "NEXO": 0.905733, "APT": 1.12, "ARB": 0.142078, "GT": 7.39, "JUP": 0.243894, "SIREN": 1.1, "PUMP": 0.00214053, "STABLE": 0.03273177, "JST": 0.082095, "FLR": 0.00799075, "VET": 0.00795043, "PENGU": 0.01046064, "DASH": 50.03, "VVV": 13.79, "BONK": 7.17e-06, "USDTB": 0.999694, "XDC": 0.03103916, "BDX": 0.079695, "VIRTUAL": 0.931535, "OUSG": 115.18, "SKYAI": 0.590425, "GHO": 0.999862, "TRUMP": 2.46}}