{"timestamp": 1781114094, "base": "USD", "data": {"BTC": 61827, "ETH": 1628.22, "USDT": 0.999155, "BNB": 588.69, "USDC": 0.999844, "XRP": 1.11, "SOL": 63.79, "TRX": 0.321505, "FIGR_HELOC": 1.023, "DOGE": 0.083645, "HYPE": 55.48, "USDS": 0.999621, "LEO": 9.44, "RAIN": 0.01315948, "ZEC": 420.02, "CC": 0.163642, "XLM": 0.185481, "XMR": 323.5, "WBT": 50.72, "ADA": 0.160868, "LINK": 7.66, "USDE": 0.999081, "USD1": 0.99917, "TON": 1.64, "DAI": 0.999886, "BCH": 197.27, "M": 2.79, "HBAR": 0.078112, "LTC": 41.86, "USYC": 1.13, "SUI": 0.73885, "PYUSD": 0.999753, "AVAX": 6.46, "SHIB": 4.66e-06, "CRO": 0.059559, "NEAR": 2.04, "USDG": 1.0, "XAUT": 4099.65, "LAB": 7.83, "BUIDL": 1.0, "USDY": 1.13, "TAO": 206.04, "WLFI": 0.059354, "PAXG": 4109.4, "MNT": 0.533129, "BEAT": 5.91, "ONDO": 0.342299, "RLUSD": 0.999973, "ASTER": 0.613831, "DOT": 0.928174, "HTX": 1.72e-06, "WLD": 0.449324, "UNI": 2.44, "OKB": 70.57, "USDF": 0.99471, "USDD": 0.999282, "PI": 0.124887, "MORPHO": 2.05, "BFUSD": 0.999199, "SKY": 0.055167, "ICP": 2.24, "BGB": 1.77, "PEPE": 2.71e-06, "ETC": 6.96, "U": 0.9997, "USDTB": 0.999358, "EUTBL": 1.22, "BCAP": 106.96, "QNT": 65.1, "AAVE": 62.21, "ATOM": 1.79, "USTB": 11.11, "KCS": 6.5, "JTRSY": 1.11, "DEXE": 17.98, "KAS": 0.03052164, "ALGO": 0.089595, "RENDER": 1.54, "NEXO": 0.791332, "STABLE": 0.03352241, "POL": 0.072626, "ENA": 0.075206, "\u5e01\u5b89\u4eba\u751f": 0.695555, "JAAA": 1.037, "JST": 0.079858, "GT": 6.28, "VVV": 13.33, "XDC": 0.03120134, "BDX": 0.080165, "GHO": 0.999049, "FLR": 0.00687689, "FIL": 0.742367, "HASH": 0.010507, "SIREN": 0.761818, "USD0": 0.998793, "YLDS": 0.999608, "APT": 0.638138, "INJ": 5.13, "USX": 0.99951, "NIGHT": 0.03057443}}