{"timestamp": 1784239025, "base": "USD", "data": {"BTC": 64142, "ETH": 1877.32, "USDT": 0.999262, "BNB": 576.01, "USDC": 0.999901, "XRP": 1.098, "SOL": 75.91, "TRX": 0.323083, "FIGR_HELOC": 1.018, "HYPE": 62.39, "DOGE": 0.073123, "USDS": 0.999819, "RAIN": 0.01471185, "ZEC": 540.78, "LEO": 9.81, "WBT": 56.1, "XLM": 0.190687, "XMR": 336.65, "LINK": 8.44, "ADA": 0.163146, "CC": 0.130182, "DAI": 0.999754, "BCH": 222.45, "USD1": 0.999034, "GRAM": 1.53, "USDE": 0.999696, "LTC": 45.3, "USDG": 1.001, "SUI": 0.750201, "USYC": 1.13, "HBAR": 0.067338, "AVAX": 6.61, "PYUSD": 0.999904, "CRO": 0.060603, "NEAR": 2.04, "BUIDL": 1.0, "SHIB": 4.16e-06, "XAUT": 3984.65, "UNI": 3.68, "USDY": 1.13, "TAO": 194.48, "WLFI": 0.057398, "ONDO": 0.368544, "PAXG": 3981.25, "OKB": 80.75, "DEXE": 35.61, "ASTER": 0.620842, "M": 1.22, "HTX": 1.8e-06, "RLUSD": 1.0, "DOT": 0.870332, "MNT": 0.444723, "USDD": 0.999097, "SKY": 0.061886, "USDF": 0.995733, "WLD": 0.395614, "AAVE": 92.17, "MORPHO": 2.05, "BFUSD": 0.998604, "ICP": 2.15, "BGB": 1.65, "PEPE": 2.75e-06, "ETC": 7.01, "U": 1.0, "EUTBL": 1.21, "USDGO": 0.999711, "BCAP": 106.19, "STABLE": 0.03917997, "QNT": 64.03, "KCS": 6.78, "ADI": 7.02, "POL": 0.08205, "JTRSY": 1.11, "PI": 0.076644, "JST": 0.097532, "EURSAFO": 1.15, "ENA": 0.084261, "ATOM": 1.53, "BEAT": 2.53, "KAS": 0.02852161, "USTB": 11.15, "RENDER": 1.5, "NEXO": 0.753298, "ALGO": 0.083082, "\u5e01\u5b89\u4eba\u751f": 0.717739, "GT": 6.67, "PUMP": 0.00174379, "JAAA": 1.041, "JUP": 0.201816, "BDX": 0.08469, "FIL": 0.778434, "LIT": 2.41, "GHO": 0.998193, "FLR": 0.00667818, "ARB": 0.089518, "USD0": 0.998733, "YLDS": 0.999903, "XDC": 0.02722194, "USX": 1.0, "APT": 0.617454}}