{"timestamp": 1780250542, "base": "USD", "data": {"BTC": 73585, "ETH": 2002.55, "USDT": 0.998569, "BNB": 712.75, "XRP": 1.33, "USDC": 0.999656, "SOL": 81.72, "TRX": 0.349029, "FIGR_HELOC": 1.017, "DOGE": 0.099292, "HYPE": 68.93, "USDS": 0.99957, "LEO": 10.01, "ZEC": 549.73, "RAIN": 0.01427568, "ADA": 0.233063, "XLM": 0.248446, "XMR": 360.55, "LINK": 9.05, "WBT": 53.87, "BCH": 298.71, "CC": 0.153606, "TON": 1.87, "USD1": 0.998308, "USDE": 0.998711, "DAI": 0.999471, "HBAR": 0.095042, "LTC": 51.61, "M": 2.97, "AVAX": 8.85, "SUI": 0.87445, "LAB": 8.53, "SHIB": 5.44e-06, "PYUSD": 0.999735, "CRO": 0.067306, "USYC": 1.13, "NEAR": 2.27, "XAUT": 4515.46, "USDG": 0.999908, "BUIDL": 1.0, "TAO": 252.57, "MNT": 0.662391, "USDY": 1.13, "PAXG": 4527.16, "DOT": 1.16, "OKB": 93.13, "UNI": 2.98, "ASTER": 0.7207, "WLFI": 0.058399, "ONDO": 0.357722, "RLUSD": 0.999687, "HTX": 1.84e-06, "USDF": 0.994461, "PI": 0.147104, "SKY": 0.066434, "ICP": 2.64, "BGB": 2.08, "USDD": 0.999568, "PEPE": 3.37e-06, "MORPHO": 2.13, "BFUSD": 0.998229, "ETC": 8.1, "AAVE": 81.4, "ALGO": 0.125621, "WLD": 0.331357, "U": 0.999501, "KCS": 7.87, "USDTB": 0.998913, "RENDER": 2.03, "QNT": 70.44, "EUTBL": 1.23, "ATOM": 1.93, "BCAP": 107.16, "POL": 0.090699, "USTB": 11.1, "STABLE": 0.03884933, "DEXE": 18.91, "JTRSY": 1.1, "NEXO": 0.852166, "KAS": 0.03036037, "VVV": 17.85, "JST": 0.092814, "ENA": 0.087307, "GT": 7.19, "APT": 0.921552, "FIL": 0.92874, "H": 0.391569, "XDC": 0.0335626, "FLR": 0.00768697, "INJ": 6.4, "ARB": 0.101449, "NIGHT": 0.03815784, "JUP": 0.187509, "BDX": 0.080304, "PUMP": 0.00175108, "\u5e01\u5b89\u4eba\u751f": 0.606499, "FET": 0.262439, "GHO": 0.999098, "HASH": 0.01056806, "USD0": 0.998354}}