{"timestamp": 1783295942, "base": "USD", "data": {"BTC": 63525, "ETH": 1782.31, "USDT": 0.999076, "BNB": 588.93, "USDC": 0.99976, "XRP": 1.16, "SOL": 81.44, "TRX": 0.32892, "FIGR_HELOC": 1.009, "HYPE": 71.11, "DOGE": 0.077732, "USDS": 0.999719, "RAIN": 0.01511184, "LEO": 9.26, "ZEC": 462.53, "ADA": 0.189382, "XLM": 0.202724, "WBT": 57.31, "XMR": 327.97, "LINK": 8.05, "CC": 0.141387, "LAB": 16.73, "BCH": 243.76, "GRAM": 1.78, "DAI": 0.999883, "USD1": 0.998931, "USDE": 0.998607, "LTC": 45.71, "HBAR": 0.076059, "USYC": 1.13, "SUI": 0.755533, "USDG": 0.999912, "AVAX": 6.92, "PYUSD": 0.999921, "CRO": 0.060395, "NEAR": 2.01, "SHIB": 4.41e-06, "XAUT": 4169.13, "BUIDL": 1.0, "USDY": 1.14, "TAO": 214.96, "UNI": 3.17, "PAXG": 4175.31, "WLFI": 0.058883, "M": 1.4, "ASTER": 0.644604, "OKB": 80.29, "HTX": 1.79e-06, "ONDO": 0.332342, "RLUSD": 1.0, "DOT": 0.879985, "WLD": 0.419028, "MNT": 0.440785, "USDF": 0.99662, "USDD": 1.001, "AAVE": 88.97, "SKY": 0.056796, "BFUSD": 0.99854, "MORPHO": 1.93, "PI": 0.113595, "ICP": 2.2, "BGB": 1.72, "PEPE": 2.74e-06, "ETC": 7.23, "DEXE": 24.05, "U": 0.999998, "KCS": 7.24, "EUTBL": 1.21, "QNT": 67.61, "BCAP": 106.97, "USDGO": 0.999975, "JTRSY": 1.11, "USTB": 11.13, "BEAT": 2.8, "KAS": 0.03094454, "STABLE": 0.03461506, "RENDER": 1.61, "ATOM": 1.59, "ALGO": 0.090902, "JUP": 0.243462, "POL": 0.074025, "JST": 0.091607, "NEXO": 0.775732, "ENA": 0.080341, "\u5e01\u5b89\u4eba\u751f": 0.73217, "ADI": 5.83, "USDTB": 1.001, "GT": 6.7, "BDX": 0.09032, "EURSAFO": 1.15, "JAAA": 1.04, "PUMP": 0.00162761, "FIL": 0.79879, "LIT": 2.46, "FLR": 0.00701166, "GHO": 0.99818, "VVV": 11.97, "NIGHT": 0.03391633, "XDC": 0.02821123, "USD0": 0.998612}}