{"timestamp": 1781357345, "base": "USD", "data": {"BTC": 64175, "ETH": 1679.44, "USDT": 0.999472, "BNB": 608.97, "USDC": 0.999831, "XRP": 1.15, "SOL": 67.94, "TRX": 0.316796, "FIGR_HELOC": 1.031, "DOGE": 0.088273, "HYPE": 59.54, "USDS": 0.999799, "LEO": 9.59, "RAIN": 0.01300966, "ZEC": 417.05, "ADA": 0.173679, "XLM": 0.189764, "XMR": 339.13, "CC": 0.163055, "WBT": 52.32, "LINK": 8.0, "TON": 1.7, "USDE": 0.99951, "USD1": 1.0, "DAI": 0.999756, "BCH": 208.57, "M": 2.96, "HBAR": 0.078711, "LTC": 43.97, "SUI": 0.772842, "USYC": 1.13, "SHIB": 5e-06, "LAB": 9.36, "AVAX": 6.67, "PYUSD": 0.999931, "CRO": 0.060057, "NEAR": 2.07, "USDG": 1.0, "XAUT": 4204.22, "BEAT": 8.66, "TAO": 250.91, "BUIDL": 1.0, "USDY": 1.14, "PAXG": 4215.37, "WLFI": 0.059341, "ONDO": 0.373222, "MNT": 0.545976, "WLD": 0.504479, "ASTER": 0.637988, "DOT": 0.990634, "RLUSD": 1.0, "UNI": 2.55, "OKB": 74.73, "HTX": 1.69e-06, "USDF": 0.995442, "PI": 0.128171, "ICP": 2.47, "USDD": 0.999461, "BFUSD": 0.999, "SKY": 0.055915, "MORPHO": 1.96, "BGB": 1.79, "PEPE": 2.86e-06, "ETC": 7.2, "ATOM": 1.98, "AAVE": 66.87, "U": 0.999999, "BCAP": 106.96, "QNT": 66.92, "EUTBL": 1.22, "USTB": 11.11, "KCS": 6.92, "RENDER": 1.78, "USDTB": 0.999749, "KAS": 0.03161978, "JTRSY": 1.11, "STABLE": 0.0360801, "DEXE": 17.91, "POL": 0.074976, "VVV": 16.97, "NEXO": 0.796193, "ALGO": 0.088835, "ENA": 0.085006, "GT": 6.62, "JAAA": 1.038, "\u5e01\u5b89\u4eba\u751f": 0.68169, "FLR": 0.00795281, "JST": 0.07605, "FIL": 0.789188, "XDC": 0.03049771, "BDX": 0.078119, "GHO": 0.99919, "JUP": 0.173974, "NIGHT": 0.03399473, "APT": 0.677939, "YLDS": 0.999801, "USD0": 0.998656, "HASH": 0.01006416, "ARB": 0.086604, "PUMP": 0.00155264}}