{"timestamp": 1777665320, "base": "USD", "data": {"BTC": 78378, "ETH": 2304.89, "USDT": 0.99981, "XRP": 1.39, "BNB": 619.12, "USDC": 0.999759, "SOL": 83.8, "TRX": 0.326677, "FIGR_HELOC": 1.034, "DOGE": 0.109148, "WBT": 58.54, "USDS": 0.999717, "HYPE": 40.93, "LEO": 10.33, "ADA": 0.249681, "BCH": 453.28, "XMR": 376.57, "LINK": 9.18, "ZEC": 383.15, "CC": 0.147992, "XLM": 0.160557, "USD1": 0.999651, "DAI": 0.999786, "LTC": 55.71, "AVAX": 9.16, "USDE": 0.999247, "HBAR": 0.087937, "M": 2.92, "RAIN": 0.00785819, "SHIB": 6.33e-06, "SUI": 0.923674, "PYUSD": 0.999896, "TON": 1.33, "CRO": 0.068753, "USYC": 1.12, "XAUT": 4601.42, "TAO": 273.62, "USDG": 0.999922, "BUIDL": 1.0, "PAXG": 4602.84, "MNT": 0.632284, "UNI": 3.23, "DOT": 1.21, "SKY": 0.081043, "PI": 0.180445, "USDF": 0.996596, "WLFI": 0.055221, "OKB": 82.95, "ASTER": 0.65577, "PEPE": 3.98e-06, "NEAR": 1.29, "HTX": 1.83e-06, "RLUSD": 1.0, "USDD": 1.0, "BGB": 2.01, "AAVE": 92.43, "USDY": 1.13, "ETC": 8.45, "ONDO": 0.271242, "BFUSD": 0.999, "JTRSY": 1.1, "ICP": 2.38, "MORPHO": 1.99, "KCS": 8.37, "U": 0.999505, "POL": 0.094963, "QNT": 69.27, "EUTBL": 1.23, "USTB": 11.07, "ALGO": 0.108834, "BCAP": 105.75, "ATOM": 1.9, "NEXO": 0.908177, "ENA": 0.103573, "KAS": 0.03284838, "RENDER": 1.71, "GT": 7.28, "APT": 1.001, "WLD": 0.238973, "ARB": 0.125, "STABLE": 0.0334895, "JST": 0.086046, "FIL": 0.926266, "PUMP": 0.00182653, "FLR": 0.00750347, "PENGU": 0.01002448, "VET": 0.00722108, "BDX": 0.079827, "OUSG": 115.09, "JUP": 0.179511, "XDC": 0.02955059, "GHO": 0.999839, "USDTB": 0.999529, "USD0": 0.998981, "BONK": 6.28e-06, "HASH": 0.01053556, "TRUMP": 2.32, "YLDS": 0.999863, "NIGHT": 0.03186905, "SIREN": 0.707534}}