{"timestamp": 1778611904, "base": "USD", "data": {"BTC": 80619, "ETH": 2281.06, "USDT": 0.99966, "BNB": 660.1, "XRP": 1.44, "USDC": 0.99983, "SOL": 94.54, "TRX": 0.348854, "FIGR_HELOC": 1.031, "DOGE": 0.10927, "WBT": 59.14, "USDS": 0.999704, "ADA": 0.270532, "HYPE": 40.31, "LEO": 10.18, "ZEC": 550.08, "BCH": 440.02, "XMR": 407.27, "LINK": 10.24, "TON": 2.34, "CC": 0.152996, "XLM": 0.162396, "SUI": 1.25, "LTC": 57.61, "USD1": 0.998991, "DAI": 0.999357, "M": 3.29, "AVAX": 9.83, "HBAR": 0.093426, "USDE": 0.999398, "SHIB": 6.41e-06, "RAIN": 0.00751613, "USDG": 0.999831, "PYUSD": 0.999867, "CRO": 0.077313, "USYC": 1.12, "TAO": 307.66, "XAUT": 4688.94, "UNI": 3.75, "BUIDL": 1.0, "DOT": 1.33, "PAXG": 4688.52, "MNT": 0.669549, "WLFI": 0.067057, "NEAR": 1.6, "ONDO": 0.396283, "USDY": 1.13, "OKB": 85.35, "PI": 0.171442, "USDF": 0.999715, "HTX": 1.97e-06, "ICP": 3.19, "PEPE": 4.13e-06, "SKY": 0.074709, "ASTER": 0.671534, "RLUSD": 1.0, "USDD": 0.999648, "BGB": 2.1, "ETC": 9.35, "AAVE": 95.87, "BFUSD": 0.999497, "MORPHO": 2.04, "KCS": 8.36, "JTRSY": 1.1, "ENA": 0.121608, "ALGO": 0.121513, "ATOM": 2.12, "POL": 0.098926, "QNT": 72.27, "KAS": 0.03831115, "U": 0.999999, "USTB": 11.08, "EUTBL": 1.23, "RENDER": 1.89, "BCAP": 105.87, "NEXO": 0.912517, "WLD": 0.266093, "STABLE": 0.03844173, "APT": 1.082, "FIL": 1.094, "SIREN": 1.17, "ARB": 0.136983, "GT": 7.33, "JUP": 0.232136, "JST": 0.0902, "FLR": 0.00869118, "VVV": 16.04, "PUMP": 0.00195992, "VET": 0.00749519, "B": 0.642951, "XDC": 0.03154901, "BONK": 7.1e-06, "BDX": 0.0797, "DEXE": 13.08, "OUSG": 115.21, "PENGU": 0.0096047, "USDTB": 0.99931, "DASH": 46.26, "GHO": 0.999442, "NIGHT": 0.03403734}}