{"timestamp": 1784497339, "base": "USD", "data": {"BTC": 64344, "ETH": 1858.27, "USDT": 0.999202, "BNB": 568.44, "USDC": 0.999822, "XRP": 1.092, "SOL": 75.84, "TRX": 0.326938, "FIGR_HELOC": 1.042, "HYPE": 61.03, "DOGE": 0.072065, "USDS": 0.999821, "RAIN": 0.01399585, "ZEC": 548.88, "LEO": 9.79, "WBT": 56.1, "XLM": 0.190793, "XMR": 334.8, "LINK": 8.35, "ADA": 0.165364, "CC": 0.127362, "DAI": 0.999749, "BCH": 216.23, "USD1": 0.999128, "USDE": 0.999835, "GRAM": 1.45, "LTC": 47.54, "USDG": 0.999564, "SUI": 0.747468, "USYC": 1.13, "HBAR": 0.06645, "PYUSD": 0.99969, "AVAX": 6.42, "CRO": 0.05827, "BUIDL": 1.0, "NEAR": 1.91, "XAUT": 4008.22, "SHIB": 4.13e-06, "UNI": 3.49, "USDY": 1.13, "TAO": 197.18, "WLFI": 0.057614, "PAXG": 4005.19, "OKB": 80.38, "ONDO": 0.345335, "ASTER": 0.620772, "HTX": 1.85e-06, "DEXE": 34.92, "M": 1.18, "RLUSD": 0.999922, "USDD": 0.999181, "SKY": 0.060921, "USDF": 0.995453, "MNT": 0.423358, "DOT": 0.815427, "AAVE": 88.95, "BFUSD": 0.998345, "MORPHO": 2.0, "WLD": 0.361328, "PEPE": 2.82e-06, "ICP": 2.13, "BGB": 1.63, "ETC": 6.93, "U": 0.999519, "PI": 0.092494, "USDGO": 1.0, "EUTBL": 1.21, "BCAP": 106.19, "QNT": 64.0, "KCS": 6.6, "STABLE": 0.03574691, "JTRSY": 1.11, "POL": 0.080556, "EURSAFO": 1.15, "ADI": 6.44, "JST": 0.097347, "KAS": 0.02800585, "ATOM": 1.48, "RENDER": 1.48, "USTB": 11.15, "PUMP": 0.00190615, "ENA": 0.079718, "NEXO": 0.750633, "BEAT": 2.4, "ALGO": 0.082585, "GT": 6.69, "JAAA": 1.041, "\u5e01\u5b89\u4eba\u751f": 0.681108, "BDX": 0.082964, "GHO": 0.998826, "JUP": 0.192696, "ARB": 0.088447, "FIL": 0.715258, "XDC": 0.0285584, "FLR": 0.00651302, "YLDS": 0.999904, "LIT": 2.23, "USD0": 0.998785, "VVV": 11.53, "USX": 0.999915}}