{"timestamp": 1782422587, "base": "USD", "data": {"BTC": 59484, "ETH": 1561.29, "USDT": 0.99836, "BNB": 556.34, "USDC": 0.999621, "XRP": 1.032, "SOL": 66.34, "TRX": 0.323515, "FIGR_HELOC": 1.036, "HYPE": 62.91, "DOGE": 0.07385, "USDS": 0.999474, "RAIN": 0.0157565, "LEO": 9.35, "ZEC": 403.54, "XLM": 0.174853, "CC": 0.14793, "XMR": 305.89, "WBT": 48.16, "LAB": 18.06, "LINK": 7.2, "ADA": 0.14206, "USD1": 0.999046, "DAI": 0.999651, "USDE": 0.998232, "GRAM": 1.56, "BCH": 188.23, "HBAR": 0.073162, "LTC": 40.86, "USYC": 1.13, "USDG": 0.99962, "PYUSD": 0.999902, "SUI": 0.674218, "AVAX": 6.16, "CRO": 0.054441, "SHIB": 4.18e-06, "XAUT": 4014.19, "BUIDL": 1.0, "NEAR": 1.82, "USDY": 1.13, "TAO": 210.62, "WLFI": 0.058793, "PAXG": 4018.97, "UNI": 2.85, "WLD": 0.494081, "ASTER": 0.618603, "OKB": 75.12, "RLUSD": 1.0, "HTX": 1.68e-06, "ONDO": 0.309667, "MNT": 0.442324, "USDF": 0.993616, "DOT": 0.843612, "USDD": 1.0, "PI": 0.124182, "BFUSD": 0.998284, "M": 0.947305, "AAVE": 81.67, "SKY": 0.051786, "ICP": 2.15, "BGB": 1.64, "MORPHO": 1.71, "ETC": 7.07, "DEXE": 22.79, "U": 0.999523, "PEPE": 2.33e-06, "BCAP": 107.03, "QNT": 65.27, "EUTBL": 1.2, "USDTB": 0.999742, "KCS": 6.73, "STABLE": 0.03696966, "JTRSY": 1.11, "ATOM": 1.59, "USTB": 11.13, "RENDER": 1.52, "POL": 0.070734, "KAS": 0.02740836, "ALGO": 0.084051, "ENA": 0.080686, "JUP": 0.224523, "NEXO": 0.722969, "\u5e01\u5b89\u4eba\u751f": 0.710388, "JST": 0.08124, "BDX": 0.089299, "GT": 6.45, "JAAA": 1.039, "VVV": 14.19, "EURSAFO": 1.14, "GHO": 0.998055, "FLR": 0.00678658, "FIL": 0.727985, "ADI": 4.5, "YLDS": 0.999847, "XDC": 0.02827015, "BEAT": 1.91, "USD0": 0.990645, "NIGHT": 0.03093048, "HASH": 0.00934306, "USX": 0.999113}}