{"timestamp": 1783498218, "base": "USD", "data": {"BTC": 62800, "ETH": 1754.62, "USDT": 0.999109, "BNB": 567.46, "USDC": 0.999825, "XRP": 1.093, "SOL": 78.26, "TRX": 0.329172, "FIGR_HELOC": 1.025, "HYPE": 68.25, "DOGE": 0.072397, "USDS": 0.999754, "RAIN": 0.0148163, "LEO": 9.49, "ZEC": 477.78, "WBT": 55.73, "XLM": 0.185376, "ADA": 0.169187, "XMR": 332.65, "LINK": 7.7, "CC": 0.126549, "BCH": 238.14, "DAI": 0.999829, "USD1": 0.998739, "USDE": 0.998598, "GRAM": 1.58, "LTC": 43.83, "USDG": 0.999846, "USYC": 1.13, "HBAR": 0.070021, "SUI": 0.718005, "PYUSD": 1.0, "AVAX": 6.43, "CRO": 0.056891, "SHIB": 4.28e-06, "XAUT": 4107.38, "NEAR": 1.91, "BUIDL": 1.0, "USDY": 1.14, "UNI": 3.29, "TAO": 207.71, "M": 1.46, "PAXG": 4111.08, "WLFI": 0.057856, "HTX": 1.84e-06, "ASTER": 0.622619, "OKB": 79.07, "RLUSD": 0.999812, "ONDO": 0.320856, "USDD": 0.999115, "USDF": 0.997272, "DOT": 0.840033, "MNT": 0.418465, "MORPHO": 2.09, "AAVE": 88.97, "DEXE": 28.24, "BFUSD": 0.997802, "WLD": 0.372601, "SKY": 0.053024, "ICP": 2.2, "BGB": 1.66, "PI": 0.102528, "PEPE": 2.62e-06, "ETC": 6.92, "LAB": 3.48, "U": 0.999702, "EUTBL": 1.21, "BCAP": 106.63, "QNT": 66.11, "KCS": 6.91, "JTRSY": 1.11, "USDGO": 1.0, "USTB": 11.14, "STABLE": 0.03500508, "POL": 0.076031, "ATOM": 1.56, "JST": 0.094559, "KAS": 0.02922952, "RENDER": 1.54, "ALGO": 0.085037, "JUP": 0.223703, "NEXO": 0.736864, "BEAT": 2.39, "BDX": 0.093238, "ADI": 5.82, "USDTB": 1.0, "GT": 6.79, "EURSAFO": 1.15, "ENA": 0.074393, "\u5e01\u5b89\u4eba\u751f": 0.702212, "JAAA": 1.04, "PUMP": 0.0015353, "FIL": 0.762386, "GHO": 0.998374, "LIT": 2.37, "FLR": 0.00663445, "USD0": 0.998538, "XDC": 0.02719527, "NIGHT": 0.03229926, "YLDS": 0.999821}}