{"timestamp": 1784410876, "base": "USD", "data": {"BTC": 64656, "ETH": 1857.96, "USDT": 0.999334, "BNB": 570.45, "USDC": 0.999843, "XRP": 1.093, "SOL": 75.39, "TRX": 0.325461, "FIGR_HELOC": 1.038, "HYPE": 60.07, "DOGE": 0.072313, "USDS": 0.99985, "RAIN": 0.01480409, "ZEC": 556.78, "LEO": 9.8, "WBT": 56.31, "XLM": 0.188035, "XMR": 334.0, "LINK": 8.34, "ADA": 0.166098, "CC": 0.125271, "DAI": 0.999848, "BCH": 220.14, "USD1": 0.999278, "GRAM": 1.48, "USDE": 1.0, "LTC": 46.99, "USDG": 1.002, "USYC": 1.13, "SUI": 0.740679, "HBAR": 0.066856, "PYUSD": 0.999891, "AVAX": 6.57, "CRO": 0.059685, "BUIDL": 1.0, "NEAR": 1.93, "XAUT": 4005.38, "SHIB": 4.13e-06, "UNI": 3.53, "USDY": 1.13, "TAO": 195.49, "WLFI": 0.056908, "PAXG": 4004.48, "OKB": 81.32, "ONDO": 0.346748, "ASTER": 0.619145, "DEXE": 35.54, "HTX": 1.83e-06, "M": 1.24, "RLUSD": 1.0, "USDD": 0.999254, "SKY": 0.062679, "USDF": 0.994936, "DOT": 0.836078, "MNT": 0.42037, "AAVE": 89.7, "MORPHO": 2.03, "BFUSD": 0.99851, "WLD": 0.370965, "ICP": 2.17, "PEPE": 2.76e-06, "BGB": 1.65, "ETC": 6.99, "U": 0.999621, "USDGO": 1.0, "EUTBL": 1.21, "BCAP": 106.19, "QNT": 64.01, "PI": 0.084745, "KCS": 6.67, "STABLE": 0.03583245, "JTRSY": 1.11, "POL": 0.08102, "EURSAFO": 1.15, "ADI": 6.46, "JST": 0.098467, "ATOM": 1.49, "ENA": 0.080738, "USTB": 11.15, "RENDER": 1.47, "KAS": 0.02763406, "NEXO": 0.757527, "ALGO": 0.082712, "BEAT": 2.39, "GT": 6.74, "\u5e01\u5b89\u4eba\u751f": 0.687977, "JAAA": 1.041, "PUMP": 0.0016437, "BDX": 0.083209, "GHO": 0.99886, "JUP": 0.193295, "FIL": 0.747994, "FLR": 0.00653926, "ARB": 0.088244, "XDC": 0.02806405, "YLDS": 0.9999, "VVV": 11.75, "LIT": 2.21, "USD0": 0.99878, "USX": 0.999835}}