{"timestamp": 1777793404, "base": "USD", "data": {"BTC": 78421, "ETH": 2311.76, "USDT": 0.999848, "XRP": 1.39, "BNB": 617.98, "USDC": 0.999959, "SOL": 83.93, "TRX": 0.336628, "FIGR_HELOC": 1.04, "DOGE": 0.108188, "WBT": 58.45, "USDS": 0.999808, "HYPE": 40.95, "LEO": 10.31, "ADA": 0.249216, "BCH": 444.01, "XMR": 387.73, "LINK": 9.12, "ZEC": 385.81, "CC": 0.149496, "XLM": 0.159487, "USD1": 0.999998, "DAI": 0.999828, "LTC": 55.08, "AVAX": 9.07, "USDE": 0.999044, "M": 2.97, "HBAR": 0.08803, "SUI": 0.918001, "SHIB": 6.22e-06, "RAIN": 0.0075781, "TON": 1.34, "PYUSD": 0.99968, "CRO": 0.068238, "USYC": 1.12, "TAO": 288.99, "XAUT": 4602.61, "USDG": 0.999881, "BUIDL": 1.0, "PAXG": 4602.43, "MNT": 0.632272, "UNI": 3.23, "DOT": 1.21, "SKY": 0.079866, "PI": 0.176426, "WLFI": 0.057153, "OKB": 86.63, "USDF": 0.997255, "ASTER": 0.676024, "HTX": 1.88e-06, "NEAR": 1.28, "PEPE": 3.94e-06, "RLUSD": 0.999698, "USDD": 0.99987, "AAVE": 92.6, "BGB": 2.0, "ONDO": 0.278772, "USDY": 1.13, "ETC": 8.46, "BFUSD": 0.99931, "JTRSY": 1.1, "ICP": 2.36, "MORPHO": 1.96, "KCS": 8.38, "ALGO": 0.116782, "POL": 0.097109, "U": 0.999825, "QNT": 68.56, "USTB": 11.07, "EUTBL": 1.23, "BCAP": 105.75, "ATOM": 1.89, "RENDER": 1.81, "KAS": 0.03355297, "NEXO": 0.906102, "ENA": 0.100611, "GT": 7.19, "APT": 0.983257, "WLD": 0.23908, "STABLE": 0.03335303, "ARB": 0.119104, "FIL": 0.921449, "JST": 0.083123, "PUMP": 0.00179861, "FLR": 0.00752118, "BDX": 0.080096, "VET": 0.00719615, "PENGU": 0.00977897, "OUSG": 115.1, "JUP": 0.179056, "HASH": 0.01130212, "GHO": 0.999864, "XDC": 0.02916197, "USDTB": 0.999381, "USD0": 0.998931, "BONK": 6.24e-06, "TRUMP": 2.35, "NIGHT": 0.03193081, "YLDS": 0.999811, "USDM": 0.994435}}