{"timestamp": 1778110919, "base": "USD", "data": {"BTC": 81328, "ETH": 2347.15, "USDT": 0.99984, "XRP": 1.42, "BNB": 646.98, "USDC": 0.999746, "SOL": 89.04, "TRX": 0.34663, "FIGR_HELOC": 1.02, "DOGE": 0.112254, "WBT": 59.54, "USDS": 0.99987, "HYPE": 43.03, "ADA": 0.26667, "LEO": 10.35, "BCH": 464.84, "ZEC": 552.09, "XMR": 411.85, "LINK": 9.99, "TON": 2.47, "CC": 0.146597, "XLM": 0.1611, "M": 3.69, "USD1": 0.999366, "DAI": 0.999944, "LTC": 56.59, "AVAX": 9.6, "SUI": 0.990359, "HBAR": 0.091223, "USDE": 0.999369, "SHIB": 6.39e-06, "RAIN": 0.00719317, "PYUSD": 1.0, "CRO": 0.070799, "USYC": 1.12, "TAO": 307.72, "XAUT": 4679.22, "USDG": 0.999878, "BUIDL": 1.0, "PAXG": 4680.41, "DOT": 1.31, "MNT": 0.667156, "UNI": 3.46, "WLFI": 0.066591, "NEAR": 1.49, "PI": 0.179199, "SKY": 0.079975, "OKB": 87.11, "USDF": 0.998551, "HTX": 1.96e-06, "ASTER": 0.676814, "PEPE": 4.15e-06, "ICP": 3.16, "ONDO": 0.32337, "RLUSD": 0.999922, "BGB": 2.17, "USDD": 0.99983, "ETC": 9.34, "AAVE": 93.88, "MORPHO": 2.25, "USDY": 1.13, "BFUSD": 0.999201, "JTRSY": 1.1, "KCS": 8.43, "ENA": 0.11999, "ALGO": 0.119295, "POL": 0.098801, "USTB": 11.07, "U": 1.0, "QNT": 70.45, "RENDER": 1.96, "KAS": 0.03647435, "EUTBL": 1.24, "BCAP": 105.77, "ATOM": 1.9, "NEXO": 0.901502, "WLD": 0.255318, "FIL": 1.093, "GT": 7.49, "APT": 1.02, "ARB": 0.127775, "STABLE": 0.03345264, "SKYAI": 0.712394, "PUMP": 0.00194239, "PENGU": 0.01071196, "FLR": 0.00780541, "JST": 0.07802, "VET": 0.00768621, "DASH": 51.98, "JUP": 0.198255, "USDTB": 0.999939, "BDX": 0.079862, "OUSG": 115.16, "HASH": 0.01137772, "SIREN": 0.821664, "BONK": 6.75e-06, "XDC": 0.02956568, "GHO": 0.999595, "VIRTUAL": 0.871233, "VVV": 12.23}}