{"timestamp": 1780656707, "base": "USD", "data": {"BTC": 62555, "ETH": 1675.56, "USDT": 0.999167, "BNB": 592.2, "USDC": 0.999664, "XRP": 1.13, "SOL": 66.29, "TRX": 0.32571, "FIGR_HELOC": 1.019, "HYPE": 61.33, "DOGE": 0.084618, "USDS": 0.999573, "LEO": 9.9, "RAIN": 0.01345193, "XLM": 0.191094, "XMR": 338.82, "ADA": 0.165067, "CC": 0.146897, "ZEC": 327.87, "LINK": 7.61, "WBT": 44.84, "USD1": 0.998804, "BCH": 229.19, "USDE": 0.999361, "DAI": 0.99969, "TON": 1.54, "M": 3.13, "HBAR": 0.081886, "LTC": 44.26, "LAB": 10.21, "AVAX": 7.17, "PYUSD": 0.999862, "SUI": 0.715875, "USYC": 1.13, "SHIB": 4.77e-06, "XAUT": 4438.11, "CRO": 0.059335, "NEAR": 2.04, "USDG": 0.999972, "BUIDL": 1.0, "USDY": 1.13, "PAXG": 4455.9, "TAO": 199.86, "WLD": 0.549309, "WLFI": 0.05611, "MNT": 0.534137, "ONDO": 0.352443, "ASTER": 0.660523, "RLUSD": 0.999803, "DOT": 0.999548, "HTX": 1.76e-06, "UNI": 2.54, "OKB": 73.29, "USDF": 0.995288, "USDD": 0.998541, "SKY": 0.059514, "ICP": 2.44, "PI": 0.124369, "BFUSD": 0.998972, "BGB": 1.86, "PEPE": 2.79e-06, "MORPHO": 1.71, "ETC": 6.99, "H": 0.600903, "AAVE": 67.34, "USDTB": 0.99947, "EUTBL": 1.23, "U": 0.999901, "BCAP": 107.06, "DEXE": 20.24, "QNT": 65.37, "USTB": 11.1, "KCS": 6.65, "RENDER": 1.72, "ATOM": 1.73, "JTRSY": 1.11, "POL": 0.078928, "ALGO": 0.09337, "ENA": 0.087358, "STABLE": 0.03478487, "KAS": 0.02936723, "NEXO": 0.751196, "VVV": 15.66, "GT": 6.39, "\u5e01\u5b89\u4eba\u751f": 0.680596, "JST": 0.079235, "BDX": 0.080177, "FIL": 0.786553, "XDC": 0.0305858, "FLR": 0.00687964, "GHO": 0.999118, "APT": 0.700587, "JUP": 0.166422, "USD0": 0.998421, "NIGHT": 0.03310542, "PUMP": 0.00153511, "YLDS": 0.999637, "HASH": 0.00982926, "ARB": 0.083808, "A7A5": 0.01311447}}