{"timestamp": 1783899820, "base": "USD", "data": {"BTC": 63757, "ETH": 1804.78, "USDT": 0.999401, "BNB": 573.91, "USDC": 0.999811, "XRP": 1.086, "SOL": 76.71, "TRX": 0.331203, "FIGR_HELOC": 1.041, "HYPE": 67.24, "DOGE": 0.072642, "USDS": 0.999754, "RAIN": 0.01446141, "ZEC": 533.08, "LEO": 9.54, "WBT": 55.9, "XLM": 0.186217, "XMR": 323.81, "ADA": 0.161829, "LINK": 7.99, "CC": 0.133438, "BCH": 239.73, "DAI": 0.999913, "USD1": 0.999128, "GRAM": 1.62, "USDE": 0.999757, "LTC": 44.01, "USDG": 1.0, "USYC": 1.13, "SUI": 0.735875, "HBAR": 0.067451, "BUIDL": 1.0, "PYUSD": 0.999666, "AVAX": 6.4, "CRO": 0.055774, "XAUT": 4068.11, "SHIB": 4.23e-06, "NEAR": 1.89, "UNI": 3.6, "DEXE": 47.09, "USDY": 1.14, "TAO": 209.4, "WLFI": 0.057526, "PAXG": 4070.43, "OKB": 80.72, "HTX": 1.85e-06, "ASTER": 0.621488, "M": 1.24, "USDD": 0.999254, "ONDO": 0.321776, "RLUSD": 0.999945, "AAVE": 97.07, "WLD": 0.416925, "DOT": 0.844928, "USDF": 0.996279, "SKY": 0.059905, "MNT": 0.416424, "BFUSD": 0.998789, "MORPHO": 2.0, "ICP": 2.22, "BGB": 1.67, "PEPE": 2.75e-06, "ETC": 6.84, "U": 0.999657, "EUTBL": 1.2, "PI": 0.090262, "BCAP": 106.63, "KCS": 6.99, "QNT": 65.36, "USDGO": 0.999795, "STABLE": 0.03672869, "ADI": 7.03, "JTRSY": 1.11, "JST": 0.101347, "POL": 0.081014, "ATOM": 1.56, "RENDER": 1.53, "BEAT": 2.55, "USTB": 11.14, "KAS": 0.02846557, "EURSAFO": 1.15, "ENA": 0.079862, "ALGO": 0.083297, "NEXO": 0.741219, "USDTB": 1.001, "GT": 6.68, "\u5e01\u5b89\u4eba\u751f": 0.702706, "JAAA": 1.041, "JUP": 0.200505, "LIT": 2.64, "BDX": 0.083522, "FIL": 0.770113, "GHO": 0.998484, "ARB": 0.092951, "PUMP": 0.00145963, "FLR": 0.00646655, "USD0": 0.998792, "XDC": 0.02709901, "YLDS": 0.999997, "USX": 0.99995}}