{"timestamp": 1781012329, "base": "USD", "data": {"BTC": 62185, "ETH": 1666.27, "USDT": 0.999498, "BNB": 593.63, "USDC": 0.999584, "XRP": 1.16, "SOL": 65.71, "TRX": 0.3219, "FIGR_HELOC": 1.027, "HYPE": 60.84, "DOGE": 0.085353, "USDS": 0.999684, "LEO": 9.42, "RAIN": 0.01293344, "ZEC": 468.48, "XLM": 0.198684, "CC": 0.16801, "ADA": 0.167405, "XMR": 319.01, "LINK": 7.89, "WBT": 44.48, "TON": 1.73, "USD1": 0.998688, "USDE": 0.999094, "DAI": 0.999648, "BCH": 204.94, "M": 2.94, "HBAR": 0.080307, "LTC": 42.48, "LAB": 10.39, "SUI": 0.750932, "USYC": 1.13, "AVAX": 6.68, "PYUSD": 0.999917, "NEAR": 2.15, "SHIB": 4.68e-06, "CRO": 0.061009, "XAUT": 4309.53, "USDG": 0.999928, "BUIDL": 1.0, "USDY": 1.13, "TAO": 214.22, "PAXG": 4321.17, "WLD": 0.526408, "MNT": 0.538353, "ONDO": 0.359973, "WLFI": 0.055112, "RLUSD": 0.999924, "ASTER": 0.621415, "DOT": 0.965738, "UNI": 2.51, "HTX": 1.72e-06, "OKB": 72.31, "USDF": 0.995082, "PI": 0.128821, "USDD": 0.999499, "BFUSD": 0.9989, "SKY": 0.056297, "ICP": 2.3, "BGB": 1.82, "BEAT": 4.27, "MORPHO": 1.87, "PEPE": 2.78e-06, "ETC": 7.02, "DEXE": 21.99, "USDTB": 0.999648, "U": 0.999801, "EUTBL": 1.22, "BCAP": 106.96, "QNT": 65.55, "USTB": 11.11, "AAVE": 62.02, "ATOM": 1.76, "SIREN": 1.21, "JTRSY": 1.11, "KAS": 0.0312785, "KCS": 6.38, "RENDER": 1.63, "ALGO": 0.091914, "POL": 0.0753, "ENA": 0.083139, "NEXO": 0.77496, "VVV": 15.87, "STABLE": 0.03084953, "JST": 0.083132, "\u5e01\u5b89\u4eba\u751f": 0.699671, "GT": 6.38, "JAAA": 1.037, "XDC": 0.03173065, "BDX": 0.079278, "FIL": 0.772118, "FLR": 0.00711935, "GHO": 0.999269, "INJ": 5.71, "USD0": 0.998791, "APT": 0.667778, "HASH": 0.00998279, "PUMP": 0.00154478, "YLDS": 0.999608, "NIGHT": 0.03139445}}