{"timestamp": 1779832187, "base": "USD", "data": {"BTC": 75900, "ETH": 2074.57, "USDT": 0.998618, "BNB": 656.09, "XRP": 1.33, "USDC": 0.999766, "SOL": 83.8, "TRX": 0.374629, "FIGR_HELOC": 1.026, "DOGE": 0.100979, "HYPE": 59.34, "USDS": 0.99964, "ZEC": 588.1, "LEO": 10.0, "ADA": 0.240206, "RAIN": 0.01160689, "XMR": 379.51, "BCH": 345.64, "LINK": 9.4, "WBT": 55.84, "CC": 0.156788, "TON": 1.95, "XLM": 0.147418, "USD1": 0.998469, "USDE": 0.998828, "DAI": 1.001, "SUI": 1.005, "LTC": 52.08, "AVAX": 9.17, "M": 2.93, "HBAR": 0.086797, "PYUSD": 1.0, "NEAR": 2.63, "SHIB": 5.52e-06, "CRO": 0.067614, "USYC": 1.12, "USDG": 0.9997, "TAO": 280.6, "XAUT": 4496.09, "BUIDL": 1.0, "USDY": 1.13, "PAXG": 4502.69, "DOT": 1.25, "MNT": 0.637099, "UNI": 3.25, "ONDO": 0.409276, "OKB": 91.04, "HTX": 2.02e-06, "WLFI": 0.056811, "RLUSD": 1.0, "ASTER": 0.681831, "USDF": 0.996042, "SKY": 0.069527, "USDD": 0.998921, "PI": 0.142798, "PEPE": 3.52e-06, "ICP": 2.65, "BGB": 2.03, "MORPHO": 2.24, "ETC": 8.67, "BFUSD": 0.9986, "AAVE": 86.44, "WLD": 0.378753, "RENDER": 2.32, "ATOM": 2.21, "QNT": 75.96, "USDTB": 0.999144, "KCS": 7.91, "EUTBL": 1.22, "U": 0.999963, "POL": 0.091965, "BCAP": 107.16, "ALGO": 0.109092, "JTRSY": 1.1, "KAS": 0.03256605, "ENA": 0.097601, "USTB": 11.09, "STABLE": 0.03694199, "NEXO": 0.835123, "VVV": 17.28, "JST": 0.093415, "APT": 0.973485, "FIL": 1.004, "DEXE": 16.28, "GT": 6.98, "FLR": 0.00816363, "ARB": 0.108995, "JUP": 0.199824, "PUMP": 0.00181805, "XDC": 0.03147737, "BDX": 0.078272, "GHO": 0.998842, "INJ": 5.71, "HASH": 0.01067855, "FET": 0.249976, "NIGHT": 0.03381501, "DASH": 43.82, "USD0": 0.998402, "OUSG": 115.33, "VET": 0.00632281}}