{"timestamp": 1777127399, "base": "USD", "data": {"BTC": 77728, "ETH": 2317.27, "USDT": 1.0, "XRP": 1.43, "BNB": 632.01, "USDC": 0.999817, "SOL": 86.6, "TRX": 0.323244, "FIGR_HELOC": 1.026, "DOGE": 0.098351, "WBT": 54.96, "USDS": 0.999818, "HYPE": 41.5, "LEO": 10.26, "ADA": 0.25147, "BCH": 453.84, "LINK": 9.4, "XMR": 369.97, "ZEC": 359.26, "CC": 0.151905, "XLM": 0.172098, "M": 4.33, "DAI": 0.999694, "USD1": 0.999825, "LTC": 56.42, "AVAX": 9.41, "HBAR": 0.09143, "USDE": 0.999376, "SUI": 0.94563, "SHIB": 6.19e-06, "RAIN": 0.00752176, "PYUSD": 0.999836, "TON": 1.34, "CRO": 0.070277, "USYC": 1.12, "XAUT": 4696.78, "TAO": 250.93, "USDG": 0.999831, "WLFI": 0.07544, "PAXG": 4700.6, "BUIDL": 1.0, "MNT": 0.662395, "DOT": 1.26, "UNI": 3.25, "SKY": 0.082581, "NEAR": 1.41, "USDF": 0.997156, "OKB": 84.39, "PI": 0.170156, "HTX": 1.81e-06, "ASTER": 0.663481, "PEPE": 3.85e-06, "RLUSD": 1.0, "AAVE": 95.67, "JTRSY": 1.1, "USDD": 1.001, "BGB": 1.96, "ICP": 2.45, "ETC": 8.5, "USDY": 1.13, "BFUSD": 0.999798, "ONDO": 0.261872, "KCS": 8.51, "GT": 7.33, "MORPHO": 1.85, "PUMP": 0.00176136, "ALGO": 0.116454, "EUTBL": 1.23, "QNT": 71.04, "ATOM": 2.04, "U": 1.0, "USTB": 11.06, "POL": 0.092913, "ENA": 0.108257, "RENDER": 1.8, "KAS": 0.03353424, "NEXO": 0.905561, "WLD": 0.25943, "ARB": 0.12978, "APT": 0.964762, "BCAP": 82.76, "FIL": 0.943138, "STABLE": 0.0327428, "FLR": 0.0078386, "JST": 0.078276, "DEXE": 13.66, "VET": 0.00736429, "BDX": 0.080099, "JUP": 0.173315, "NIGHT": 0.03618117, "OUSG": 115.03, "HASH": 0.01046384, "XDC": 0.03003264, "TRUMP": 2.53, "USDTB": 1.0, "GHO": 0.999114, "USD0": 0.998174, "BONK": 6.26e-06, "YLDS": 1.0, "PENGU": 0.00854876}}