{"timestamp": 1781902928, "base": "USD", "data": {"BTC": 63172, "ETH": 1707.15, "USDT": 0.999138, "BNB": 580.61, "USDC": 0.999775, "XRP": 1.13, "SOL": 69.17, "TRX": 0.322811, "FIGR_HELOC": 1.019, "HYPE": 70.25, "DOGE": 0.08312, "USDS": 0.999729, "RAIN": 0.01446006, "LEO": 9.56, "ZEC": 452.19, "XLM": 0.218197, "WBT": 52.11, "ADA": 0.161717, "CC": 0.154488, "LINK": 7.91, "XMR": 309.16, "USD1": 1.0, "USDE": 0.998978, "GRAM": 1.59, "DAI": 0.999764, "BCH": 197.73, "LAB": 12.72, "M": 2.88, "HBAR": 0.080419, "LTC": 44.02, "USYC": 1.13, "SUI": 0.712549, "USDG": 1.0, "SHIB": 4.75e-06, "NEAR": 2.14, "PYUSD": 0.999982, "CRO": 0.058569, "AVAX": 5.92, "XAUT": 4146.6, "BUIDL": 1.0, "USDY": 1.14, "TAO": 224.74, "WLD": 0.620746, "UNI": 3.04, "PAXG": 4154.8, "WLFI": 0.058536, "MNT": 0.527611, "ONDO": 0.351416, "ASTER": 0.626179, "RLUSD": 1.0, "DOT": 0.956865, "OKB": 76.16, "HTX": 1.72e-06, "USDF": 0.995553, "PI": 0.134537, "USDD": 0.999523, "SKY": 0.057759, "BFUSD": 0.9991, "MORPHO": 1.92, "BGB": 1.77, "ICP": 2.23, "ETC": 7.63, "PEPE": 2.82e-06, "AAVE": 72.61, "QNT": 71.22, "U": 1.0, "USTB": 11.12, "BCAP": 107.07, "KCS": 7.21, "EUTBL": 1.21, "ATOM": 1.8, "USDTB": 0.999913, "RENDER": 1.73, "JTRSY": 1.11, "ALGO": 0.094663, "POL": 0.079208, "KAS": 0.02988967, "ENA": 0.087895, "STABLE": 0.03349287, "NEXO": 0.787778, "DEXE": 16.7, "JAAA": 1.039, "\u5e01\u5b89\u4eba\u751f": 0.711415, "GT": 6.63, "JST": 0.080611, "VVV": 14.35, "FLR": 0.00733628, "BDX": 0.080728, "FIL": 0.790523, "JUP": 0.186271, "GHO": 0.998558, "XDC": 0.02955247, "YLDS": 0.999418, "EURSAFO": 1.16, "USD0": 0.999287, "HASH": 0.01008561, "ARB": 0.083596, "APT": 0.630894, "BEAT": 1.79, "INJ": 5.1}}