{"timestamp": 1779401598, "base": "USD", "data": {"BTC": 77620, "ETH": 2133.12, "USDT": 0.999001, "BNB": 657.16, "XRP": 1.37, "USDC": 0.999782, "SOL": 87.3, "TRX": 0.364128, "FIGR_HELOC": 1.025, "DOGE": 0.105326, "HYPE": 57.88, "WBT": 57.25, "ZEC": 670.73, "USDS": 0.99954, "ADA": 0.251459, "LEO": 9.86, "BCH": 380.04, "XMR": 398.02, "LINK": 9.77, "CC": 0.160395, "TON": 2.05, "XLM": 0.147202, "USD1": 0.999777, "SUI": 1.12, "USDE": 0.998993, "DAI": 0.999674, "LTC": 54.2, "AVAX": 9.46, "HBAR": 0.090045, "M": 2.82, "PYUSD": 0.999661, "RAIN": 0.00752572, "SHIB": 5.84e-06, "CRO": 0.069473, "USYC": 1.12, "TAO": 282.79, "XAUT": 4531.18, "USDG": 0.999717, "BUIDL": 1.0, "NEAR": 1.93, "UNI": 3.6, "MNT": 0.67737, "DOT": 1.3, "USDY": 1.13, "PAXG": 4533.15, "ONDO": 0.424626, "WLFI": 0.062488, "HTX": 2.03e-06, "USDF": 0.997949, "ASTER": 0.687446, "RLUSD": 1.0, "OKB": 80.7, "SKY": 0.071247, "PI": 0.153052, "PEPE": 3.81e-06, "USDD": 0.999055, "ICP": 2.59, "ETC": 8.99, "BGB": 2.0, "AAVE": 88.66, "BFUSD": 0.9988, "MORPHO": 1.99, "QNT": 74.03, "USDTB": 0.998859, "KCS": 7.99, "EUTBL": 1.22, "ATOM": 2.05, "U": 1.0, "ALGO": 0.114365, "RENDER": 1.94, "POL": 0.091456, "KAS": 0.0354186, "ENA": 0.106789, "JTRSY": 1.1, "BCAP": 105.74, "USTB": 11.09, "WLD": 0.268435, "NEXO": 0.870034, "VVV": 18.13, "APT": 0.975631, "FIL": 1.009, "STABLE": 0.03411494, "JST": 0.091131, "GT": 7.04, "FLR": 0.00842446, "ARB": 0.113704, "JUP": 0.213288, "XDC": 0.03468369, "DEXE": 14.11, "PUMP": 0.00181855, "DASH": 49.58, "HASH": 0.01153267, "BDX": 0.078775, "PENGU": 0.00951324, "GHO": 0.998899, "VET": 0.00670933, "OUSG": 115.32, "USD0": 0.998676, "BONK": 6.23e-06, "KITE": 0.233573}}