{"timestamp": 1782767882, "base": "USD", "data": {"BTC": 60291, "ETH": 1616.76, "USDT": 0.998501, "BNB": 559.54, "USDC": 0.999663, "XRP": 1.061, "SOL": 75.39, "TRX": 0.321117, "FIGR_HELOC": 1.032, "HYPE": 66.64, "DOGE": 0.073726, "RAIN": 0.01593896, "USDS": 0.999483, "LEO": 9.55, "ZEC": 406.05, "XLM": 0.175734, "XMR": 313.67, "WBT": 47.94, "CC": 0.145347, "LINK": 7.44, "ADA": 0.146874, "LAB": 15.32, "USD1": 0.998935, "DAI": 0.999693, "USDE": 0.998207, "GRAM": 1.61, "BCH": 202.09, "LTC": 43.21, "HBAR": 0.071682, "USYC": 1.13, "USDG": 0.999677, "AVAX": 6.67, "SUI": 0.703214, "PYUSD": 0.999807, "SHIB": 4.28e-06, "CRO": 0.054415, "XAUT": 4008.3, "NEAR": 1.87, "BUIDL": 1.0, "USDY": 1.14, "TAO": 207.79, "WLFI": 0.059023, "UNI": 2.93, "PAXG": 4010.84, "ASTER": 0.627574, "OKB": 79.59, "RLUSD": 0.999939, "ONDO": 0.317098, "HTX": 1.67e-06, "WLD": 0.423299, "USDF": 0.994821, "MNT": 0.428892, "AAVE": 92.09, "DOT": 0.824966, "USDD": 0.998602, "BFUSD": 0.998282, "PI": 0.117171, "SKY": 0.052818, "MORPHO": 1.89, "ICP": 2.19, "BGB": 1.62, "ETC": 7.14, "DEXE": 23.1, "U": 0.999504, "PEPE": 2.37e-06, "BCAP": 106.97, "QNT": 65.77, "EUTBL": 1.2, "KCS": 6.93, "STABLE": 0.03844295, "JTRSY": 1.11, "USTB": 11.13, "USDGO": 0.999758, "KAS": 0.02975547, "RENDER": 1.56, "M": 0.610805, "ATOM": 1.53, "BEAT": 2.74, "ALGO": 0.08606, "POL": 0.070988, "JST": 0.087419, "USDTB": 0.999645, "NEXO": 0.731286, "ENA": 0.078028, "JUP": 0.218111, "GT": 6.67, "\u5e01\u5b89\u4eba\u751f": 0.695598, "BDX": 0.089653, "ADI": 5.51, "VELVET": 1.63, "JAAA": 1.039, "VVV": 13.48, "EURSAFO": 1.15, "GHO": 0.997853, "PUMP": 0.00146442, "FIL": 0.731228, "FLR": 0.00657834, "YLDS": 0.999652, "XDC": 0.02810071, "USD0": 0.998602}}