{"timestamp": 1778427826, "base": "USD", "data": {"BTC": 81115, "ETH": 2341.0, "USDT": 0.99983, "XRP": 1.44, "BNB": 654.47, "USDC": 0.99991, "SOL": 94.55, "TRX": 0.350398, "FIGR_HELOC": 1.0, "DOGE": 0.108565, "WBT": 59.68, "USDS": 0.999754, "HYPE": 43.02, "ADA": 0.277002, "ZEC": 593.01, "LEO": 10.22, "BCH": 454.94, "LINK": 10.58, "XMR": 408.25, "TON": 2.41, "CC": 0.154938, "XLM": 0.165974, "SUI": 1.18, "LTC": 58.82, "M": 3.46, "DAI": 0.99962, "USD1": 0.999326, "AVAX": 10.11, "HBAR": 0.095647, "USDE": 0.999726, "SHIB": 6.57e-06, "RAIN": 0.007573, "PYUSD": 0.999915, "CRO": 0.07293, "TAO": 319.85, "USYC": 1.12, "XAUT": 4717.28, "USDG": 0.999904, "UNI": 4.04, "BUIDL": 1.0, "DOT": 1.37, "MNT": 0.689233, "PAXG": 4720.07, "WLFI": 0.067181, "NEAR": 1.58, "ONDO": 0.411814, "ICP": 3.38, "OKB": 88.43, "SKY": 0.079377, "ASTER": 0.714561, "PI": 0.174149, "PEPE": 4.29e-06, "USDF": 0.999262, "HTX": 1.96e-06, "RLUSD": 1.0, "ETC": 9.66, "BGB": 2.15, "AAVE": 99.02, "USDD": 1.001, "MORPHO": 2.15, "USDY": 1.13, "BFUSD": 0.999181, "JTRSY": 1.1, "ENA": 0.130741, "ALGO": 0.128625, "KCS": 8.51, "POL": 0.102944, "QNT": 73.62, "RENDER": 2.03, "KAS": 0.03798719, "U": 1.0, "ATOM": 1.99, "EUTBL": 1.24, "USTB": 11.08, "BCAP": 105.77, "NEXO": 0.92127, "FIL": 1.17, "WLD": 0.273722, "APT": 1.12, "ARB": 0.142674, "SIREN": 1.17, "GT": 7.45, "JUP": 0.247072, "PUMP": 0.0021916, "STABLE": 0.03399039, "FLR": 0.00846782, "JST": 0.084138, "VVV": 15.02, "VET": 0.00788452, "PENGU": 0.0106053, "BONK": 7.34e-06, "USDTB": 0.999145, "DASH": 49.02, "BDX": 0.079726, "OUSG": 115.18, "VIRTUAL": 0.919028, "XDC": 0.02998613, "GHO": 0.999707, "DEXE": 12.32, "TRUMP": 2.48}}