{"timestamp": 1776801256, "base": "USD", "data": {"BTC": 74963, "ETH": 2294.92, "USDT": 1.0, "XRP": 1.42, "BNB": 626.33, "USDC": 0.999757, "SOL": 84.53, "TRX": 0.332127, "FIGR_HELOC": 1.034, "DOGE": 0.093816, "WBT": 54.24, "USDS": 0.999716, "LEO": 10.35, "HYPE": 38.94, "ADA": 0.244731, "BCH": 441.15, "M": 4.28, "XMR": 376.85, "LINK": 9.27, "XLM": 0.176658, "CC": 0.151843, "ZEC": 308.07, "USDE": 0.999163, "DAI": 0.999707, "USD1": 0.999788, "LTC": 54.86, "AVAX": 9.2, "HBAR": 0.088991, "PYUSD": 0.999834, "SUI": 0.92942, "RAIN": 0.00767389, "SHIB": 5.99e-06, "TON": 1.35, "CRO": 0.069291, "USYC": 1.12, "XAUT": 4668.55, "BUIDL": 1.0, "WLFI": 0.07807, "USDG": 0.999738, "TAO": 241.08, "PAXG": 4672.75, "DOT": 1.26, "MNT": 0.624088, "UNI": 3.2, "SKY": 0.078965, "USDF": 0.997508, "NEAR": 1.35, "OKB": 83.14, "PI": 0.166789, "HTX": 1.82e-06, "ASTER": 0.671304, "PEPE": 3.71e-06, "JTRSY": 1.1, "RLUSD": 1.0, "AAVE": 90.25, "ICP": 2.42, "USDD": 1.0, "USDY": 1.12, "BFUSD": 1.0, "BGB": 1.88, "ETC": 8.3, "ONDO": 0.252908, "KCS": 8.44, "GT": 7.19, "MORPHO": 1.94, "PUMP": 0.00180108, "QNT": 72.95, "U": 0.999396, "EUTBL": 1.23, "POL": 0.092354, "ENA": 0.109683, "KAS": 0.03384749, "ATOM": 1.8, "RENDER": 1.75, "ALGO": 0.101697, "NEXO": 0.900483, "USTB": 11.06, "USDTB": 0.999136, "WLD": 0.258128, "BCAP": 82.76, "ARB": 0.123562, "APT": 0.919243, "FIL": 0.909523, "JST": 0.08113, "FLR": 0.00803694, "TRUMP": 2.81, "HASH": 0.01121266, "BDX": 0.079721, "VET": 0.00699739, "OUSG": 114.99, "NIGHT": 0.03610408, "XDC": 0.02987764, "JUP": 0.167441, "YLDS": 0.999835, "DEXE": 12.48, "GHO": 0.998946, "STABLE": 0.02635535, "USD0": 0.998064, "BONK": 6.04e-06, "CAKE": 1.52}}