{"timestamp": 1779138206, "base": "USD", "data": {"BTC": 76852, "ETH": 2116.57, "USDT": 0.999215, "BNB": 642.07, "XRP": 1.38, "USDC": 0.999724, "SOL": 84.87, "TRX": 0.355816, "FIGR_HELOC": 1.036, "DOGE": 0.104111, "WBT": 56.67, "USDS": 0.999592, "HYPE": 45.89, "LEO": 10.08, "ADA": 0.250012, "ZEC": 552.43, "BCH": 373.36, "XMR": 383.24, "LINK": 9.48, "CC": 0.150424, "TON": 1.95, "XLM": 0.146167, "USD1": 0.999727, "DAI": 0.999611, "USDE": 0.999713, "SUI": 1.049, "LTC": 54.13, "M": 3.2, "AVAX": 9.17, "HBAR": 0.089003, "RAIN": 0.00738357, "PYUSD": 0.999772, "SHIB": 5.72e-06, "CRO": 0.069365, "USYC": 1.12, "USDG": 0.999776, "XAUT": 4558.47, "BUIDL": 1.0, "TAO": 259.62, "UNI": 3.44, "PAXG": 4559.01, "USDY": 1.13, "DOT": 1.23, "MNT": 0.625058, "NEAR": 1.59, "WLFI": 0.061304, "HTX": 1.97e-06, "USDF": 0.99761, "OKB": 81.61, "ONDO": 0.350856, "ASTER": 0.651895, "SKY": 0.069053, "RLUSD": 1.0, "PI": 0.151515, "PEPE": 3.67e-06, "USDD": 0.998901, "ETC": 8.91, "ICP": 2.52, "BGB": 1.99, "AAVE": 88.86, "BFUSD": 0.998601, "QNT": 75.23, "KCS": 8.0, "USDTB": 0.999091, "MORPHO": 1.7, "JTRSY": 1.1, "ATOM": 2.03, "U": 0.999956, "EUTBL": 1.23, "USTB": 11.08, "BCAP": 105.74, "ALGO": 0.107549, "POL": 0.089461, "ENA": 0.104313, "KAS": 0.03419864, "RENDER": 1.78, "NEXO": 0.87303, "WLD": 0.23909, "STABLE": 0.03482334, "JST": 0.089595, "APT": 0.934115, "GT": 7.02, "FIL": 0.952399, "FLR": 0.00843456, "ARB": 0.116394, "VVV": 14.44, "JUP": 0.196971, "DEXE": 13.84, "XDC": 0.03070176, "BDX": 0.078827, "PUMP": 0.00169467, "GHO": 0.999112, "VET": 0.00671761, "USD0": 0.997992, "HASH": 0.01041187, "OUSG": 115.25, "KITE": 0.239429, "DASH": 41.94, "PENGU": 0.00843471, "YLDS": 0.999851}}