{"timestamp": 1777649700, "base": "USD", "data": {"BTC": 78536, "ETH": 2309.34, "USDT": 0.999761, "XRP": 1.4, "BNB": 621.31, "USDC": 0.999738, "SOL": 84.36, "TRX": 0.326306, "FIGR_HELOC": 1.035, "DOGE": 0.109514, "WBT": 58.65, "USDS": 0.999868, "HYPE": 41.14, "LEO": 10.32, "ADA": 0.250198, "BCH": 451.88, "XMR": 377.13, "LINK": 9.23, "ZEC": 354.49, "CC": 0.149478, "XLM": 0.161754, "USD1": 0.99991, "DAI": 0.999817, "LTC": 55.66, "AVAX": 9.2, "M": 3.06, "USDE": 0.999273, "HBAR": 0.088219, "RAIN": 0.00787873, "SHIB": 6.38e-06, "SUI": 0.923835, "PYUSD": 0.999891, "TON": 1.33, "CRO": 0.069025, "USYC": 1.12, "XAUT": 4625.12, "TAO": 266.66, "USDG": 0.99993, "BUIDL": 1.0, "PAXG": 4626.24, "MNT": 0.633123, "UNI": 3.25, "DOT": 1.22, "SKY": 0.081256, "PI": 0.180876, "USDF": 0.996537, "WLFI": 0.055651, "OKB": 83.09, "ASTER": 0.658436, "PEPE": 4e-06, "NEAR": 1.3, "HTX": 1.83e-06, "USDD": 0.999756, "RLUSD": 0.99989, "AAVE": 93.44, "BGB": 2.02, "ETC": 8.48, "JTRSY": 1.1, "BFUSD": 0.998801, "ICP": 2.39, "USDY": 1.12, "ONDO": 0.270237, "MORPHO": 1.98, "KCS": 8.38, "U": 1.0, "QNT": 69.31, "POL": 0.094728, "EUTBL": 1.24, "USTB": 11.07, "ATOM": 1.91, "ALGO": 0.108394, "BCAP": 105.75, "ENA": 0.104132, "NEXO": 0.904271, "KAS": 0.03286916, "RENDER": 1.72, "APT": 1.016, "GT": 7.25, "WLD": 0.238962, "ARB": 0.125553, "STABLE": 0.03269441, "FIL": 0.928592, "JST": 0.082631, "PUMP": 0.00184816, "FLR": 0.00753077, "PENGU": 0.01005427, "BDX": 0.07992, "VET": 0.00717712, "OUSG": 115.09, "JUP": 0.180695, "HASH": 0.01138713, "XDC": 0.02986373, "GHO": 0.999753, "USDTB": 0.999357, "USD0": 0.998978, "BONK": 6.34e-06, "SIREN": 0.74272, "TRUMP": 2.34, "NIGHT": 0.03210082, "YLDS": 0.99998}}