{"timestamp": 1782601098, "base": "USD", "data": {"BTC": 60115, "ETH": 1576.52, "USDT": 0.998518, "BNB": 557.92, "USDC": 0.999663, "XRP": 1.052, "SOL": 70.89, "TRX": 0.320535, "FIGR_HELOC": 1.037, "HYPE": 62.45, "DOGE": 0.074639, "USDS": 0.999364, "RAIN": 0.01560024, "LEO": 9.38, "ZEC": 397.37, "CC": 0.153164, "XLM": 0.174081, "XMR": 313.08, "WBT": 48.0, "LINK": 7.31, "ADA": 0.145129, "LAB": 16.43, "USD1": 0.999115, "DAI": 0.999706, "USDE": 0.998022, "GRAM": 1.57, "BCH": 196.36, "LTC": 42.21, "HBAR": 0.072011, "USYC": 1.13, "USDG": 0.999809, "AVAX": 6.42, "SUI": 0.686095, "PYUSD": 0.999572, "CRO": 0.054667, "SHIB": 4.23e-06, "XAUT": 4066.06, "NEAR": 1.86, "BUIDL": 1.0, "USDY": 1.14, "TAO": 209.43, "PAXG": 4070.26, "UNI": 2.93, "WLFI": 0.057384, "ASTER": 0.623064, "OKB": 78.34, "RLUSD": 1.0, "WLD": 0.45144, "ONDO": 0.311472, "HTX": 1.66e-06, "AAVE": 95.3, "MNT": 0.438028, "USDF": 0.994729, "PI": 0.129405, "USDD": 0.99847, "DOT": 0.813721, "BFUSD": 0.998372, "ICP": 2.15, "SKY": 0.04960822, "BGB": 1.64, "MORPHO": 1.75, "ETC": 7.16, "DEXE": 21.88, "U": 0.9996, "M": 0.768341, "PEPE": 2.38e-06, "BCAP": 107.03, "QNT": 65.77, "EUTBL": 1.2, "KCS": 6.79, "STABLE": 0.03771378, "JTRSY": 1.11, "USDGO": 0.999829, "RENDER": 1.57, "ATOM": 1.57, "USTB": 11.13, "ALGO": 0.085522, "KAS": 0.02777061, "POL": 0.070552, "USDTB": 0.999502, "JUP": 0.220929, "BEAT": 2.54, "JST": 0.085676, "NEXO": 0.723473, "ENA": 0.076963, "\u5e01\u5b89\u4eba\u751f": 0.707086, "GT": 6.55, "JAAA": 1.039, "BDX": 0.08376, "VVV": 13.56, "ADI": 4.92, "EURSAFO": 1.15, "VELVET": 1.43, "GHO": 0.997632, "FIL": 0.72988, "FLR": 0.00667198, "YLDS": 0.999984, "PUMP": 0.00138106, "XDC": 0.02792638, "USD0": 0.998681}}