{"timestamp": 1783004832, "base": "USD", "data": {"BTC": 61563, "ETH": 1696.07, "USDT": 0.998875, "BNB": 561.1, "USDC": 0.999777, "XRP": 1.09, "SOL": 80.41, "TRX": 0.318174, "FIGR_HELOC": 1.036, "HYPE": 65.42, "DOGE": 0.074386, "RAIN": 0.01551542, "USDS": 0.999719, "LEO": 9.08, "ZEC": 437.84, "XLM": 0.199447, "WBT": 55.79, "ADA": 0.159562, "XMR": 311.87, "LINK": 7.78, "CC": 0.139708, "DAI": 0.999841, "USD1": 0.998656, "GRAM": 1.66, "USDE": 0.998415, "BCH": 218.1, "LTC": 43.51, "HBAR": 0.074162, "USYC": 1.13, "USDG": 1.0, "SUI": 0.73966, "AVAX": 6.76, "LAB": 9.25, "PYUSD": 0.999864, "CRO": 0.056353, "SHIB": 4.31e-06, "XAUT": 4116.24, "NEAR": 1.9, "M": 1.75, "BUIDL": 1.0, "USDY": 1.14, "TAO": 213.24, "UNI": 3.17, "PAXG": 4119.44, "WLFI": 0.05835, "ASTER": 0.633249, "OKB": 80.11, "ONDO": 0.33214, "RLUSD": 1.001, "HTX": 1.67e-06, "MNT": 0.438975, "DOT": 0.856206, "USDF": 0.995124, "MORPHO": 2.14, "USDD": 0.998786, "WLD": 0.388782, "BFUSD": 0.99865, "AAVE": 86.4, "SKY": 0.056025, "PI": 0.116032, "ICP": 2.19, "BGB": 1.7, "ETC": 7.12, "DEXE": 22.02, "PEPE": 2.44e-06, "U": 0.999701, "KCS": 7.17, "QNT": 67.28, "EUTBL": 1.21, "BCAP": 106.97, "BEAT": 2.9, "USDGO": 1.0, "JTRSY": 1.11, "USTB": 11.13, "KAS": 0.03103774, "STABLE": 0.03421286, "RENDER": 1.58, "JUP": 0.242717, "ATOM": 1.55, "POL": 0.073062, "ALGO": 0.086304, "NEXO": 0.772284, "JST": 0.08746, "USDTB": 1.0, "ENA": 0.076916, "GT": 6.61, "ADI": 5.59, "BDX": 0.088817, "\u5e01\u5b89\u4eba\u751f": 0.697993, "JAAA": 1.04, "EURSAFO": 1.15, "VVV": 13.57, "FIL": 0.778099, "PUMP": 0.00150503, "GHO": 0.998016, "FLR": 0.00667559, "XDC": 0.02855998, "YLDS": 0.999768, "USD0": 0.99855, "LIT": 2.08}}