{"timestamp": 1777838702, "base": "USD", "data": {"BTC": 78766, "ETH": 2335.78, "USDT": 0.999778, "XRP": 1.4, "BNB": 619.28, "USDC": 0.999939, "SOL": 84.4, "TRX": 0.338821, "FIGR_HELOC": 1.04, "DOGE": 0.108631, "WBT": 58.84, "USDS": 0.99987, "HYPE": 41.22, "LEO": 10.32, "ADA": 0.250922, "BCH": 444.41, "XMR": 392.21, "ZEC": 405.92, "LINK": 9.16, "CC": 0.14809, "XLM": 0.158829, "USD1": 0.999968, "DAI": 0.999812, "LTC": 55.45, "AVAX": 9.13, "M": 3.01, "USDE": 0.99913, "HBAR": 0.088151, "SUI": 0.925547, "SHIB": 6.19e-06, "RAIN": 0.00750599, "TON": 1.35, "PYUSD": 0.9999, "CRO": 0.068175, "USYC": 1.12, "TAO": 292.24, "XAUT": 4615.1, "USDG": 0.999832, "BUIDL": 1.0, "PAXG": 4619.13, "MNT": 0.634187, "UNI": 3.25, "DOT": 1.22, "WLFI": 0.058744, "SKY": 0.079902, "PI": 0.174393, "OKB": 85.5, "USDF": 0.997049, "ASTER": 0.6673, "HTX": 1.9e-06, "PEPE": 3.96e-06, "NEAR": 1.28, "RLUSD": 0.999796, "USDD": 1.0, "ONDO": 0.292921, "AAVE": 93.02, "BGB": 2.01, "USDY": 1.13, "ETC": 8.51, "BFUSD": 0.999198, "JTRSY": 1.1, "ICP": 2.35, "MORPHO": 1.93, "KCS": 8.47, "U": 0.999824, "POL": 0.09631, "ALGO": 0.113846, "USTB": 11.07, "QNT": 68.42, "EUTBL": 1.23, "BCAP": 105.75, "ATOM": 1.89, "RENDER": 1.82, "KAS": 0.03387129, "NEXO": 0.902171, "ENA": 0.101033, "GT": 7.35, "APT": 0.995091, "WLD": 0.240885, "STABLE": 0.0328661, "JST": 0.085018, "ARB": 0.118033, "FIL": 0.928458, "PUMP": 0.00181381, "FLR": 0.00753686, "VET": 0.00722917, "BDX": 0.080131, "PENGU": 0.00981015, "OUSG": 115.1, "JUP": 0.178349, "GHO": 0.999676, "XDC": 0.02921017, "USDTB": 0.999312, "HASH": 0.01102313, "USD0": 0.998927, "BONK": 6.27e-06, "SIREN": 0.751098, "TRUMP": 2.33, "NIGHT": 0.0321037, "YLDS": 0.999975}}