{"timestamp": 1783688685, "base": "USD", "data": {"BTC": 64275, "ETH": 1793.72, "USDT": 0.999238, "BNB": 573.48, "USDC": 0.999748, "XRP": 1.11, "SOL": 78.9, "TRX": 0.330145, "FIGR_HELOC": 1.002, "HYPE": 68.39, "DOGE": 0.073961, "USDS": 0.999707, "RAIN": 0.014341, "LEO": 9.36, "ZEC": 501.55, "WBT": 56.11, "XLM": 0.190683, "ADA": 0.16757, "XMR": 318.93, "LINK": 7.95, "CC": 0.131343, "BCH": 249.15, "DAI": 0.999571, "GRAM": 1.65, "USD1": 0.998967, "USDE": 0.999607, "LTC": 44.51, "USDG": 0.999337, "USYC": 1.13, "HBAR": 0.070717, "SUI": 0.737245, "AVAX": 6.73, "PYUSD": 0.999695, "CRO": 0.056467, "SHIB": 4.38e-06, "XAUT": 4089.88, "NEAR": 1.92, "BUIDL": 1.0, "UNI": 3.67, "USDY": 1.14, "TAO": 212.9, "WLFI": 0.058996, "PAXG": 4093.0, "M": 1.37, "OKB": 80.62, "ASTER": 0.629495, "HTX": 1.83e-06, "DEXE": 34.28, "ONDO": 0.328152, "RLUSD": 0.999815, "DOT": 0.876999, "USDD": 0.999214, "MORPHO": 2.25, "AAVE": 95.9, "MNT": 0.43063, "USDF": 0.996247, "WLD": 0.389473, "SKY": 0.058053, "BFUSD": 0.998304, "ICP": 2.3, "BGB": 1.66, "PEPE": 2.7e-06, "ETC": 7.08, "PI": 0.099363, "U": 0.999733, "EUTBL": 1.21, "QNT": 68.23, "BCAP": 106.63, "KCS": 6.99, "USDGO": 0.999916, "JST": 0.103637, "JTRSY": 1.11, "STABLE": 0.03542996, "USTB": 11.14, "KAS": 0.02981096, "POL": 0.076729, "ATOM": 1.58, "RENDER": 1.56, "ADI": 6.25, "ALGO": 0.086268, "NEXO": 0.770244, "EURSAFO": 1.15, "ENA": 0.079089, "BEAT": 2.37, "USDTB": 1.0, "GT": 6.77, "BDX": 0.090384, "JUP": 0.207465, "\u5e01\u5b89\u4eba\u751f": 0.685359, "JAAA": 1.041, "FIL": 0.79966, "LIT": 2.48, "PUMP": 0.00149225, "GHO": 0.998365, "ARB": 0.092406, "FLR": 0.00666766, "USD0": 0.998166, "XDC": 0.02740715, "YLDS": 0.999704, "VVV": 11.36}}