{"timestamp": 1778292385, "base": "USD", "data": {"BTC": 80400, "ETH": 2315.9, "USDT": 0.999907, "XRP": 1.43, "BNB": 654.78, "USDC": 0.999802, "SOL": 93.5, "TRX": 0.350512, "FIGR_HELOC": 1.028, "DOGE": 0.110699, "WBT": 59.3, "HYPE": 43.87, "ADA": 0.277655, "USDS": 0.999777, "ZEC": 608.85, "LEO": 10.31, "BCH": 453.28, "LINK": 10.56, "XMR": 404.93, "TON": 2.54, "CC": 0.15007, "XLM": 0.167415, "M": 3.54, "LTC": 58.95, "DAI": 0.999533, "USD1": 0.999535, "SUI": 1.092, "AVAX": 10.08, "HBAR": 0.094685, "USDE": 0.999441, "SHIB": 6.49e-06, "RAIN": 0.00753803, "PYUSD": 0.99982, "CRO": 0.072458, "TAO": 313.46, "USYC": 1.12, "XAUT": 4703.29, "USDG": 0.999928, "BUIDL": 1.0, "WLFI": 0.075263, "UNI": 3.77, "DOT": 1.38, "MNT": 0.693412, "ONDO": 0.463656, "ICP": 4.02, "PAXG": 4709.24, "NEAR": 1.61, "SKY": 0.084309, "OKB": 88.54, "PEPE": 4.35e-06, "PI": 0.174769, "ASTER": 0.702633, "USDF": 0.998886, "HTX": 1.96e-06, "RLUSD": 1.0, "ETC": 9.79, "BGB": 2.15, "AAVE": 99.07, "USDD": 0.999865, "MORPHO": 2.15, "USDY": 1.13, "BFUSD": 0.999399, "JTRSY": 1.1, "ENA": 0.132299, "ALGO": 0.132605, "KCS": 8.41, "POL": 0.103539, "QNT": 74.44, "RENDER": 2.07, "U": 0.999861, "KAS": 0.03676548, "ATOM": 1.98, "FIL": 1.28, "EUTBL": 1.24, "USTB": 11.08, "BCAP": 105.77, "SIREN": 1.29, "WLD": 0.275659, "APT": 1.13, "NEXO": 0.90828, "ARB": 0.143504, "GT": 7.4, "JUP": 0.246357, "PUMP": 0.00216649, "STABLE": 0.03317805, "JST": 0.082499, "VET": 0.00807997, "FLR": 0.00804372, "PENGU": 0.01071149, "VVV": 14.33, "BONK": 7.32e-06, "DASH": 49.94, "VIRTUAL": 0.954928, "USDTB": 0.9995, "SKYAI": 0.625484, "BDX": 0.079881, "XDC": 0.03094304, "OUSG": 115.18, "GHO": 0.999826, "TRUMP": 2.5}}