{"timestamp": 1779381452, "base": "USD", "data": {"BTC": 77118, "ETH": 2127.69, "USDT": 0.998921, "BNB": 650.93, "XRP": 1.36, "USDC": 0.999856, "SOL": 86.25, "TRX": 0.363655, "FIGR_HELOC": 1.027, "DOGE": 0.104503, "HYPE": 59.5, "WBT": 56.94, "ZEC": 660.29, "USDS": 0.999564, "LEO": 10.05, "ADA": 0.248541, "BCH": 380.15, "XMR": 401.19, "LINK": 9.64, "CC": 0.159412, "TON": 2.02, "XLM": 0.145296, "USD1": 1.0, "SUI": 1.11, "USDE": 0.998851, "DAI": 0.999612, "LTC": 53.72, "AVAX": 9.36, "HBAR": 0.088651, "PYUSD": 0.999289, "RAIN": 0.00753799, "M": 2.63, "SHIB": 5.77e-06, "CRO": 0.068971, "USYC": 1.12, "USDG": 0.999739, "XAUT": 4509.81, "TAO": 278.37, "BUIDL": 1.0, "NEAR": 1.79, "UNI": 3.55, "MNT": 0.67926, "USDY": 1.13, "PAXG": 4511.6, "DOT": 1.26, "WLFI": 0.063337, "ONDO": 0.4083, "ASTER": 0.708431, "HTX": 2.01e-06, "USDF": 0.997399, "RLUSD": 1.0, "OKB": 80.52, "SKY": 0.07151, "PI": 0.151414, "PEPE": 3.75e-06, "USDD": 0.999529, "ETC": 8.91, "ICP": 2.51, "BGB": 1.98, "AAVE": 88.34, "BFUSD": 0.998601, "MORPHO": 1.97, "USDTB": 0.99905, "KCS": 7.92, "QNT": 72.49, "EUTBL": 1.22, "U": 0.999872, "ALGO": 0.115168, "ATOM": 2.0, "USTB": 11.09, "RENDER": 1.9, "JTRSY": 1.1, "BCAP": 105.74, "POL": 0.090159, "ENA": 0.104566, "KAS": 0.03390895, "WLD": 0.2592, "NEXO": 0.876339, "VVV": 17.88, "STABLE": 0.03440911, "JST": 0.091843, "APT": 0.95868, "FIL": 0.985816, "GT": 6.98, "FLR": 0.00838043, "XDC": 0.03516978, "ARB": 0.111533, "JUP": 0.209358, "DEXE": 14.37, "PUMP": 0.0017875, "BDX": 0.078869, "DASH": 48.08, "PENGU": 0.00931144, "GHO": 0.998901, "HASH": 0.01081146, "VET": 0.00659614, "OUSG": 115.31, "USD0": 0.998294, "BONK": 6.11e-06, "KITE": 0.231798}}