{"timestamp": 1782687391, "base": "USD", "data": {"BTC": 58948, "ETH": 1552.0, "USDT": 0.998573, "USDC": 0.999533, "BNB": 545.8, "XRP": 1.036, "SOL": 70.13, "TRX": 0.321743, "FIGR_HELOC": 1.044, "HYPE": 60.72, "DOGE": 0.072362, "USDS": 0.999506, "RAIN": 0.01550494, "LEO": 9.42, "ZEC": 368.77, "XMR": 311.35, "CC": 0.148887, "XLM": 0.169991, "WBT": 47.25, "LINK": 7.18, "ADA": 0.141774, "LAB": 16.24, "USD1": 0.999613, "DAI": 0.999706, "USDE": 0.998271, "GRAM": 1.59, "BCH": 188.93, "LTC": 42.09, "USYC": 1.13, "HBAR": 0.070353, "USDG": 0.999865, "PYUSD": 0.99979, "AVAX": 6.33, "SUI": 0.672967, "XAUT": 4050.43, "CRO": 0.053777, "SHIB": 4.1e-06, "NEAR": 1.81, "BUIDL": 1.0, "USDY": 1.14, "TAO": 202.83, "WLFI": 0.057729, "PAXG": 4053.71, "UNI": 2.88, "ASTER": 0.619663, "OKB": 77.53, "RLUSD": 0.999665, "WLD": 0.436409, "HTX": 1.67e-06, "ONDO": 0.3051, "USDF": 0.995922, "MNT": 0.424228, "USDD": 0.998587, "AAVE": 90.57, "DOT": 0.799627, "PI": 0.123043, "BFUSD": 0.998171, "ICP": 2.12, "SKY": 0.04934348, "BGB": 1.62, "MORPHO": 1.74, "ETC": 7.0, "DEXE": 22.22, "U": 0.99961, "PEPE": 2.33e-06, "BCAP": 107.03, "EUTBL": 1.2, "M": 0.708528, "QNT": 63.89, "KCS": 6.67, "JTRSY": 1.11, "USDGO": 0.999985, "STABLE": 0.03527797, "ATOM": 1.56, "RENDER": 1.52, "VELVET": 1.85, "ALGO": 0.086429, "USTB": 11.13, "BEAT": 2.64, "KAS": 0.02747742, "JST": 0.088242, "POL": 0.070161, "USDTB": 0.999754, "NEXO": 0.715902, "\u5e01\u5b89\u4eba\u751f": 0.702413, "ENA": 0.075406, "GT": 6.52, "JUP": 0.206857, "JAAA": 1.039, "BDX": 0.085359, "ADI": 5.03, "VVV": 13.14, "EURSAFO": 1.15, "GHO": 0.9977, "PUMP": 0.00140846, "FLR": 0.00656147, "YLDS": 0.999698, "FIL": 0.706901, "XDC": 0.02776778, "USD0": 0.998486}}