{"timestamp": 1779259311, "base": "USD", "data": {"BTC": 77217, "ETH": 2128.17, "USDT": 0.998931, "BNB": 641.65, "XRP": 1.37, "USDC": 0.999345, "SOL": 84.75, "TRX": 0.355595, "FIGR_HELOC": 1.032, "DOGE": 0.10361, "WBT": 56.97, "HYPE": 48.51, "USDS": 0.999597, "ZEC": 585.2, "LEO": 10.05, "ADA": 0.249635, "BCH": 369.46, "XMR": 394.01, "LINK": 9.58, "CC": 0.150072, "TON": 1.97, "XLM": 0.143387, "USD1": 0.999466, "M": 3.43, "USDE": 0.999506, "DAI": 0.999712, "SUI": 1.049, "LTC": 54.09, "AVAX": 9.19, "HBAR": 0.089009, "RAIN": 0.00749352, "PYUSD": 0.999815, "SHIB": 5.73e-06, "CRO": 0.068923, "USYC": 1.12, "USDG": 0.999753, "XAUT": 4466.27, "BUIDL": 1.0, "TAO": 259.01, "UNI": 3.51, "NEAR": 1.65, "USDY": 1.13, "PAXG": 4466.97, "DOT": 1.24, "MNT": 0.623134, "WLFI": 0.061438, "ONDO": 0.379029, "HTX": 1.98e-06, "USDF": 0.997661, "ASTER": 0.658905, "OKB": 80.12, "RLUSD": 0.999862, "SKY": 0.068938, "PI": 0.149054, "PEPE": 3.68e-06, "USDD": 0.999583, "ETC": 9.0, "BGB": 2.0, "ICP": 2.52, "AAVE": 87.82, "BFUSD": 0.998501, "MORPHO": 1.78, "USDTB": 0.999011, "KCS": 7.94, "QNT": 73.03, "USTB": 11.09, "EUTBL": 1.22, "U": 0.999692, "ATOM": 2.01, "ALGO": 0.113747, "JTRSY": 1.1, "BCAP": 105.74, "RENDER": 1.85, "POL": 0.090026, "ENA": 0.105533, "KAS": 0.03408431, "NEXO": 0.883158, "WLD": 0.239435, "STABLE": 0.03526042, "VVV": 17.02, "JST": 0.091656, "APT": 0.941321, "FIL": 0.95387, "GT": 7.0, "FLR": 0.00831543, "XDC": 0.03590367, "ARB": 0.113701, "JUP": 0.199183, "DEXE": 14.03, "BDX": 0.078822, "PUMP": 0.00169916, "GHO": 0.998925, "VET": 0.00658746, "HASH": 0.01048922, "USD0": 0.998177, "PENGU": 0.00881647, "OUSG": 115.29, "DASH": 42.87, "KITE": 0.238043, "BONK": 5.97e-06}}