{"timestamp": 1783544271, "base": "USD", "data": {"BTC": 62051, "ETH": 1734.84, "USDT": 0.999208, "BNB": 565.8, "USDC": 0.999844, "XRP": 1.088, "SOL": 77.06, "TRX": 0.329466, "FIGR_HELOC": 1.034, "HYPE": 66.91, "DOGE": 0.072385, "USDS": 0.99987, "RAIN": 0.01456405, "LEO": 9.46, "ZEC": 463.53, "WBT": 55.09, "ADA": 0.166028, "XLM": 0.180519, "XMR": 318.73, "LINK": 7.61, "CC": 0.125933, "BCH": 232.95, "DAI": 0.999583, "USD1": 0.998958, "USDE": 0.998566, "GRAM": 1.58, "LTC": 43.37, "USDG": 0.999224, "USYC": 1.13, "HBAR": 0.069162, "SUI": 0.708911, "PYUSD": 0.999666, "AVAX": 6.43, "CRO": 0.056393, "SHIB": 4.25e-06, "XAUT": 4066.75, "NEAR": 1.87, "BUIDL": 1.0, "USDY": 1.13, "UNI": 3.29, "TAO": 203.12, "WLFI": 0.05909, "PAXG": 4070.23, "M": 1.29, "HTX": 1.86e-06, "ASTER": 0.62054, "OKB": 78.6, "RLUSD": 1.0, "ONDO": 0.313932, "USDD": 0.998078, "USDF": 0.996214, "DOT": 0.821686, "MNT": 0.416832, "WLD": 0.387615, "DEXE": 28.77, "MORPHO": 2.04, "AAVE": 87.74, "BFUSD": 0.998281, "SKY": 0.056167, "ICP": 2.2, "BGB": 1.64, "PI": 0.10167, "PEPE": 2.59e-06, "ETC": 6.88, "U": 0.999899, "EUTBL": 1.2, "BCAP": 106.63, "QNT": 64.99, "KCS": 6.84, "JTRSY": 1.11, "USDGO": 1.0, "STABLE": 0.03515852, "USTB": 11.14, "JST": 0.096249, "POL": 0.075962, "ATOM": 1.56, "KAS": 0.02927213, "RENDER": 1.53, "ALGO": 0.084551, "ADI": 5.97, "BEAT": 2.39, "EURSAFO": 1.15, "NEXO": 0.73455, "USDTB": 1.0, "BDX": 0.090295, "\u5e01\u5b89\u4eba\u751f": 0.710324, "JUP": 0.213194, "ENA": 0.073666, "GT": 6.59, "JAAA": 1.04, "FIL": 0.757449, "PUMP": 0.00149036, "GHO": 0.998258, "LIT": 2.33, "FLR": 0.00655095, "USD0": 0.998588, "VVV": 11.68, "XDC": 0.02715591, "YLDS": 0.999711, "NIGHT": 0.0313992}}