{"timestamp": 1781219733, "base": "USD", "data": {"BTC": 63332, "ETH": 1671.4, "USDT": 0.99899, "BNB": 602.74, "USDC": 0.999752, "XRP": 1.14, "SOL": 66.69, "TRX": 0.315186, "FIGR_HELOC": 1.03, "DOGE": 0.08622, "HYPE": 58.62, "USDS": 0.999642, "LEO": 9.55, "RAIN": 0.0132822, "ZEC": 432.93, "XMR": 382.72, "XLM": 0.190766, "ADA": 0.170321, "CC": 0.161604, "WBT": 51.86, "LINK": 7.89, "TON": 1.71, "USDE": 0.99915, "USD1": 0.998785, "DAI": 0.999799, "BCH": 205.81, "M": 2.89, "HBAR": 0.079554, "LTC": 42.57, "SUI": 0.756318, "USYC": 1.13, "AVAX": 6.63, "BEAT": 9.82, "SHIB": 4.81e-06, "PYUSD": 0.999883, "CRO": 0.060608, "LAB": 8.65, "NEAR": 2.05, "USDG": 0.999877, "XAUT": 4204.42, "BUIDL": 1.0, "USDY": 1.13, "TAO": 214.34, "PAXG": 4217.01, "WLFI": 0.058708, "MNT": 0.539957, "ONDO": 0.364157, "ASTER": 0.633814, "WLD": 0.493287, "RLUSD": 0.999757, "DOT": 0.952113, "UNI": 2.51, "OKB": 72.07, "HTX": 1.66e-06, "USDF": 0.994664, "PI": 0.12687, "USDD": 0.999612, "SKY": 0.057283, "BFUSD": 0.998633, "ICP": 2.27, "MORPHO": 1.93, "BGB": 1.77, "PEPE": 2.78e-06, "ETC": 7.26, "ATOM": 2.0, "USDTB": 0.999529, "DEXE": 21.35, "U": 0.999503, "QNT": 67.68, "EUTBL": 1.22, "BCAP": 106.96, "AAVE": 64.11, "USTB": 11.11, "KCS": 6.74, "JTRSY": 1.11, "KAS": 0.03102445, "RENDER": 1.63, "NEXO": 0.805658, "ALGO": 0.088483, "STABLE": 0.03361829, "POL": 0.074089, "ENA": 0.078722, "GT": 6.46, "VVV": 14.61, "JAAA": 1.038, "\u5e01\u5b89\u4eba\u751f": 0.673345, "VELVET": 1.56, "FLR": 0.00745497, "JST": 0.073433, "XDC": 0.03071538, "GHO": 0.998922, "FIL": 0.757718, "USD0": 0.998558, "YLDS": 0.999654, "NIGHT": 0.03292034, "INJ": 5.38, "JUP": 0.161026, "APT": 0.646098, "HASH": 0.00971489, "A7A5": 0.01339152}}