{"timestamp": 1782636082, "base": "USD", "data": {"BTC": 60372, "ETH": 1580.71, "USDT": 0.998603, "BNB": 557.42, "USDC": 0.999723, "XRP": 1.054, "SOL": 71.53, "TRX": 0.321141, "FIGR_HELOC": 1.044, "HYPE": 62.88, "DOGE": 0.073964, "USDS": 0.999628, "RAIN": 0.01556367, "LEO": 9.41, "ZEC": 387.46, "CC": 0.153043, "XLM": 0.172306, "XMR": 310.04, "WBT": 48.04, "LAB": 17.73, "LINK": 7.31, "ADA": 0.145652, "USD1": 0.999294, "DAI": 0.999657, "USDE": 0.99816, "GRAM": 1.55, "BCH": 193.52, "LTC": 42.76, "USYC": 1.13, "HBAR": 0.071385, "USDG": 0.999815, "SUI": 0.68646, "PYUSD": 0.999779, "AVAX": 6.33, "CRO": 0.054418, "XAUT": 4066.12, "SHIB": 4.2e-06, "NEAR": 1.88, "BUIDL": 1.0, "USDY": 1.15, "TAO": 209.4, "WLFI": 0.058373, "PAXG": 4070.65, "UNI": 2.93, "ASTER": 0.622672, "OKB": 77.79, "WLD": 0.45453, "RLUSD": 0.99986, "HTX": 1.67e-06, "ONDO": 0.311052, "MNT": 0.43274, "USDF": 0.994549, "AAVE": 91.35, "DOT": 0.816534, "PI": 0.127179, "USDD": 0.998809, "BFUSD": 0.998301, "ICP": 2.17, "SKY": 0.050158, "BGB": 1.64, "MORPHO": 1.77, "ETC": 7.12, "DEXE": 22.37, "U": 0.999703, "PEPE": 2.39e-06, "BCAP": 107.03, "QNT": 65.32, "EUTBL": 1.2, "KCS": 6.77, "M": 0.690931, "STABLE": 0.03745059, "JTRSY": 1.11, "USDGO": 1.0, "BEAT": 2.81, "ATOM": 1.57, "RENDER": 1.57, "ALGO": 0.088169, "USTB": 11.13, "KAS": 0.0279414, "POL": 0.071312, "JST": 0.086342, "USDTB": 0.999735, "NEXO": 0.722003, "ENA": 0.07689, "JUP": 0.214756, "GT": 6.58, "JAAA": 1.039, "VELVET": 1.59, "BDX": 0.084015, "VVV": 13.39, "ADI": 4.93, "EURSAFO": 1.15, "PUMP": 0.00149483, "GHO": 0.997931, "FIL": 0.734558, "FLR": 0.00669254, "YLDS": 1.0, "XDC": 0.02783674, "USD0": 0.998599, "\u5e01\u5b89\u4eba\u751f": 0.515489}}