{"timestamp": 1779417358, "base": "USD", "data": {"BTC": 77597, "ETH": 2134.61, "USDT": 0.998949, "BNB": 658.77, "XRP": 1.37, "USDC": 0.999794, "SOL": 86.98, "TRX": 0.364972, "FIGR_HELOC": 1.022, "DOGE": 0.105815, "HYPE": 57.91, "WBT": 57.24, "ZEC": 661.11, "USDS": 0.999676, "ADA": 0.250342, "LEO": 10.0, "BCH": 378.29, "LINK": 9.78, "XMR": 381.22, "CC": 0.1561, "TON": 2.05, "XLM": 0.146982, "USD1": 0.999878, "USDE": 0.998994, "SUI": 1.1, "DAI": 0.999744, "LTC": 54.26, "AVAX": 9.45, "HBAR": 0.089513, "M": 2.88, "PYUSD": 0.999772, "RAIN": 0.00751839, "SHIB": 5.84e-06, "CRO": 0.069683, "USYC": 1.12, "NEAR": 2.08, "USDG": 0.999913, "TAO": 279.79, "XAUT": 4512.29, "BUIDL": 1.0, "UNI": 3.63, "MNT": 0.681094, "DOT": 1.3, "USDY": 1.13, "PAXG": 4514.59, "ONDO": 0.414728, "WLFI": 0.062077, "HTX": 2.01e-06, "USDF": 0.997862, "ASTER": 0.688903, "RLUSD": 1.0, "OKB": 81.19, "SKY": 0.071065, "PI": 0.152877, "PEPE": 3.8e-06, "USDD": 0.999449, "ICP": 2.64, "ETC": 9.07, "BGB": 2.0, "AAVE": 87.8, "BFUSD": 0.9987, "MORPHO": 2.0, "KCS": 8.03, "USDTB": 0.998804, "QNT": 73.29, "EUTBL": 1.22, "ATOM": 2.06, "U": 0.99987, "ALGO": 0.113482, "RENDER": 1.94, "POL": 0.092079, "USTB": 11.09, "JTRSY": 1.1, "BCAP": 105.74, "ENA": 0.106636, "KAS": 0.03509278, "WLD": 0.272516, "VVV": 18.98, "NEXO": 0.878836, "APT": 0.971473, "JST": 0.092204, "FIL": 1.004, "STABLE": 0.03366965, "GT": 7.03, "FLR": 0.00839706, "JUP": 0.212261, "ARB": 0.112489, "XDC": 0.03387451, "DEXE": 13.94, "PUMP": 0.00181937, "DASH": 49.4, "BDX": 0.078946, "PENGU": 0.00947638, "HASH": 0.01116183, "GHO": 0.998854, "VET": 0.00671106, "OUSG": 115.32, "USD0": 0.998478, "BONK": 6.23e-06, "KITE": 0.232724}}