{"timestamp": 1783468217, "base": "USD", "data": {"BTC": 63380, "ETH": 1770.83, "USDT": 0.999278, "BNB": 577.43, "USDC": 0.999881, "XRP": 1.11, "SOL": 80.71, "TRX": 0.331484, "FIGR_HELOC": 1.025, "HYPE": 69.27, "DOGE": 0.0742, "USDS": 0.999785, "RAIN": 0.01485525, "LEO": 9.36, "ZEC": 484.58, "WBT": 56.33, "ADA": 0.174453, "XLM": 0.188653, "XMR": 334.73, "LINK": 7.86, "CC": 0.131163, "BCH": 239.44, "DAI": 0.999884, "USD1": 0.998808, "GRAM": 1.62, "USDE": 0.998799, "LTC": 43.93, "USDG": 0.999648, "USYC": 1.13, "HBAR": 0.070883, "SUI": 0.729025, "AVAX": 6.7, "PYUSD": 0.999918, "CRO": 0.057039, "SHIB": 4.39e-06, "NEAR": 1.97, "XAUT": 4088.77, "BUIDL": 1.0, "USDY": 1.13, "TAO": 211.56, "UNI": 3.19, "LAB": 6.09, "PAXG": 4092.91, "WLFI": 0.058252, "M": 1.34, "HTX": 1.86e-06, "ASTER": 0.628392, "OKB": 79.52, "ONDO": 0.328622, "RLUSD": 1.0, "USDD": 0.998122, "DOT": 0.851243, "USDF": 0.996873, "MNT": 0.422049, "AAVE": 90.25, "DEXE": 28.79, "WLD": 0.380902, "BFUSD": 0.99853, "MORPHO": 2.01, "SKY": 0.053867, "ICP": 2.21, "PI": 0.109379, "BGB": 1.66, "PEPE": 2.67e-06, "ETC": 6.96, "U": 0.999601, "EUTBL": 1.2, "BCAP": 106.63, "QNT": 66.18, "KCS": 6.95, "JTRSY": 1.11, "USDGO": 1.0, "USTB": 11.14, "STABLE": 0.03499918, "POL": 0.07695, "ATOM": 1.57, "RENDER": 1.56, "KAS": 0.02926353, "JST": 0.093643, "JUP": 0.237281, "ALGO": 0.086111, "BEAT": 2.42, "NEXO": 0.747327, "ADI": 5.82, "USDTB": 1.001, "ENA": 0.076035, "GT": 6.82, "EURSAFO": 1.15, "\u5e01\u5b89\u4eba\u751f": 0.71056, "BDX": 0.088951, "JAAA": 1.04, "PUMP": 0.00156419, "LIT": 2.48, "FIL": 0.77485, "GHO": 0.998654, "FLR": 0.00675154, "NIGHT": 0.03338558, "USD0": 0.998563, "XDC": 0.02744282, "YLDS": 0.999809}}