{"timestamp": 1782490104, "base": "USD", "data": {"BTC": 60327, "ETH": 1582.08, "USDT": 0.998651, "BNB": 565.19, "USDC": 0.999622, "XRP": 1.048, "SOL": 72.67, "TRX": 0.319755, "FIGR_HELOC": 1.032, "HYPE": 64.88, "DOGE": 0.075254, "RAIN": 0.01569564, "USDS": 0.999552, "LEO": 9.29, "ZEC": 412.64, "LAB": 19.4, "XLM": 0.178398, "XMR": 321.0, "CC": 0.150487, "WBT": 48.69, "ADA": 0.149087, "LINK": 7.35, "USD1": 0.999347, "DAI": 0.999573, "USDE": 0.998195, "GRAM": 1.56, "BCH": 201.06, "LTC": 41.43, "HBAR": 0.073308, "USYC": 1.13, "USDG": 0.999722, "SUI": 0.694645, "AVAX": 6.43, "PYUSD": 1.0, "CRO": 0.054842, "SHIB": 4.24e-06, "XAUT": 4076.25, "BUIDL": 1.0, "NEAR": 1.81, "USDY": 1.14, "TAO": 214.45, "PAXG": 4080.66, "WLFI": 0.057871, "UNI": 2.95, "ASTER": 0.629917, "WLD": 0.466641, "OKB": 75.26, "RLUSD": 0.999798, "ONDO": 0.316516, "HTX": 1.67e-06, "DOT": 0.857759, "AAVE": 93.46, "USDF": 0.993297, "MNT": 0.428792, "PI": 0.127402, "USDD": 0.997656, "BFUSD": 0.998411, "ICP": 2.2, "SKY": 0.050028, "BGB": 1.64, "ETC": 7.16, "M": 0.834619, "MORPHO": 1.68, "DEXE": 22.55, "U": 0.999707, "PEPE": 2.38e-06, "BCAP": 107.03, "QNT": 66.39, "EUTBL": 1.2, "KCS": 6.83, "STABLE": 0.03657162, "JTRSY": 1.11, "USDGO": 0.999908, "ATOM": 1.6, "RENDER": 1.55, "KAS": 0.02834795, "USTB": 11.13, "POL": 0.07202, "JUP": 0.229691, "ALGO": 0.084259, "USDTB": 0.999837, "NEXO": 0.7361, "\u5e01\u5b89\u4eba\u751f": 0.732655, "ENA": 0.078449, "BDX": 0.082266, "GT": 6.55, "JST": 0.081386, "BEAT": 2.4, "JAAA": 1.039, "VVV": 13.89, "EURSAFO": 1.15, "GHO": 0.997979, "FLR": 0.0067912, "FIL": 0.738936, "ADI": 4.6, "YLDS": 0.9999, "XDC": 0.02815833, "USD0": 0.998772, "PUMP": 0.00127862, "NIGHT": 0.03054781}}