{"timestamp": 1779926123, "base": "USD", "data": {"BTC": 74248, "ETH": 2018.94, "USDT": 0.998545, "BNB": 648.09, "XRP": 1.31, "USDC": 0.999768, "SOL": 82.28, "TRX": 0.36795, "FIGR_HELOC": 1.033, "DOGE": 0.100334, "HYPE": 57.68, "USDS": 0.999669, "LEO": 10.04, "ZEC": 541.54, "RAIN": 0.01450428, "ADA": 0.23687, "XMR": 392.46, "BCH": 333.53, "LINK": 9.12, "WBT": 54.62, "CC": 0.155766, "XLM": 0.163302, "TON": 1.84, "USD1": 0.998449, "USDE": 0.999041, "DAI": 0.999919, "LTC": 51.88, "M": 3.0, "AVAX": 9.03, "SUI": 0.95871, "HBAR": 0.085563, "PYUSD": 1.0, "NEAR": 2.5, "SHIB": 5.43e-06, "USYC": 1.12, "CRO": 0.066782, "USDG": 0.999627, "XAUT": 4433.39, "TAO": 266.62, "BUIDL": 1.0, "USDY": 1.13, "PAXG": 4441.93, "DOT": 1.23, "MNT": 0.626192, "UNI": 3.09, "WLFI": 0.059044, "ONDO": 0.384916, "OKB": 87.31, "ASTER": 0.679681, "HTX": 1.93e-06, "RLUSD": 1.0, "USDF": 0.993733, "ICP": 2.82, "PI": 0.144798, "SKY": 0.065789, "PEPE": 3.47e-06, "USDD": 0.997365, "BGB": 2.01, "MORPHO": 2.13, "ETC": 8.45, "BFUSD": 0.998315, "AAVE": 83.16, "WLD": 0.341765, "RENDER": 2.13, "ATOM": 2.12, "USDTB": 0.998992, "KCS": 7.88, "QNT": 72.59, "EUTBL": 1.22, "U": 0.999499, "BCAP": 107.16, "POL": 0.089872, "ALGO": 0.10617, "JTRSY": 1.1, "USTB": 11.09, "STABLE": 0.03840527, "KAS": 0.03203592, "ENA": 0.093098, "NEXO": 0.831536, "JST": 0.09572, "FIL": 1.028, "DEXE": 16.77, "APT": 0.948799, "VVV": 16.56, "GT": 6.88, "FLR": 0.00801918, "ARB": 0.107055, "PUMP": 0.00178905, "JUP": 0.188955, "XDC": 0.03134296, "BDX": 0.077975, "NIGHT": 0.03533692, "GHO": 0.998591, "HASH": 0.01050122, "USD0": 0.998521, "INJ": 5.48, "FET": 0.241707, "APXUSD": 0.999264, "DASH": 42.48, "OUSG": 115.38}}