{"timestamp": 1782669567, "base": "USD", "data": {"BTC": 59524, "ETH": 1570.47, "USDT": 0.998603, "BNB": 551.48, "USDC": 0.999913, "XRP": 1.046, "SOL": 71.45, "TRX": 0.322806, "FIGR_HELOC": 1.044, "HYPE": 62.71, "DOGE": 0.073044, "USDS": 0.999602, "RAIN": 0.01556911, "LEO": 9.43, "ZEC": 389.25, "CC": 0.150659, "XMR": 311.43, "XLM": 0.170187, "WBT": 47.58, "LINK": 7.24, "ADA": 0.143233, "LAB": 17.04, "USD1": 0.999153, "DAI": 0.999781, "USDE": 0.998151, "GRAM": 1.55, "BCH": 190.46, "LTC": 42.77, "USYC": 1.13, "HBAR": 0.070689, "USDG": 0.999918, "SUI": 0.682351, "PYUSD": 0.999862, "AVAX": 6.31, "XAUT": 4063.13, "CRO": 0.054041, "SHIB": 4.14e-06, "NEAR": 1.82, "BUIDL": 1.0, "USDY": 1.14, "TAO": 206.6, "PAXG": 4067.14, "WLFI": 0.057649, "UNI": 2.89, "ASTER": 0.619106, "OKB": 77.93, "RLUSD": 0.999768, "HTX": 1.68e-06, "WLD": 0.439413, "ONDO": 0.307015, "USDF": 0.996224, "MNT": 0.424825, "USDD": 0.998713, "PI": 0.126249, "DOT": 0.806111, "AAVE": 89.61, "BFUSD": 0.998291, "ICP": 2.15, "SKY": 0.04980226, "BGB": 1.63, "MORPHO": 1.73, "ETC": 7.02, "DEXE": 22.45, "U": 0.999709, "PEPE": 2.37e-06, "BCAP": 107.03, "M": 0.728538, "EUTBL": 1.2, "QNT": 64.8, "KCS": 6.73, "STABLE": 0.0365717, "JTRSY": 1.11, "USDGO": 0.999625, "ATOM": 1.57, "RENDER": 1.53, "ALGO": 0.08634, "USTB": 11.13, "POL": 0.071306, "JST": 0.08902, "KAS": 0.02762762, "VELVET": 1.77, "USDTB": 0.999509, "NEXO": 0.706194, "JUP": 0.211476, "BEAT": 2.42, "ENA": 0.075165, "\u5e01\u5b89\u4eba\u751f": 0.697056, "GT": 6.55, "JAAA": 1.039, "BDX": 0.085949, "VVV": 13.32, "ADI": 4.96, "EURSAFO": 1.15, "GHO": 0.997761, "PUMP": 0.00146445, "FLR": 0.00663729, "FIL": 0.719045, "YLDS": 0.99971, "XDC": 0.02791242, "USD0": 0.998628}}