{"timestamp": 1782054442, "base": "USD", "data": {"BTC": 64160, "ETH": 1728.37, "USDT": 0.998885, "BNB": 589.5, "USDC": 0.999824, "XRP": 1.15, "SOL": 74.08, "TRX": 0.326271, "FIGR_HELOC": 1.034, "HYPE": 68.48, "DOGE": 0.083412, "USDS": 0.999727, "RAIN": 0.01441687, "LEO": 9.56, "ZEC": 454.76, "XLM": 0.216167, "WBT": 52.55, "ADA": 0.162279, "XMR": 318.36, "LINK": 7.97, "CC": 0.150517, "USD1": 0.999821, "GRAM": 1.7, "USDE": 0.998977, "LAB": 14.05, "DAI": 0.999867, "BCH": 198.64, "M": 2.84, "LTC": 45.37, "HBAR": 0.08007, "USYC": 1.13, "SUI": 0.711963, "NEAR": 2.19, "USDG": 0.999979, "PYUSD": 0.999963, "SHIB": 4.7e-06, "AVAX": 6.33, "CRO": 0.059087, "XAUT": 4148.15, "BUIDL": 1.0, "TAO": 236.76, "USDY": 1.13, "WLD": 0.616217, "UNI": 3.05, "PAXG": 4155.84, "WLFI": 0.05867, "MNT": 0.536277, "ASTER": 0.643184, "ONDO": 0.339597, "DOT": 0.967158, "RLUSD": 1.0, "OKB": 75.99, "HTX": 1.72e-06, "PI": 0.135395, "USDF": 0.994885, "SKY": 0.05967, "USDD": 0.99894, "BFUSD": 0.998628, "ICP": 2.28, "BGB": 1.76, "MORPHO": 1.88, "PEPE": 2.84e-06, "ETC": 7.34, "AAVE": 74.83, "QNT": 70.96, "U": 1.0, "USTB": 11.12, "KCS": 7.3, "BCAP": 107.07, "EUTBL": 1.21, "USDTB": 1.002, "ATOM": 1.78, "RENDER": 1.69, "JTRSY": 1.11, "POL": 0.079689, "ENA": 0.091218, "STABLE": 0.0345906, "ALGO": 0.091944, "KAS": 0.02981777, "NEXO": 0.791273, "JUP": 0.221263, "JAAA": 1.039, "VVV": 15.32, "JST": 0.083238, "GT": 6.64, "\u5e01\u5b89\u4eba\u751f": 0.702202, "DEXE": 14.25, "FLR": 0.00741002, "FIL": 0.808839, "BDX": 0.079824, "GHO": 0.998155, "XDC": 0.02955751, "YLDS": 0.999751, "EURSAFO": 1.15, "HASH": 0.01020466, "USD0": 0.999222, "NIGHT": 0.03298715, "APT": 0.656197, "ARB": 0.084085, "PUMP": 0.00150826}}