{"timestamp": 1778936557, "base": "USD", "data": {"BTC": 77971, "ETH": 2175.47, "USDT": 0.999521, "BNB": 653.02, "XRP": 1.41, "USDC": 0.999784, "SOL": 86.2, "TRX": 0.35132, "FIGR_HELOC": 1.031, "DOGE": 0.108597, "WBT": 57.44, "USDS": 0.999782, "HYPE": 41.24, "ADA": 0.254586, "LEO": 9.93, "ZEC": 499.03, "BCH": 414.35, "LINK": 9.65, "XMR": 379.25, "CC": 0.145549, "TON": 1.91, "XLM": 0.15151, "USD1": 1.0, "DAI": 0.999607, "LTC": 56.02, "USDE": 1.0, "SUI": 1.046, "M": 3.17, "AVAX": 9.27, "HBAR": 0.090868, "RAIN": 0.00731542, "SHIB": 5.88e-06, "PYUSD": 0.999973, "CRO": 0.07126, "USDG": 0.999709, "USYC": 1.12, "XAUT": 4529.77, "BUIDL": 1.0, "TAO": 273.19, "UNI": 3.48, "PAXG": 4527.91, "DOT": 1.26, "MNT": 0.64048, "NEAR": 1.49, "WLFI": 0.060676, "USDY": 1.13, "USDF": 0.99756, "HTX": 1.94e-06, "OKB": 83.08, "ASTER": 0.661401, "PI": 0.159578, "ONDO": 0.343066, "SKY": 0.069305, "PEPE": 3.73e-06, "RLUSD": 0.999931, "USDD": 0.999792, "ICP": 2.63, "BGB": 2.02, "ETC": 8.89, "AAVE": 89.19, "BFUSD": 0.998901, "QNT": 82.92, "MORPHO": 1.77, "KCS": 8.0, "USDTB": 0.999669, "JTRSY": 1.1, "U": 0.999852, "EUTBL": 1.22, "ATOM": 1.99, "USTB": 11.08, "ALGO": 0.110781, "BCAP": 105.87, "ENA": 0.106314, "POL": 0.089654, "RENDER": 1.82, "KAS": 0.03396032, "NEXO": 0.848135, "WLD": 0.238871, "FLR": 0.00921666, "APT": 0.949754, "JST": 0.090832, "GT": 7.12, "FIL": 0.970371, "STABLE": 0.03353306, "ARB": 0.119215, "JUP": 0.200295, "XDC": 0.03297474, "PUMP": 0.00174373, "BDX": 0.078907, "DEXE": 12.97, "VET": 0.00680939, "GHO": 0.999372, "VVV": 12.56, "HASH": 0.0108343, "USD0": 0.998272, "OUSG": 115.25, "BONK": 6.23e-06, "PENGU": 0.00843955, "YLDS": 0.99985, "NIGHT": 0.03153357}}