{"timestamp": 1781384647, "base": "USD", "data": {"BTC": 64280, "ETH": 1676.26, "USDT": 0.999548, "BNB": 608.95, "USDC": 0.99988, "XRP": 1.15, "SOL": 68.29, "TRX": 0.318236, "FIGR_HELOC": 1.018, "DOGE": 0.08764, "HYPE": 59.95, "USDS": 0.99975, "LEO": 9.82, "RAIN": 0.01296626, "ZEC": 413.9, "XMR": 343.98, "ADA": 0.171659, "XLM": 0.186825, "CC": 0.162628, "WBT": 52.36, "LINK": 7.98, "TON": 1.74, "USDE": 0.999622, "USD1": 1.0, "DAI": 0.999668, "BCH": 207.71, "M": 2.97, "LTC": 43.88, "HBAR": 0.078061, "SUI": 0.764889, "USYC": 1.13, "LAB": 9.46, "SHIB": 5e-06, "AVAX": 6.72, "PYUSD": 0.999805, "NEAR": 2.1, "CRO": 0.059889, "USDG": 1.0, "XAUT": 4208.78, "TAO": 255.44, "BUIDL": 1.0, "BEAT": 7.47, "USDY": 1.14, "PAXG": 4217.94, "WLFI": 0.058896, "MNT": 0.554803, "ONDO": 0.363915, "ASTER": 0.639242, "WLD": 0.500971, "DOT": 0.979234, "RLUSD": 1.0, "UNI": 2.55, "OKB": 74.39, "HTX": 1.7e-06, "USDF": 0.995336, "ICP": 2.57, "PI": 0.130147, "USDD": 0.999581, "BFUSD": 0.9991, "SKY": 0.055737, "MORPHO": 1.95, "BGB": 1.79, "PEPE": 2.85e-06, "ETC": 7.19, "AAVE": 66.36, "ATOM": 1.96, "U": 1.0, "QNT": 67.48, "BCAP": 106.96, "EUTBL": 1.22, "USTB": 11.11, "KCS": 6.94, "USDTB": 0.999938, "RENDER": 1.76, "JTRSY": 1.11, "STABLE": 0.03667145, "KAS": 0.03135552, "DEXE": 17.53, "POL": 0.075783, "NEXO": 0.805471, "ALGO": 0.088636, "ENA": 0.084747, "VVV": 16.44, "GT": 6.75, "JAAA": 1.038, "FLR": 0.0078581, "\u5e01\u5b89\u4eba\u751f": 0.671188, "JST": 0.074754, "FIL": 0.785993, "BDX": 0.079893, "XDC": 0.03047853, "GHO": 0.999335, "JUP": 0.173109, "YLDS": 0.999814, "APT": 0.671207, "USD0": 0.998708, "HASH": 0.0101191, "ARB": 0.085436, "PUMP": 0.00153328, "TRUMP": 2.22}}