{"timestamp": 1777743149, "base": "USD", "data": {"BTC": 78420, "ETH": 2306.87, "USDT": 0.999657, "XRP": 1.39, "BNB": 618.29, "USDC": 0.999947, "SOL": 84.04, "TRX": 0.330538, "FIGR_HELOC": 1.032, "DOGE": 0.108888, "WBT": 58.51, "USDS": 0.999869, "HYPE": 41.55, "LEO": 10.32, "ADA": 0.249993, "BCH": 446.33, "XMR": 385.31, "LINK": 9.14, "ZEC": 378.9, "CC": 0.148318, "XLM": 0.16044, "USD1": 0.999664, "DAI": 0.999802, "LTC": 55.29, "AVAX": 9.15, "M": 3.04, "USDE": 0.999028, "HBAR": 0.088276, "SHIB": 6.3e-06, "SUI": 0.925047, "RAIN": 0.00764673, "TON": 1.33, "PYUSD": 1.0, "CRO": 0.068331, "USYC": 1.12, "XAUT": 4601.01, "TAO": 278.09, "USDG": 0.999849, "BUIDL": 1.0, "PAXG": 4601.29, "MNT": 0.631601, "UNI": 3.25, "DOT": 1.21, "SKY": 0.081327, "PI": 0.1773, "USDF": 0.996561, "OKB": 83.63, "WLFI": 0.055096, "ASTER": 0.675863, "PEPE": 3.97e-06, "HTX": 1.85e-06, "NEAR": 1.29, "RLUSD": 1.0, "USDD": 1.0, "BGB": 2.02, "AAVE": 92.75, "ONDO": 0.283975, "ETC": 8.53, "USDY": 1.13, "BFUSD": 0.9993, "JTRSY": 1.1, "ICP": 2.36, "MORPHO": 1.97, "KCS": 8.34, "POL": 0.097275, "U": 0.999988, "QNT": 69.05, "USTB": 11.07, "EUTBL": 1.23, "ALGO": 0.108364, "BCAP": 105.75, "ATOM": 1.88, "KAS": 0.03297147, "NEXO": 0.903485, "ENA": 0.103134, "RENDER": 1.73, "GT": 7.23, "WLD": 0.244246, "APT": 1.0, "ARB": 0.12359, "STABLE": 0.03372475, "JST": 0.085308, "FIL": 0.929044, "PUMP": 0.00183291, "FLR": 0.00754399, "PENGU": 0.01006421, "BDX": 0.080161, "VET": 0.0071972, "OUSG": 115.1, "JUP": 0.180216, "HASH": 0.0113447, "XDC": 0.02936308, "GHO": 0.999702, "USDTB": 0.99935, "USD0": 0.999064, "BONK": 6.32e-06, "TRUMP": 2.35, "YLDS": 0.999906, "NIGHT": 0.03161623, "SIREN": 0.702595}}