{"timestamp": 1783792003, "base": "USD", "data": {"BTC": 64319, "ETH": 1825.27, "USDT": 0.99927, "BNB": 580.37, "USDC": 0.999855, "XRP": 1.12, "SOL": 78.05, "TRX": 0.330937, "FIGR_HELOC": 1.032, "HYPE": 67.43, "DOGE": 0.075162, "USDS": 0.999768, "RAIN": 0.01436578, "LEO": 9.53, "ZEC": 507.89, "WBT": 56.43, "XLM": 0.191387, "ADA": 0.171169, "LINK": 8.1, "XMR": 321.19, "CC": 0.136263, "BCH": 248.22, "DAI": 0.999723, "GRAM": 1.68, "USD1": 0.999296, "USDE": 0.999837, "LTC": 45.12, "USDG": 0.999737, "USYC": 1.13, "HBAR": 0.069627, "SUI": 0.747558, "AVAX": 6.76, "BUIDL": 1.0, "PYUSD": 0.999786, "CRO": 0.056585, "SHIB": 4.41e-06, "XAUT": 4101.08, "NEAR": 1.91, "UNI": 3.71, "USDY": 1.14, "TAO": 214.01, "WLFI": 0.058412, "PAXG": 4105.21, "DEXE": 37.9, "OKB": 80.73, "ASTER": 0.630852, "HTX": 1.85e-06, "M": 1.25, "ONDO": 0.334731, "USDD": 0.99926, "RLUSD": 1.0, "AAVE": 100.24, "DOT": 0.880643, "WLD": 0.414739, "USDF": 0.996627, "SKY": 0.060945, "MNT": 0.427662, "MORPHO": 2.15, "BFUSD": 0.99881, "ICP": 2.28, "PEPE": 2.81e-06, "BGB": 1.65, "ETC": 7.11, "PI": 0.098302, "U": 0.999758, "EUTBL": 1.2, "QNT": 66.82, "BCAP": 106.63, "KCS": 7.06, "USDGO": 1.0, "JTRSY": 1.11, "JST": 0.101296, "STABLE": 0.035423, "POL": 0.079656, "ATOM": 1.6, "ADI": 6.53, "RENDER": 1.58, "KAS": 0.02954514, "ENA": 0.082637, "USTB": 11.14, "ALGO": 0.087161, "EURSAFO": 1.15, "NEXO": 0.753638, "USDTB": 1.001, "GT": 6.67, "BDX": 0.088869, "BEAT": 2.27, "JUP": 0.209331, "\u5e01\u5b89\u4eba\u751f": 0.687465, "JAAA": 1.041, "LIT": 2.63, "FIL": 0.794855, "ARB": 0.097088, "GHO": 0.998566, "PUMP": 0.00144098, "FLR": 0.00665894, "USD0": 0.99895, "XDC": 0.02732177, "APT": 0.643134, "YLDS": 0.9998}}