{"timestamp": 1780153183, "base": "USD", "data": {"BTC": 73828, "ETH": 2023.79, "USDT": 0.998664, "BNB": 685.63, "XRP": 1.34, "USDC": 0.999666, "SOL": 82.51, "TRX": 0.343852, "FIGR_HELOC": 1.032, "DOGE": 0.101003, "HYPE": 67.99, "USDS": 0.999562, "LEO": 10.06, "RAIN": 0.01437401, "ZEC": 528.03, "ADA": 0.235654, "XLM": 0.249418, "XMR": 381.65, "LINK": 9.19, "WBT": 54.19, "BCH": 306.15, "CC": 0.154568, "TON": 1.77, "USD1": 0.998323, "USDE": 0.998834, "DAI": 0.999334, "HBAR": 0.099398, "LTC": 52.43, "AVAX": 8.95, "M": 2.88, "SUI": 0.905145, "SHIB": 5.51e-06, "NEAR": 2.4, "PYUSD": 0.99983, "CRO": 0.06792, "USYC": 1.13, "XAUT": 4508.29, "USDG": 0.999887, "TAO": 255.06, "BUIDL": 1.0, "MNT": 0.649472, "USDY": 1.13, "PAXG": 4521.93, "DOT": 1.2, "UNI": 3.04, "WLFI": 0.058981, "OKB": 87.39, "ASTER": 0.704397, "RLUSD": 0.999726, "ONDO": 0.344875, "USDF": 0.994729, "HTX": 1.8e-06, "PI": 0.143836, "ICP": 2.72, "SKY": 0.064629, "BGB": 2.09, "PEPE": 3.43e-06, "USDD": 0.999166, "BFUSD": 0.998222, "MORPHO": 2.07, "ETC": 8.25, "AAVE": 83.11, "ALGO": 0.128869, "WLD": 0.328321, "RENDER": 2.07, "U": 0.9996, "KCS": 7.94, "USDTB": 0.998771, "QNT": 71.98, "ATOM": 2.05, "EUTBL": 1.23, "BCAP": 107.16, "POL": 0.09071, "USTB": 11.1, "DEXE": 18.97, "JTRSY": 1.1, "STABLE": 0.03696414, "NEXO": 0.843992, "KAS": 0.0306231, "JST": 0.096418, "ENA": 0.088995, "APT": 0.942604, "FIL": 0.980137, "VVV": 16.18, "GT": 6.91, "INJ": 6.89, "XDC": 0.03400785, "FLR": 0.00776354, "ARB": 0.105189, "NIGHT": 0.0383645, "FET": 0.280147, "H": 0.344067, "PUMP": 0.00177581, "BDX": 0.08038, "JUP": 0.184745, "LAB": 7.78, "GHO": 0.998906, "HASH": 0.01044959, "USD0": 0.998432, "APXUSD": 0.999668}}