{"timestamp": 1784657447, "base": "USD", "data": {"BTC": 66264, "ETH": 1921.02, "USDT": 0.999313, "BNB": 573.23, "USDC": 0.999861, "XRP": 1.16, "SOL": 77.74, "TRX": 0.328471, "FIGR_HELOC": 1.002, "HYPE": 60.58, "DOGE": 0.073365, "USDS": 0.999861, "RAIN": 0.0141653, "ZEC": 536.86, "LEO": 9.71, "WBT": 57.63, "XLM": 0.193599, "XMR": 347.43, "ADA": 0.173392, "LINK": 8.63, "CC": 0.124705, "DAI": 0.999738, "BCH": 224.88, "USD1": 0.999084, "GRAM": 1.53, "USDE": 0.99984, "LTC": 47.29, "USDG": 1.001, "SUI": 0.764526, "HBAR": 0.068837, "USYC": 1.13, "AVAX": 6.62, "PYUSD": 0.999724, "CRO": 0.058291, "BUIDL": 1.0, "NEAR": 1.94, "SHIB": 4.27e-06, "XAUT": 4063.44, "UNI": 3.66, "USDY": 1.14, "ONDO": 0.396966, "TAO": 199.19, "PAXG": 4060.58, "WLFI": 0.056222, "OKB": 82.01, "ASTER": 0.625993, "HTX": 1.85e-06, "RLUSD": 1.0, "M": 1.19, "USDD": 0.999493, "SKY": 0.063112, "AAVE": 95.39, "DOT": 0.854951, "USDF": 0.995956, "MNT": 0.428358, "WLD": 0.379724, "MORPHO": 2.03, "BFUSD": 0.998608, "ICP": 2.22, "PEPE": 2.89e-06, "BGB": 1.7, "ETC": 6.98, "U": 1.0, "EUTBL": 1.2, "PI": 0.092869, "USDGO": 1.0, "BCAP": 106.2, "STABLE": 0.0386897, "QNT": 64.57, "KCS": 6.7, "JTRSY": 1.11, "POL": 0.080457, "ADI": 6.75, "EURSAFO": 1.15, "JST": 0.100727, "ENA": 0.086137, "PUMP": 0.00199752, "RENDER": 1.54, "KAS": 0.02852323, "ATOM": 1.49, "USTB": 11.15, "NEXO": 0.765146, "BEAT": 2.46, "ALGO": 0.08419, "GT": 6.76, "JAAA": 1.042, "BDX": 0.082895, "JUP": 0.195482, "GHO": 0.99889, "\u5e01\u5b89\u4eba\u751f": 0.616402, "FIL": 0.756527, "FLR": 0.0069712, "VVV": 12.52, "ARB": 0.089, "XDC": 0.02914673, "LIT": 2.3, "YLDS": 0.999811, "USD0": 0.999534, "INJ": 5.31, "USX": 0.999843}}