{"timestamp": 1782428954, "base": "USD", "data": {"BTC": 59785, "ETH": 1568.14, "USDT": 0.998575, "BNB": 559.39, "USDC": 0.999727, "XRP": 1.038, "SOL": 67.08, "TRX": 0.323644, "FIGR_HELOC": 1.033, "HYPE": 63.67, "DOGE": 0.074651, "USDS": 0.999504, "RAIN": 0.01574441, "LEO": 9.38, "ZEC": 417.27, "XLM": 0.177332, "CC": 0.149399, "XMR": 309.73, "WBT": 48.39, "LAB": 18.11, "LINK": 7.24, "ADA": 0.143242, "USD1": 0.999375, "DAI": 0.999676, "USDE": 0.998212, "GRAM": 1.57, "BCH": 191.35, "HBAR": 0.073313, "LTC": 40.94, "USYC": 1.13, "USDG": 0.999673, "SUI": 0.67911, "PYUSD": 0.999684, "AVAX": 6.2, "CRO": 0.054785, "SHIB": 4.23e-06, "XAUT": 4012.72, "BUIDL": 1.0, "NEAR": 1.8, "USDY": 1.13, "TAO": 212.07, "WLFI": 0.058162, "PAXG": 4017.21, "UNI": 2.88, "WLD": 0.493637, "ASTER": 0.62147, "OKB": 75.18, "RLUSD": 0.999817, "HTX": 1.68e-06, "ONDO": 0.311191, "USDF": 0.9936, "MNT": 0.441276, "DOT": 0.843567, "USDD": 0.998967, "PI": 0.125595, "BFUSD": 0.998305, "AAVE": 81.6, "M": 0.936821, "SKY": 0.051632, "ICP": 2.16, "BGB": 1.64, "ETC": 7.03, "MORPHO": 1.7, "DEXE": 22.92, "U": 0.999896, "PEPE": 2.35e-06, "BCAP": 107.03, "QNT": 65.03, "EUTBL": 1.2, "USDTB": 0.999308, "KCS": 6.76, "STABLE": 0.03661465, "JTRSY": 1.11, "ATOM": 1.61, "RENDER": 1.52, "USTB": 11.13, "POL": 0.07178, "ENA": 0.08179, "KAS": 0.0275989, "ALGO": 0.084812, "NEXO": 0.729314, "JUP": 0.218838, "\u5e01\u5b89\u4eba\u751f": 0.712737, "JST": 0.08115, "GT": 6.49, "BDX": 0.089272, "JAAA": 1.039, "VVV": 13.8, "EURSAFO": 1.14, "GHO": 0.99806, "BEAT": 2.04, "FLR": 0.00678379, "FIL": 0.731754, "YLDS": 0.999864, "ADI": 4.5, "XDC": 0.02822008, "USD0": 0.998761, "NIGHT": 0.03091416, "HASH": 0.00933726, "USX": 0.999385}}