{"timestamp": 1784065804, "base": "USD", "data": {"BTC": 64687, "ETH": 1876.63, "USDT": 0.999341, "BNB": 580.68, "USDC": 0.99994, "XRP": 1.11, "SOL": 77.23, "TRX": 0.325101, "FIGR_HELOC": 1.036, "HYPE": 65.62, "DOGE": 0.074399, "USDS": 0.999777, "RAIN": 0.01473876, "ZEC": 541.8, "LEO": 9.68, "WBT": 56.52, "XLM": 0.184183, "LINK": 8.28, "XMR": 329.45, "ADA": 0.164654, "CC": 0.134768, "BCH": 236.84, "DAI": 0.999848, "GRAM": 1.61, "USD1": 0.998784, "USDE": 0.999871, "LTC": 45.02, "USDG": 1.0, "SUI": 0.761113, "USYC": 1.13, "HBAR": 0.066776, "BUIDL": 1.0, "AVAX": 6.63, "PYUSD": 0.999842, "NEAR": 2.02, "CRO": 0.05568, "XAUT": 4052.33, "SHIB": 4.2e-06, "UNI": 3.68, "USDY": 1.13, "DEXE": 41.97, "TAO": 201.92, "WLFI": 0.057703, "PAXG": 4051.17, "OKB": 80.84, "ASTER": 0.628907, "HTX": 1.82e-06, "M": 1.24, "USDD": 1.0, "ONDO": 0.315481, "RLUSD": 0.999896, "AAVE": 98.75, "WLD": 0.414969, "DOT": 0.85174, "SKY": 0.061267, "USDF": 0.995554, "MNT": 0.421055, "MORPHO": 2.03, "BFUSD": 0.998732, "ICP": 2.22, "PEPE": 2.82e-06, "BGB": 1.69, "ETC": 7.09, "U": 0.999856, "EUTBL": 1.2, "BCAP": 106.19, "KCS": 7.03, "QNT": 65.14, "USDGO": 0.9999, "STABLE": 0.03736663, "POL": 0.084667, "ADI": 6.98, "JTRSY": 1.11, "JST": 0.100456, "PI": 0.077001, "EURSAFO": 1.15, "ATOM": 1.56, "ENA": 0.084213, "BEAT": 2.57, "RENDER": 1.51, "KAS": 0.02846568, "USTB": 11.14, "NEXO": 0.759759, "ALGO": 0.08432, "\u5e01\u5b89\u4eba\u751f": 0.75189, "USDTB": 1.0, "GT": 6.7, "JUP": 0.208683, "JAAA": 1.041, "BDX": 0.084125, "LIT": 2.57, "FIL": 0.783932, "GHO": 0.997737, "ARB": 0.09141, "PUMP": 0.00144516, "FLR": 0.00659423, "USD0": 0.998236, "XDC": 0.02726579, "YLDS": 0.999809, "USX": 0.99991}}