{"timestamp": 1777806410, "base": "USD", "data": {"BTC": 78397, "ETH": 2311.56, "USDT": 0.999801, "XRP": 1.39, "BNB": 617.54, "USDC": 0.999997, "SOL": 83.78, "TRX": 0.337724, "FIGR_HELOC": 1.04, "DOGE": 0.107649, "WBT": 58.54, "USDS": 0.999906, "HYPE": 41.05, "LEO": 10.32, "ADA": 0.248427, "BCH": 444.05, "XMR": 396.71, "LINK": 9.12, "ZEC": 389.26, "CC": 0.149503, "XLM": 0.15873, "USD1": 1.0, "DAI": 0.999809, "LTC": 54.89, "USDE": 0.999116, "AVAX": 9.04, "M": 2.97, "HBAR": 0.087628, "SUI": 0.917615, "SHIB": 6.2e-06, "RAIN": 0.00756712, "TON": 1.34, "PYUSD": 0.999912, "CRO": 0.068184, "USYC": 1.12, "TAO": 285.08, "XAUT": 4607.26, "USDG": 0.999851, "BUIDL": 1.0, "PAXG": 4606.13, "MNT": 0.63032, "UNI": 3.22, "DOT": 1.21, "SKY": 0.080266, "PI": 0.176605, "OKB": 85.73, "WLFI": 0.056311, "USDF": 0.997052, "ASTER": 0.668175, "HTX": 1.88e-06, "PEPE": 3.93e-06, "NEAR": 1.27, "RLUSD": 0.999906, "USDD": 1.0, "BGB": 2.01, "AAVE": 92.39, "ONDO": 0.275738, "USDY": 1.13, "ETC": 8.43, "BFUSD": 0.999197, "JTRSY": 1.1, "ICP": 2.34, "MORPHO": 1.96, "KCS": 8.33, "ALGO": 0.115887, "U": 1.0, "POL": 0.096471, "USTB": 11.07, "QNT": 68.2, "EUTBL": 1.23, "BCAP": 105.75, "ATOM": 1.87, "KAS": 0.03395033, "RENDER": 1.78, "NEXO": 0.902532, "ENA": 0.100616, "GT": 7.21, "APT": 0.979763, "WLD": 0.237489, "STABLE": 0.03323757, "ARB": 0.11746, "JST": 0.084354, "FIL": 0.917555, "PUMP": 0.00179577, "FLR": 0.00748352, "BDX": 0.07996, "VET": 0.00716016, "PENGU": 0.00973811, "OUSG": 115.1, "HASH": 0.01134793, "JUP": 0.177335, "GHO": 0.999846, "XDC": 0.02918524, "USDTB": 0.999454, "USD0": 0.998883, "BONK": 6.21e-06, "TRUMP": 2.32, "YLDS": 0.999811, "NIGHT": 0.03176894, "USDM": 0.998253}}