{"timestamp": 1778452689, "base": "USD", "data": {"BTC": 81948, "ETH": 2365.76, "USDT": 0.99984, "XRP": 1.47, "BNB": 664.46, "USDC": 0.999808, "SOL": 96.14, "TRX": 0.351157, "FIGR_HELOC": 1.0, "DOGE": 0.110306, "WBT": 60.12, "USDS": 0.999788, "ADA": 0.282619, "HYPE": 42.7, "ZEC": 582.79, "BCH": 463.56, "LEO": 10.07, "LINK": 10.72, "XMR": 407.37, "TON": 2.42, "CC": 0.155277, "XLM": 0.16894, "SUI": 1.35, "LTC": 59.65, "DAI": 0.999801, "AVAX": 10.25, "USD1": 0.999558, "M": 3.29, "HBAR": 0.097488, "USDE": 0.999505, "SHIB": 6.59e-06, "RAIN": 0.00763854, "PYUSD": 0.999881, "CRO": 0.073764, "TAO": 322.12, "USYC": 1.12, "XAUT": 4685.34, "USDG": 0.999861, "UNI": 3.99, "BUIDL": 1.0, "MNT": 0.709784, "DOT": 1.38, "PAXG": 4685.48, "WLFI": 0.068786, "NEAR": 1.58, "ONDO": 0.416824, "ICP": 3.37, "PEPE": 4.42e-06, "OKB": 88.52, "ASTER": 0.713355, "SKY": 0.078952, "PI": 0.174991, "HTX": 1.98e-06, "USDF": 0.999311, "ETC": 9.93, "RLUSD": 0.999824, "AAVE": 101.53, "BGB": 2.16, "USDD": 1.0, "MORPHO": 2.18, "USDY": 1.14, "BFUSD": 0.999308, "JTRSY": 1.1, "ENA": 0.131916, "KCS": 8.57, "ALGO": 0.12894, "POL": 0.103905, "QNT": 75.0, "KAS": 0.03848813, "RENDER": 2.02, "U": 1.001, "ATOM": 2.01, "EUTBL": 1.24, "USTB": 11.08, "BCAP": 105.77, "WLD": 0.281487, "APT": 1.15, "NEXO": 0.924151, "JUP": 0.271352, "FIL": 1.14, "ARB": 0.144419, "GT": 7.54, "SIREN": 1.15, "PUMP": 0.00219032, "STABLE": 0.03468669, "FLR": 0.00873089, "JST": 0.084783, "BONK": 7.76e-06, "VET": 0.00791249, "VVV": 14.71, "PENGU": 0.0105884, "USDTB": 1.021, "BDX": 0.080005, "OUSG": 115.18, "XDC": 0.03051386, "DASH": 47.63, "VIRTUAL": 0.916839, "DEXE": 12.62, "GHO": 0.999867, "HASH": 0.01097351}}