{"timestamp": 1784389564, "base": "USD", "data": {"BTC": 64007, "ETH": 1842.54, "USDT": 0.999259, "BNB": 569.58, "USDC": 0.999863, "XRP": 1.087, "SOL": 74.84, "TRX": 0.322243, "FIGR_HELOC": 1.026, "HYPE": 59.29, "DOGE": 0.072126, "USDS": 0.999814, "ZEC": 554.6, "RAIN": 0.01379872, "LEO": 9.79, "WBT": 55.8, "XLM": 0.186838, "XMR": 331.62, "LINK": 8.27, "ADA": 0.164302, "CC": 0.12479, "DAI": 0.999989, "BCH": 219.74, "USD1": 0.999331, "USDE": 0.999908, "GRAM": 1.47, "LTC": 46.38, "USDG": 1.002, "USYC": 1.13, "SUI": 0.733849, "HBAR": 0.066546, "PYUSD": 0.999708, "AVAX": 6.55, "CRO": 0.059245, "BUIDL": 1.0, "NEAR": 1.91, "XAUT": 4010.63, "SHIB": 4.15e-06, "UNI": 3.51, "USDY": 1.13, "TAO": 193.99, "WLFI": 0.057266, "PAXG": 4009.35, "OKB": 81.1, "DEXE": 35.86, "ASTER": 0.620031, "ONDO": 0.338215, "M": 1.24, "HTX": 1.82e-06, "RLUSD": 1.0, "USDD": 0.999227, "USDF": 0.995936, "SKY": 0.06068, "DOT": 0.831571, "MNT": 0.416242, "AAVE": 88.79, "BFUSD": 0.998439, "WLD": 0.370425, "MORPHO": 1.99, "ICP": 2.14, "BGB": 1.65, "PEPE": 2.73e-06, "ETC": 7.02, "U": 1.0, "USDGO": 0.999825, "EUTBL": 1.21, "BCAP": 106.19, "QNT": 64.51, "PI": 0.084293, "KCS": 6.63, "STABLE": 0.03576119, "JTRSY": 1.11, "POL": 0.080701, "EURSAFO": 1.15, "ADI": 6.55, "JST": 0.097947, "ATOM": 1.49, "ENA": 0.080153, "USTB": 11.15, "RENDER": 1.47, "KAS": 0.02743285, "NEXO": 0.743924, "BEAT": 2.39, "ALGO": 0.081998, "GT": 6.69, "\u5e01\u5b89\u4eba\u751f": 0.687931, "JAAA": 1.041, "PUMP": 0.00165242, "BDX": 0.082163, "JUP": 0.192988, "GHO": 0.998772, "FIL": 0.743813, "FLR": 0.00647991, "ARB": 0.088305, "YLDS": 0.999846, "XDC": 0.02792623, "USD0": 0.998719, "LIT": 2.19, "VVV": 11.38, "USX": 0.999812}}