{"timestamp": 1781377835, "base": "USD", "data": {"BTC": 64132, "ETH": 1677.45, "USDT": 0.99947, "BNB": 607.71, "USDC": 0.99981, "XRP": 1.14, "SOL": 68.06, "TRX": 0.317283, "FIGR_HELOC": 1.032, "DOGE": 0.087591, "HYPE": 59.8, "USDS": 0.999747, "LEO": 9.64, "RAIN": 0.01298699, "ZEC": 414.71, "XMR": 344.21, "ADA": 0.172149, "XLM": 0.186714, "CC": 0.161518, "WBT": 52.3, "LINK": 7.98, "TON": 1.76, "USDE": 0.999446, "USD1": 1.0, "DAI": 0.999778, "BCH": 206.82, "M": 2.97, "HBAR": 0.077837, "LTC": 43.67, "SUI": 0.766515, "USYC": 1.13, "SHIB": 4.98e-06, "LAB": 9.3, "AVAX": 6.7, "PYUSD": 0.999991, "NEAR": 2.12, "CRO": 0.059839, "USDG": 0.999757, "XAUT": 4206.11, "TAO": 254.91, "BUIDL": 1.0, "USDY": 1.13, "BEAT": 6.99, "PAXG": 4215.18, "WLFI": 0.058526, "MNT": 0.549533, "ONDO": 0.365498, "ASTER": 0.639811, "WLD": 0.500521, "DOT": 0.977971, "RLUSD": 1.0, "UNI": 2.54, "OKB": 74.39, "HTX": 1.69e-06, "USDF": 0.99531, "ICP": 2.58, "PI": 0.130702, "USDD": 0.999519, "BFUSD": 0.9991, "SKY": 0.055813, "BGB": 1.79, "MORPHO": 1.93, "PEPE": 2.84e-06, "ETC": 7.19, "AAVE": 66.31, "ATOM": 1.96, "U": 1.0, "QNT": 67.06, "BCAP": 106.96, "EUTBL": 1.22, "USTB": 11.11, "KCS": 6.94, "USDTB": 0.999855, "RENDER": 1.75, "STABLE": 0.0368381, "JTRSY": 1.11, "KAS": 0.03122568, "NEXO": 0.80244, "POL": 0.075471, "DEXE": 16.98, "ENA": 0.084749, "ALGO": 0.087796, "VVV": 16.46, "GT": 6.74, "JAAA": 1.038, "FLR": 0.00790488, "\u5e01\u5b89\u4eba\u751f": 0.669835, "JST": 0.075229, "FIL": 0.787283, "BDX": 0.07961, "XDC": 0.03048578, "GHO": 0.999181, "JUP": 0.1729, "YLDS": 0.999808, "APT": 0.670764, "USD0": 0.998612, "HASH": 0.01002193, "NIGHT": 0.03256496, "PUMP": 0.0015353, "ARB": 0.085455}}