{"timestamp": 1778707130, "base": "USD", "data": {"BTC": 79384, "ETH": 2256.46, "USDT": 0.999531, "BNB": 669.58, "XRP": 1.42, "USDC": 0.999768, "SOL": 90.87, "TRX": 0.34994, "FIGR_HELOC": 1.043, "DOGE": 0.112647, "WBT": 58.39, "USDS": 0.999679, "ADA": 0.26364, "HYPE": 38.82, "LEO": 10.06, "ZEC": 520.35, "BCH": 433.27, "LINK": 10.17, "XMR": 392.64, "CC": 0.153999, "TON": 2.1, "XLM": 0.158813, "SUI": 1.2, "USD1": 0.999383, "DAI": 0.999537, "LTC": 56.69, "M": 3.26, "AVAX": 9.73, "HBAR": 0.092988, "USDE": 1.0, "SHIB": 6.28e-06, "RAIN": 0.00750525, "PYUSD": 0.999761, "USDG": 0.999613, "CRO": 0.075247, "USYC": 1.12, "TAO": 294.02, "XAUT": 4680.52, "UNI": 3.62, "BUIDL": 1.0, "DOT": 1.33, "MNT": 0.670831, "PAXG": 4680.65, "WLFI": 0.066998, "NEAR": 1.57, "USDY": 1.13, "ONDO": 0.381826, "PI": 0.170637, "USDF": 0.997529, "OKB": 84.62, "HTX": 1.96e-06, "ASTER": 0.672055, "SKY": 0.073198, "PEPE": 4.05e-06, "ICP": 3.05, "RLUSD": 1.0, "USDD": 0.99957, "AAVE": 95.65, "BGB": 2.07, "ETC": 9.2, "BFUSD": 0.999101, "MORPHO": 1.99, "KCS": 8.28, "JTRSY": 1.1, "QNT": 73.8, "ENA": 0.116575, "ALGO": 0.117947, "ATOM": 2.06, "POL": 0.096806, "U": 0.999397, "KAS": 0.03724346, "USTB": 11.08, "EUTBL": 1.23, "RENDER": 1.87, "BCAP": 105.87, "NEXO": 0.902013, "STABLE": 0.03939406, "WLD": 0.258395, "APT": 1.042, "SIREN": 1.1, "FIL": 1.043, "ARB": 0.132044, "JST": 0.091373, "GT": 7.26, "FLR": 0.0086033, "JUP": 0.222951, "VVV": 14.78, "PUMP": 0.0018737, "B": 0.650974, "USDTB": 0.99944, "VET": 0.00729, "BDX": 0.079874, "XDC": 0.03061873, "BONK": 6.8e-06, "OUSG": 115.23, "GHO": 0.999416, "PENGU": 0.00897948, "TRUMP": 2.36, "DASH": 43.94, "USD0": 0.997991}}