{"timestamp": 1779330842, "base": "USD", "data": {"BTC": 77947, "ETH": 2143.05, "USDT": 0.998983, "BNB": 653.94, "XRP": 1.38, "USDC": 0.999659, "SOL": 86.61, "TRX": 0.359173, "FIGR_HELOC": 1.035, "DOGE": 0.104976, "HYPE": 55.94, "WBT": 57.52, "ZEC": 670.64, "USDS": 0.99965, "ADA": 0.251524, "LEO": 10.06, "BCH": 379.1, "XMR": 406.97, "LINK": 9.73, "CC": 0.154945, "TON": 2.04, "XLM": 0.146343, "USD1": 0.999792, "SUI": 1.13, "USDE": 0.999397, "DAI": 0.999686, "LTC": 54.36, "AVAX": 9.37, "M": 3.01, "HBAR": 0.089461, "PYUSD": 0.999875, "RAIN": 0.00750464, "SHIB": 5.82e-06, "CRO": 0.069604, "USYC": 1.12, "XAUT": 4530.33, "USDG": 0.999704, "TAO": 274.97, "BUIDL": 1.0, "UNI": 3.66, "MNT": 0.679269, "NEAR": 1.72, "USDY": 1.13, "PAXG": 4533.32, "DOT": 1.26, "WLFI": 0.062885, "ONDO": 0.401379, "HTX": 2.01e-06, "ASTER": 0.693302, "USDF": 0.997875, "RLUSD": 0.999908, "OKB": 81.18, "SKY": 0.070596, "PI": 0.152496, "PEPE": 3.76e-06, "USDD": 0.999821, "ICP": 2.56, "ETC": 9.05, "BGB": 2.0, "AAVE": 89.58, "BFUSD": 0.998201, "MORPHO": 1.87, "KCS": 8.06, "QNT": 74.42, "USDTB": 0.99896, "ALGO": 0.118586, "EUTBL": 1.22, "ATOM": 2.04, "U": 1.0, "RENDER": 1.92, "JTRSY": 1.1, "USTB": 11.09, "POL": 0.091554, "ENA": 0.106962, "BCAP": 105.74, "KAS": 0.03477582, "NEXO": 0.895902, "WLD": 0.253126, "STABLE": 0.03462388, "APT": 0.961808, "JST": 0.090196, "FIL": 0.982126, "VVV": 16.57, "GT": 7.09, "FLR": 0.00845474, "JUP": 0.212916, "ARB": 0.111828, "XDC": 0.03426406, "DEXE": 13.85, "PUMP": 0.00177505, "DASH": 48.89, "BDX": 0.078816, "PENGU": 0.00939601, "GHO": 0.999085, "VET": 0.00667856, "OUSG": 115.31, "USD0": 0.998521, "HASH": 0.01019497, "BONK": 6.15e-06, "KITE": 0.233981}}