{"timestamp": 1781059113, "base": "USD", "data": {"BTC": 61319, "ETH": 1623.21, "USDT": 0.999248, "BNB": 587.88, "USDC": 0.99971, "XRP": 1.12, "SOL": 64.38, "TRX": 0.321324, "FIGR_HELOC": 1.033, "DOGE": 0.083953, "HYPE": 55.93, "USDS": 0.99967, "LEO": 9.5, "RAIN": 0.01257719, "ZEC": 430.44, "CC": 0.165308, "XLM": 0.188073, "ADA": 0.163348, "WBT": 50.56, "XMR": 308.17, "LINK": 7.74, "USD1": 0.998668, "USDE": 0.998985, "TON": 1.67, "DAI": 0.999599, "BCH": 200.53, "M": 2.91, "HBAR": 0.078617, "LTC": 42.58, "SUI": 0.74127, "USYC": 1.13, "AVAX": 6.58, "PYUSD": 0.999659, "LAB": 8.99, "NEAR": 2.14, "SHIB": 4.65e-06, "CRO": 0.059625, "USDG": 0.999817, "XAUT": 4167.8, "BUIDL": 1.0, "USDY": 1.13, "TAO": 206.06, "PAXG": 4176.97, "MNT": 0.535549, "WLFI": 0.054814, "ONDO": 0.351679, "WLD": 0.504142, "RLUSD": 1.0, "ASTER": 0.614853, "DOT": 0.948085, "HTX": 1.72e-06, "UNI": 2.45, "OKB": 70.36, "USDF": 0.994661, "BEAT": 4.79, "PI": 0.126586, "USDD": 0.999465, "BFUSD": 0.9987, "SKY": 0.054882, "ICP": 2.27, "MORPHO": 1.92, "BGB": 1.77, "PEPE": 2.73e-06, "ETC": 6.95, "U": 0.999707, "USDTB": 0.999627, "EUTBL": 1.22, "BCAP": 106.96, "QNT": 65.73, "AAVE": 61.59, "USTB": 11.11, "ATOM": 1.78, "DEXE": 19.41, "JTRSY": 1.11, "KCS": 6.26, "RENDER": 1.6, "KAS": 0.03008028, "STABLE": 0.03495237, "ALGO": 0.090761, "POL": 0.074987, "NEXO": 0.764998, "ENA": 0.079224, "VVV": 14.94, "JST": 0.081382, "\u5e01\u5b89\u4eba\u751f": 0.682391, "JAAA": 1.037, "GT": 6.36, "SIREN": 0.886564, "XDC": 0.0315091, "BDX": 0.078731, "FIL": 0.756826, "FLR": 0.00695551, "GHO": 0.999133, "HASH": 0.01040665, "USD0": 0.998704, "YLDS": 0.999807, "APT": 0.657605, "INJ": 5.38, "PUMP": 0.00149469, "A7A5": 0.01316275}}