{"timestamp": 1781632579, "base": "USD", "data": {"BTC": 65913, "ETH": 1795.26, "USDT": 0.999267, "BNB": 607.95, "XRP": 1.22, "USDC": 0.99984, "SOL": 73.65, "TRX": 0.317706, "FIGR_HELOC": 1.032, "HYPE": 73.94, "DOGE": 0.087161, "USDS": 0.99965, "LEO": 9.7, "RAIN": 0.01413741, "ZEC": 504.23, "XLM": 0.217107, "ADA": 0.174318, "XMR": 341.92, "WBT": 54.04, "CC": 0.163156, "LINK": 8.24, "USD1": 1.0, "USDE": 0.999345, "GRAM": 1.67, "BCH": 217.82, "DAI": 0.999807, "M": 3.15, "LAB": 12.74, "HBAR": 0.081485, "LTC": 45.42, "SUI": 0.788895, "USYC": 1.13, "NEAR": 2.33, "AVAX": 6.84, "SHIB": 4.97e-06, "USDG": 1.0, "PYUSD": 1.0, "CRO": 0.060212, "XAUT": 4318.46, "TAO": 254.08, "BUIDL": 1.0, "WLD": 0.657264, "USDY": 1.13, "PAXG": 4328.39, "UNI": 3.17, "WLFI": 0.060212, "MNT": 0.55762, "ONDO": 0.368059, "ASTER": 0.657301, "DOT": 1.009, "RLUSD": 1.0, "OKB": 75.65, "HTX": 1.69e-06, "PI": 0.136544, "USDF": 0.99377, "USDD": 0.999356, "SKY": 0.057233, "BFUSD": 0.999209, "ICP": 2.37, "BGB": 1.83, "MORPHO": 1.94, "PEPE": 2.96e-06, "ETC": 7.36, "AAVE": 75.3, "QNT": 71.68, "ATOM": 2.0, "U": 0.999599, "BCAP": 107.07, "KCS": 7.18, "USTB": 11.12, "EUTBL": 1.22, "USDTB": 0.999391, "KAS": 0.03272657, "RENDER": 1.73, "DEXE": 18.68, "JTRSY": 1.11, "STABLE": 0.03636218, "ALGO": 0.094053, "POL": 0.077657, "NEXO": 0.812957, "ENA": 0.085214, "GT": 6.83, "BEAT": 2.48, "VVV": 15.15, "JST": 0.082161, "JAAA": 1.038, "\u5e01\u5b89\u4eba\u751f": 0.672709, "FLR": 0.00775353, "JUP": 0.191796, "FIL": 0.789283, "BDX": 0.080207, "XDC": 0.03018314, "GHO": 0.998967, "INJ": 5.69, "NIGHT": 0.03353401, "APT": 0.669311, "USD0": 0.998837, "YLDS": 0.999941, "EURSAFO": 1.17, "ARB": 0.085088}}