{"timestamp": 1781569434, "base": "USD", "data": {"BTC": 66321, "ETH": 1794.39, "USDT": 0.999426, "BNB": 618.24, "XRP": 1.24, "USDC": 0.999852, "SOL": 74.01, "TRX": 0.318074, "FIGR_HELOC": 1.027, "HYPE": 66.88, "DOGE": 0.088056, "USDS": 0.999732, "LEO": 9.79, "ZEC": 514.23, "RAIN": 0.01375888, "XLM": 0.218172, "ADA": 0.178399, "XMR": 350.46, "CC": 0.1662, "WBT": 54.38, "LINK": 8.31, "GRAM": 1.72, "BCH": 225.09, "USD1": 1.0, "USDE": 0.999394, "DAI": 0.999725, "M": 2.92, "HBAR": 0.082788, "LTC": 45.79, "SUI": 0.793982, "NEAR": 2.4, "USYC": 1.13, "LAB": 9.65, "SHIB": 5.05e-06, "AVAX": 6.85, "CRO": 0.062525, "PYUSD": 1.0, "USDG": 0.999967, "XAUT": 4292.78, "TAO": 266.33, "BUIDL": 1.0, "USDY": 1.13, "WLD": 0.590976, "PAXG": 4303.16, "WLFI": 0.06006, "MNT": 0.576198, "ONDO": 0.371278, "UNI": 2.89, "ASTER": 0.651032, "DOT": 1.011, "RLUSD": 0.999798, "OKB": 75.49, "HTX": 1.7e-06, "PI": 0.135409, "USDF": 0.99429, "USDD": 0.999436, "ICP": 2.42, "SKY": 0.05748, "BFUSD": 0.999079, "BGB": 1.82, "MORPHO": 1.96, "PEPE": 2.95e-06, "BEAT": 4.11, "ETC": 7.42, "AAVE": 73.89, "QNT": 70.76, "U": 0.999898, "ATOM": 1.96, "USTB": 11.11, "BCAP": 107.07, "KCS": 7.18, "EUTBL": 1.22, "RENDER": 1.79, "USDTB": 0.999576, "KAS": 0.03307709, "DEXE": 18.92, "JTRSY": 1.11, "ALGO": 0.095413, "STABLE": 0.03582996, "POL": 0.078286, "NEXO": 0.824745, "ENA": 0.085534, "GT": 6.85, "VVV": 15.19, "FLR": 0.00801255, "JAAA": 1.038, "JST": 0.079005, "\u5e01\u5b89\u4eba\u751f": 0.669318, "JUP": 0.194647, "BDX": 0.081503, "FIL": 0.795794, "XDC": 0.03050286, "GHO": 0.998808, "APT": 0.67983, "NIGHT": 0.03393534, "INJ": 5.59, "YLDS": 0.999712, "USD0": 0.999043, "PUMP": 0.00155837, "ARB": 0.086376}}