{"timestamp": 1784826616, "base": "USD", "data": {"BTC": 64725, "ETH": 1885.4, "USDT": 0.999192, "BNB": 566.33, "USDC": 0.999643, "XRP": 1.11, "SOL": 75.87, "TRX": 0.326573, "FIGR_HELOC": 1.004, "WBT": 56.49, "HYPE": 58.69, "DOGE": 0.069545, "USDS": 0.999724, "RAIN": 0.01407124, "LEO": 9.73, "ZEC": 513.81, "XMR": 351.92, "LINK": 8.47, "ADA": 0.169208, "XLM": 0.182363, "CC": 0.120699, "DAI": 0.999877, "BCH": 212.28, "USD1": 0.998907, "GRAM": 1.48, "USDE": 0.999481, "LTC": 46.51, "USDG": 0.999976, "HBAR": 0.072421, "SUI": 0.744687, "USYC": 1.13, "AVAX": 6.43, "PYUSD": 0.999552, "CRO": 0.057471, "BUIDL": 1.0, "XAUT": 4048.56, "NEAR": 1.88, "SHIB": 4.13e-06, "UNI": 3.76, "USDY": 1.14, "ONDO": 0.402394, "WLFI": 0.059905, "TAO": 192.86, "PAXG": 4046.98, "OKB": 81.21, "ASTER": 0.620021, "HTX": 1.83e-06, "RLUSD": 1.0, "M": 1.16, "USDD": 0.99909, "AAVE": 95.88, "SKY": 0.061445, "USDF": 0.996732, "DOT": 0.809737, "MNT": 0.407896, "WLD": 0.376168, "BFUSD": 0.998271, "MORPHO": 1.97, "ICP": 2.16, "PEPE": 2.78e-06, "BGB": 1.67, "USDGO": 0.999852, "ETC": 6.84, "U": 0.999776, "BCAP": 106.2, "PI": 0.087931, "STABLE": 0.03813988, "QNT": 63.81, "BEAT": 2.95, "KCS": 6.6, "JTRSY": 1.11, "ENA": 0.089297, "JST": 0.100205, "POL": 0.075923, "USTB": 11.15, "KAS": 0.02803114, "RENDER": 1.48, "PUMP": 0.00191273, "ATOM": 1.43, "ALGO": 0.082571, "NEXO": 0.740378, "GT": 6.67, "JAAA": 1.042, "\u5e01\u5b89\u4eba\u751f": 0.678497, "BDX": 0.083565, "GHO": 0.998533, "JUP": 0.19109, "FIL": 0.727669, "VVV": 12.25, "YLDS": 0.999375, "ARB": 0.086329, "FLR": 0.00644164, "XDC": 0.02785828, "LIT": 2.21, "USD0": 0.999394, "EUTBL": 1.23, "USX": 0.999308, "APT": 0.613236, "INJ": 5.15, "TUSD": 0.996318}}