{"timestamp": 1782360220, "base": "USD", "data": {"BTC": 60802, "ETH": 1617.29, "USDT": 0.998447, "BNB": 564.93, "USDC": 0.999744, "XRP": 1.07, "SOL": 67.59, "TRX": 0.326894, "FIGR_HELOC": 1.027, "HYPE": 63.03, "DOGE": 0.07593, "USDS": 0.999621, "RAIN": 0.01585424, "LEO": 9.34, "ZEC": 410.78, "XLM": 0.186286, "CC": 0.151356, "WBT": 49.41, "XMR": 310.05, "LINK": 7.39, "ADA": 0.147311, "LAB": 16.1, "USD1": 0.998553, "DAI": 0.999579, "USDE": 0.998143, "GRAM": 1.59, "BCH": 191.07, "HBAR": 0.074314, "LTC": 41.22, "USYC": 1.13, "USDG": 0.999811, "AVAX": 6.41, "PYUSD": 0.999843, "SUI": 0.67897, "SHIB": 4.38e-06, "CRO": 0.055827, "NEAR": 1.94, "XAUT": 3990.03, "BUIDL": 1.0, "USDY": 1.13, "TAO": 218.84, "WLFI": 0.057799, "UNI": 2.93, "PAXG": 3991.82, "WLD": 0.511966, "MNT": 0.501597, "ASTER": 0.618392, "RLUSD": 0.999908, "OKB": 75.38, "HTX": 1.7e-06, "ONDO": 0.314629, "DOT": 0.880618, "USDF": 0.994194, "USDD": 0.99931, "PI": 0.125844, "BFUSD": 0.997992, "AAVE": 82.87, "SKY": 0.053858, "ICP": 2.2, "BGB": 1.67, "MORPHO": 1.74, "ETC": 7.04, "DEXE": 22.65, "PEPE": 2.51e-06, "U": 0.9996, "QNT": 68.23, "BCAP": 107.03, "M": 0.723185, "KCS": 6.93, "EUTBL": 1.2, "USDTB": 0.999898, "USTB": 11.12, "JTRSY": 1.11, "STABLE": 0.03611271, "ATOM": 1.64, "RENDER": 1.55, "ALGO": 0.089366, "POL": 0.073476, "ENA": 0.083602, "KAS": 0.02780182, "NEXO": 0.75213, "JUP": 0.220662, "JST": 0.081283, "\u5e01\u5b89\u4eba\u751f": 0.694915, "GT": 6.42, "JAAA": 1.039, "BDX": 0.083357, "VVV": 12.96, "FLR": 0.00692722, "GHO": 0.997706, "EURSAFO": 1.14, "FIL": 0.746259, "XDC": 0.02869769, "YLDS": 0.999745, "USD0": 0.998932, "ADI": 4.38, "BEAT": 1.8, "APT": 0.623502, "NIGHT": 0.031095, "HASH": 0.0093501}}