{"timestamp": 1781032108, "base": "USD", "data": {"BTC": 61796, "ETH": 1651.09, "USDT": 0.999265, "BNB": 594.01, "USDC": 0.999698, "XRP": 1.14, "SOL": 65.24, "TRX": 0.32306, "FIGR_HELOC": 1.031, "DOGE": 0.084855, "HYPE": 59.04, "USDS": 0.99971, "LEO": 9.42, "RAIN": 0.01277941, "ZEC": 450.61, "XLM": 0.195227, "CC": 0.163435, "ADA": 0.167061, "WBT": 51.1, "XMR": 305.55, "LINK": 7.86, "TON": 1.7, "USD1": 0.998926, "USDE": 0.999005, "DAI": 0.999839, "BCH": 204.13, "M": 2.95, "HBAR": 0.079834, "LTC": 43.1, "LAB": 9.87, "SUI": 0.751292, "USYC": 1.13, "AVAX": 6.65, "NEAR": 2.16, "PYUSD": 0.999699, "SHIB": 4.67e-06, "CRO": 0.060002, "XAUT": 4251.89, "USDG": 0.999825, "BUIDL": 1.0, "USDY": 1.13, "TAO": 210.41, "PAXG": 4261.42, "WLD": 0.52651, "ONDO": 0.361704, "MNT": 0.531201, "WLFI": 0.05506, "ASTER": 0.62194, "RLUSD": 0.999995, "DOT": 0.959516, "HTX": 1.72e-06, "UNI": 2.49, "OKB": 71.97, "USDF": 0.994413, "PI": 0.127769, "BEAT": 4.71, "USDD": 0.999609, "BFUSD": 0.998801, "SKY": 0.056018, "ICP": 2.29, "BGB": 1.79, "MORPHO": 1.9, "PEPE": 2.78e-06, "ETC": 7.02, "U": 0.9998, "EUTBL": 1.22, "USDTB": 0.999365, "BCAP": 106.96, "QNT": 65.48, "AAVE": 61.67, "USTB": 11.11, "ATOM": 1.77, "DEXE": 18.62, "JTRSY": 1.11, "KCS": 6.3, "KAS": 0.03064049, "RENDER": 1.62, "STABLE": 0.0350706, "ALGO": 0.091097, "POL": 0.075087, "NEXO": 0.769215, "ENA": 0.08142, "VVV": 15.5, "JST": 0.082535, "JAAA": 1.037, "\u5e01\u5b89\u4eba\u751f": 0.684272, "GT": 6.35, "SIREN": 0.881834, "XDC": 0.03135901, "BDX": 0.07886, "FIL": 0.768546, "FLR": 0.00703349, "GHO": 0.999229, "HASH": 0.01072677, "INJ": 5.6, "USD0": 0.998879, "APT": 0.660214, "PUMP": 0.00153108, "YLDS": 0.999615, "NIGHT": 0.03136876}}