{"timestamp": 1781437753, "base": "USD", "data": {"BTC": 64573, "ETH": 1674.71, "USDT": 0.999463, "BNB": 612.09, "USDC": 0.999798, "XRP": 1.14, "SOL": 68.21, "TRX": 0.317959, "FIGR_HELOC": 1.018, "HYPE": 61.08, "DOGE": 0.087126, "USDS": 0.999683, "LEO": 9.71, "RAIN": 0.0130412, "ZEC": 423.04, "XMR": 340.36, "ADA": 0.170109, "WBT": 52.56, "XLM": 0.184052, "CC": 0.158943, "LINK": 7.93, "TON": 1.72, "USDE": 0.999645, "USD1": 1.001, "DAI": 0.999686, "BCH": 204.31, "M": 2.96, "HBAR": 0.078859, "LTC": 44.1, "LAB": 9.89, "SUI": 0.759301, "USYC": 1.13, "SHIB": 4.96e-06, "AVAX": 6.65, "PYUSD": 1.0, "CRO": 0.061612, "NEAR": 2.11, "USDG": 1.0, "TAO": 271.46, "XAUT": 4215.34, "BUIDL": 1.0, "USDY": 1.13, "PAXG": 4224.29, "WLFI": 0.05858, "MNT": 0.560918, "ONDO": 0.358139, "WLD": 0.501091, "ASTER": 0.631243, "RLUSD": 0.999799, "DOT": 0.968937, "UNI": 2.52, "OKB": 74.12, "BEAT": 5.38, "HTX": 1.68e-06, "USDF": 0.995383, "PI": 0.132162, "USDD": 0.999555, "ICP": 2.46, "SKY": 0.056811, "BFUSD": 0.999101, "MORPHO": 1.95, "BGB": 1.79, "PEPE": 2.82e-06, "ETC": 7.12, "H": 0.608839, "AAVE": 66.01, "U": 0.999902, "QNT": 68.58, "ATOM": 1.93, "BCAP": 106.96, "EUTBL": 1.22, "USTB": 11.11, "KCS": 6.97, "RENDER": 1.77, "USDTB": 1.0, "KAS": 0.03162236, "JTRSY": 1.11, "DEXE": 17.93, "STABLE": 0.03521562, "ALGO": 0.091442, "POL": 0.075298, "NEXO": 0.795701, "ENA": 0.082733, "VVV": 15.97, "GT": 6.74, "JAAA": 1.038, "FLR": 0.00790247, "\u5e01\u5b89\u4eba\u751f": 0.668474, "JST": 0.075499, "BDX": 0.080288, "FIL": 0.771314, "GHO": 0.999054, "XDC": 0.02996572, "JUP": 0.170454, "YLDS": 0.999758, "USD0": 0.998672, "APT": 0.663331, "HASH": 0.00993365, "PUMP": 0.00153054, "NIGHT": 0.03180407}}