{"timestamp": 1783851547, "base": "USD", "data": {"BTC": 63865, "ETH": 1799.24, "USDT": 0.999304, "BNB": 574.09, "USDC": 0.999795, "XRP": 1.094, "SOL": 76.66, "TRX": 0.330139, "FIGR_HELOC": 1.041, "HYPE": 66.7, "DOGE": 0.072915, "USDS": 0.999782, "RAIN": 0.0146116, "ZEC": 524.2, "LEO": 9.53, "WBT": 55.94, "XLM": 0.185741, "XMR": 327.19, "ADA": 0.164303, "LINK": 8.01, "CC": 0.136054, "BCH": 244.63, "DAI": 0.999528, "GRAM": 1.64, "USD1": 0.999047, "USDE": 0.999746, "LTC": 44.48, "USDG": 0.99985, "USYC": 1.13, "SUI": 0.738971, "HBAR": 0.067684, "BUIDL": 1.0, "PYUSD": 0.999736, "AVAX": 6.4, "CRO": 0.055671, "SHIB": 4.3e-06, "XAUT": 4093.69, "NEAR": 1.88, "UNI": 3.64, "USDY": 1.14, "TAO": 209.99, "DEXE": 42.94, "PAXG": 4097.97, "WLFI": 0.057509, "OKB": 80.63, "HTX": 1.85e-06, "ASTER": 0.619971, "M": 1.22, "ONDO": 0.32647, "USDD": 0.999388, "RLUSD": 0.999873, "AAVE": 97.84, "WLD": 0.413808, "SKY": 0.061653, "DOT": 0.844862, "USDF": 0.99599, "MNT": 0.420761, "BFUSD": 0.998779, "MORPHO": 1.99, "ICP": 2.25, "BGB": 1.65, "PEPE": 2.72e-06, "ETC": 6.86, "PI": 0.096942, "U": 0.999951, "EUTBL": 1.2, "BCAP": 106.63, "KCS": 6.97, "QNT": 65.51, "USDGO": 0.999992, "STABLE": 0.03661956, "JTRSY": 1.11, "JST": 0.101361, "POL": 0.0792, "ATOM": 1.56, "ADI": 6.43, "RENDER": 1.55, "KAS": 0.02887049, "USTB": 11.14, "ENA": 0.082014, "EURSAFO": 1.15, "BEAT": 2.45, "ALGO": 0.083964, "NEXO": 0.741275, "USDTB": 1.0, "GT": 6.68, "\u5e01\u5b89\u4eba\u751f": 0.701388, "BDX": 0.087331, "JAAA": 1.041, "JUP": 0.20192, "LIT": 2.59, "FIL": 0.786221, "ARB": 0.095556, "GHO": 0.9984, "FLR": 0.00654671, "PUMP": 0.00140443, "USD0": 0.998537, "XDC": 0.02708233, "YLDS": 0.999708, "APT": 0.622519}}