{"timestamp": 1779742659, "base": "USD", "data": {"BTC": 77258, "ETH": 2113.44, "USDT": 0.999018, "BNB": 661.5, "XRP": 1.35, "USDC": 0.999725, "SOL": 85.42, "TRX": 0.371317, "FIGR_HELOC": 1.03, "DOGE": 0.102453, "HYPE": 61.2, "USDS": 0.999708, "ZEC": 648.6, "LEO": 9.99, "ADA": 0.244249, "XMR": 384.83, "BCH": 350.24, "LINK": 9.5, "WBT": 56.85, "CC": 0.16557, "TON": 1.97, "XLM": 0.149941, "USD1": 0.998859, "USDE": 0.999117, "DAI": 0.999505, "SUI": 1.047, "LTC": 52.74, "AVAX": 9.34, "HBAR": 0.088633, "M": 2.94, "RAIN": 0.00798821, "PYUSD": 0.999779, "NEAR": 2.75, "SHIB": 5.59e-06, "CRO": 0.068982, "USYC": 1.13, "USDG": 0.999607, "XAUT": 4548.99, "TAO": 280.61, "BUIDL": 1.0, "MNT": 0.650399, "USDY": 1.14, "PAXG": 4559.14, "DOT": 1.27, "ONDO": 0.437052, "UNI": 3.33, "WLFI": 0.061377, "HTX": 2.03e-06, "ASTER": 0.686525, "OKB": 83.26, "USDF": 0.99715, "RLUSD": 1.0, "SKY": 0.069991, "PI": 0.148858, "USDD": 0.999173, "PEPE": 3.6e-06, "ICP": 2.71, "MORPHO": 2.24, "ETC": 8.99, "BGB": 2.0, "BFUSD": 0.998692, "AAVE": 86.68, "QNT": 80.01, "RENDER": 2.17, "WLD": 0.323718, "ATOM": 2.14, "USDTB": 0.999154, "KCS": 8.04, "EUTBL": 1.23, "U": 0.999946, "ALGO": 0.113095, "POL": 0.093096, "USTB": 11.09, "BCAP": 105.74, "JTRSY": 1.1, "KAS": 0.03373645, "ENA": 0.10032, "STABLE": 0.03736084, "NEXO": 0.853421, "VVV": 17.63, "DEXE": 17.14, "APT": 0.974665, "JST": 0.092427, "FIL": 0.988658, "GT": 7.01, "FLR": 0.0083027, "ARB": 0.109016, "JUP": 0.202201, "XDC": 0.03255981, "PUMP": 0.00179936, "BDX": 0.07863, "HASH": 0.01135011, "GHO": 0.998945, "DASH": 45.27, "VET": 0.006667, "INJ": 5.64, "PENGU": 0.00890201, "USD0": 0.998489, "OUSG": 115.33, "NIGHT": 0.03245752}}