{"timestamp": 1781478023, "base": "USD", "data": {"BTC": 65347, "ETH": 1720.49, "USDT": 0.999437, "BNB": 613.68, "USDC": 0.999768, "XRP": 1.17, "SOL": 70.41, "TRX": 0.319568, "FIGR_HELOC": 1.018, "HYPE": 63.14, "DOGE": 0.088353, "USDS": 0.999685, "LEO": 9.78, "RAIN": 0.01306462, "ZEC": 468.71, "ADA": 0.175296, "XLM": 0.187474, "XMR": 336.0, "WBT": 53.23, "CC": 0.161211, "LINK": 8.11, "TON": 1.75, "USDE": 0.999591, "USD1": 1.0, "DAI": 0.999685, "BCH": 208.3, "M": 2.98, "LAB": 11.79, "LTC": 45.09, "HBAR": 0.080104, "SUI": 0.784824, "USYC": 1.13, "SHIB": 5e-06, "AVAX": 6.72, "NEAR": 2.22, "CRO": 0.062176, "PYUSD": 0.9999, "USDG": 1.0, "TAO": 274.28, "XAUT": 4275.17, "BUIDL": 1.0, "USDY": 1.13, "PAXG": 4284.19, "WLFI": 0.059544, "MNT": 0.566795, "ONDO": 0.367241, "WLD": 0.519376, "ASTER": 0.633746, "DOT": 0.987634, "RLUSD": 0.999818, "UNI": 2.58, "BEAT": 5.57, "OKB": 75.0, "HTX": 1.69e-06, "USDF": 0.99633, "PI": 0.13375, "ICP": 2.49, "USDD": 0.999608, "SKY": 0.057552, "BFUSD": 0.9988, "MORPHO": 1.95, "BGB": 1.79, "PEPE": 2.89e-06, "ETC": 7.15, "AAVE": 67.88, "ATOM": 2.0, "U": 0.999982, "QNT": 68.26, "EUTBL": 1.22, "BCAP": 106.96, "KCS": 7.11, "USTB": 11.11, "RENDER": 1.8, "USDTB": 1.001, "KAS": 0.03206789, "JTRSY": 1.11, "STABLE": 0.03568394, "ALGO": 0.092071, "DEXE": 17.54, "POL": 0.07678, "NEXO": 0.811687, "VVV": 16.89, "ENA": 0.084217, "GT": 6.76, "FLR": 0.00801108, "JAAA": 1.038, "\u5e01\u5b89\u4eba\u751f": 0.664729, "JST": 0.077715, "FIL": 0.786931, "BDX": 0.079999, "XDC": 0.03010923, "GHO": 0.998957, "H": 0.321171, "JUP": 0.17471, "APT": 0.677376, "YLDS": 0.999817, "USD0": 0.998635, "PUMP": 0.00157245, "ARB": 0.085133, "NIGHT": 0.03208302}}