{"timestamp": 1783145497, "base": "USD", "data": {"BTC": 62448, "ETH": 1756.89, "USDT": 0.999093, "BNB": 571.04, "USDC": 0.999922, "XRP": 1.14, "SOL": 83.4, "TRX": 0.322953, "FIGR_HELOC": 1.009, "HYPE": 71.49, "DOGE": 0.077319, "RAIN": 0.01546125, "USDS": 0.999762, "LEO": 9.16, "ZEC": 463.26, "XLM": 0.208042, "WBT": 56.54, "ADA": 0.178147, "XMR": 326.95, "LINK": 7.93, "CC": 0.139697, "GRAM": 1.79, "DAI": 0.99986, "USD1": 0.99878, "BCH": 227.58, "USDE": 0.99879, "LTC": 44.45, "HBAR": 0.072727, "USYC": 1.13, "SUI": 0.760431, "USDG": 1.0, "AVAX": 6.9, "PYUSD": 0.999891, "CRO": 0.060015, "NEAR": 2.0, "SHIB": 4.42e-06, "XAUT": 4156.21, "LAB": 7.49, "BUIDL": 1.0, "USDY": 1.14, "M": 1.6, "TAO": 215.33, "UNI": 3.2, "PAXG": 4159.56, "WLFI": 0.056409, "ASTER": 0.642009, "OKB": 81.73, "ONDO": 0.335603, "RLUSD": 1.0, "WLD": 0.441871, "HTX": 1.69e-06, "DOT": 0.877671, "MNT": 0.448053, "USDF": 0.996363, "USDD": 1.0, "SKY": 0.058423, "AAVE": 88.73, "BFUSD": 0.998399, "MORPHO": 2.0, "PI": 0.116929, "ICP": 2.22, "BGB": 1.71, "PEPE": 2.78e-06, "ETC": 7.17, "DEXE": 22.95, "U": 1.0, "QNT": 67.86, "EUTBL": 1.21, "KCS": 7.12, "BCAP": 106.97, "USDGO": 0.999681, "KAS": 0.0317814, "JTRSY": 1.11, "USTB": 11.13, "BEAT": 2.74, "STABLE": 0.03460577, "RENDER": 1.6, "ATOM": 1.59, "ALGO": 0.088872, "JUP": 0.238599, "POL": 0.073345, "NEXO": 0.777273, "JST": 0.090157, "ENA": 0.079171, "USDTB": 1.0, "ADI": 5.77, "GT": 6.7, "BDX": 0.088441, "\u5e01\u5b89\u4eba\u751f": 0.693997, "EURSAFO": 1.15, "JAAA": 1.04, "PUMP": 0.00164067, "FIL": 0.796789, "FLR": 0.00704468, "VVV": 12.76, "GHO": 0.998018, "XDC": 0.02861459, "LIT": 2.23, "USD0": 0.998608, "YLDS": 0.999805}}