{"timestamp": 1784407984, "base": "USD", "data": {"BTC": 64534, "ETH": 1855.17, "USDT": 0.99929, "BNB": 570.66, "USDC": 0.999856, "XRP": 1.093, "SOL": 75.31, "TRX": 0.326025, "FIGR_HELOC": 1.033, "HYPE": 59.9, "DOGE": 0.072338, "USDS": 0.999853, "RAIN": 0.01457887, "ZEC": 556.61, "LEO": 9.8, "WBT": 56.23, "XLM": 0.188089, "XMR": 333.56, "LINK": 8.34, "ADA": 0.166166, "CC": 0.12505, "DAI": 0.999682, "BCH": 220.45, "USD1": 0.999362, "GRAM": 1.47, "USDE": 0.999933, "LTC": 46.87, "USDG": 1.001, "USYC": 1.13, "SUI": 0.741165, "HBAR": 0.066823, "PYUSD": 0.999814, "AVAX": 6.56, "CRO": 0.059623, "BUIDL": 1.0, "NEAR": 1.93, "XAUT": 4006.75, "SHIB": 4.13e-06, "UNI": 3.53, "USDY": 1.14, "TAO": 195.8, "WLFI": 0.056903, "PAXG": 4004.57, "OKB": 81.37, "ONDO": 0.349397, "DEXE": 35.63, "ASTER": 0.619585, "HTX": 1.83e-06, "M": 1.23, "RLUSD": 1.0, "USDD": 0.999261, "SKY": 0.062678, "USDF": 0.994879, "DOT": 0.834791, "MNT": 0.419927, "AAVE": 89.76, "MORPHO": 2.03, "BFUSD": 0.99851, "WLD": 0.370156, "ICP": 2.16, "PEPE": 2.76e-06, "BGB": 1.64, "ETC": 6.98, "U": 1.0, "USDGO": 0.999889, "EUTBL": 1.21, "BCAP": 106.19, "QNT": 64.02, "PI": 0.084733, "KCS": 6.65, "STABLE": 0.03574006, "JTRSY": 1.11, "POL": 0.081082, "EURSAFO": 1.15, "ADI": 6.48, "JST": 0.098456, "ATOM": 1.5, "ENA": 0.080473, "USTB": 11.15, "RENDER": 1.47, "KAS": 0.02753404, "NEXO": 0.753896, "ALGO": 0.082468, "BEAT": 2.36, "GT": 6.76, "\u5e01\u5b89\u4eba\u751f": 0.688341, "JAAA": 1.041, "PUMP": 0.00163568, "BDX": 0.083008, "GHO": 0.998908, "JUP": 0.192963, "FIL": 0.749284, "FLR": 0.00651925, "ARB": 0.088183, "XDC": 0.02803023, "YLDS": 0.999933, "USD0": 0.998681, "LIT": 2.2, "VVV": 11.57, "USX": 0.999876}}