{"timestamp": 1779345885, "base": "USD", "data": {"BTC": 77631, "ETH": 2130.84, "USDT": 0.998944, "BNB": 650.84, "XRP": 1.37, "USDC": 0.999616, "SOL": 86.32, "TRX": 0.36025, "FIGR_HELOC": 1.035, "DOGE": 0.104962, "HYPE": 56.29, "WBT": 57.3, "ZEC": 666.05, "USDS": 0.999608, "LEO": 10.08, "ADA": 0.248438, "BCH": 377.34, "XMR": 399.48, "LINK": 9.65, "CC": 0.153123, "TON": 2.03, "XLM": 0.145228, "USD1": 0.999705, "USDE": 0.999219, "SUI": 1.1, "DAI": 0.999659, "LTC": 54.3, "AVAX": 9.36, "HBAR": 0.088675, "M": 2.91, "PYUSD": 0.999691, "RAIN": 0.00748591, "SHIB": 5.8e-06, "CRO": 0.069234, "USYC": 1.12, "TAO": 281.51, "XAUT": 4517.8, "USDG": 0.999549, "BUIDL": 1.0, "UNI": 3.64, "MNT": 0.691237, "NEAR": 1.72, "DOT": 1.27, "USDY": 1.13, "PAXG": 4517.63, "WLFI": 0.061836, "ONDO": 0.400146, "HTX": 2.01e-06, "USDF": 0.997259, "ASTER": 0.684822, "RLUSD": 0.99978, "OKB": 80.93, "SKY": 0.070485, "PI": 0.152585, "PEPE": 3.75e-06, "USDD": 0.999125, "ICP": 2.56, "BGB": 2.01, "ETC": 8.99, "AAVE": 88.84, "BFUSD": 0.998101, "MORPHO": 1.88, "KCS": 8.02, "USDTB": 0.99892, "QNT": 73.46, "ATOM": 2.08, "EUTBL": 1.22, "ALGO": 0.117302, "U": 0.999775, "RENDER": 1.93, "JTRSY": 1.1, "USTB": 11.09, "POL": 0.091194, "BCAP": 105.74, "ENA": 0.106128, "KAS": 0.03445205, "WLD": 0.256088, "NEXO": 0.87203, "STABLE": 0.03436248, "APT": 0.959305, "JST": 0.092014, "VVV": 16.91, "FIL": 0.985027, "GT": 7.09, "FLR": 0.00845963, "JUP": 0.209799, "ARB": 0.111163, "XDC": 0.03377807, "DEXE": 13.61, "PUMP": 0.00177272, "DASH": 48.34, "BDX": 0.078702, "GHO": 0.998877, "PENGU": 0.00914168, "VET": 0.00662443, "OUSG": 115.31, "USD0": 0.998513, "BONK": 6.15e-06, "HASH": 0.00996536, "KITE": 0.230714}}