{"timestamp": 1778602981, "base": "USD", "data": {"BTC": 80294, "ETH": 2267.84, "USDT": 0.99965, "XRP": 1.43, "BNB": 653.26, "USDC": 0.999783, "SOL": 94.2, "TRX": 0.347947, "FIGR_HELOC": 1.03, "DOGE": 0.108744, "WBT": 58.91, "USDS": 0.999807, "ADA": 0.269647, "HYPE": 40.34, "LEO": 10.17, "ZEC": 546.41, "BCH": 439.63, "LINK": 10.18, "XMR": 396.14, "TON": 2.33, "CC": 0.152251, "XLM": 0.162222, "SUI": 1.23, "LTC": 57.28, "USD1": 0.998403, "DAI": 0.999364, "M": 3.27, "AVAX": 9.75, "HBAR": 0.093101, "USDE": 0.999428, "SHIB": 6.37e-06, "RAIN": 0.0075102, "USDG": 0.999795, "PYUSD": 0.999981, "CRO": 0.078574, "USYC": 1.12, "TAO": 307.35, "XAUT": 4668.9, "UNI": 3.71, "BUIDL": 1.0, "DOT": 1.31, "PAXG": 4667.81, "MNT": 0.666617, "WLFI": 0.067583, "NEAR": 1.54, "ONDO": 0.391091, "USDY": 1.13, "PI": 0.171175, "USDF": 0.999146, "HTX": 1.97e-06, "OKB": 84.94, "ICP": 3.17, "SKY": 0.07499, "PEPE": 4.11e-06, "ASTER": 0.667455, "RLUSD": 1.0, "USDD": 0.999629, "BGB": 2.09, "ETC": 9.3, "AAVE": 95.7, "BFUSD": 0.999407, "MORPHO": 2.03, "JTRSY": 1.1, "KCS": 8.3, "ENA": 0.120488, "ALGO": 0.12139, "POL": 0.099152, "QNT": 71.45, "KAS": 0.03776737, "U": 0.999311, "ATOM": 2.01, "EUTBL": 1.23, "USTB": 11.08, "RENDER": 1.86, "BCAP": 105.87, "NEXO": 0.914434, "STABLE": 0.03987441, "WLD": 0.263458, "APT": 1.064, "SIREN": 1.16, "FIL": 1.081, "ARB": 0.136087, "GT": 7.31, "JST": 0.089703, "JUP": 0.228705, "VVV": 16.4, "FLR": 0.00859665, "PUMP": 0.00194765, "B": 0.64672, "XDC": 0.03213273, "VET": 0.00741196, "BONK": 7.02e-06, "BDX": 0.079673, "OUSG": 115.21, "PENGU": 0.0095689, "USDTB": 0.999236, "DEXE": 12.68, "GHO": 0.999458, "DASH": 45.49, "NIGHT": 0.03407267}}