{"timestamp": 1784221517, "base": "USD", "data": {"BTC": 64341, "ETH": 1874.96, "USDT": 0.999294, "BNB": 576.21, "USDC": 0.999884, "XRP": 1.11, "SOL": 76.14, "TRX": 0.322963, "FIGR_HELOC": 1.037, "HYPE": 63.76, "DOGE": 0.073341, "USDS": 0.99986, "ZEC": 553.71, "RAIN": 0.0138786, "LEO": 9.83, "WBT": 56.32, "XLM": 0.191379, "XMR": 336.43, "LINK": 8.41, "ADA": 0.163234, "CC": 0.133883, "DAI": 0.999705, "BCH": 221.87, "USD1": 0.998921, "GRAM": 1.55, "USDE": 0.999775, "LTC": 45.22, "USDG": 1.001, "SUI": 0.749981, "USYC": 1.13, "HBAR": 0.067851, "AVAX": 6.59, "PYUSD": 0.999816, "NEAR": 2.06, "CRO": 0.056854, "BUIDL": 1.0, "XAUT": 3991.82, "SHIB": 4.15e-06, "UNI": 3.62, "USDY": 1.14, "ONDO": 0.386504, "TAO": 195.14, "WLFI": 0.057824, "PAXG": 3988.88, "OKB": 80.61, "ASTER": 0.622557, "HTX": 1.8e-06, "M": 1.2, "RLUSD": 0.999875, "DEXE": 31.68, "MNT": 0.447371, "USDD": 0.999245, "DOT": 0.84502, "USDF": 0.995529, "SKY": 0.060219, "WLD": 0.396562, "AAVE": 92.02, "MORPHO": 2.02, "BFUSD": 0.998403, "ICP": 2.15, "BGB": 1.66, "PEPE": 2.73e-06, "ETC": 7.05, "U": 0.999061, "EUTBL": 1.21, "USDGO": 0.999996, "BCAP": 106.19, "STABLE": 0.03931182, "QNT": 64.65, "KCS": 6.75, "POL": 0.082882, "ADI": 7.02, "JTRSY": 1.11, "JST": 0.098244, "PI": 0.075176, "ENA": 0.08547, "EURSAFO": 1.15, "BEAT": 2.59, "ATOM": 1.53, "KAS": 0.0286562, "RENDER": 1.51, "USTB": 11.15, "NEXO": 0.751699, "ALGO": 0.083028, "\u5e01\u5b89\u4eba\u751f": 0.716554, "GT": 6.68, "PUMP": 0.00174247, "BDX": 0.087713, "JAAA": 1.041, "JUP": 0.201733, "LIT": 2.5, "FIL": 0.780917, "GHO": 0.998499, "FLR": 0.00667444, "ARB": 0.088394, "USD0": 0.998759, "YLDS": 0.999911, "XDC": 0.02719278, "USX": 0.999869, "APT": 0.614936}}