{"timestamp": 1784281729, "base": "USD", "data": {"BTC": 62993, "ETH": 1832.92, "USDT": 0.999029, "BNB": 564.79, "USDC": 0.999925, "XRP": 1.086, "SOL": 74.69, "TRX": 0.321918, "FIGR_HELOC": 1.02, "HYPE": 60.85, "DOGE": 0.071637, "USDS": 0.999799, "RAIN": 0.01425387, "LEO": 9.8, "ZEC": 533.19, "WBT": 55.03, "XLM": 0.183707, "LINK": 8.18, "XMR": 324.96, "ADA": 0.160501, "CC": 0.130379, "DAI": 0.999821, "BCH": 222.99, "USD1": 0.99855, "GRAM": 1.49, "USDE": 0.999718, "LTC": 44.61, "USDG": 1.003, "USYC": 1.13, "SUI": 0.734222, "HBAR": 0.066143, "PYUSD": 0.999706, "AVAX": 6.49, "CRO": 0.059606, "BUIDL": 1.0, "NEAR": 1.91, "XAUT": 3995.22, "SHIB": 4.12e-06, "UNI": 3.52, "USDY": 1.14, "TAO": 191.93, "WLFI": 0.056882, "ONDO": 0.369843, "PAXG": 3991.36, "OKB": 79.76, "DEXE": 35.39, "ASTER": 0.612224, "HTX": 1.8e-06, "M": 1.22, "RLUSD": 1.0, "MNT": 0.440844, "DOT": 0.853901, "USDD": 0.998982, "USDF": 0.995238, "SKY": 0.060118, "AAVE": 90.67, "WLD": 0.380292, "BFUSD": 0.998207, "MORPHO": 1.99, "ICP": 2.11, "PEPE": 2.74e-06, "BGB": 1.63, "ETC": 6.92, "U": 0.999641, "EUTBL": 1.21, "USDGO": 0.999805, "BCAP": 106.19, "QNT": 64.13, "KCS": 6.65, "POL": 0.084597, "ADI": 6.99, "PI": 0.079715, "JTRSY": 1.11, "STABLE": 0.03500906, "JST": 0.098019, "EURSAFO": 1.15, "BEAT": 2.57, "ATOM": 1.5, "ENA": 0.080861, "USTB": 11.15, "KAS": 0.02782309, "RENDER": 1.47, "NEXO": 0.741422, "ALGO": 0.082453, "\u5e01\u5b89\u4eba\u751f": 0.715942, "GT": 6.59, "BDX": 0.088222, "JAAA": 1.041, "PUMP": 0.00163867, "JUP": 0.193317, "FIL": 0.764721, "GHO": 0.998726, "ARB": 0.090057, "FLR": 0.00653684, "XDC": 0.02800138, "USD0": 0.998792, "YLDS": 0.999841, "LIT": 2.17, "USX": 0.999807, "APT": 0.602314}}