{"timestamp": 1780522996, "base": "USD", "data": {"BTC": 65261, "ETH": 1814.13, "USDT": 0.998631, "BNB": 624.12, "USDC": 0.999678, "XRP": 1.21, "SOL": 71.92, "TRX": 0.333612, "FIGR_HELOC": 1.032, "HYPE": 74.28, "DOGE": 0.092251, "USDS": 0.999239, "ZEC": 618.11, "LEO": 9.95, "RAIN": 0.01428992, "ADA": 0.203223, "XLM": 0.212796, "XMR": 360.38, "LINK": 8.35, "CC": 0.155497, "WBT": 47.74, "TON": 1.92, "LAB": 16.42, "BCH": 245.76, "USD1": 0.998425, "USDE": 0.998573, "M": 3.32, "DAI": 0.999656, "HBAR": 0.085883, "NEAR": 2.87, "LTC": 47.58, "AVAX": 8.07, "SUI": 0.830111, "SHIB": 5.22e-06, "PYUSD": 1.0, "USYC": 1.13, "CRO": 0.062281, "XAUT": 4411.41, "USDG": 0.999849, "BUIDL": 1.0, "TAO": 227.0, "USDY": 1.13, "ONDO": 0.420626, "PAXG": 4431.8, "WLFI": 0.062361, "MNT": 0.597742, "DOT": 1.1, "WLD": 0.528815, "ASTER": 0.689917, "UNI": 2.83, "RLUSD": 0.999871, "ICP": 3.12, "OKB": 79.63, "HTX": 1.76e-06, "USDF": 0.994526, "SKY": 0.067718, "PI": 0.138421, "USDD": 0.99898, "BGB": 1.89, "PEPE": 3.14e-06, "BFUSD": 0.997902, "MORPHO": 1.88, "ETC": 7.75, "AAVE": 74.79, "RENDER": 2.17, "H": 0.591578, "QNT": 72.26, "USDTB": 0.999226, "ENA": 0.111256, "EUTBL": 1.22, "POL": 0.093699, "KCS": 7.26, "BCAP": 107.16, "ATOM": 1.87, "VVV": 20.44, "ALGO": 0.107198, "U": 0.999513, "USTB": 11.1, "STABLE": 0.03903763, "KAS": 0.03257128, "JTRSY": 1.11, "DEXE": 18.11, "NEXO": 0.794389, "FIL": 0.937465, "GT": 6.72, "JUP": 0.203731, "APT": 0.822593, "INJ": 6.7, "\u5e01\u5b89\u4eba\u751f": 0.643411, "JST": 0.074998, "NIGHT": 0.03824929, "PUMP": 0.00177778, "FLR": 0.00719836, "XDC": 0.0308765, "BDX": 0.078603, "ARB": 0.094122, "FET": 0.260064, "GHO": 0.999065, "USD0": 0.998464, "HASH": 0.00978962}}