{"timestamp": 1778413381, "base": "USD", "data": {"BTC": 80796, "ETH": 2320.47, "USDT": 0.999806, "XRP": 1.42, "BNB": 648.91, "USDC": 0.999791, "SOL": 93.27, "TRX": 0.350171, "FIGR_HELOC": 1.029, "DOGE": 0.108198, "WBT": 59.58, "USDS": 0.999679, "HYPE": 42.84, "ADA": 0.272237, "ZEC": 601.83, "LEO": 10.23, "BCH": 452.94, "LINK": 10.45, "XMR": 406.08, "TON": 2.41, "CC": 0.152487, "XLM": 0.162936, "SUI": 1.14, "LTC": 58.29, "M": 3.42, "DAI": 0.999639, "USD1": 0.999039, "AVAX": 9.97, "HBAR": 0.094712, "USDE": 0.999604, "SHIB": 6.44e-06, "RAIN": 0.00759005, "PYUSD": 0.999552, "CRO": 0.071816, "TAO": 314.8, "USYC": 1.12, "XAUT": 4709.83, "USDG": 0.999878, "UNI": 3.91, "BUIDL": 1.0, "DOT": 1.36, "MNT": 0.683932, "PAXG": 4712.27, "WLFI": 0.067786, "ONDO": 0.417884, "NEAR": 1.56, "ICP": 3.42, "OKB": 88.21, "SKY": 0.07876, "ASTER": 0.703438, "PI": 0.173702, "PEPE": 4.26e-06, "USDF": 0.998306, "HTX": 1.96e-06, "RLUSD": 0.999999, "ETC": 9.58, "BGB": 2.13, "USDD": 0.99999, "AAVE": 96.28, "MORPHO": 2.13, "USDY": 1.12, "BFUSD": 0.999302, "JTRSY": 1.1, "ENA": 0.128856, "ALGO": 0.12837, "KCS": 8.45, "POL": 0.102416, "QNT": 73.36, "RENDER": 2.01, "U": 1.0, "KAS": 0.03704062, "EUTBL": 1.24, "USTB": 11.08, "ATOM": 1.93, "BCAP": 105.77, "FIL": 1.18, "NEXO": 0.915386, "WLD": 0.27166, "APT": 1.11, "ARB": 0.142509, "SIREN": 1.17, "GT": 7.44, "JUP": 0.24912, "PUMP": 0.00217803, "STABLE": 0.03389789, "JST": 0.084234, "FLR": 0.0083453, "VVV": 15.16, "VET": 0.007742, "PENGU": 0.01045093, "BONK": 7.28e-06, "USDTB": 0.99958, "DASH": 48.92, "BDX": 0.07955, "OUSG": 115.18, "XDC": 0.03014858, "VIRTUAL": 0.901499, "GHO": 0.99974, "TRUMP": 2.46, "LUNC": 0.00010237}}