{"timestamp": 1781212431, "base": "USD", "data": {"BTC": 63411, "ETH": 1672.78, "USDT": 0.998991, "BNB": 602.95, "USDC": 0.999748, "XRP": 1.14, "SOL": 66.7, "TRX": 0.312954, "FIGR_HELOC": 1.032, "DOGE": 0.086357, "HYPE": 58.71, "USDS": 0.999742, "LEO": 9.54, "RAIN": 0.01328222, "ZEC": 437.1, "XMR": 377.03, "XLM": 0.192582, "CC": 0.162322, "ADA": 0.168984, "WBT": 51.91, "LINK": 7.91, "TON": 1.71, "USDE": 0.999388, "USD1": 0.998585, "DAI": 0.999668, "BCH": 204.18, "M": 2.89, "HBAR": 0.07922, "LTC": 42.48, "SUI": 0.7621, "USYC": 1.13, "AVAX": 6.64, "SHIB": 4.83e-06, "BEAT": 9.73, "PYUSD": 1.0, "CRO": 0.06068, "NEAR": 2.07, "USDG": 1.0, "LAB": 8.24, "XAUT": 4190.33, "BUIDL": 1.0, "USDY": 1.13, "TAO": 214.35, "PAXG": 4202.97, "WLFI": 0.058979, "MNT": 0.539655, "ONDO": 0.362913, "ASTER": 0.633206, "WLD": 0.494303, "RLUSD": 0.99995, "DOT": 0.960316, "UNI": 2.49, "OKB": 72.13, "HTX": 1.65e-06, "USDF": 0.995703, "PI": 0.126785, "SKY": 0.057825, "USDD": 0.999629, "BFUSD": 0.998622, "ICP": 2.29, "MORPHO": 1.94, "BGB": 1.77, "PEPE": 2.8e-06, "ETC": 7.27, "ATOM": 2.02, "USDTB": 0.999623, "U": 0.999613, "DEXE": 21.38, "EUTBL": 1.22, "AAVE": 64.35, "BCAP": 106.96, "QNT": 66.27, "USTB": 11.11, "KCS": 6.79, "JTRSY": 1.11, "RENDER": 1.66, "KAS": 0.03097693, "NEXO": 0.802917, "STABLE": 0.03363595, "POL": 0.073705, "ALGO": 0.087856, "ENA": 0.079494, "\u5e01\u5b89\u4eba\u751f": 0.689023, "GT": 6.44, "JAAA": 1.038, "VVV": 14.41, "VELVET": 1.57, "FLR": 0.00736735, "JST": 0.07295, "XDC": 0.03075233, "FIL": 0.764197, "GHO": 0.99894, "USD0": 0.998668, "NIGHT": 0.03305496, "YLDS": 0.999656, "HASH": 0.00993938, "INJ": 5.39, "APT": 0.652246, "JUP": 0.159901, "A7A5": 0.01339183}}