{"timestamp": 1776635575, "base": "USD", "data": {"BTC": 74632, "ETH": 2283.49, "USDT": 1.0, "XRP": 1.41, "BNB": 621.77, "USDC": 0.999807, "SOL": 84.96, "TRX": 0.330385, "FIGR_HELOC": 1.035, "DOGE": 0.094172, "WBT": 54.14, "USDS": 0.999697, "HYPE": 41.17, "LEO": 10.15, "ADA": 0.245167, "BCH": 439.79, "LINK": 9.13, "XMR": 349.41, "M": 3.41, "CC": 0.149378, "XLM": 0.169786, "USDE": 0.999299, "ZEC": 303.32, "DAI": 0.999495, "USD1": 1.0, "LTC": 54.74, "PYUSD": 0.999678, "AVAX": 9.16, "HBAR": 0.088387, "SUI": 0.937402, "RAIN": 0.00760121, "SHIB": 5.97e-06, "TON": 1.3, "CRO": 0.069257, "USYC": 1.12, "XAUT": 4766.64, "BUIDL": 1.0, "WLFI": 0.078096, "PAXG": 4767.42, "TAO": 243.51, "USDG": 0.999724, "DOT": 1.26, "MNT": 0.642837, "UNI": 3.28, "USDF": 0.997497, "SKY": 0.076502, "NEAR": 1.35, "PI": 0.171585, "OKB": 83.22, "ASTER": 0.669595, "HTX": 1.81e-06, "PEPE": 3.71e-06, "JTRSY": 1.1, "RLUSD": 0.999827, "USDD": 1.0, "AAVE": 90.51, "ICP": 2.45, "USDY": 1.13, "BFUSD": 1.0, "BGB": 1.87, "ETC": 8.34, "ONDO": 0.253947, "KCS": 8.44, "GT": 7.21, "QNT": 73.91, "PUMP": 0.00180882, "MORPHO": 1.93, "ENA": 0.115536, "EUTBL": 1.23, "U": 1.0, "KAS": 0.03471219, "POL": 0.089359, "ALGO": 0.103254, "RENDER": 1.76, "ATOM": 1.79, "NEXO": 0.885587, "USDTB": 0.999958, "USTB": 11.05, "WLD": 0.261802, "ARB": 0.125163, "BCAP": 82.76, "APT": 0.930521, "DEXE": 15.57, "FIL": 0.922279, "FLR": 0.0080432, "TRUMP": 2.81, "HASH": 0.01102519, "NIGHT": 0.03749204, "JUP": 0.173201, "BDX": 0.079304, "JST": 0.071919, "VET": 0.00705729, "OUSG": 114.95, "XDC": 0.02964237, "YLDS": 0.999972, "GHO": 0.99872, "STABLE": 0.02591376, "USD0": 0.998161, "BONK": 6.03e-06, "CAKE": 1.52}}