{"timestamp": 1777072123, "base": "USD", "data": {"BTC": 77376, "ETH": 2313.64, "USDT": 1.0, "XRP": 1.43, "BNB": 636.22, "USDC": 0.999819, "SOL": 86.2, "TRX": 0.32379, "FIGR_HELOC": 1.026, "DOGE": 0.098034, "WBT": 54.75, "USDS": 0.999841, "HYPE": 41.21, "LEO": 10.25, "ADA": 0.250174, "BCH": 455.6, "LINK": 9.36, "XMR": 367.17, "ZEC": 360.13, "CC": 0.152205, "XLM": 0.173033, "M": 4.29, "DAI": 0.99997, "USD1": 0.999944, "LTC": 56.41, "AVAX": 9.38, "HBAR": 0.091094, "USDE": 0.999325, "SUI": 0.943945, "SHIB": 6.2e-06, "RAIN": 0.00756192, "PYUSD": 0.999793, "TON": 1.33, "CRO": 0.069297, "USYC": 1.12, "XAUT": 4692.48, "USDG": 0.999874, "TAO": 248.55, "WLFI": 0.074994, "BUIDL": 1.0, "PAXG": 4698.78, "MNT": 0.646767, "DOT": 1.25, "UNI": 3.25, "SKY": 0.084379, "NEAR": 1.4, "USDF": 0.996621, "OKB": 83.86, "PI": 0.169414, "HTX": 1.83e-06, "ASTER": 0.667106, "PEPE": 3.86e-06, "RLUSD": 1.0, "AAVE": 93.92, "JTRSY": 1.1, "USDD": 0.999586, "BGB": 1.98, "ICP": 2.45, "ETC": 8.52, "USDY": 1.13, "BFUSD": 0.9997, "ONDO": 0.262078, "KCS": 8.47, "GT": 7.39, "MORPHO": 1.85, "PUMP": 0.00177358, "QNT": 71.7, "EUTBL": 1.23, "U": 0.999956, "USTB": 11.06, "ATOM": 1.98, "POL": 0.092961, "ALGO": 0.109307, "ENA": 0.10787, "RENDER": 1.78, "KAS": 0.03376654, "NEXO": 0.905657, "WLD": 0.259883, "APT": 0.979579, "ARB": 0.128231, "BCAP": 82.76, "FIL": 0.938736, "STABLE": 0.03245737, "JST": 0.079669, "FLR": 0.00791307, "TRUMP": 2.86, "VET": 0.0072682, "NIGHT": 0.03748661, "BDX": 0.080087, "JUP": 0.173111, "DEXE": 13.03, "OUSG": 115.03, "XDC": 0.02996326, "USDTB": 0.999884, "HASH": 0.01020866, "GHO": 0.999107, "USD0": 0.998108, "BONK": 6.31e-06, "YLDS": 0.999826, "PENGU": 0.00833878}}