{"timestamp": 1783105468, "base": "USD", "data": {"BTC": 62154, "ETH": 1737.67, "USDT": 0.999075, "BNB": 567.91, "USDC": 0.999871, "XRP": 1.13, "SOL": 82.07, "TRX": 0.320524, "FIGR_HELOC": 1.04, "HYPE": 70.41, "DOGE": 0.076834, "RAIN": 0.01548745, "USDS": 0.999715, "LEO": 9.14, "ZEC": 461.19, "XLM": 0.202824, "ADA": 0.178949, "WBT": 56.28, "XMR": 326.96, "LINK": 7.9, "CC": 0.139759, "GRAM": 1.7, "DAI": 0.999688, "USD1": 0.999103, "BCH": 227.55, "USDE": 0.998527, "LTC": 44.09, "HBAR": 0.072563, "USYC": 1.13, "SUI": 0.761981, "USDG": 0.999892, "AVAX": 6.87, "CRO": 0.061454, "PYUSD": 0.999712, "NEAR": 2.01, "SHIB": 4.38e-06, "XAUT": 4161.22, "BUIDL": 1.0, "USDY": 1.13, "TAO": 214.67, "M": 1.53, "UNI": 3.25, "PAXG": 4165.33, "LAB": 5.9, "WLFI": 0.056594, "ASTER": 0.651983, "OKB": 80.51, "ONDO": 0.335098, "RLUSD": 0.999977, "WLD": 0.42966, "HTX": 1.66e-06, "DOT": 0.882186, "MNT": 0.439632, "USDF": 0.995884, "USDD": 1.0, "SKY": 0.058333, "AAVE": 87.44, "BFUSD": 0.998423, "PI": 0.117378, "MORPHO": 1.95, "ICP": 2.23, "BGB": 1.71, "ETC": 7.22, "DEXE": 23.37, "PEPE": 2.57e-06, "U": 0.999699, "QNT": 68.18, "KCS": 7.18, "EUTBL": 1.21, "BCAP": 106.97, "USDGO": 0.999828, "JTRSY": 1.11, "USTB": 11.13, "STABLE": 0.03519216, "KAS": 0.03079248, "BEAT": 2.72, "RENDER": 1.6, "ATOM": 1.6, "JUP": 0.244919, "ALGO": 0.089146, "POL": 0.073046, "JST": 0.089641, "NEXO": 0.761413, "ENA": 0.07882, "USDTB": 1.0, "ADI": 5.75, "GT": 6.74, "BDX": 0.089015, "EURSAFO": 1.15, "JAAA": 1.04, "\u5e01\u5b89\u4eba\u751f": 0.681563, "PUMP": 0.00163225, "VVV": 13.58, "FIL": 0.799701, "FLR": 0.00697617, "GHO": 0.998056, "XDC": 0.02843475, "USD0": 0.998633, "YLDS": 0.9998, "NIGHT": 0.0330408}}