{"timestamp": 1780591654, "base": "USD", "data": {"BTC": 63718, "ETH": 1776.36, "USDT": 0.998838, "BNB": 604.43, "USDC": 0.999627, "XRP": 1.17, "SOL": 69.39, "TRX": 0.330061, "FIGR_HELOC": 1.0, "HYPE": 68.46, "DOGE": 0.089324, "USDS": 0.999629, "LEO": 9.91, "ZEC": 536.07, "RAIN": 0.01412325, "ADA": 0.188134, "XLM": 0.205563, "XMR": 351.9, "LINK": 8.04, "CC": 0.150424, "WBT": 46.04, "BCH": 246.64, "TON": 1.74, "USD1": 0.998812, "USDE": 0.998728, "M": 3.34, "DAI": 0.999629, "HBAR": 0.085302, "LAB": 12.04, "LTC": 46.3, "AVAX": 7.77, "NEAR": 2.48, "SUI": 0.787971, "PYUSD": 0.999654, "SHIB": 5.03e-06, "USYC": 1.13, "XAUT": 4453.15, "CRO": 0.060857, "USDG": 1.0, "BUIDL": 1.0, "USDY": 1.14, "TAO": 220.08, "PAXG": 4474.06, "WLD": 0.610102, "WLFI": 0.062365, "ONDO": 0.390694, "MNT": 0.562757, "DOT": 1.066, "RLUSD": 0.999835, "ASTER": 0.662758, "UNI": 2.67, "OKB": 75.8, "HTX": 1.75e-06, "ICP": 2.85, "USDF": 0.995277, "SKY": 0.065568, "USDD": 1.001, "PI": 0.129891, "BFUSD": 0.998501, "BGB": 1.88, "PEPE": 3.01e-06, "MORPHO": 1.85, "ETC": 7.44, "AAVE": 72.21, "H": 0.577129, "RENDER": 2.01, "QNT": 71.44, "USDTB": 0.998844, "EUTBL": 1.22, "POL": 0.091681, "BCAP": 107.06, "U": 0.999506, "DEXE": 20.34, "ATOM": 1.84, "ALGO": 0.104011, "USTB": 11.1, "ENA": 0.101642, "KCS": 6.77, "STABLE": 0.03820137, "JTRSY": 1.11, "VVV": 17.92, "KAS": 0.02982609, "NEXO": 0.773685, "\u5e01\u5b89\u4eba\u751f": 0.711588, "FIL": 0.892026, "GT": 6.55, "JST": 0.077047, "NIGHT": 0.03853214, "APT": 0.772021, "FLR": 0.00718919, "BDX": 0.079929, "PUMP": 0.00174879, "JUP": 0.184601, "XDC": 0.03020598, "GHO": 0.998936, "INJ": 5.82, "ARB": 0.090966, "USD0": 0.998343, "YLDS": 0.999726, "SIREN": 0.72052}}