{"timestamp": 1780914002, "base": "USD", "data": {"BTC": 63275, "ETH": 1666.82, "USDT": 0.999204, "BNB": 598.18, "USDC": 0.999656, "XRP": 1.15, "SOL": 66.16, "TRX": 0.326529, "FIGR_HELOC": 1.033, "HYPE": 61.66, "DOGE": 0.085619, "USDS": 0.999536, "LEO": 9.7, "RAIN": 0.0132598, "ZEC": 427.89, "XLM": 0.2009, "ADA": 0.164325, "CC": 0.154137, "XMR": 313.24, "LINK": 7.9, "WBT": 45.05, "USD1": 0.99882, "TON": 1.72, "USDE": 0.999241, "DAI": 0.9998, "BCH": 206.52, "LAB": 13.03, "M": 3.02, "HBAR": 0.081721, "LTC": 42.91, "SUI": 0.750786, "AVAX": 6.7, "PYUSD": 0.9997, "USYC": 1.13, "NEAR": 2.17, "SHIB": 4.72e-06, "CRO": 0.061608, "XAUT": 4274.05, "USDG": 1.0, "BUIDL": 1.0, "USDY": 1.13, "TAO": 211.5, "PAXG": 4285.05, "MNT": 0.547796, "ONDO": 0.363748, "WLFI": 0.05527, "RLUSD": 0.999984, "DOT": 0.966815, "ASTER": 0.630768, "WLD": 0.472938, "HTX": 1.75e-06, "UNI": 2.52, "OKB": 72.36, "USDF": 0.995878, "PI": 0.128738, "USDD": 0.999103, "SKY": 0.057817, "BFUSD": 0.998703, "ICP": 2.36, "BGB": 1.83, "H": 0.70289, "BEAT": 4.14, "PEPE": 2.8e-06, "ETC": 7.12, "MORPHO": 1.71, "DEXE": 22.24, "USDTB": 0.999686, "U": 0.999602, "QNT": 68.16, "EUTBL": 1.21, "BCAP": 107.06, "USTB": 11.1, "AAVE": 63.26, "KAS": 0.03291218, "ATOM": 1.75, "RENDER": 1.67, "JTRSY": 1.11, "KCS": 6.37, "SIREN": 1.17, "POL": 0.079688, "ALGO": 0.093518, "ENA": 0.087184, "VVV": 17.05, "NEXO": 0.772456, "STABLE": 0.03294893, "\u5e01\u5b89\u4eba\u751f": 0.76265, "GT": 6.37, "JST": 0.078875, "XDC": 0.03104409, "BDX": 0.078969, "FIL": 0.772654, "FLR": 0.0070622, "GHO": 0.999253, "INJ": 5.66, "USD0": 0.99846, "PUMP": 0.0015762, "APT": 0.672304, "HASH": 0.01014779, "YLDS": 0.999631, "JUP": 0.157493}}