{"timestamp": 1783325515, "base": "USD", "data": {"BTC": 63091, "ETH": 1773.05, "USDT": 0.998971, "BNB": 581.91, "USDC": 0.999779, "XRP": 1.15, "SOL": 80.9, "TRX": 0.327566, "FIGR_HELOC": 1.009, "HYPE": 70.9, "DOGE": 0.077013, "USDS": 0.999741, "RAIN": 0.01506799, "LEO": 9.32, "ZEC": 455.66, "ADA": 0.18431, "XLM": 0.201653, "WBT": 56.9, "XMR": 322.14, "LINK": 7.96, "CC": 0.142367, "LAB": 16.78, "BCH": 240.95, "GRAM": 1.76, "DAI": 0.999722, "USD1": 0.99876, "USDE": 0.998489, "LTC": 44.9, "HBAR": 0.074838, "USYC": 1.13, "USDG": 0.999883, "SUI": 0.742897, "AVAX": 6.92, "PYUSD": 0.999997, "CRO": 0.059823, "NEAR": 1.99, "SHIB": 4.36e-06, "XAUT": 4149.39, "BUIDL": 1.0, "USDY": 1.13, "TAO": 213.13, "UNI": 3.12, "PAXG": 4152.95, "WLFI": 0.057781, "M": 1.38, "ASTER": 0.638591, "OKB": 80.08, "HTX": 1.77e-06, "ONDO": 0.326795, "RLUSD": 1.0, "DOT": 0.869468, "WLD": 0.417527, "MNT": 0.439823, "USDD": 1.002, "USDF": 0.996666, "AAVE": 90.93, "BFUSD": 0.998351, "SKY": 0.056026, "MORPHO": 1.91, "PI": 0.112436, "ICP": 2.17, "DEXE": 25.66, "BGB": 1.69, "PEPE": 2.7e-06, "ETC": 7.1, "U": 0.999699, "KCS": 7.22, "EUTBL": 1.2, "BCAP": 106.97, "QNT": 66.62, "USDGO": 0.999716, "JTRSY": 1.11, "USTB": 11.13, "STABLE": 0.03496012, "KAS": 0.03064299, "RENDER": 1.6, "ATOM": 1.59, "JUP": 0.239485, "POL": 0.074207, "ALGO": 0.088023, "JST": 0.09124, "BEAT": 2.5, "NEXO": 0.762138, "ENA": 0.077821, "ADI": 5.82, "USDTB": 0.999725, "GT": 6.78, "BDX": 0.089887, "\u5e01\u5b89\u4eba\u751f": 0.704952, "EURSAFO": 1.15, "JAAA": 1.04, "LIT": 2.59, "PUMP": 0.00160329, "FIL": 0.785741, "FLR": 0.0069393, "GHO": 0.99837, "XDC": 0.02802584, "NIGHT": 0.03348011, "USD0": 0.998609, "CAKE": 1.44}}