{"timestamp": 1784418220, "base": "USD", "data": {"BTC": 64775, "ETH": 1860.81, "USDT": 0.999365, "BNB": 570.34, "USDC": 0.999915, "XRP": 1.092, "SOL": 75.47, "TRX": 0.325664, "FIGR_HELOC": 1.042, "HYPE": 60.31, "DOGE": 0.072453, "USDS": 0.999892, "RAIN": 0.01460217, "ZEC": 559.07, "LEO": 9.81, "WBT": 56.42, "XLM": 0.187864, "XMR": 335.8, "LINK": 8.34, "ADA": 0.166645, "CC": 0.124704, "DAI": 0.999694, "BCH": 220.21, "USD1": 0.999567, "GRAM": 1.48, "USDE": 1.0, "LTC": 47.02, "USDG": 1.002, "SUI": 0.742243, "USYC": 1.13, "HBAR": 0.067006, "PYUSD": 0.999916, "AVAX": 6.58, "CRO": 0.05941, "BUIDL": 1.0, "NEAR": 1.93, "XAUT": 4007.04, "SHIB": 4.14e-06, "UNI": 3.56, "USDY": 1.13, "TAO": 195.9, "WLFI": 0.056977, "PAXG": 4005.03, "OKB": 81.39, "ONDO": 0.347504, "ASTER": 0.620117, "DEXE": 35.4, "HTX": 1.83e-06, "M": 1.24, "RLUSD": 1.0, "USDD": 0.999298, "SKY": 0.062183, "USDF": 0.996543, "DOT": 0.834955, "MNT": 0.420052, "AAVE": 90.06, "WLD": 0.376582, "BFUSD": 0.998461, "MORPHO": 2.01, "ICP": 2.17, "PEPE": 2.76e-06, "BGB": 1.65, "ETC": 7.01, "U": 1.001, "USDGO": 0.999841, "EUTBL": 1.21, "BCAP": 106.19, "PI": 0.085427, "QNT": 63.81, "KCS": 6.64, "STABLE": 0.03566537, "JTRSY": 1.11, "POL": 0.081008, "EURSAFO": 1.15, "JST": 0.098476, "ADI": 6.43, "ATOM": 1.5, "ENA": 0.080989, "RENDER": 1.48, "USTB": 11.15, "KAS": 0.02776735, "NEXO": 0.757808, "ALGO": 0.083107, "BEAT": 2.36, "GT": 6.75, "\u5e01\u5b89\u4eba\u751f": 0.688278, "JAAA": 1.041, "PUMP": 0.00166188, "BDX": 0.083076, "GHO": 0.998996, "JUP": 0.194193, "FIL": 0.748846, "FLR": 0.00656202, "LIT": 2.26, "ARB": 0.088228, "XDC": 0.0280533, "VVV": 11.8, "YLDS": 0.9999, "USD0": 0.998784, "USX": 0.999919}}