{"timestamp": 1783871475, "base": "USD", "data": {"BTC": 64129, "ETH": 1822.14, "USDT": 0.999344, "BNB": 580.59, "USDC": 0.99978, "XRP": 1.1, "SOL": 77.32, "TRX": 0.331013, "FIGR_HELOC": 1.041, "HYPE": 67.59, "DOGE": 0.073653, "USDS": 0.999742, "RAIN": 0.01459614, "ZEC": 531.81, "LEO": 9.55, "WBT": 56.24, "XLM": 0.187997, "XMR": 328.76, "ADA": 0.164382, "LINK": 8.06, "CC": 0.137819, "BCH": 245.2, "DAI": 0.999729, "GRAM": 1.65, "USD1": 0.999179, "USDE": 0.999716, "LTC": 44.76, "USDG": 1.0, "USYC": 1.13, "SUI": 0.743405, "HBAR": 0.06773, "BUIDL": 1.0, "PYUSD": 0.999719, "AVAX": 6.44, "CRO": 0.05586, "SHIB": 4.3e-06, "XAUT": 4094.52, "NEAR": 1.9, "UNI": 3.66, "DEXE": 47.32, "USDY": 1.14, "TAO": 212.58, "WLFI": 0.058144, "PAXG": 4097.72, "OKB": 80.72, "HTX": 1.85e-06, "ASTER": 0.624389, "M": 1.22, "ONDO": 0.327316, "USDD": 0.9992, "RLUSD": 0.99987, "WLD": 0.426288, "AAVE": 98.57, "SKY": 0.061554, "DOT": 0.844032, "USDF": 0.995935, "MNT": 0.421604, "BFUSD": 0.99874, "MORPHO": 2.01, "ICP": 2.24, "BGB": 1.68, "PEPE": 2.78e-06, "ETC": 6.94, "PI": 0.096772, "U": 0.999539, "EUTBL": 1.21, "BCAP": 106.63, "KCS": 7.03, "QNT": 65.9, "USDGO": 1.0, "STABLE": 0.03681481, "JTRSY": 1.11, "JST": 0.101074, "ADI": 6.87, "POL": 0.079834, "BEAT": 2.7, "ATOM": 1.59, "RENDER": 1.55, "KAS": 0.02884311, "USTB": 11.14, "ENA": 0.081317, "EURSAFO": 1.15, "NEXO": 0.753499, "ALGO": 0.083867, "USDTB": 1.0, "GT": 6.72, "\u5e01\u5b89\u4eba\u751f": 0.712622, "JAAA": 1.041, "JUP": 0.203789, "BDX": 0.084407, "LIT": 2.64, "FIL": 0.77529, "ARB": 0.095526, "GHO": 0.998471, "PUMP": 0.00144268, "FLR": 0.00654453, "USD0": 0.998465, "XDC": 0.02714904, "YLDS": 0.999804, "APT": 0.622036}}