{"timestamp": 1783979222, "base": "USD", "data": {"BTC": 61883, "ETH": 1753.81, "USDT": 0.999034, "BNB": 563.27, "USDC": 0.999832, "XRP": 1.056, "SOL": 74.2, "TRX": 0.324998, "FIGR_HELOC": 1.033, "HYPE": 62.71, "DOGE": 0.071205, "USDS": 0.999679, "RAIN": 0.01429878, "LEO": 9.52, "ZEC": 494.6, "WBT": 54.3, "XLM": 0.179153, "XMR": 321.44, "LINK": 7.8, "ADA": 0.155873, "CC": 0.131726, "BCH": 233.67, "DAI": 0.999911, "USD1": 0.998883, "GRAM": 1.58, "USDE": 0.999648, "LTC": 43.09, "USDG": 0.999832, "USYC": 1.13, "HBAR": 0.06589, "BUIDL": 1.0, "SUI": 0.710005, "PYUSD": 0.999744, "AVAX": 6.37, "CRO": 0.054258, "NEAR": 1.89, "XAUT": 3998.15, "SHIB": 4.09e-06, "UNI": 3.48, "USDY": 1.14, "DEXE": 41.62, "TAO": 199.13, "WLFI": 0.057185, "PAXG": 3999.03, "OKB": 80.32, "ASTER": 0.621803, "HTX": 1.82e-06, "M": 1.18, "USDD": 0.998707, "RLUSD": 1.0, "ONDO": 0.308891, "USDF": 0.995241, "AAVE": 93.51, "DOT": 0.828108, "MNT": 0.419043, "SKY": 0.058666, "WLD": 0.385837, "BFUSD": 0.998483, "MORPHO": 1.99, "ICP": 2.15, "BGB": 1.62, "PEPE": 2.67e-06, "ETC": 6.82, "U": 0.999658, "EUTBL": 1.2, "BCAP": 106.19, "USDGO": 0.999805, "QNT": 64.38, "KCS": 6.76, "STABLE": 0.03683618, "ADI": 6.98, "POL": 0.081899, "JTRSY": 1.11, "JST": 0.099766, "PI": 0.076609, "EURSAFO": 1.15, "BEAT": 2.58, "ATOM": 1.53, "USTB": 11.14, "KAS": 0.02805091, "RENDER": 1.47, "ALGO": 0.082883, "ENA": 0.077327, "BDX": 0.093672, "NEXO": 0.727635, "USDTB": 1.0, "GT": 6.6, "\u5e01\u5b89\u4eba\u751f": 0.697648, "JAAA": 1.041, "JUP": 0.205231, "GHO": 0.997967, "PUMP": 0.00146491, "FIL": 0.737029, "LIT": 2.29, "ARB": 0.088535, "USD0": 0.998581, "FLR": 0.00633947, "XDC": 0.02688433, "YLDS": 0.999755, "USX": 0.999701}}