{"timestamp": 1783809535, "base": "USD", "data": {"BTC": 64236, "ETH": 1814.79, "USDT": 0.999341, "BNB": 580.53, "USDC": 0.999846, "XRP": 1.11, "SOL": 77.95, "TRX": 0.330401, "FIGR_HELOC": 1.038, "HYPE": 67.79, "DOGE": 0.074798, "USDS": 0.999808, "RAIN": 0.01448748, "ZEC": 522.65, "LEO": 9.53, "WBT": 56.29, "XLM": 0.191274, "ADA": 0.169353, "XMR": 322.22, "LINK": 8.01, "CC": 0.135427, "BCH": 247.3, "DAI": 0.999705, "GRAM": 1.66, "USD1": 0.999277, "USDE": 0.999874, "LTC": 45.21, "USDG": 0.999151, "USYC": 1.13, "HBAR": 0.069457, "SUI": 0.742061, "AVAX": 6.7, "BUIDL": 1.0, "PYUSD": 0.999812, "CRO": 0.056245, "SHIB": 4.36e-06, "XAUT": 4096.85, "NEAR": 1.9, "UNI": 3.76, "USDY": 1.14, "TAO": 212.18, "WLFI": 0.058836, "PAXG": 4099.42, "DEXE": 38.76, "OKB": 80.82, "M": 1.28, "ASTER": 0.630097, "HTX": 1.85e-06, "ONDO": 0.331707, "USDD": 0.999196, "RLUSD": 0.99998, "AAVE": 100.61, "DOT": 0.867549, "USDF": 0.996648, "WLD": 0.401544, "MNT": 0.426451, "SKY": 0.05969, "MORPHO": 2.12, "BFUSD": 0.998869, "ICP": 2.28, "PEPE": 2.77e-06, "BGB": 1.65, "ETC": 7.03, "PI": 0.098494, "U": 1.0, "EUTBL": 1.2, "BCAP": 106.63, "KCS": 7.06, "QNT": 66.56, "USDGO": 1.0, "JTRSY": 1.11, "STABLE": 0.03557615, "JST": 0.101507, "POL": 0.080058, "ATOM": 1.59, "ADI": 6.51, "RENDER": 1.57, "KAS": 0.0295893, "USTB": 11.14, "ENA": 0.081605, "EURSAFO": 1.15, "ALGO": 0.085797, "NEXO": 0.75267, "USDTB": 1.001, "BEAT": 2.34, "GT": 6.72, "JUP": 0.20834, "\u5e01\u5b89\u4eba\u751f": 0.690517, "BDX": 0.087239, "JAAA": 1.041, "LIT": 2.64, "FIL": 0.782155, "ARB": 0.097751, "GHO": 0.998607, "FLR": 0.00675981, "PUMP": 0.00141935, "USD0": 0.998806, "XDC": 0.02726362, "YLDS": 0.999799, "APT": 0.637263}}