{"timestamp": 1781801729, "base": "USD", "data": {"BTC": 62591, "ETH": 1683.03, "USDT": 0.997815, "BNB": 576.22, "USDC": 0.999769, "XRP": 1.14, "SOL": 68.81, "TRX": 0.31872, "FIGR_HELOC": 1.024, "HYPE": 67.27, "DOGE": 0.082485, "USDS": 0.999565, "RAIN": 0.01448047, "LEO": 9.56, "XLM": 0.242192, "ZEC": 447.3, "CC": 0.158355, "XMR": 327.0, "WBT": 51.74, "ADA": 0.161241, "LINK": 7.83, "LAB": 16.07, "USD1": 1.0, "USDE": 0.998665, "GRAM": 1.63, "DAI": 0.9997, "BCH": 196.17, "M": 2.89, "HBAR": 0.079096, "LTC": 43.22, "USYC": 1.13, "SUI": 0.715013, "NEAR": 2.21, "USDG": 0.999941, "SHIB": 4.68e-06, "PYUSD": 0.999812, "AVAX": 6.3, "CRO": 0.057834, "XAUT": 4200.38, "BUIDL": 1.0, "TAO": 234.09, "USDY": 1.14, "WLD": 0.614331, "PAXG": 4210.09, "WLFI": 0.058998, "UNI": 2.94, "ONDO": 0.359339, "MNT": 0.525309, "ASTER": 0.639462, "RLUSD": 1.0, "DOT": 0.95304, "HTX": 1.69e-06, "OKB": 72.24, "USDF": 0.994101, "PI": 0.12881, "USDD": 0.998818, "BFUSD": 0.998987, "SKY": 0.056225, "BGB": 1.78, "MORPHO": 1.92, "ICP": 2.22, "PEPE": 2.79e-06, "ETC": 7.05, "AAVE": 71.65, "U": 0.999522, "QNT": 68.24, "BCAP": 107.07, "USTB": 11.12, "KCS": 7.01, "EUTBL": 1.21, "ATOM": 1.8, "USDTB": 0.999675, "ALGO": 0.099083, "JTRSY": 1.11, "RENDER": 1.64, "ENA": 0.089825, "KAS": 0.03004311, "POL": 0.075771, "STABLE": 0.03349588, "NEXO": 0.793339, "DEXE": 15.36, "\u5e01\u5b89\u4eba\u751f": 0.705777, "GT": 6.52, "JST": 0.080844, "JAAA": 1.038, "VVV": 14.4, "BDX": 0.081006, "FLR": 0.00733357, "JUP": 0.183824, "FIL": 0.765678, "GHO": 0.998208, "XDC": 0.02993042, "YLDS": 0.999766, "HASH": 0.01045811, "USD0": 0.998814, "EURSAFO": 1.15, "BEAT": 1.85, "APT": 0.628954, "ARB": 0.08207, "INJ": 5.12}}