{"timestamp": 1778543677, "base": "USD", "data": {"BTC": 81743, "ETH": 2340.73, "USDT": 0.999713, "XRP": 1.48, "BNB": 670.22, "USDC": 0.999838, "SOL": 97.31, "TRX": 0.35103, "FIGR_HELOC": 1.03, "DOGE": 0.111294, "WBT": 60.13, "USDS": 0.99984, "ADA": 0.280596, "HYPE": 41.96, "ZEC": 557.08, "LEO": 9.84, "BCH": 450.33, "LINK": 10.59, "XMR": 416.58, "TON": 2.43, "CC": 0.163754, "XLM": 0.168594, "SUI": 1.29, "LTC": 58.49, "USD1": 0.999079, "DAI": 0.999687, "AVAX": 10.14, "M": 3.29, "HBAR": 0.096847, "USDE": 0.999549, "SHIB": 6.6e-06, "RAIN": 0.00751765, "USDG": 0.999831, "PYUSD": 0.999858, "CRO": 0.077439, "TAO": 320.03, "USYC": 1.12, "XAUT": 4749.87, "UNI": 3.89, "BUIDL": 1.0, "MNT": 0.697859, "DOT": 1.36, "PAXG": 4747.31, "WLFI": 0.066953, "ONDO": 0.429058, "NEAR": 1.55, "USDY": 1.13, "ICP": 3.33, "OKB": 87.32, "PEPE": 4.34e-06, "PI": 0.172149, "ASTER": 0.690397, "USDF": 0.998929, "HTX": 1.96e-06, "SKY": 0.075659, "RLUSD": 1.0, "AAVE": 101.28, "ETC": 9.78, "BGB": 2.14, "USDD": 0.999425, "MORPHO": 2.14, "BFUSD": 0.999598, "ENA": 0.128782, "KCS": 8.57, "JTRSY": 1.1, "KAS": 0.04037836, "POL": 0.103194, "ALGO": 0.12314, "QNT": 72.99, "ATOM": 2.04, "U": 0.999973, "RENDER": 1.96, "USTB": 11.08, "EUTBL": 1.24, "BCAP": 105.87, "WLD": 0.278611, "NEXO": 0.921297, "APT": 1.13, "FIL": 1.13, "ARB": 0.141281, "JUP": 0.249478, "SIREN": 1.14, "GT": 7.49, "VVV": 17.16, "STABLE": 0.03430206, "FLR": 0.00873409, "PUMP": 0.00209809, "JST": 0.087616, "VET": 0.00775766, "BONK": 7.55e-06, "PENGU": 0.01024235, "XDC": 0.03212354, "B": 0.631125, "BDX": 0.079755, "OUSG": 115.21, "DEXE": 12.79, "DASH": 46.72, "NIGHT": 0.03545844, "GHO": 0.99959, "TRUMP": 2.43}}