{"timestamp": 1777097156, "base": "USD", "data": {"BTC": 77544, "ETH": 2317.58, "USDT": 1.0, "XRP": 1.43, "BNB": 637.04, "USDC": 0.999796, "SOL": 86.26, "TRX": 0.323956, "FIGR_HELOC": 1.026, "DOGE": 0.098585, "WBT": 54.84, "USDS": 0.999769, "HYPE": 41.18, "LEO": 10.25, "ADA": 0.25221, "BCH": 455.27, "LINK": 9.42, "XMR": 368.46, "ZEC": 356.0, "CC": 0.152693, "XLM": 0.173616, "M": 4.06, "DAI": 0.999672, "USD1": 0.999655, "LTC": 56.46, "AVAX": 9.45, "HBAR": 0.091196, "USDE": 0.999364, "SUI": 0.950101, "SHIB": 6.22e-06, "RAIN": 0.00756221, "PYUSD": 0.999753, "TON": 1.34, "CRO": 0.069858, "USYC": 1.12, "XAUT": 4695.47, "TAO": 250.92, "WLFI": 0.075581, "USDG": 0.999796, "PAXG": 4700.61, "BUIDL": 1.0, "MNT": 0.65046, "DOT": 1.27, "UNI": 3.27, "SKY": 0.083508, "NEAR": 1.42, "USDF": 0.997167, "OKB": 84.46, "PI": 0.170331, "HTX": 1.82e-06, "ASTER": 0.667204, "PEPE": 3.88e-06, "RLUSD": 1.0, "AAVE": 94.84, "JTRSY": 1.1, "USDD": 1.0, "BGB": 1.99, "ICP": 2.47, "ETC": 8.56, "USDY": 1.13, "BFUSD": 0.9997, "ONDO": 0.262998, "KCS": 8.44, "GT": 7.39, "MORPHO": 1.85, "QNT": 71.76, "PUMP": 0.00176474, "EUTBL": 1.23, "U": 0.999251, "ALGO": 0.114797, "ATOM": 2.01, "USTB": 11.06, "POL": 0.092823, "ENA": 0.109823, "RENDER": 1.8, "KAS": 0.03352262, "NEXO": 0.904244, "WLD": 0.263311, "ARB": 0.131528, "APT": 0.985493, "BCAP": 82.76, "FIL": 0.954375, "STABLE": 0.03212683, "JST": 0.08067, "TRUMP": 2.92, "FLR": 0.00787088, "VET": 0.00741465, "DEXE": 13.48, "BDX": 0.080274, "JUP": 0.172984, "NIGHT": 0.03695742, "XDC": 0.03008447, "OUSG": 115.03, "HASH": 0.01037982, "USDTB": 0.999553, "GHO": 0.999001, "BONK": 6.35e-06, "USD0": 0.998118, "YLDS": 0.999746, "PENGU": 0.00858839}}