{"timestamp": 1783508112, "base": "USD", "data": {"BTC": 62104, "ETH": 1738.04, "USDT": 0.999121, "BNB": 562.24, "USDC": 0.999927, "XRP": 1.082, "SOL": 77.25, "TRX": 0.32756, "FIGR_HELOC": 1.025, "HYPE": 68.13, "DOGE": 0.071569, "USDS": 0.999785, "RAIN": 0.0147914, "LEO": 9.44, "ZEC": 466.57, "WBT": 55.06, "XLM": 0.183046, "ADA": 0.166778, "XMR": 321.5, "LINK": 7.6, "CC": 0.124723, "BCH": 232.57, "DAI": 0.999784, "USD1": 0.998482, "USDE": 0.998673, "GRAM": 1.58, "LTC": 43.33, "USDG": 0.999898, "USYC": 1.13, "HBAR": 0.069388, "SUI": 0.704572, "PYUSD": 0.999978, "AVAX": 6.41, "CRO": 0.056453, "XAUT": 4047.75, "SHIB": 4.19e-06, "NEAR": 1.88, "BUIDL": 1.0, "USDY": 1.14, "UNI": 3.27, "TAO": 204.43, "PAXG": 4050.37, "WLFI": 0.057511, "M": 1.35, "HTX": 1.84e-06, "ASTER": 0.616704, "OKB": 77.51, "RLUSD": 1.0, "ONDO": 0.316968, "USDD": 0.999194, "USDF": 0.996263, "DOT": 0.831559, "MNT": 0.41355, "MORPHO": 2.08, "AAVE": 87.46, "DEXE": 28.33, "BFUSD": 0.998202, "WLD": 0.372046, "SKY": 0.052766, "ICP": 2.16, "BGB": 1.64, "PI": 0.102557, "PEPE": 2.58e-06, "ETC": 6.91, "U": 0.999799, "EUTBL": 1.2, "BCAP": 106.63, "QNT": 65.05, "KCS": 6.81, "JTRSY": 1.11, "USDGO": 0.999985, "USTB": 11.14, "STABLE": 0.03530917, "JST": 0.095036, "POL": 0.075488, "ATOM": 1.54, "KAS": 0.02875963, "RENDER": 1.52, "ALGO": 0.084121, "BDX": 0.093819, "ADI": 5.82, "USDTB": 1.0, "NEXO": 0.724055, "JUP": 0.215727, "EURSAFO": 1.15, "GT": 6.62, "LAB": 2.25, "\u5e01\u5b89\u4eba\u751f": 0.700576, "ENA": 0.07322, "JAAA": 1.04, "BEAT": 2.1, "PUMP": 0.00149047, "FIL": 0.751175, "GHO": 0.998402, "LIT": 2.3, "FLR": 0.00654615, "USD0": 0.998633, "YLDS": 0.999733, "XDC": 0.02689772, "NIGHT": 0.03195197}}