{"timestamp": 1779481709, "base": "USD", "data": {"BTC": 75846, "ETH": 2069.44, "USDT": 0.998842, "BNB": 652.45, "XRP": 1.34, "USDC": 0.999777, "SOL": 84.74, "TRX": 0.361994, "FIGR_HELOC": 1.031, "DOGE": 0.103615, "HYPE": 54.68, "USDS": 0.999611, "ZEC": 593.82, "LEO": 9.94, "ADA": 0.244943, "BCH": 372.27, "XMR": 381.6, "LINK": 9.48, "WBT": 55.81, "CC": 0.15473, "TON": 1.89, "XLM": 0.144751, "USD1": 0.999473, "USDE": 0.998953, "DAI": 0.999586, "SUI": 1.057, "LTC": 53.13, "AVAX": 9.21, "HBAR": 0.088564, "M": 2.77, "PYUSD": 0.999665, "RAIN": 0.00732858, "SHIB": 5.72e-06, "CRO": 0.068348, "USYC": 1.12, "USDG": 0.999884, "NEAR": 2.06, "XAUT": 4496.86, "TAO": 271.07, "BUIDL": 1.0, "UNI": 3.48, "DOT": 1.28, "USDY": 1.13, "PAXG": 4500.3, "MNT": 0.639712, "ONDO": 0.394807, "WLFI": 0.059511, "HTX": 2.01e-06, "USDF": 0.99723, "RLUSD": 1.0, "ASTER": 0.67482, "OKB": 81.61, "SKY": 0.069892, "PI": 0.150153, "PEPE": 3.67e-06, "USDD": 0.998959, "ICP": 2.53, "ETC": 8.83, "BGB": 1.97, "BFUSD": 0.998797, "AAVE": 85.85, "MORPHO": 1.96, "QNT": 77.67, "USDTB": 0.999251, "EUTBL": 1.22, "ATOM": 2.07, "KCS": 7.81, "U": 0.999808, "ALGO": 0.113292, "USTB": 11.09, "RENDER": 1.88, "POL": 0.091606, "BCAP": 105.74, "WLD": 0.276779, "JTRSY": 1.1, "KAS": 0.03383411, "ENA": 0.101893, "NEXO": 0.863343, "VVV": 17.41, "JST": 0.092695, "STABLE": 0.03402517, "APT": 0.946398, "FIL": 0.977803, "GT": 7.02, "FLR": 0.00829888, "ARB": 0.109098, "JUP": 0.201162, "XDC": 0.03238068, "DEXE": 13.55, "BDX": 0.079752, "PUMP": 0.00173214, "GHO": 0.998745, "PENGU": 0.00907845, "HASH": 0.01068386, "VET": 0.00653994, "USD0": 0.998437, "OUSG": 115.33, "DASH": 43.47, "NIGHT": 0.03242507, "BONK": 6.02e-06}}