{"timestamp": 1784228273, "base": "USD", "data": {"BTC": 64219, "ETH": 1875.26, "USDT": 0.999238, "BNB": 575.67, "USDC": 0.999873, "XRP": 1.092, "SOL": 75.61, "TRX": 0.322843, "FIGR_HELOC": 1.034, "HYPE": 62.65, "DOGE": 0.073373, "USDS": 0.999769, "RAIN": 0.01431158, "ZEC": 542.42, "LEO": 9.83, "WBT": 56.15, "XLM": 0.189496, "XMR": 336.43, "LINK": 8.39, "ADA": 0.162144, "CC": 0.132757, "DAI": 0.999968, "BCH": 222.28, "USD1": 0.998726, "GRAM": 1.54, "USDE": 0.99971, "LTC": 45.23, "USDG": 1.002, "SUI": 0.747234, "USYC": 1.13, "HBAR": 0.067403, "AVAX": 6.57, "PYUSD": 0.999758, "CRO": 0.057858, "NEAR": 2.03, "BUIDL": 1.0, "SHIB": 4.15e-06, "XAUT": 3982.32, "UNI": 3.65, "USDY": 1.14, "TAO": 193.73, "ONDO": 0.378067, "WLFI": 0.057401, "PAXG": 3978.11, "OKB": 80.28, "ASTER": 0.620909, "HTX": 1.81e-06, "M": 1.22, "DEXE": 34.35, "RLUSD": 1.0, "MNT": 0.444986, "USDD": 0.999162, "DOT": 0.853737, "USDF": 0.995873, "SKY": 0.060466, "WLD": 0.3973, "AAVE": 92.44, "BFUSD": 0.99831, "MORPHO": 2.0, "ICP": 2.14, "BGB": 1.65, "PEPE": 2.73e-06, "ETC": 7.02, "U": 0.999711, "EUTBL": 1.21, "USDGO": 1.0, "STABLE": 0.03952801, "BCAP": 106.19, "QNT": 64.1, "KCS": 6.78, "POL": 0.082607, "ADI": 7.01, "JTRSY": 1.11, "JST": 0.0984, "EURSAFO": 1.15, "PI": 0.075552, "ENA": 0.084737, "ATOM": 1.53, "KAS": 0.02843312, "RENDER": 1.5, "USTB": 11.15, "BEAT": 2.5, "ALGO": 0.083174, "NEXO": 0.742026, "\u5e01\u5b89\u4eba\u751f": 0.715149, "GT": 6.68, "BDX": 0.088462, "PUMP": 0.00173585, "JAAA": 1.041, "JUP": 0.20143, "FIL": 0.777928, "LIT": 2.47, "GHO": 0.998352, "FLR": 0.00663567, "ARB": 0.089285, "USD0": 0.998758, "YLDS": 0.999826, "XDC": 0.02715935, "USX": 1.0, "APT": 0.613354}}