{"timestamp": 1784500922, "base": "USD", "data": {"BTC": 64713, "ETH": 1870.0, "USDT": 0.999216, "BNB": 570.56, "USDC": 0.999778, "XRP": 1.098, "SOL": 76.07, "TRX": 0.326783, "FIGR_HELOC": 1.042, "HYPE": 60.98, "DOGE": 0.072338, "USDS": 0.999851, "RAIN": 0.01417311, "ZEC": 546.51, "LEO": 9.8, "WBT": 56.4, "XLM": 0.187951, "XMR": 335.9, "LINK": 8.36, "ADA": 0.166029, "CC": 0.126917, "DAI": 0.999952, "BCH": 216.29, "USD1": 0.999128, "USDE": 0.999803, "GRAM": 1.44, "LTC": 47.45, "USDG": 1.001, "SUI": 0.749028, "USYC": 1.13, "HBAR": 0.066443, "PYUSD": 0.999641, "AVAX": 6.47, "CRO": 0.058361, "BUIDL": 1.0, "NEAR": 1.92, "XAUT": 3994.19, "SHIB": 4.15e-06, "UNI": 3.49, "USDY": 1.13, "TAO": 198.05, "WLFI": 0.057545, "PAXG": 3991.26, "OKB": 80.5, "ONDO": 0.346024, "ASTER": 0.620897, "HTX": 1.85e-06, "DEXE": 34.52, "M": 1.19, "RLUSD": 1.0, "USDD": 0.99934, "SKY": 0.061533, "USDF": 0.99713, "MNT": 0.424897, "DOT": 0.818075, "AAVE": 89.05, "BFUSD": 0.998323, "MORPHO": 2.0, "WLD": 0.362162, "ICP": 2.14, "PEPE": 2.82e-06, "BGB": 1.64, "ETC": 6.95, "U": 1.0, "PI": 0.092449, "USDGO": 1.0, "EUTBL": 1.21, "BCAP": 106.19, "QNT": 64.16, "KCS": 6.63, "STABLE": 0.03558518, "JTRSY": 1.11, "POL": 0.080542, "EURSAFO": 1.15, "JST": 0.097302, "ADI": 6.31, "KAS": 0.02807097, "RENDER": 1.48, "PUMP": 0.00192205, "ATOM": 1.48, "ENA": 0.080015, "USTB": 11.15, "NEXO": 0.754521, "ALGO": 0.082838, "BEAT": 2.36, "GT": 6.69, "JAAA": 1.041, "\u5e01\u5b89\u4eba\u751f": 0.671374, "BDX": 0.083329, "GHO": 0.998839, "JUP": 0.194631, "ARB": 0.089104, "FIL": 0.717705, "XDC": 0.02855298, "FLR": 0.00651193, "YLDS": 0.99981, "LIT": 2.22, "USD0": 0.998683, "VVV": 11.51, "USX": 0.999869}}