{"timestamp": 1784099249, "base": "USD", "data": {"BTC": 64742, "ETH": 1874.45, "USDT": 0.999311, "BNB": 578.95, "USDC": 0.999862, "XRP": 1.11, "SOL": 77.85, "TRX": 0.327046, "FIGR_HELOC": 1.036, "HYPE": 67.25, "DOGE": 0.074328, "USDS": 0.999774, "RAIN": 0.0147306, "ZEC": 553.96, "LEO": 9.8, "WBT": 56.54, "XLM": 0.183116, "LINK": 8.35, "XMR": 331.72, "ADA": 0.163895, "CC": 0.1436, "BCH": 235.61, "DAI": 0.999809, "GRAM": 1.61, "USD1": 0.998753, "USDE": 0.99983, "LTC": 44.96, "USDG": 1.001, "SUI": 0.754784, "USYC": 1.13, "HBAR": 0.067771, "BUIDL": 1.0, "AVAX": 6.67, "PYUSD": 0.999809, "NEAR": 2.02, "CRO": 0.055497, "SHIB": 4.25e-06, "XAUT": 4027.63, "UNI": 3.64, "USDY": 1.13, "TAO": 197.98, "PAXG": 4024.43, "WLFI": 0.05684, "DEXE": 37.88, "OKB": 81.46, "ASTER": 0.635983, "M": 1.24, "HTX": 1.82e-06, "ONDO": 0.319924, "USDD": 0.999217, "RLUSD": 0.999912, "AAVE": 98.01, "WLD": 0.409912, "DOT": 0.855728, "SKY": 0.060958, "USDF": 0.995453, "MNT": 0.425057, "MORPHO": 2.06, "BFUSD": 0.998528, "ICP": 2.2, "BGB": 1.68, "PEPE": 2.79e-06, "ETC": 7.05, "U": 1.0, "EUTBL": 1.21, "BCAP": 106.19, "KCS": 6.99, "QNT": 65.61, "USDGO": 0.999993, "PI": 0.084936, "STABLE": 0.03738472, "POL": 0.083458, "JTRSY": 1.11, "ADI": 6.93, "BEAT": 2.74, "JST": 0.098687, "EURSAFO": 1.15, "ATOM": 1.56, "RENDER": 1.53, "ENA": 0.083071, "KAS": 0.02887716, "USTB": 11.14, "ALGO": 0.08502, "NEXO": 0.755204, "\u5e01\u5b89\u4eba\u751f": 0.753183, "USDTB": 1.0, "GT": 6.74, "JUP": 0.210697, "JAAA": 1.041, "BDX": 0.084641, "PUMP": 0.00163673, "LIT": 2.56, "FIL": 0.781694, "GHO": 0.99825, "FLR": 0.00667944, "ARB": 0.089265, "USD0": 0.998678, "XDC": 0.02742622, "YLDS": 0.999729, "VVV": 11.07}}