{"timestamp": 1783130671, "base": "USD", "data": {"BTC": 62448, "ETH": 1746.33, "USDT": 0.999099, "BNB": 571.68, "USDC": 0.999925, "XRP": 1.13, "SOL": 81.87, "TRX": 0.32358, "FIGR_HELOC": 1.009, "HYPE": 70.26, "DOGE": 0.076772, "RAIN": 0.01543978, "USDS": 0.999784, "LEO": 9.15, "ZEC": 460.89, "XLM": 0.205626, "WBT": 56.46, "ADA": 0.177447, "XMR": 321.25, "LINK": 7.9, "CC": 0.140694, "DAI": 0.999857, "USD1": 0.999172, "GRAM": 1.68, "BCH": 226.88, "USDE": 0.998781, "LTC": 44.17, "HBAR": 0.072716, "USYC": 1.13, "SUI": 0.75968, "USDG": 1.0, "AVAX": 6.87, "PYUSD": 1.0, "CRO": 0.060684, "NEAR": 2.02, "SHIB": 4.38e-06, "XAUT": 4156.36, "BUIDL": 1.0, "USDY": 1.14, "TAO": 213.82, "M": 1.55, "UNI": 3.18, "PAXG": 4159.03, "LAB": 5.89, "WLFI": 0.0564, "ASTER": 0.645999, "OKB": 80.75, "ONDO": 0.332771, "RLUSD": 0.999935, "WLD": 0.440743, "HTX": 1.7e-06, "MNT": 0.446684, "DOT": 0.870089, "USDF": 0.996114, "USDD": 1.0, "SKY": 0.058662, "AAVE": 88.58, "BFUSD": 0.998483, "MORPHO": 1.98, "PI": 0.117335, "ICP": 2.21, "BGB": 1.74, "PEPE": 2.76e-06, "ETC": 7.13, "DEXE": 22.94, "U": 1.0, "QNT": 67.98, "EUTBL": 1.21, "KCS": 7.16, "BCAP": 106.97, "USDGO": 1.0, "JTRSY": 1.11, "USTB": 11.13, "KAS": 0.03128006, "STABLE": 0.03527593, "BEAT": 2.71, "RENDER": 1.6, "ATOM": 1.59, "JUP": 0.242012, "ALGO": 0.089657, "POL": 0.073163, "JST": 0.090896, "NEXO": 0.773092, "ENA": 0.078664, "USDTB": 1.001, "ADI": 5.77, "GT": 6.71, "BDX": 0.088298, "\u5e01\u5b89\u4eba\u751f": 0.690019, "EURSAFO": 1.15, "JAAA": 1.04, "PUMP": 0.00161022, "FIL": 0.79863, "FLR": 0.00698816, "GHO": 0.998116, "VVV": 12.11, "XDC": 0.02859704, "NIGHT": 0.03337807, "USD0": 0.998636, "YLDS": 0.999805}}