{"timestamp": 1781655048, "base": "USD", "data": {"BTC": 65673, "ETH": 1793.82, "USDT": 0.99912, "BNB": 605.27, "XRP": 1.22, "USDC": 0.999737, "SOL": 73.55, "TRX": 0.316534, "FIGR_HELOC": 1.035, "HYPE": 73.61, "DOGE": 0.087138, "USDS": 0.999621, "LEO": 9.74, "RAIN": 0.01412732, "ZEC": 504.58, "XLM": 0.217152, "XMR": 346.65, "ADA": 0.172264, "WBT": 53.94, "CC": 0.160893, "LINK": 8.27, "USD1": 0.999839, "USDE": 0.999489, "GRAM": 1.65, "BCH": 215.24, "LAB": 13.4, "DAI": 0.999785, "M": 3.16, "LTC": 45.68, "HBAR": 0.080597, "SUI": 0.798108, "USYC": 1.13, "NEAR": 2.31, "AVAX": 6.89, "SHIB": 4.98e-06, "PYUSD": 0.999741, "USDG": 1.0, "CRO": 0.0602, "XAUT": 4313.75, "TAO": 256.68, "BUIDL": 1.0, "WLD": 0.667801, "USDY": 1.13, "UNI": 3.31, "PAXG": 4323.65, "WLFI": 0.060001, "MNT": 0.557919, "ONDO": 0.371186, "ASTER": 0.660712, "DOT": 1.014, "RLUSD": 0.999882, "OKB": 76.13, "HTX": 1.68e-06, "PI": 0.135423, "USDF": 0.993269, "USDD": 0.999354, "SKY": 0.057301, "BFUSD": 0.999323, "ICP": 2.36, "BGB": 1.83, "MORPHO": 1.94, "PEPE": 2.95e-06, "ETC": 7.38, "AAVE": 75.87, "QNT": 70.88, "ATOM": 1.99, "USTB": 11.12, "U": 0.999605, "BCAP": 107.07, "KCS": 7.23, "EUTBL": 1.22, "USDTB": 0.999708, "RENDER": 1.71, "KAS": 0.03247212, "DEXE": 18.65, "JTRSY": 1.11, "ALGO": 0.094503, "STABLE": 0.03555338, "NEXO": 0.820105, "POL": 0.07624, "ENA": 0.085891, "VVV": 15.77, "GT": 6.87, "BEAT": 2.53, "JST": 0.082275, "JAAA": 1.038, "\u5e01\u5b89\u4eba\u751f": 0.669815, "FLR": 0.00773091, "JUP": 0.195821, "FIL": 0.806907, "BDX": 0.079927, "XDC": 0.03039196, "GHO": 0.998872, "APT": 0.667896, "INJ": 5.56, "USD0": 0.998932, "YLDS": 0.999946, "EURSAFO": 1.17, "NIGHT": 0.0326523, "ARB": 0.085718}}