{"timestamp": 1782069468, "base": "USD", "data": {"BTC": 64144, "ETH": 1734.49, "USDT": 0.998914, "BNB": 591.26, "USDC": 0.999891, "XRP": 1.14, "SOL": 74.25, "TRX": 0.327264, "FIGR_HELOC": 1.034, "HYPE": 68.12, "DOGE": 0.083417, "USDS": 0.999757, "RAIN": 0.01437667, "LEO": 9.54, "ZEC": 452.78, "XLM": 0.214405, "WBT": 52.62, "ADA": 0.162151, "XMR": 317.7, "LINK": 7.95, "CC": 0.15222, "USD1": 1.0, "GRAM": 1.68, "USDE": 0.999007, "LAB": 13.69, "DAI": 0.999869, "BCH": 198.7, "M": 2.85, "LTC": 45.15, "HBAR": 0.079819, "USYC": 1.13, "SUI": 0.711974, "NEAR": 2.19, "USDG": 1.0, "PYUSD": 1.0, "SHIB": 4.69e-06, "CRO": 0.059079, "AVAX": 6.26, "XAUT": 4146.0, "BUIDL": 1.0, "TAO": 237.04, "WLD": 0.635751, "USDY": 1.13, "WLFI": 0.060996, "UNI": 3.04, "PAXG": 4154.93, "MNT": 0.536224, "ASTER": 0.640318, "ONDO": 0.339795, "DOT": 0.963604, "RLUSD": 1.0, "OKB": 76.34, "HTX": 1.72e-06, "PI": 0.13605, "USDF": 0.994808, "SKY": 0.05977, "USDD": 0.998831, "BFUSD": 0.998939, "ICP": 2.28, "BGB": 1.76, "PEPE": 2.84e-06, "MORPHO": 1.84, "ETC": 7.4, "AAVE": 74.4, "QNT": 70.59, "U": 1.0, "USTB": 11.12, "KCS": 7.28, "BCAP": 107.07, "EUTBL": 1.21, "USDTB": 1.002, "ATOM": 1.77, "RENDER": 1.68, "JTRSY": 1.11, "POL": 0.081386, "ENA": 0.090367, "KAS": 0.0299016, "STABLE": 0.03441556, "ALGO": 0.091421, "NEXO": 0.790917, "JAAA": 1.039, "JUP": 0.218001, "VVV": 15.38, "\u5e01\u5b89\u4eba\u751f": 0.715777, "JST": 0.083388, "GT": 6.69, "DEXE": 14.06, "FLR": 0.00745431, "FIL": 0.803953, "BDX": 0.079684, "GHO": 0.998199, "XDC": 0.02962705, "YLDS": 0.999808, "EURSAFO": 1.15, "USD0": 0.999144, "NIGHT": 0.03315315, "APT": 0.655875, "ARB": 0.083806, "PUMP": 0.00152342, "ADI": 4.14}}