{"timestamp": 1778872773, "base": "USD", "data": {"BTC": 79086, "ETH": 2223.26, "USDT": 0.999453, "BNB": 672.66, "XRP": 1.43, "USDC": 0.999736, "SOL": 89.49, "TRX": 0.351837, "FIGR_HELOC": 1.02, "DOGE": 0.112952, "WBT": 58.4, "USDS": 0.999428, "HYPE": 44.69, "ADA": 0.261169, "LEO": 10.18, "ZEC": 520.94, "BCH": 426.07, "LINK": 10.07, "XMR": 382.67, "CC": 0.160471, "TON": 1.99, "XLM": 0.154639, "USD1": 0.999563, "LTC": 57.18, "SUI": 1.1, "DAI": 0.999695, "M": 3.3, "USDE": 1.0, "AVAX": 9.54, "HBAR": 0.092947, "SHIB": 6.13e-06, "RAIN": 0.00750002, "PYUSD": 0.999434, "CRO": 0.073031, "USYC": 1.12, "USDG": 0.999659, "TAO": 287.7, "XAUT": 4553.74, "BUIDL": 1.0, "UNI": 3.61, "DOT": 1.32, "MNT": 0.664992, "PAXG": 4555.83, "WLFI": 0.06625, "NEAR": 1.55, "USDY": 1.13, "ONDO": 0.368016, "OKB": 84.8, "USDF": 0.997745, "HTX": 1.96e-06, "PI": 0.166213, "ASTER": 0.668671, "PEPE": 3.91e-06, "SKY": 0.070646, "RLUSD": 0.999797, "USDD": 0.999345, "ICP": 2.66, "ETC": 9.2, "BGB": 2.05, "AAVE": 93.01, "BFUSD": 0.999094, "MORPHO": 1.83, "QNT": 77.16, "KCS": 8.22, "USDTB": 0.99908, "JTRSY": 1.1, "U": 0.999653, "EUTBL": 1.22, "ENA": 0.111903, "ALGO": 0.112876, "USTB": 11.08, "ATOM": 1.94, "KAS": 0.03541792, "POL": 0.090667, "BCAP": 105.87, "RENDER": 1.85, "NEXO": 0.901552, "WLD": 0.245909, "STABLE": 0.03602193, "APT": 0.994805, "FLR": 0.00941668, "FIL": 1.012, "JST": 0.091135, "ARB": 0.125572, "GT": 7.23, "JUP": 0.211114, "XDC": 0.03363357, "PUMP": 0.00180931, "VVV": 13.69, "DEXE": 13.08, "BDX": 0.078884, "HASH": 0.01150008, "VET": 0.00702676, "GHO": 0.999556, "BONK": 6.57e-06, "UB": 0.228666, "USD0": 0.998122, "OUSG": 115.24, "PENGU": 0.00880076, "DASH": 43.54}}