{"timestamp": 1777967787, "base": "USD", "data": {"BTC": 80875, "ETH": 2381.18, "USDT": 0.9998, "XRP": 1.41, "BNB": 627.92, "USDC": 0.999844, "SOL": 84.91, "TRX": 0.34081, "FIGR_HELOC": 1.029, "DOGE": 0.111433, "WBT": 60.12, "USDS": 0.999795, "HYPE": 43.2, "ADA": 0.257049, "LEO": 10.32, "BCH": 446.52, "XMR": 408.61, "ZEC": 420.87, "LINK": 9.6, "CC": 0.149809, "XLM": 0.159131, "TON": 1.81, "M": 3.6, "USD1": 0.999646, "DAI": 0.999608, "LTC": 55.28, "AVAX": 9.35, "USDE": 0.999197, "HBAR": 0.08878, "SUI": 0.946571, "SHIB": 6.25e-06, "RAIN": 0.00747132, "PYUSD": 1.0, "CRO": 0.068977, "USYC": 1.12, "TAO": 283.73, "XAUT": 4541.02, "USDG": 0.999869, "BUIDL": 1.0, "PAXG": 4540.13, "MNT": 0.642762, "UNI": 3.34, "DOT": 1.26, "WLFI": 0.064666, "PI": 0.180857, "SKY": 0.080966, "OKB": 85.65, "USDF": 0.997083, "ASTER": 0.676346, "HTX": 1.92e-06, "PEPE": 4.07e-06, "NEAR": 1.27, "ONDO": 0.319586, "RLUSD": 0.99992, "USDD": 1.0, "BGB": 2.08, "AAVE": 93.16, "ETC": 8.83, "ICP": 2.41, "MORPHO": 2.18, "USDY": 1.13, "BFUSD": 0.999204, "JTRSY": 1.1, "KCS": 8.52, "ALGO": 0.120105, "POL": 0.09796, "U": 0.999805, "USTB": 11.07, "QNT": 67.82, "EUTBL": 1.23, "ATOM": 1.91, "BCAP": 105.77, "RENDER": 1.84, "ENA": 0.104445, "KAS": 0.03397265, "NEXO": 0.901397, "GT": 7.3, "WLD": 0.243049, "APT": 0.97592, "STABLE": 0.0341312, "FIL": 0.95439, "JST": 0.085375, "ARB": 0.118174, "PENGU": 0.01071572, "PUMP": 0.00184269, "FLR": 0.00757203, "VET": 0.00727932, "BDX": 0.079974, "JUP": 0.185501, "OUSG": 115.13, "GHO": 0.99973, "XDC": 0.02926206, "USDTB": 1.0, "DASH": 45.2, "BONK": 6.44e-06, "SIREN": 0.766852, "USD0": 0.998453, "SKYAI": 0.559121, "HASH": 0.01049868, "LUNC": 9.975e-05}}