{"timestamp": 1778407582, "base": "USD", "data": {"BTC": 80743, "ETH": 2325.17, "USDT": 0.999841, "XRP": 1.43, "BNB": 650.6, "USDC": 0.999875, "SOL": 94.18, "TRX": 0.349073, "FIGR_HELOC": 1.029, "DOGE": 0.108223, "WBT": 59.61, "USDS": 0.999735, "HYPE": 42.87, "ADA": 0.271684, "ZEC": 598.99, "LEO": 10.21, "BCH": 454.23, "LINK": 10.51, "XMR": 406.43, "TON": 2.42, "CC": 0.152711, "XLM": 0.162332, "LTC": 58.46, "SUI": 1.12, "USD1": 0.999055, "DAI": 0.999656, "M": 3.37, "AVAX": 9.98, "HBAR": 0.094022, "USDE": 0.99966, "SHIB": 6.45e-06, "RAIN": 0.00752297, "PYUSD": 0.999803, "CRO": 0.072028, "TAO": 311.94, "USYC": 1.12, "XAUT": 4708.63, "USDG": 0.999856, "UNI": 3.96, "BUIDL": 1.0, "DOT": 1.35, "MNT": 0.684053, "PAXG": 4711.05, "WLFI": 0.067658, "NEAR": 1.57, "ONDO": 0.405726, "ICP": 3.42, "OKB": 88.23, "SKY": 0.078893, "ASTER": 0.703894, "PI": 0.173392, "PEPE": 4.26e-06, "USDF": 0.99862, "HTX": 1.97e-06, "RLUSD": 0.999903, "ETC": 9.63, "BGB": 2.13, "USDD": 0.999759, "AAVE": 96.35, "MORPHO": 2.12, "USDY": 1.13, "BFUSD": 0.999195, "JTRSY": 1.1, "ENA": 0.130038, "ALGO": 0.128346, "KCS": 8.45, "POL": 0.102595, "QNT": 73.48, "RENDER": 2.02, "U": 0.999372, "KAS": 0.03700397, "EUTBL": 1.24, "USTB": 11.08, "ATOM": 1.94, "BCAP": 105.77, "NEXO": 0.917698, "FIL": 1.17, "WLD": 0.271639, "APT": 1.11, "ARB": 0.141491, "SIREN": 1.18, "GT": 7.46, "JUP": 0.251155, "PUMP": 0.00218381, "STABLE": 0.03398443, "JST": 0.084255, "FLR": 0.00836042, "VVV": 15.16, "VET": 0.00770545, "PENGU": 0.01051794, "BONK": 7.28e-06, "USDTB": 0.999564, "DASH": 48.83, "BDX": 0.079628, "OUSG": 115.18, "XDC": 0.03012587, "VIRTUAL": 0.89924, "GHO": 0.999624, "TRUMP": 2.46, "LUNC": 0.00010227}}