{"timestamp": 1779371837, "base": "USD", "data": {"BTC": 77036, "ETH": 2118.51, "USDT": 0.998996, "BNB": 648.51, "XRP": 1.36, "USDC": 0.999653, "SOL": 85.76, "TRX": 0.362011, "FIGR_HELOC": 1.035, "DOGE": 0.10437, "HYPE": 59.42, "WBT": 56.57, "ZEC": 663.29, "USDS": 0.99962, "LEO": 10.08, "ADA": 0.247134, "BCH": 377.17, "XMR": 395.05, "LINK": 9.58, "CC": 0.156209, "TON": 2.02, "XLM": 0.143965, "USD1": 0.999799, "USDE": 0.999065, "SUI": 1.094, "DAI": 0.999539, "LTC": 53.75, "AVAX": 9.31, "HBAR": 0.088293, "PYUSD": 0.99984, "M": 2.79, "RAIN": 0.00752451, "SHIB": 5.76e-06, "CRO": 0.068771, "USYC": 1.12, "USDG": 0.999624, "TAO": 279.22, "XAUT": 4505.41, "BUIDL": 1.0, "UNI": 3.57, "NEAR": 1.74, "MNT": 0.680937, "USDY": 1.13, "PAXG": 4504.09, "DOT": 1.25, "WLFI": 0.062501, "ONDO": 0.402266, "HTX": 2.01e-06, "ASTER": 0.703248, "USDF": 0.997915, "RLUSD": 1.0, "OKB": 80.24, "SKY": 0.070645, "PI": 0.151427, "PEPE": 3.73e-06, "USDD": 0.999631, "ICP": 2.53, "ETC": 8.89, "BGB": 1.98, "AAVE": 88.27, "BFUSD": 0.9988, "MORPHO": 1.94, "USDTB": 0.99935, "KCS": 7.95, "QNT": 72.88, "EUTBL": 1.22, "ATOM": 2.02, "U": 1.0, "ALGO": 0.114684, "JTRSY": 1.1, "USTB": 11.09, "RENDER": 1.9, "BCAP": 105.74, "POL": 0.090444, "ENA": 0.104429, "KAS": 0.03393696, "WLD": 0.260626, "NEXO": 0.875753, "VVV": 17.61, "JST": 0.092637, "STABLE": 0.03445461, "APT": 0.950882, "FIL": 0.983066, "GT": 6.97, "FLR": 0.00842227, "XDC": 0.03529172, "JUP": 0.209484, "ARB": 0.10969, "DEXE": 13.95, "PUMP": 0.0017576, "BDX": 0.078883, "DASH": 47.91, "GHO": 0.998916, "PENGU": 0.00919663, "VET": 0.00655769, "HASH": 0.01055528, "OUSG": 115.31, "USD0": 0.998522, "BONK": 6.08e-06, "KITE": 0.23257}}