{"timestamp": 1784664878, "base": "USD", "data": {"BTC": 66391, "ETH": 1922.02, "USDT": 0.999334, "BNB": 572.59, "USDC": 0.999912, "XRP": 1.15, "SOL": 77.88, "TRX": 0.329405, "FIGR_HELOC": 1.002, "HYPE": 60.22, "DOGE": 0.073477, "RAIN": 0.0145105, "USDS": 0.99986, "ZEC": 532.67, "LEO": 9.71, "WBT": 57.78, "XLM": 0.193427, "XMR": 349.06, "ADA": 0.173965, "LINK": 8.62, "CC": 0.126016, "DAI": 0.999978, "BCH": 223.79, "GRAM": 1.54, "USD1": 0.999218, "USDE": 0.999801, "LTC": 47.07, "USDG": 1.0, "SUI": 0.766228, "HBAR": 0.06988, "USYC": 1.13, "AVAX": 6.6, "CRO": 0.058578, "PYUSD": 0.999831, "BUIDL": 1.0, "SHIB": 4.27e-06, "NEAR": 1.93, "XAUT": 4079.74, "UNI": 3.69, "USDY": 1.14, "ONDO": 0.401173, "TAO": 199.11, "PAXG": 4076.1, "WLFI": 0.056506, "OKB": 82.06, "ASTER": 0.625158, "HTX": 1.85e-06, "RLUSD": 1.0, "M": 1.17, "USDD": 0.99956, "SKY": 0.062916, "AAVE": 95.02, "DOT": 0.854305, "MNT": 0.430024, "USDF": 0.995903, "WLD": 0.378978, "MORPHO": 2.04, "BFUSD": 0.998682, "ICP": 2.22, "PEPE": 2.89e-06, "BGB": 1.71, "ETC": 7.01, "U": 0.999674, "EUTBL": 1.2, "PI": 0.093146, "USDGO": 1.0, "BCAP": 106.2, "QNT": 64.91, "KCS": 6.69, "STABLE": 0.03661667, "JTRSY": 1.11, "POL": 0.080291, "ADI": 6.75, "EURSAFO": 1.15, "ENA": 0.086226, "JST": 0.10038, "BEAT": 2.62, "PUMP": 0.00200479, "RENDER": 1.54, "KAS": 0.02871462, "USTB": 11.15, "ATOM": 1.49, "NEXO": 0.763669, "ALGO": 0.084093, "GT": 6.75, "JAAA": 1.042, "JUP": 0.197365, "BDX": 0.08309, "GHO": 0.998931, "FIL": 0.77245, "\u5e01\u5b89\u4eba\u751f": 0.60907, "VVV": 12.65, "FLR": 0.00685053, "LIT": 2.37, "ARB": 0.089086, "XDC": 0.02920809, "YLDS": 0.999906, "USD0": 0.99935, "INJ": 5.31, "USX": 0.999906}}