{"timestamp": 1784375147, "base": "USD", "data": {"BTC": 63976, "ETH": 1843.43, "USDT": 0.99926, "BNB": 570.02, "USDC": 0.999908, "XRP": 1.087, "SOL": 74.88, "TRX": 0.322899, "FIGR_HELOC": 1.026, "HYPE": 58.64, "DOGE": 0.072172, "USDS": 0.999856, "RAIN": 0.01401512, "ZEC": 539.18, "LEO": 9.79, "WBT": 55.79, "XLM": 0.183599, "XMR": 331.33, "ADA": 0.165783, "LINK": 8.26, "CC": 0.124672, "DAI": 0.999655, "BCH": 219.0, "USD1": 0.999288, "GRAM": 1.47, "USDE": 0.999777, "LTC": 45.39, "USDG": 1.005, "USYC": 1.13, "SUI": 0.734926, "HBAR": 0.06621, "PYUSD": 0.999944, "CRO": 0.060668, "AVAX": 6.54, "BUIDL": 1.0, "NEAR": 1.9, "XAUT": 4010.32, "SHIB": 4.16e-06, "UNI": 3.5, "USDY": 1.14, "TAO": 193.04, "WLFI": 0.057529, "PAXG": 4009.75, "OKB": 80.93, "ONDO": 0.344353, "ASTER": 0.620763, "HTX": 1.83e-06, "M": 1.24, "DEXE": 34.93, "RLUSD": 1.0, "USDD": 0.999272, "DOT": 0.837524, "USDF": 0.99526, "MNT": 0.420034, "SKY": 0.058924, "WLD": 0.37693, "AAVE": 87.69, "BFUSD": 0.998491, "MORPHO": 1.95, "ICP": 2.14, "BGB": 1.65, "PEPE": 2.72e-06, "ETC": 7.02, "U": 0.999807, "USDGO": 0.999822, "EUTBL": 1.21, "BCAP": 106.19, "QNT": 64.23, "PI": 0.083789, "KCS": 6.63, "JTRSY": 1.11, "POL": 0.081409, "STABLE": 0.03531644, "EURSAFO": 1.15, "ADI": 6.55, "JST": 0.098541, "ATOM": 1.49, "ENA": 0.080209, "KAS": 0.02778427, "USTB": 11.15, "RENDER": 1.47, "NEXO": 0.74274, "ALGO": 0.082234, "BEAT": 2.33, "GT": 6.65, "\u5e01\u5b89\u4eba\u751f": 0.688608, "JAAA": 1.041, "PUMP": 0.0016542, "BDX": 0.083628, "JUP": 0.194005, "FIL": 0.756051, "GHO": 0.998895, "ARB": 0.089754, "FLR": 0.00650182, "YLDS": 0.999813, "XDC": 0.02795758, "USD0": 0.998716, "VVV": 11.63, "LIT": 2.2, "USX": 0.99988}}