{"timestamp": 1777752166, "base": "USD", "data": {"BTC": 78453, "ETH": 2310.19, "USDT": 0.999834, "XRP": 1.39, "BNB": 618.78, "USDC": 0.999887, "SOL": 84.19, "TRX": 0.331297, "FIGR_HELOC": 1.04, "DOGE": 0.108399, "WBT": 58.53, "USDS": 0.999857, "HYPE": 41.58, "LEO": 10.33, "ADA": 0.251254, "BCH": 446.42, "XMR": 384.94, "LINK": 9.16, "ZEC": 383.33, "CC": 0.147944, "XLM": 0.160056, "USD1": 0.999989, "DAI": 0.999727, "LTC": 55.3, "AVAX": 9.16, "USDE": 0.999088, "M": 2.99, "HBAR": 0.088683, "SUI": 0.926567, "SHIB": 6.27e-06, "RAIN": 0.00764507, "TON": 1.34, "PYUSD": 0.999997, "CRO": 0.06823, "USYC": 1.12, "TAO": 289.45, "XAUT": 4599.49, "USDG": 0.999955, "BUIDL": 1.0, "PAXG": 4598.35, "MNT": 0.630074, "UNI": 3.25, "DOT": 1.22, "SKY": 0.081038, "PI": 0.177424, "USDF": 0.996733, "WLFI": 0.055435, "OKB": 83.66, "ASTER": 0.679363, "PEPE": 3.97e-06, "NEAR": 1.29, "HTX": 1.84e-06, "RLUSD": 1.0, "USDD": 1.001, "BGB": 2.02, "AAVE": 92.94, "ONDO": 0.286821, "ETC": 8.56, "USDY": 1.13, "BFUSD": 0.999206, "JTRSY": 1.1, "ICP": 2.36, "MORPHO": 1.97, "KCS": 8.34, "POL": 0.097267, "U": 1.0, "QNT": 69.17, "USTB": 11.07, "ALGO": 0.111045, "EUTBL": 1.23, "BCAP": 105.75, "ATOM": 1.89, "RENDER": 1.76, "KAS": 0.03335275, "NEXO": 0.910028, "ENA": 0.103186, "GT": 7.26, "APT": 1.003, "WLD": 0.24439, "ARB": 0.122902, "STABLE": 0.03351977, "FIL": 0.933594, "JST": 0.084513, "PUMP": 0.0018368, "FLR": 0.00754284, "PENGU": 0.00995615, "VET": 0.00722614, "BDX": 0.079968, "OUSG": 115.1, "HASH": 0.0113823, "JUP": 0.179778, "XDC": 0.02935747, "GHO": 0.999719, "USDTB": 0.999556, "USD0": 0.998974, "BONK": 6.33e-06, "TRUMP": 2.37, "YLDS": 0.999898, "NIGHT": 0.03148179, "SIREN": 0.700112}}