{"timestamp": 1782925664, "base": "USD", "data": {"BTC": 59750, "ETH": 1607.33, "USDT": 0.998976, "BNB": 550.27, "USDC": 0.999678, "XRP": 1.055, "SOL": 76.94, "TRX": 0.31774, "FIGR_HELOC": 1.013, "HYPE": 64.22, "DOGE": 0.072824, "RAIN": 0.01556231, "USDS": 0.999688, "LEO": 9.22, "ZEC": 411.35, "XLM": 0.199061, "WBT": 54.63, "ADA": 0.154348, "XMR": 304.11, "CC": 0.142278, "LINK": 7.36, "USD1": 0.999158, "DAI": 0.999734, "USDE": 0.998466, "BCH": 212.28, "GRAM": 1.54, "LTC": 42.3, "HBAR": 0.071529, "USYC": 1.13, "USDG": 0.999656, "AVAX": 6.68, "SUI": 0.70912, "LAB": 8.83, "PYUSD": 1.0, "SHIB": 4.3e-06, "CRO": 0.054739, "XAUT": 4058.58, "NEAR": 1.82, "BUIDL": 1.0, "USDY": 1.14, "TAO": 203.11, "WLFI": 0.058852, "PAXG": 4062.87, "UNI": 2.78, "OKB": 80.24, "ASTER": 0.626148, "ONDO": 0.317075, "HTX": 1.64e-06, "RLUSD": 0.999887, "USDF": 0.995432, "M": 1.072, "DOT": 0.83597, "MNT": 0.420758, "USDD": 0.999087, "MORPHO": 2.11, "WLD": 0.389668, "BFUSD": 0.9983, "AAVE": 85.45, "PI": 0.114821, "SKY": 0.052712, "ICP": 2.16, "BGB": 1.61, "ETC": 6.97, "DEXE": 22.83, "U": 0.9995, "PEPE": 2.33e-06, "QNT": 67.35, "BCAP": 106.97, "KCS": 6.8, "EUTBL": 1.2, "JTRSY": 1.11, "USDGO": 0.999921, "USTB": 11.13, "KAS": 0.03112838, "BEAT": 2.75, "STABLE": 0.03399249, "ATOM": 1.55, "RENDER": 1.52, "JUP": 0.235486, "ALGO": 0.084426, "JST": 0.088279, "POL": 0.070472, "USDTB": 1.0, "NEXO": 0.719889, "ADI": 5.64, "GT": 6.51, "JAAA": 1.04, "\u5e01\u5b89\u4eba\u751f": 0.681525, "VVV": 14.41, "BDX": 0.087304, "ENA": 0.071545, "EURSAFO": 1.15, "VELVET": 1.43, "PUMP": 0.00147534, "GHO": 0.998104, "FIL": 0.738431, "YLDS": 0.999614, "XDC": 0.02787457, "FLR": 0.00641207, "USD0": 0.998523}}