{"timestamp": 1776583136, "base": "USD", "data": {"BTC": 75213, "ETH": 2320.63, "USDT": 1.0, "XRP": 1.43, "BNB": 621.63, "USDC": 0.999871, "SOL": 85.07, "TRX": 0.329651, "FIGR_HELOC": 1.035, "DOGE": 0.094465, "WBT": 54.63, "USDS": 0.999794, "HYPE": 43.42, "LEO": 10.14, "ADA": 0.246167, "BCH": 442.23, "LINK": 9.17, "XMR": 350.68, "M": 3.5, "USDE": 0.999406, "XLM": 0.168758, "CC": 0.145026, "ZEC": 323.81, "DAI": 0.999749, "LTC": 55.32, "USD1": 1.0, "PYUSD": 0.999828, "AVAX": 9.23, "HBAR": 0.088395, "SUI": 0.944114, "RAIN": 0.00761408, "SHIB": 6.01e-06, "TON": 1.28, "CRO": 0.069499, "USYC": 1.12, "XAUT": 4774.37, "WLFI": 0.079047, "BUIDL": 1.0, "PAXG": 4774.95, "TAO": 241.1, "USDG": 0.999833, "MNT": 0.652457, "DOT": 1.26, "UNI": 3.27, "USDF": 0.998395, "PI": 0.173073, "SKY": 0.075976, "OKB": 83.77, "NEAR": 1.33, "ASTER": 0.669594, "HTX": 1.8e-06, "PEPE": 3.77e-06, "JTRSY": 1.1, "USDD": 1.0, "RLUSD": 0.99966, "AAVE": 91.89, "ICP": 2.47, "BFUSD": 0.9999, "USDY": 1.12, "ETC": 8.38, "BGB": 1.87, "ONDO": 0.254712, "KCS": 8.48, "GT": 7.13, "PUMP": 0.00184049, "MORPHO": 1.95, "QNT": 73.21, "ENA": 0.119418, "EUTBL": 1.24, "U": 1.0, "POL": 0.089122, "KAS": 0.03438114, "ALGO": 0.10533, "RENDER": 1.77, "NEXO": 0.896573, "ATOM": 1.77, "USDTB": 1.0, "USTB": 11.05, "WLD": 0.261266, "ARB": 0.125581, "BCAP": 82.76, "APT": 0.928564, "DEXE": 15.3, "FIL": 0.923822, "FLR": 0.00811115, "HASH": 0.01170553, "TRUMP": 2.85, "JUP": 0.177326, "BDX": 0.079962, "NIGHT": 0.03682925, "VET": 0.00707426, "OUSG": 114.95, "JST": 0.070364, "XDC": 0.02989056, "YLDS": 1.0, "GHO": 0.99908, "STABLE": 0.02564784, "USD0": 0.998162, "BONK": 6e-06, "SIREN": 0.689963}}