{"timestamp": 1779086903, "base": "USD", "data": {"BTC": 76842, "ETH": 2117.25, "USDT": 0.99932, "BNB": 640.37, "XRP": 1.39, "USDC": 0.999809, "SOL": 84.63, "TRX": 0.355724, "FIGR_HELOC": 1.039, "DOGE": 0.104692, "WBT": 56.59, "USDS": 0.999603, "HYPE": 45.37, "LEO": 10.08, "ADA": 0.249187, "ZEC": 530.41, "BCH": 370.87, "XMR": 384.44, "LINK": 9.46, "CC": 0.152016, "TON": 1.96, "XLM": 0.14802, "USD1": 0.999552, "DAI": 0.999633, "USDE": 0.999682, "LTC": 53.77, "SUI": 1.034, "M": 3.17, "AVAX": 9.13, "HBAR": 0.088857, "RAIN": 0.0073871, "PYUSD": 0.999715, "SHIB": 5.66e-06, "CRO": 0.069154, "USDG": 0.999661, "USYC": 1.12, "XAUT": 4534.03, "BUIDL": 1.0, "TAO": 258.35, "UNI": 3.43, "PAXG": 4533.74, "MNT": 0.630127, "DOT": 1.22, "NEAR": 1.5, "WLFI": 0.059811, "USDY": 1.13, "HTX": 1.97e-06, "USDF": 0.998408, "OKB": 81.66, "ASTER": 0.647065, "ONDO": 0.338236, "SKY": 0.06932, "PI": 0.14884, "RLUSD": 1.0, "PEPE": 3.63e-06, "USDD": 0.999798, "ICP": 2.54, "BGB": 1.98, "ETC": 8.83, "AAVE": 88.41, "BFUSD": 0.9987, "MORPHO": 1.76, "QNT": 75.86, "USDTB": 0.999302, "JTRSY": 1.1, "KCS": 7.87, "ATOM": 2.06, "U": 1.0, "EUTBL": 1.22, "USTB": 11.08, "BCAP": 105.87, "ALGO": 0.10763, "POL": 0.090024, "ENA": 0.10318, "KAS": 0.033687, "RENDER": 1.77, "NEXO": 0.856593, "STABLE": 0.03722426, "WLD": 0.234216, "FLR": 0.00886086, "JST": 0.088793, "APT": 0.922775, "GT": 6.97, "FIL": 0.940901, "ARB": 0.116047, "VVV": 14.58, "JUP": 0.195898, "DEXE": 13.91, "XDC": 0.03119105, "BDX": 0.078867, "PUMP": 0.00169298, "GHO": 0.999219, "VET": 0.0066521, "HASH": 0.01064534, "USD0": 0.998172, "OUSG": 115.25, "CAKE": 1.43, "DASH": 42.11, "YLDS": 0.999986, "NIGHT": 0.03185801}}