{"timestamp": 1783257137, "base": "USD", "data": {"BTC": 62709, "ETH": 1764.41, "USDT": 0.999086, "BNB": 586.34, "USDC": 0.999781, "XRP": 1.14, "SOL": 80.85, "TRX": 0.32888, "FIGR_HELOC": 1.009, "HYPE": 69.41, "DOGE": 0.076569, "RAIN": 0.0153183, "USDS": 0.999769, "LEO": 9.15, "ZEC": 463.1, "ADA": 0.187665, "XLM": 0.199393, "WBT": 56.58, "XMR": 329.85, "LINK": 7.92, "CC": 0.140748, "LAB": 16.15, "BCH": 241.17, "GRAM": 1.77, "DAI": 0.999657, "USD1": 0.99861, "USDE": 0.99861, "LTC": 44.74, "HBAR": 0.074999, "USYC": 1.13, "SUI": 0.747985, "USDG": 1.0, "AVAX": 6.87, "PYUSD": 1.0, "CRO": 0.060036, "NEAR": 1.97, "SHIB": 4.34e-06, "XAUT": 4162.19, "BUIDL": 1.0, "USDY": 1.13, "TAO": 212.15, "UNI": 3.13, "PAXG": 4165.74, "WLFI": 0.05887, "M": 1.39, "ASTER": 0.638625, "OKB": 79.59, "HTX": 1.76e-06, "ONDO": 0.327159, "RLUSD": 1.0, "DOT": 0.871643, "MNT": 0.441766, "WLD": 0.412289, "USDF": 0.996159, "USDD": 1.002, "AAVE": 88.35, "BFUSD": 0.9985, "SKY": 0.054967, "MORPHO": 1.95, "PI": 0.113334, "ICP": 2.2, "BGB": 1.72, "DEXE": 24.5, "PEPE": 2.68e-06, "ETC": 7.1, "U": 0.999904, "EUTBL": 1.21, "KCS": 7.13, "QNT": 67.09, "BCAP": 106.97, "USDGO": 0.999902, "BEAT": 2.81, "JTRSY": 1.11, "USTB": 11.13, "KAS": 0.03123098, "STABLE": 0.03415211, "RENDER": 1.59, "ATOM": 1.56, "ALGO": 0.089846, "JUP": 0.238253, "JST": 0.092142, "POL": 0.073155, "NEXO": 0.764826, "\u5e01\u5b89\u4eba\u751f": 0.764, "ENA": 0.077918, "USDTB": 1.0, "ADI": 5.8, "GT": 6.75, "BDX": 0.088403, "EURSAFO": 1.15, "JAAA": 1.04, "PUMP": 0.00155569, "FIL": 0.784369, "FLR": 0.0069431, "GHO": 0.99826, "LIT": 2.38, "XDC": 0.02829603, "NIGHT": 0.03384768, "VVV": 11.79, "USD0": 0.9987}}