{"timestamp": 1781470881, "base": "USD", "data": {"BTC": 63983, "ETH": 1670.04, "USDT": 0.999441, "BNB": 604.77, "USDC": 0.999778, "XRP": 1.14, "SOL": 67.8, "TRX": 0.318721, "FIGR_HELOC": 1.018, "HYPE": 60.5, "DOGE": 0.08662, "USDS": 0.999718, "LEO": 9.7, "RAIN": 0.01306497, "ZEC": 426.02, "XMR": 338.27, "ADA": 0.166989, "CC": 0.160182, "XLM": 0.182426, "WBT": 52.11, "LINK": 7.85, "TON": 1.7, "USDE": 0.999492, "USD1": 1.0, "DAI": 0.999742, "BCH": 200.73, "M": 2.96, "LTC": 44.41, "HBAR": 0.07755, "LAB": 9.89, "SUI": 0.751797, "USYC": 1.13, "SHIB": 4.91e-06, "AVAX": 6.46, "PYUSD": 0.999824, "NEAR": 2.11, "CRO": 0.060738, "USDG": 0.999923, "XAUT": 4212.14, "TAO": 264.92, "BUIDL": 1.0, "USDY": 1.13, "PAXG": 4225.03, "WLFI": 0.058377, "MNT": 0.554273, "WLD": 0.500622, "ONDO": 0.348274, "ASTER": 0.621443, "RLUSD": 0.999828, "DOT": 0.955087, "OKB": 73.81, "UNI": 2.49, "HTX": 1.68e-06, "BEAT": 5.15, "USDF": 0.995961, "PI": 0.131521, "USDD": 0.999671, "ICP": 2.43, "SKY": 0.056949, "BFUSD": 0.9988, "MORPHO": 1.94, "BGB": 1.78, "PEPE": 2.79e-06, "ETC": 6.98, "ATOM": 1.99, "AAVE": 65.93, "U": 0.999989, "QNT": 67.16, "BCAP": 106.96, "EUTBL": 1.22, "USTB": 11.11, "KCS": 6.92, "USDTB": 1.0, "RENDER": 1.75, "KAS": 0.03179819, "JTRSY": 1.11, "STABLE": 0.03569702, "DEXE": 17.76, "ALGO": 0.090394, "POL": 0.075081, "NEXO": 0.793255, "VVV": 16.26, "ENA": 0.081079, "GT": 6.68, "JAAA": 1.038, "FLR": 0.00782948, "JST": 0.077947, "\u5e01\u5b89\u4eba\u751f": 0.664413, "BDX": 0.079754, "H": 0.335051, "FIL": 0.762151, "GHO": 0.998908, "XDC": 0.02981457, "JUP": 0.169779, "YLDS": 0.999635, "USD0": 0.998641, "APT": 0.653839, "PUMP": 0.00153841, "A7A5": 0.01329334, "HASH": 0.00956213}}