{"timestamp": 1784042250, "base": "USD", "data": {"BTC": 64156, "ETH": 1877.22, "USDT": 0.999004, "BNB": 580.89, "USDC": 0.999746, "XRP": 1.1, "SOL": 77.25, "TRX": 0.325542, "FIGR_HELOC": 1.033, "HYPE": 64.99, "DOGE": 0.074331, "USDS": 0.99977, "RAIN": 0.01415026, "ZEC": 531.3, "LEO": 9.55, "WBT": 56.55, "XLM": 0.184067, "LINK": 8.32, "XMR": 329.24, "ADA": 0.164253, "CC": 0.132513, "BCH": 239.06, "DAI": 0.999724, "GRAM": 1.64, "USD1": 0.998871, "USDE": 0.999728, "LTC": 44.54, "USDG": 1.001, "SUI": 0.761579, "USYC": 1.13, "HBAR": 0.067028, "BUIDL": 1.0, "AVAX": 6.63, "PYUSD": 0.999859, "NEAR": 2.04, "CRO": 0.055512, "SHIB": 4.25e-06, "XAUT": 4081.01, "UNI": 3.7, "USDY": 1.14, "TAO": 203.28, "DEXE": 40.23, "WLFI": 0.05782, "PAXG": 4079.53, "OKB": 81.36, "ASTER": 0.630209, "HTX": 1.82e-06, "M": 1.22, "USDD": 0.998776, "ONDO": 0.315085, "RLUSD": 1.0, "AAVE": 99.13, "WLD": 0.41529, "DOT": 0.850694, "SKY": 0.061092, "USDF": 0.995164, "MNT": 0.428949, "MORPHO": 2.02, "BFUSD": 0.998491, "ICP": 2.23, "PEPE": 2.85e-06, "BGB": 1.68, "ETC": 7.05, "U": 0.999262, "EUTBL": 1.21, "BCAP": 106.19, "KCS": 7.05, "QNT": 64.65, "USDGO": 0.999792, "STABLE": 0.03659358, "POL": 0.083865, "PI": 0.080385, "ADI": 6.98, "JTRSY": 1.11, "JST": 0.099832, "EURSAFO": 1.15, "ATOM": 1.56, "ENA": 0.083905, "\u5e01\u5b89\u4eba\u751f": 0.800196, "BEAT": 2.57, "KAS": 0.0286675, "RENDER": 1.52, "USTB": 11.14, "ALGO": 0.085052, "NEXO": 0.748865, "BDX": 0.092745, "USDTB": 1.0, "GT": 6.72, "JUP": 0.206604, "JAAA": 1.041, "LIT": 2.57, "FIL": 0.77288, "GHO": 0.998055, "PUMP": 0.00148095, "ARB": 0.092008, "FLR": 0.00667934, "USD0": 0.99832, "XDC": 0.02721076, "YLDS": 0.999749, "APT": 0.625362}}