{"timestamp": 1783119866, "base": "USD", "data": {"BTC": 62540, "ETH": 1757.15, "USDT": 0.999121, "BNB": 572.89, "USDC": 0.999937, "XRP": 1.13, "SOL": 82.27, "TRX": 0.322572, "FIGR_HELOC": 1.009, "HYPE": 70.7, "DOGE": 0.077692, "RAIN": 0.01545617, "USDS": 0.999795, "LEO": 9.16, "ZEC": 463.89, "XLM": 0.204522, "ADA": 0.18063, "WBT": 56.62, "XMR": 323.78, "LINK": 7.94, "CC": 0.139802, "DAI": 0.999828, "BCH": 229.55, "USD1": 0.999096, "GRAM": 1.67, "USDE": 0.998671, "LTC": 44.84, "HBAR": 0.07342, "SUI": 0.769642, "USYC": 1.13, "USDG": 1.0, "AVAX": 6.94, "PYUSD": 0.999974, "CRO": 0.060971, "NEAR": 2.04, "SHIB": 4.45e-06, "XAUT": 4159.85, "BUIDL": 1.0, "USDY": 1.14, "TAO": 215.29, "M": 1.52, "UNI": 3.21, "PAXG": 4165.55, "LAB": 6.01, "WLFI": 0.057008, "ASTER": 0.649515, "OKB": 80.96, "ONDO": 0.334555, "RLUSD": 0.999986, "WLD": 0.434631, "HTX": 1.68e-06, "DOT": 0.88335, "MNT": 0.450936, "USDF": 0.996303, "USDD": 0.997375, "SKY": 0.058827, "AAVE": 87.43, "BFUSD": 0.998433, "PI": 0.11829, "MORPHO": 1.96, "ICP": 2.24, "BGB": 1.74, "PEPE": 2.75e-06, "ETC": 7.24, "DEXE": 23.01, "U": 0.999798, "QNT": 68.24, "EUTBL": 1.21, "KCS": 7.16, "BCAP": 106.97, "USDGO": 0.999978, "JTRSY": 1.11, "USTB": 11.13, "KAS": 0.03132128, "STABLE": 0.03530029, "BEAT": 2.75, "RENDER": 1.61, "ATOM": 1.6, "JUP": 0.243302, "ALGO": 0.089468, "POL": 0.07358, "JST": 0.090208, "NEXO": 0.77055, "ENA": 0.079361, "USDTB": 1.0, "ADI": 5.76, "GT": 6.69, "BDX": 0.08797, "EURSAFO": 1.15, "\u5e01\u5b89\u4eba\u751f": 0.683218, "JAAA": 1.04, "PUMP": 0.00163468, "FIL": 0.800031, "VVV": 13.12, "FLR": 0.0069838, "GHO": 0.99799, "XDC": 0.02859699, "NIGHT": 0.03345643, "USD0": 0.998908, "YLDS": 0.9999}}