{"timestamp": 1777847565, "base": "USD", "data": {"BTC": 79062, "ETH": 2338.11, "USDT": 0.999833, "XRP": 1.4, "BNB": 619.72, "USDC": 0.999903, "SOL": 84.55, "TRX": 0.338253, "FIGR_HELOC": 1.04, "DOGE": 0.109086, "WBT": 58.99, "USDS": 0.999862, "HYPE": 41.51, "LEO": 10.3, "ADA": 0.250831, "BCH": 445.67, "XMR": 391.08, "ZEC": 410.21, "LINK": 9.17, "CC": 0.147791, "XLM": 0.158738, "USD1": 1.0, "DAI": 0.999646, "LTC": 55.59, "AVAX": 9.14, "USDE": 0.999318, "M": 3.01, "HBAR": 0.088156, "SUI": 0.925714, "SHIB": 6.21e-06, "RAIN": 0.00754527, "TON": 1.35, "PYUSD": 0.999888, "CRO": 0.068389, "USYC": 1.12, "TAO": 290.24, "XAUT": 4612.48, "USDG": 0.999885, "BUIDL": 1.0, "PAXG": 4612.32, "MNT": 0.633768, "UNI": 3.26, "DOT": 1.22, "WLFI": 0.058952, "SKY": 0.080463, "PI": 0.176048, "OKB": 85.6, "USDF": 0.996938, "ASTER": 0.669477, "HTX": 1.9e-06, "PEPE": 3.97e-06, "NEAR": 1.28, "RLUSD": 0.999961, "USDD": 0.999759, "AAVE": 93.05, "BGB": 2.01, "ONDO": 0.287976, "ETC": 8.52, "USDY": 1.12, "BFUSD": 0.999311, "JTRSY": 1.1, "ICP": 2.35, "MORPHO": 1.94, "KCS": 8.47, "U": 1.001, "ALGO": 0.114003, "POL": 0.095354, "QNT": 68.58, "USTB": 11.07, "EUTBL": 1.23, "BCAP": 105.75, "RENDER": 1.85, "ATOM": 1.88, "KAS": 0.03379353, "NEXO": 0.901353, "ENA": 0.101949, "GT": 7.36, "APT": 0.99352, "WLD": 0.23988, "STABLE": 0.03291204, "ARB": 0.118612, "JST": 0.085042, "FIL": 0.931655, "PUMP": 0.00181956, "FLR": 0.00757587, "PENGU": 0.01000955, "VET": 0.00724854, "BDX": 0.080065, "OUSG": 115.1, "JUP": 0.178731, "GHO": 0.999904, "XDC": 0.02914306, "USDTB": 0.999562, "HASH": 0.01104137, "USD0": 0.998943, "BONK": 6.29e-06, "SIREN": 0.749246, "TRUMP": 2.34, "YLDS": 0.99998, "NIGHT": 0.03044492}}