{"timestamp": 1776607893, "base": "USD", "data": {"BTC": 75720, "ETH": 2330.36, "USDT": 1.0, "XRP": 1.43, "BNB": 624.31, "USDC": 0.999918, "SOL": 86.1, "TRX": 0.33069, "FIGR_HELOC": 1.035, "DOGE": 0.094976, "WBT": 54.92, "USDS": 0.999715, "HYPE": 43.58, "LEO": 10.16, "ADA": 0.248351, "BCH": 441.82, "LINK": 9.27, "XMR": 348.57, "M": 3.64, "XLM": 0.170472, "USDE": 0.999738, "CC": 0.14684, "ZEC": 329.48, "DAI": 0.999862, "LTC": 55.4, "USD1": 1.0, "PYUSD": 0.99974, "AVAX": 9.27, "HBAR": 0.088779, "SUI": 0.959159, "RAIN": 0.00764961, "SHIB": 6.06e-06, "TON": 1.29, "CRO": 0.069791, "USYC": 1.12, "XAUT": 4786.7, "WLFI": 0.078676, "BUIDL": 1.0, "TAO": 246.97, "PAXG": 4792.16, "USDG": 0.999855, "MNT": 0.660321, "DOT": 1.27, "UNI": 3.32, "USDF": 0.998074, "SKY": 0.076734, "NEAR": 1.37, "OKB": 84.01, "PI": 0.172306, "ASTER": 0.673009, "HTX": 1.81e-06, "PEPE": 3.79e-06, "JTRSY": 1.1, "USDD": 1.0, "RLUSD": 0.999867, "AAVE": 92.55, "ICP": 2.47, "ETC": 8.45, "USDY": 1.13, "BGB": 1.89, "BFUSD": 0.999898, "ONDO": 0.258189, "KCS": 8.57, "MORPHO": 2.08, "GT": 7.18, "PUMP": 0.00186063, "QNT": 74.27, "ENA": 0.120572, "EUTBL": 1.24, "U": 0.999213, "POL": 0.089671, "KAS": 0.03461996, "ALGO": 0.105359, "RENDER": 1.79, "ATOM": 1.78, "NEXO": 0.895099, "WLD": 0.267594, "USDTB": 0.999694, "USTB": 11.05, "ARB": 0.127205, "APT": 0.942726, "BCAP": 82.76, "DEXE": 15.92, "FIL": 0.930635, "FLR": 0.00818645, "TRUMP": 2.85, "HASH": 0.01158381, "JUP": 0.177695, "BDX": 0.079897, "VET": 0.0071919, "NIGHT": 0.03698265, "JST": 0.070738, "OUSG": 114.95, "XDC": 0.02991616, "YLDS": 0.999991, "GHO": 0.998884, "STABLE": 0.02553057, "USD0": 0.998217, "BONK": 6.14e-06, "CAKE": 1.54}}