{"timestamp": 1783665306, "base": "USD", "data": {"BTC": 63885, "ETH": 1770.6, "USDT": 0.999239, "BNB": 576.38, "USDC": 0.999742, "XRP": 1.11, "SOL": 78.91, "TRX": 0.332157, "FIGR_HELOC": 1.002, "HYPE": 67.8, "DOGE": 0.073931, "USDS": 0.999703, "RAIN": 0.01439734, "LEO": 9.55, "ZEC": 496.82, "WBT": 56.36, "XLM": 0.189266, "ADA": 0.166158, "XMR": 315.61, "LINK": 7.89, "CC": 0.132096, "BCH": 242.09, "DAI": 0.99978, "GRAM": 1.66, "USD1": 0.99886, "USDE": 0.99964, "LTC": 44.37, "USDG": 0.999545, "USYC": 1.13, "HBAR": 0.070588, "SUI": 0.723738, "AVAX": 6.78, "PYUSD": 0.999726, "CRO": 0.056815, "SHIB": 4.34e-06, "NEAR": 1.93, "XAUT": 4101.38, "BUIDL": 1.0, "UNI": 3.5, "USDY": 1.13, "TAO": 212.3, "WLFI": 0.058221, "PAXG": 4106.84, "ASTER": 0.629948, "OKB": 80.23, "HTX": 1.85e-06, "M": 1.24, "DEXE": 34.72, "ONDO": 0.321013, "RLUSD": 1.0, "USDD": 0.999746, "MORPHO": 2.27, "DOT": 0.842919, "USDF": 0.996781, "MNT": 0.430545, "AAVE": 92.53, "WLD": 0.383823, "SKY": 0.057806, "BFUSD": 0.9983, "ICP": 2.31, "BGB": 1.65, "PEPE": 2.65e-06, "ETC": 7.07, "PI": 0.100233, "U": 0.999912, "EUTBL": 1.21, "QNT": 67.81, "BCAP": 106.63, "KCS": 7.01, "JTRSY": 1.11, "STABLE": 0.03541258, "USDGO": 0.999916, "JST": 0.100081, "USTB": 11.14, "POL": 0.077364, "KAS": 0.02956413, "ATOM": 1.56, "RENDER": 1.56, "ADI": 6.33, "ALGO": 0.085352, "NEXO": 0.763123, "EURSAFO": 1.15, "BDX": 0.096604, "ENA": 0.079032, "USDTB": 1.0, "GT": 6.75, "JUP": 0.210792, "JAAA": 1.041, "\u5e01\u5b89\u4eba\u751f": 0.679299, "BEAT": 2.18, "FIL": 0.789842, "LIT": 2.51, "PUMP": 0.00151482, "GHO": 0.998463, "ARB": 0.092566, "FLR": 0.00666597, "USD0": 0.999625, "XDC": 0.0271564, "YLDS": 0.999705, "VVV": 11.24}}