{"timestamp": 1784004183, "base": "USD", "data": {"BTC": 62651, "ETH": 1785.99, "USDT": 0.998902, "BNB": 570.4, "USDC": 0.999878, "XRP": 1.067, "SOL": 75.18, "TRX": 0.324518, "FIGR_HELOC": 1.033, "HYPE": 63.33, "DOGE": 0.072043, "USDS": 0.999752, "RAIN": 0.0143245, "LEO": 9.55, "ZEC": 505.53, "WBT": 55.02, "XLM": 0.178959, "XMR": 321.82, "LINK": 7.95, "ADA": 0.157878, "CC": 0.129436, "BCH": 233.65, "DAI": 0.999828, "USD1": 0.998538, "GRAM": 1.59, "USDE": 0.9997, "LTC": 43.68, "USDG": 1.001, "USYC": 1.13, "SUI": 0.725465, "HBAR": 0.06639, "BUIDL": 1.0, "PYUSD": 0.999729, "AVAX": 6.46, "NEAR": 1.97, "CRO": 0.054266, "XAUT": 4015.17, "SHIB": 4.16e-06, "UNI": 3.61, "USDY": 1.14, "TAO": 199.58, "DEXE": 40.5, "WLFI": 0.057719, "PAXG": 4013.91, "ASTER": 0.629784, "OKB": 80.34, "M": 1.25, "HTX": 1.81e-06, "USDD": 0.998398, "RLUSD": 1.0, "ONDO": 0.309218, "AAVE": 96.28, "USDF": 0.995563, "DOT": 0.837465, "SKY": 0.060109, "WLD": 0.396292, "MNT": 0.419934, "BFUSD": 0.998029, "MORPHO": 1.96, "ICP": 2.19, "PEPE": 2.74e-06, "BGB": 1.62, "ETC": 6.87, "U": 0.999699, "EUTBL": 1.2, "BCAP": 106.19, "KCS": 6.87, "USDGO": 0.999878, "QNT": 64.16, "STABLE": 0.03724662, "POL": 0.083188, "ADI": 7.0, "JTRSY": 1.11, "JST": 0.10124, "EURSAFO": 1.15, "BEAT": 2.61, "ATOM": 1.52, "PI": 0.07205, "USTB": 11.14, "KAS": 0.02833978, "RENDER": 1.49, "ENA": 0.080244, "BDX": 0.097271, "ALGO": 0.083657, "NEXO": 0.733806, "USDTB": 1.0, "GT": 6.66, "\u5e01\u5b89\u4eba\u751f": 0.702363, "JAAA": 1.041, "JUP": 0.204273, "FIL": 0.75823, "GHO": 0.998007, "LIT": 2.38, "PUMP": 0.00146294, "ARB": 0.089827, "FLR": 0.00646861, "USD0": 0.998535, "YLDS": 0.999731, "XDC": 0.02699602, "HASH": 0.00945965}}