{"timestamp": 1783874956, "base": "USD", "data": {"BTC": 64087, "ETH": 1819.5, "USDT": 0.999344, "BNB": 580.83, "USDC": 0.99977, "XRP": 1.1, "SOL": 77.47, "TRX": 0.330821, "FIGR_HELOC": 1.041, "HYPE": 67.91, "DOGE": 0.073493, "USDS": 0.999726, "RAIN": 0.01451768, "ZEC": 543.61, "LEO": 9.56, "WBT": 56.21, "XLM": 0.189816, "XMR": 329.02, "ADA": 0.16438, "LINK": 8.03, "CC": 0.136661, "BCH": 244.53, "DAI": 0.999758, "GRAM": 1.64, "USD1": 0.999152, "USDE": 0.999743, "LTC": 44.73, "USDG": 1.0, "USYC": 1.13, "SUI": 0.741851, "HBAR": 0.067337, "BUIDL": 1.0, "PYUSD": 0.999717, "AVAX": 6.41, "CRO": 0.055934, "SHIB": 4.29e-06, "XAUT": 4093.02, "NEAR": 1.9, "UNI": 3.66, "DEXE": 47.2, "USDY": 1.14, "TAO": 212.37, "WLFI": 0.057917, "PAXG": 4097.61, "OKB": 80.61, "HTX": 1.85e-06, "ASTER": 0.624843, "ONDO": 0.327782, "M": 1.19, "USDD": 0.999219, "RLUSD": 0.999999, "WLD": 0.430592, "AAVE": 98.91, "DOT": 0.843382, "USDF": 0.996253, "SKY": 0.060686, "MNT": 0.421395, "BFUSD": 0.998759, "MORPHO": 2.0, "ICP": 2.24, "BGB": 1.69, "PEPE": 2.78e-06, "ETC": 6.9, "PI": 0.096892, "U": 0.999746, "EUTBL": 1.21, "BCAP": 106.63, "KCS": 7.02, "QNT": 65.68, "USDGO": 1.0, "STABLE": 0.03671148, "JTRSY": 1.11, "JST": 0.10102, "ADI": 6.88, "POL": 0.080162, "BEAT": 2.76, "ATOM": 1.59, "RENDER": 1.55, "KAS": 0.02890385, "USTB": 11.14, "ENA": 0.08158, "EURSAFO": 1.15, "ALGO": 0.083814, "NEXO": 0.750992, "USDTB": 1.0, "\u5e01\u5b89\u4eba\u751f": 0.71441, "GT": 6.68, "JAAA": 1.041, "JUP": 0.202461, "LIT": 2.68, "BDX": 0.084988, "FIL": 0.775623, "ARB": 0.095132, "GHO": 0.998346, "PUMP": 0.00144204, "FLR": 0.00653473, "USD0": 0.998483, "XDC": 0.02713913, "YLDS": 0.999802, "USX": 0.999846}}