{"timestamp": 1777161461, "base": "USD", "data": {"BTC": 77618, "ETH": 2318.71, "USDT": 1.0, "XRP": 1.42, "BNB": 628.79, "USDC": 0.999723, "SOL": 86.15, "TRX": 0.323865, "FIGR_HELOC": 1.02, "DOGE": 0.098074, "WBT": 54.91, "USDS": 0.999682, "HYPE": 41.49, "LEO": 10.26, "ADA": 0.250289, "BCH": 453.01, "XMR": 372.39, "LINK": 9.34, "ZEC": 359.2, "CC": 0.151665, "M": 4.38, "XLM": 0.169755, "DAI": 0.999711, "USD1": 0.999866, "LTC": 56.04, "AVAX": 9.37, "HBAR": 0.09128, "USDE": 0.999403, "SUI": 0.938773, "SHIB": 6.17e-06, "PYUSD": 0.999766, "RAIN": 0.00704714, "TON": 1.32, "CRO": 0.069957, "USYC": 1.12, "XAUT": 4691.05, "USDG": 0.999813, "WLFI": 0.074965, "TAO": 247.74, "BUIDL": 1.0, "PAXG": 4693.27, "MNT": 0.658998, "DOT": 1.25, "UNI": 3.26, "SKY": 0.084913, "NEAR": 1.4, "USDF": 0.996595, "PI": 0.171896, "OKB": 84.3, "HTX": 1.81e-06, "PEPE": 3.86e-06, "ASTER": 0.652572, "RLUSD": 0.999957, "USDD": 1.001, "AAVE": 93.94, "JTRSY": 1.1, "BGB": 1.96, "ICP": 2.43, "USDY": 1.13, "ETC": 8.45, "BFUSD": 0.9998, "ONDO": 0.261133, "GT": 7.34, "KCS": 8.37, "MORPHO": 1.86, "EUTBL": 1.23, "PUMP": 0.00174977, "U": 0.999685, "ATOM": 2.03, "ALGO": 0.115319, "QNT": 70.36, "USTB": 11.06, "POL": 0.091793, "ENA": 0.107401, "RENDER": 1.81, "KAS": 0.03364031, "NEXO": 0.905796, "WLD": 0.258492, "ARB": 0.129135, "APT": 0.967513, "BCAP": 82.76, "STABLE": 0.03352272, "FIL": 0.937626, "FLR": 0.00789826, "JST": 0.07895, "DEXE": 13.83, "VET": 0.00737254, "BDX": 0.080249, "JUP": 0.172643, "XDC": 0.03020441, "OUSG": 115.03, "TRUMP": 2.57, "NIGHT": 0.03572777, "USDTB": 0.999951, "GHO": 0.999242, "HASH": 0.01016348, "USD0": 0.998134, "BONK": 6.21e-06, "PENGU": 0.00861955, "YLDS": 0.999989}}