{"timestamp": 1782325683, "base": "USD", "data": {"BTC": 59744, "ETH": 1578.36, "USDT": 0.998541, "BNB": 554.27, "USDC": 0.999782, "XRP": 1.065, "SOL": 66.08, "TRX": 0.325563, "FIGR_HELOC": 1.032, "HYPE": 60.57, "DOGE": 0.074114, "USDS": 0.999488, "RAIN": 0.01579649, "LEO": 9.44, "ZEC": 404.77, "XLM": 0.185214, "XMR": 312.24, "CC": 0.149164, "WBT": 48.38, "LINK": 7.22, "ADA": 0.142039, "LAB": 15.93, "USD1": 0.998598, "DAI": 0.999409, "USDE": 0.998369, "GRAM": 1.54, "BCH": 184.42, "M": 2.73, "HBAR": 0.074389, "USYC": 1.13, "LTC": 39.99, "USDG": 0.999616, "PYUSD": 1.0, "SUI": 0.672625, "AVAX": 6.13, "CRO": 0.055041, "SHIB": 4.28e-06, "NEAR": 1.91, "XAUT": 3978.67, "BUIDL": 1.0, "USDY": 1.13, "TAO": 212.15, "WLFI": 0.056989, "PAXG": 3981.05, "WLD": 0.513739, "UNI": 2.79, "MNT": 0.497984, "ASTER": 0.606614, "RLUSD": 0.99989, "OKB": 74.07, "HTX": 1.7e-06, "ONDO": 0.301074, "USDF": 0.993947, "DOT": 0.860013, "USDD": 0.998542, "PI": 0.12307, "BFUSD": 0.998317, "SKY": 0.052652, "BGB": 1.68, "ICP": 2.1, "AAVE": 75.45, "MORPHO": 1.71, "ETC": 6.74, "DEXE": 22.36, "PEPE": 2.47e-06, "U": 0.999599, "QNT": 67.36, "BCAP": 107.03, "USTB": 11.12, "EUTBL": 1.2, "KCS": 6.85, "USDTB": 0.999415, "JTRSY": 1.11, "ATOM": 1.63, "STABLE": 0.0348733, "RENDER": 1.52, "ALGO": 0.087413, "POL": 0.072348, "KAS": 0.02752742, "ENA": 0.081135, "NEXO": 0.733667, "\u5e01\u5b89\u4eba\u751f": 0.699138, "GT": 6.5, "JST": 0.08065, "JAAA": 1.039, "JUP": 0.205276, "BDX": 0.081924, "GHO": 0.997721, "EURSAFO": 1.14, "VVV": 12.54, "FLR": 0.00677878, "XDC": 0.0283891, "FIL": 0.712603, "YLDS": 0.999761, "USD0": 0.998928, "ADI": 4.38, "HASH": 0.00982486, "NIGHT": 0.03077192, "USX": 0.99945, "APT": 0.604466}}