{"timestamp": 1782728714, "base": "USD", "data": {"BTC": 60198, "ETH": 1579.6, "USDT": 0.998618, "BNB": 554.39, "USDC": 0.999696, "XRP": 1.053, "SOL": 73.4, "TRX": 0.323199, "FIGR_HELOC": 1.044, "HYPE": 63.2, "DOGE": 0.072984, "USDS": 0.999668, "RAIN": 0.01556525, "LEO": 9.4, "ZEC": 384.96, "XLM": 0.173015, "XMR": 312.37, "WBT": 48.05, "CC": 0.145281, "LINK": 7.34, "ADA": 0.145509, "LAB": 15.39, "USD1": 0.999393, "DAI": 0.999826, "USDE": 0.998355, "GRAM": 1.6, "BCH": 197.17, "LTC": 42.4, "USYC": 1.13, "HBAR": 0.071456, "USDG": 0.999846, "AVAX": 6.61, "SUI": 0.69387, "PYUSD": 1.0, "CRO": 0.054119, "SHIB": 4.21e-06, "XAUT": 4025.06, "NEAR": 1.86, "BUIDL": 1.0, "USDY": 1.14, "TAO": 205.9, "WLFI": 0.058464, "UNI": 2.96, "PAXG": 4026.95, "ASTER": 0.632805, "OKB": 78.59, "RLUSD": 1.0, "ONDO": 0.313511, "HTX": 1.68e-06, "WLD": 0.430433, "USDF": 0.99507, "MNT": 0.426937, "AAVE": 92.09, "DOT": 0.820622, "USDD": 0.998682, "BFUSD": 0.998301, "PI": 0.120885, "ICP": 2.18, "SKY": 0.050232, "MORPHO": 1.79, "BGB": 1.62, "ETC": 7.04, "DEXE": 21.84, "U": 0.9997, "PEPE": 2.36e-06, "BCAP": 107.03, "QNT": 65.48, "EUTBL": 1.2, "KCS": 6.78, "STABLE": 0.03692953, "JTRSY": 1.11, "USDGO": 0.999832, "ATOM": 1.57, "RENDER": 1.56, "M": 0.593826, "ALGO": 0.087377, "KAS": 0.02835482, "POL": 0.071911, "USTB": 11.13, "BEAT": 2.61, "JST": 0.087679, "ENA": 0.079378, "USDTB": 0.999823, "NEXO": 0.725895, "\u5e01\u5b89\u4eba\u751f": 0.711561, "JUP": 0.212812, "VELVET": 1.67, "GT": 6.5, "JAAA": 1.039, "BDX": 0.086467, "ADI": 4.98, "VVV": 13.14, "EURSAFO": 1.15, "GHO": 0.99793, "PUMP": 0.0014192, "FIL": 0.72579, "FLR": 0.00658313, "YLDS": 0.999696, "XDC": 0.02779071, "USD0": 0.998713}}