{"timestamp": 1782863976, "base": "USD", "data": {"BTC": 58554, "ETH": 1569.61, "USDT": 0.998436, "BNB": 545.73, "USDC": 0.999622, "XRP": 1.038, "SOL": 73.51, "TRX": 0.314962, "FIGR_HELOC": 1.014, "HYPE": 64.87, "DOGE": 0.071982, "RAIN": 0.01573529, "USDS": 0.999545, "LEO": 9.26, "ZEC": 398.65, "XLM": 0.187868, "WBT": 53.93, "XMR": 303.29, "CC": 0.141238, "LINK": 7.19, "ADA": 0.144132, "USD1": 0.998903, "DAI": 0.999297, "USDE": 0.998001, "LAB": 13.65, "GRAM": 1.5, "BCH": 199.37, "LTC": 41.87, "USYC": 1.13, "HBAR": 0.069415, "USDG": 0.999817, "AVAX": 6.53, "SUI": 0.689621, "PYUSD": 0.999672, "CRO": 0.05375, "SHIB": 4.2e-06, "XAUT": 3996.36, "NEAR": 1.78, "BUIDL": 1.0, "USDY": 1.14, "TAO": 201.81, "WLFI": 0.057642, "PAXG": 3999.04, "UNI": 2.78, "ASTER": 0.622635, "OKB": 78.8, "ONDO": 0.308299, "HTX": 1.62e-06, "WLD": 0.406488, "USDF": 0.994732, "RLUSD": 0.999975, "DOT": 0.820564, "USDD": 0.998749, "MNT": 0.410968, "BFUSD": 0.998101, "AAVE": 85.0, "PI": 0.115066, "MORPHO": 1.9, "SKY": 0.051969, "ICP": 2.1, "BGB": 1.59, "DEXE": 23.33, "ETC": 6.88, "U": 0.999408, "PEPE": 2.32e-06, "BCAP": 106.97, "M": 0.72819, "QNT": 64.74, "STABLE": 0.03853681, "EUTBL": 1.2, "KCS": 6.63, "JTRSY": 1.11, "USTB": 11.13, "USDGO": 0.999716, "BEAT": 2.92, "KAS": 0.02923885, "RENDER": 1.51, "ATOM": 1.51, "JST": 0.087496, "ALGO": 0.082786, "USDTB": 0.999419, "POL": 0.068406, "NEXO": 0.715053, "JUP": 0.211534, "ADI": 5.5, "GT": 6.45, "VELVET": 1.62, "JAAA": 1.039, "\u5e01\u5b89\u4eba\u751f": 0.672712, "ENA": 0.072058, "BDX": 0.085151, "EURSAFO": 1.15, "GHO": 0.997818, "VVV": 12.21, "PUMP": 0.00141329, "FIL": 0.715226, "YLDS": 0.99947, "FLR": 0.00640598, "USD0": 0.998395, "XDC": 0.02767305}}