{"timestamp": 1779022871, "base": "USD", "data": {"BTC": 78329, "ETH": 2193.36, "USDT": 0.999576, "BNB": 656.3, "XRP": 1.42, "USDC": 0.999796, "SOL": 86.73, "TRX": 0.35645, "FIGR_HELOC": 1.039, "DOGE": 0.112111, "WBT": 57.8, "USDS": 0.999697, "HYPE": 43.17, "ADA": 0.256065, "LEO": 10.09, "ZEC": 513.17, "BCH": 414.36, "XMR": 393.76, "LINK": 9.76, "CC": 0.153979, "TON": 1.94, "XLM": 0.15195, "USD1": 0.999936, "DAI": 0.999548, "USDE": 0.999984, "LTC": 56.29, "SUI": 1.068, "M": 3.17, "AVAX": 9.36, "HBAR": 0.091506, "RAIN": 0.00751643, "PYUSD": 0.999465, "SHIB": 5.84e-06, "CRO": 0.07147, "USDG": 0.999771, "USYC": 1.12, "XAUT": 4538.74, "BUIDL": 1.0, "TAO": 273.91, "UNI": 3.59, "DOT": 1.28, "PAXG": 4537.02, "MNT": 0.644979, "NEAR": 1.55, "WLFI": 0.060893, "USDY": 1.13, "HTX": 1.97e-06, "USDF": 0.997519, "OKB": 83.6, "ONDO": 0.35645, "ASTER": 0.666402, "PI": 0.159384, "SKY": 0.069946, "PEPE": 3.77e-06, "RLUSD": 0.99973, "USDD": 0.999649, "ICP": 2.63, "ETC": 9.13, "BGB": 2.01, "AAVE": 90.91, "BFUSD": 0.998898, "QNT": 79.88, "MORPHO": 1.78, "KCS": 8.11, "USDTB": 0.999392, "JTRSY": 1.1, "ATOM": 2.07, "U": 0.999946, "EUTBL": 1.22, "USTB": 11.08, "POL": 0.092354, "ALGO": 0.110064, "ENA": 0.1075, "BCAP": 105.87, "RENDER": 1.84, "KAS": 0.03458674, "NEXO": 0.87918, "WLD": 0.243096, "STABLE": 0.03539408, "FLR": 0.00921553, "APT": 0.965285, "GT": 7.19, "JST": 0.089002, "FIL": 0.971056, "ARB": 0.121553, "JUP": 0.200067, "VVV": 14.38, "XDC": 0.03175978, "PUMP": 0.00175109, "DEXE": 13.2, "BDX": 0.078702, "VET": 0.00682502, "GHO": 0.999612, "HASH": 0.01090116, "USD0": 0.998328, "OUSG": 115.25, "BONK": 6.25e-06, "PENGU": 0.00858731, "DASH": 41.81, "YLDS": 0.999812}}