{"timestamp": 1779709507, "base": "USD", "data": {"BTC": 77410, "ETH": 2117.15, "USDT": 0.998986, "BNB": 661.44, "XRP": 1.36, "USDC": 0.999699, "SOL": 85.94, "TRX": 0.366072, "FIGR_HELOC": 1.03, "DOGE": 0.102907, "HYPE": 63.33, "ZEC": 668.41, "USDS": 0.999712, "LEO": 10.07, "ADA": 0.245206, "XMR": 391.47, "BCH": 349.77, "LINK": 9.56, "WBT": 56.99, "CC": 0.166208, "XLM": 0.151847, "TON": 1.8, "USD1": 0.999053, "USDE": 0.999072, "DAI": 0.999694, "SUI": 1.046, "LTC": 52.79, "AVAX": 9.39, "HBAR": 0.08949, "M": 2.91, "RAIN": 0.00778483, "PYUSD": 0.999864, "SHIB": 5.63e-06, "NEAR": 2.43, "CRO": 0.069512, "USYC": 1.13, "USDG": 0.999892, "XAUT": 4554.05, "TAO": 278.78, "BUIDL": 1.0, "MNT": 0.649868, "PAXG": 4561.94, "UNI": 3.37, "DOT": 1.26, "USDY": 1.13, "ONDO": 0.429491, "WLFI": 0.062387, "ASTER": 0.70836, "HTX": 2.01e-06, "OKB": 83.43, "USDF": 0.997845, "RLUSD": 0.999976, "SKY": 0.07029, "PI": 0.149621, "PEPE": 3.61e-06, "USDD": 0.999731, "MORPHO": 2.36, "ICP": 2.66, "ETC": 9.05, "BGB": 1.98, "BFUSD": 0.998339, "AAVE": 86.8, "QNT": 82.21, "KCS": 8.13, "USDTB": 0.999112, "ATOM": 2.13, "RENDER": 2.07, "EUTBL": 1.23, "WLD": 0.304648, "U": 1.0, "ALGO": 0.113975, "USTB": 11.09, "POL": 0.091902, "BCAP": 105.74, "JTRSY": 1.1, "KAS": 0.03341129, "ENA": 0.101308, "VVV": 19.05, "STABLE": 0.03822177, "NEXO": 0.850606, "DEXE": 17.52, "JST": 0.092679, "APT": 0.962354, "FIL": 0.973252, "GT": 7.05, "FLR": 0.00833199, "XDC": 0.03387251, "ARB": 0.107682, "JUP": 0.202139, "PUMP": 0.00178273, "BDX": 0.078925, "DASH": 47.14, "GHO": 0.998862, "VET": 0.00668673, "PENGU": 0.00911153, "HASH": 0.0107391, "USD0": 0.998602, "OUSG": 115.33, "NIGHT": 0.03299406, "INJ": 5.45}}