{"timestamp": 1778305265, "base": "USD", "data": {"BTC": 80458, "ETH": 2317.78, "USDT": 0.999861, "XRP": 1.43, "BNB": 651.96, "USDC": 1.0, "SOL": 93.63, "TRX": 0.352839, "FIGR_HELOC": 1.028, "DOGE": 0.110467, "WBT": 59.35, "HYPE": 44.08, "ZEC": 626.57, "USDS": 0.999764, "ADA": 0.276158, "LEO": 10.32, "BCH": 451.92, "LINK": 10.55, "XMR": 411.53, "TON": 2.6, "CC": 0.155938, "XLM": 0.166488, "M": 3.52, "LTC": 58.63, "DAI": 0.999533, "USD1": 0.999521, "AVAX": 9.99, "SUI": 1.077, "HBAR": 0.093891, "USDE": 0.999336, "SHIB": 6.47e-06, "RAIN": 0.00754857, "PYUSD": 0.999739, "CRO": 0.071734, "USYC": 1.12, "TAO": 311.86, "XAUT": 4701.53, "USDG": 0.999957, "BUIDL": 1.0, "WLFI": 0.075102, "UNI": 3.73, "DOT": 1.38, "MNT": 0.691019, "PAXG": 4707.51, "ONDO": 0.449564, "ICP": 3.83, "NEAR": 1.58, "SKY": 0.082598, "ASTER": 0.722692, "OKB": 88.38, "PI": 0.174398, "PEPE": 4.34e-06, "HTX": 1.98e-06, "USDF": 0.998795, "RLUSD": 0.999954, "ETC": 9.83, "BGB": 2.15, "AAVE": 97.35, "USDD": 0.999663, "MORPHO": 2.15, "USDY": 1.13, "BFUSD": 0.999201, "JTRSY": 1.1, "ENA": 0.132053, "ALGO": 0.131069, "KCS": 8.43, "QNT": 75.81, "POL": 0.102709, "RENDER": 2.03, "U": 1.0, "ATOM": 1.98, "KAS": 0.0365393, "EUTBL": 1.24, "FIL": 1.27, "USTB": 11.08, "BCAP": 105.77, "SIREN": 1.29, "WLD": 0.273391, "NEXO": 0.905236, "APT": 1.12, "ARB": 0.144387, "JUP": 0.249992, "GT": 7.37, "PUMP": 0.00218372, "STABLE": 0.03396086, "VVV": 15.44, "JST": 0.082188, "FLR": 0.00807914, "VET": 0.00797976, "PENGU": 0.01072591, "SKYAI": 0.651527, "DASH": 51.03, "BONK": 7.31e-06, "XDC": 0.0316599, "USDTB": 0.999433, "BDX": 0.079887, "VIRTUAL": 0.936749, "OUSG": 115.18, "GHO": 0.999795, "TRUMP": 2.49}}