{"timestamp": 1778716809, "base": "USD", "data": {"BTC": 79278, "ETH": 2257.6, "USDT": 0.999544, "BNB": 671.32, "XRP": 1.43, "USDC": 0.999764, "SOL": 91.08, "TRX": 0.349557, "FIGR_HELOC": 1.044, "DOGE": 0.112673, "WBT": 58.34, "USDS": 0.999702, "ADA": 0.264615, "HYPE": 38.86, "LEO": 10.05, "ZEC": 524.59, "BCH": 433.73, "LINK": 10.21, "XMR": 397.86, "CC": 0.155238, "TON": 2.1, "XLM": 0.158913, "SUI": 1.21, "USD1": 0.999372, "LTC": 56.96, "DAI": 0.999694, "M": 3.27, "AVAX": 9.75, "HBAR": 0.093478, "USDE": 1.0, "SHIB": 6.27e-06, "RAIN": 0.00750376, "PYUSD": 0.999779, "USDG": 0.999618, "CRO": 0.075046, "USYC": 1.12, "TAO": 294.84, "XAUT": 4686.38, "UNI": 3.62, "BUIDL": 1.0, "DOT": 1.33, "MNT": 0.672033, "PAXG": 4686.09, "WLFI": 0.067533, "NEAR": 1.58, "USDY": 1.12, "ONDO": 0.385319, "PI": 0.170872, "USDF": 0.997544, "OKB": 84.67, "HTX": 1.95e-06, "ASTER": 0.672185, "PEPE": 4.05e-06, "SKY": 0.072331, "ICP": 3.03, "RLUSD": 0.999912, "USDD": 0.999563, "AAVE": 96.34, "BGB": 2.07, "ETC": 9.25, "BFUSD": 0.9993, "MORPHO": 1.98, "KCS": 8.31, "JTRSY": 1.1, "QNT": 73.68, "ENA": 0.116601, "ALGO": 0.118061, "ATOM": 2.04, "U": 0.999589, "POL": 0.096098, "KAS": 0.03721029, "USTB": 11.08, "EUTBL": 1.23, "RENDER": 1.87, "BCAP": 105.87, "STABLE": 0.04009807, "NEXO": 0.90224, "WLD": 0.259619, "APT": 1.045, "SIREN": 1.15, "FIL": 1.048, "USDTB": 0.999662, "ARB": 0.131987, "JST": 0.091429, "GT": 7.26, "FLR": 0.00862643, "JUP": 0.222357, "VVV": 14.52, "PUMP": 0.00186346, "B": 0.643416, "VET": 0.00728967, "BDX": 0.079965, "XDC": 0.03100168, "BONK": 6.83e-06, "OUSG": 115.23, "GHO": 0.999398, "PENGU": 0.00899218, "DEXE": 11.99, "TRUMP": 2.36, "HASH": 0.01052157}}