{"timestamp": 1783461957, "base": "USD", "data": {"BTC": 63275, "ETH": 1769.93, "USDT": 0.999341, "BNB": 577.32, "USDC": 0.999939, "XRP": 1.11, "SOL": 80.63, "TRX": 0.33121, "FIGR_HELOC": 1.025, "HYPE": 69.18, "DOGE": 0.073931, "USDS": 0.999766, "RAIN": 0.01488187, "LEO": 9.35, "ZEC": 483.56, "WBT": 56.19, "ADA": 0.174127, "XLM": 0.188287, "XMR": 334.09, "LINK": 7.83, "CC": 0.129662, "BCH": 239.56, "DAI": 0.999575, "USD1": 0.998601, "GRAM": 1.63, "USDE": 0.998815, "LTC": 43.78, "USDG": 0.999814, "USYC": 1.13, "HBAR": 0.070689, "SUI": 0.72339, "AVAX": 6.68, "PYUSD": 0.999967, "CRO": 0.057075, "SHIB": 4.37e-06, "NEAR": 1.98, "XAUT": 4092.01, "BUIDL": 1.0, "USDY": 1.14, "LAB": 6.74, "TAO": 212.0, "UNI": 3.19, "PAXG": 4095.98, "WLFI": 0.057697, "M": 1.33, "HTX": 1.86e-06, "ASTER": 0.626889, "OKB": 79.7, "ONDO": 0.326684, "RLUSD": 1.0, "USDD": 1.0, "DOT": 0.849799, "USDF": 0.997098, "MNT": 0.41958, "AAVE": 90.58, "DEXE": 28.69, "WLD": 0.380524, "BFUSD": 0.998595, "MORPHO": 2.01, "SKY": 0.054017, "ICP": 2.19, "PI": 0.109564, "BGB": 1.67, "PEPE": 2.67e-06, "ETC": 6.92, "U": 0.999799, "EUTBL": 1.2, "BCAP": 106.63, "QNT": 66.16, "KCS": 6.96, "JTRSY": 1.11, "USDGO": 0.999992, "USTB": 11.14, "STABLE": 0.03505662, "ATOM": 1.57, "RENDER": 1.57, "POL": 0.07599, "KAS": 0.02931976, "JST": 0.093202, "JUP": 0.238331, "ALGO": 0.085976, "BEAT": 2.48, "NEXO": 0.745303, "ADI": 5.81, "USDTB": 1.001, "GT": 6.79, "ENA": 0.075441, "EURSAFO": 1.15, "\u5e01\u5b89\u4eba\u751f": 0.708063, "BDX": 0.089426, "JAAA": 1.04, "PUMP": 0.00156996, "LIT": 2.47, "FIL": 0.775267, "GHO": 0.998723, "FLR": 0.00676271, "NIGHT": 0.03336884, "USD0": 0.99866, "YLDS": 0.99973, "AERO": 0.565473}}