{"timestamp": 1776887764, "base": "USD", "data": {"BTC": 78851, "ETH": 2397.13, "USDT": 1.0, "XRP": 1.44, "BNB": 644.5, "USDC": 0.99977, "SOL": 87.3, "TRX": 0.329261, "FIGR_HELOC": 1.021, "DOGE": 0.096599, "WBT": 56.12, "USDS": 0.999651, "HYPE": 40.95, "LEO": 10.23, "ADA": 0.252238, "BCH": 463.28, "XMR": 375.14, "LINK": 9.41, "XLM": 0.178717, "CC": 0.152895, "M": 4.31, "ZEC": 319.57, "DAI": 0.999636, "USDE": 0.999277, "LTC": 55.97, "USD1": 0.999975, "AVAX": 9.46, "HBAR": 0.091524, "SUI": 0.956421, "RAIN": 0.00777725, "SHIB": 6.2e-06, "PYUSD": 0.999847, "TON": 1.38, "CRO": 0.070261, "USYC": 1.12, "XAUT": 4722.49, "WLFI": 0.078966, "BUIDL": 1.0, "TAO": 245.84, "USDG": 0.999817, "PAXG": 4727.75, "DOT": 1.28, "UNI": 3.38, "MNT": 0.644766, "SKY": 0.083463, "NEAR": 1.41, "USDF": 0.998083, "OKB": 84.83, "PI": 0.16882, "ASTER": 0.680499, "HTX": 1.83e-06, "PEPE": 3.86e-06, "JTRSY": 1.1, "RLUSD": 1.0, "AAVE": 94.23, "ICP": 2.52, "USDD": 1.0, "BGB": 1.95, "ETC": 8.55, "USDY": 1.12, "BFUSD": 0.9999, "ONDO": 0.2643, "KCS": 8.58, "GT": 7.45, "PUMP": 0.00186752, "QNT": 74.19, "MORPHO": 1.94, "U": 1.0, "EUTBL": 1.23, "POL": 0.093908, "ENA": 0.109322, "KAS": 0.03472092, "ATOM": 1.87, "RENDER": 1.82, "ALGO": 0.103798, "NEXO": 0.918309, "WLD": 0.271356, "USDTB": 0.999728, "USTB": 11.06, "ARB": 0.130522, "APT": 0.954401, "BCAP": 82.76, "FIL": 0.942779, "JST": 0.081745, "FLR": 0.0080349, "TRUMP": 2.94, "JUP": 0.175092, "VET": 0.00722312, "BDX": 0.079848, "NIGHT": 0.03701098, "OUSG": 115.0, "XDC": 0.0299178, "HASH": 0.01033076, "YLDS": 0.999845, "STABLE": 0.02676328, "GHO": 0.99887, "BONK": 6.45e-06, "DEXE": 12.13, "USD0": 0.998256, "PENGU": 0.0083778}}