{"timestamp": 1778014496, "base": "USD", "data": {"BTC": 81605, "ETH": 2382.82, "USDT": 0.999896, "XRP": 1.42, "BNB": 633.41, "USDC": 0.999789, "SOL": 86.64, "TRX": 0.344034, "FIGR_HELOC": 1.033, "DOGE": 0.11407, "WBT": 60.33, "USDS": 0.999841, "HYPE": 44.38, "ADA": 0.260607, "LEO": 10.34, "BCH": 457.37, "ZEC": 486.16, "XMR": 420.66, "LINK": 9.79, "CC": 0.147123, "XLM": 0.15999, "TON": 1.95, "USD1": 0.999548, "M": 3.43, "DAI": 0.999799, "LTC": 56.33, "AVAX": 9.44, "HBAR": 0.090705, "USDE": 0.999266, "SUI": 0.971373, "SHIB": 6.34e-06, "RAIN": 0.00743803, "PYUSD": 0.999997, "CRO": 0.069806, "USYC": 1.12, "TAO": 292.67, "XAUT": 4549.31, "USDG": 0.999916, "BUIDL": 1.0, "PAXG": 4548.37, "DOT": 1.28, "MNT": 0.648918, "UNI": 3.38, "WLFI": 0.066131, "PI": 0.181516, "SKY": 0.080509, "OKB": 86.09, "USDF": 0.999459, "PEPE": 4.2e-06, "HTX": 1.94e-06, "ASTER": 0.678867, "NEAR": 1.3, "RLUSD": 0.999916, "ONDO": 0.315923, "ICP": 2.77, "USDD": 0.999991, "BGB": 2.06, "AAVE": 93.69, "ETC": 8.97, "MORPHO": 2.22, "USDY": 1.13, "BFUSD": 0.999201, "JTRSY": 1.1, "KCS": 8.55, "ALGO": 0.119274, "POL": 0.098487, "U": 0.999671, "USTB": 11.07, "ENA": 0.110907, "RENDER": 1.91, "QNT": 68.26, "EUTBL": 1.23, "BCAP": 105.77, "ATOM": 1.88, "KAS": 0.03449378, "NEXO": 0.912518, "GT": 7.38, "WLD": 0.247506, "APT": 0.987788, "STABLE": 0.03402606, "FIL": 0.984445, "SKYAI": 0.754922, "ARB": 0.120715, "JST": 0.085136, "PENGU": 0.01140815, "PUMP": 0.00184793, "FLR": 0.00762967, "VET": 0.00747637, "JUP": 0.191596, "LUNC": 0.00011396, "USDTB": 1.0, "BDX": 0.079976, "DASH": 48.44, "OUSG": 115.14, "HASH": 0.0113861, "GHO": 0.999887, "XDC": 0.02920325, "BONK": 6.52e-06, "USD0": 0.998315, "TRUMP": 2.4}}