{"timestamp": 1780963099, "base": "USD", "data": {"BTC": 63037, "ETH": 1688.52, "USDT": 0.999514, "BNB": 601.34, "USDC": 0.999585, "XRP": 1.17, "SOL": 66.73, "TRX": 0.326498, "FIGR_HELOC": 1.027, "HYPE": 63.45, "DOGE": 0.086261, "USDS": 0.999759, "LEO": 9.42, "RAIN": 0.0132791, "ZEC": 456.96, "XLM": 0.202202, "ADA": 0.170375, "CC": 0.159975, "XMR": 314.4, "LINK": 7.98, "WBT": 44.95, "USD1": 0.998709, "TON": 1.72, "USDE": 0.999364, "DAI": 0.999712, "BCH": 209.03, "M": 3.11, "LAB": 11.72, "HBAR": 0.081317, "LTC": 43.05, "SUI": 0.75353, "AVAX": 6.75, "USYC": 1.13, "PYUSD": 0.999788, "CRO": 0.062065, "SHIB": 4.71e-06, "NEAR": 2.13, "XAUT": 4294.3, "USDG": 1.0, "BUIDL": 1.0, "USDY": 1.13, "TAO": 215.08, "PAXG": 4307.4, "WLFI": 0.057601, "MNT": 0.546356, "ONDO": 0.363775, "WLD": 0.496833, "RLUSD": 0.999738, "DOT": 0.973111, "ASTER": 0.630139, "HTX": 1.75e-06, "UNI": 2.51, "OKB": 72.67, "USDF": 0.99574, "PI": 0.129235, "USDD": 0.999595, "SKY": 0.058202, "BFUSD": 0.998899, "ICP": 2.33, "BGB": 1.83, "BEAT": 4.32, "PEPE": 2.81e-06, "MORPHO": 1.8, "ETC": 7.11, "USDTB": 0.9998, "DEXE": 21.62, "EUTBL": 1.21, "U": 0.9999, "BCAP": 106.96, "QNT": 66.83, "AAVE": 63.33, "USTB": 11.11, "ATOM": 1.76, "KAS": 0.03207136, "KCS": 6.45, "JTRSY": 1.11, "SIREN": 1.18, "RENDER": 1.64, "POL": 0.078073, "ALGO": 0.092, "ENA": 0.085266, "NEXO": 0.789808, "STABLE": 0.03308967, "VVV": 16.46, "\u5e01\u5b89\u4eba\u751f": 0.705647, "JST": 0.080312, "GT": 6.39, "XDC": 0.03130025, "FLR": 0.00729092, "FIL": 0.773346, "BDX": 0.078327, "GHO": 0.999282, "PUMP": 0.00161986, "INJ": 5.63, "USD0": 0.998422, "APT": 0.670324, "NIGHT": 0.03257407, "HASH": 0.01002353, "YLDS": 0.999606, "JUP": 0.158776}}