{"timestamp": 1780860346, "base": "USD", "data": {"BTC": 61454, "ETH": 1611.79, "USDT": 0.999502, "BNB": 588.99, "USDC": 0.999523, "XRP": 1.13, "SOL": 64.04, "TRX": 0.325678, "FIGR_HELOC": 1.033, "DOGE": 0.083435, "HYPE": 57.82, "USDS": 0.999753, "LEO": 9.51, "RAIN": 0.0131484, "ZEC": 408.39, "XLM": 0.202374, "CC": 0.160941, "ADA": 0.15943, "XMR": 299.38, "LINK": 7.59, "WBT": 43.88, "USD1": 0.99937, "USDE": 0.999448, "TON": 1.65, "BCH": 219.37, "DAI": 0.9997, "LAB": 13.13, "M": 3.08, "HBAR": 0.080175, "LTC": 41.3, "SUI": 0.732271, "PYUSD": 0.999881, "AVAX": 6.57, "USYC": 1.13, "SHIB": 4.61e-06, "CRO": 0.059565, "XAUT": 4293.21, "NEAR": 1.98, "USDG": 1.0, "BUIDL": 1.0, "USDY": 1.13, "PAXG": 4297.74, "TAO": 205.44, "MNT": 0.533162, "WLFI": 0.054478, "RLUSD": 0.999817, "ONDO": 0.336084, "ASTER": 0.621804, "DOT": 0.945926, "HTX": 1.76e-06, "WLD": 0.466461, "UNI": 2.49, "OKB": 70.53, "USDF": 0.99631, "PI": 0.129632, "H": 0.750582, "USDD": 0.999534, "BFUSD": 0.999412, "SKY": 0.056645, "BGB": 1.83, "ICP": 2.3, "PEPE": 2.71e-06, "ETC": 6.93, "MORPHO": 1.67, "USDTB": 1.0, "U": 0.999906, "QNT": 68.1, "EUTBL": 1.21, "BCAP": 107.06, "USTB": 11.1, "AAVE": 61.3, "DEXE": 19.83, "SIREN": 1.28, "BEAT": 3.13, "JTRSY": 1.11, "ATOM": 1.66, "KCS": 6.29, "RENDER": 1.62, "KAS": 0.03035301, "POL": 0.077908, "\u5e01\u5b89\u4eba\u751f": 0.814272, "ALGO": 0.091126, "ENA": 0.087383, "STABLE": 0.03358043, "NEXO": 0.750424, "VVV": 16.01, "JST": 0.078623, "GT": 6.26, "BDX": 0.078458, "FLR": 0.00700569, "FIL": 0.744271, "GHO": 0.999205, "XDC": 0.02925889, "USD0": 0.998457, "APT": 0.653069, "YLDS": 0.999867, "HASH": 0.00981511, "INJ": 5.23, "A7A5": 0.01314205, "PUMP": 0.00146864}}