{"timestamp": 1779659310, "base": "USD", "data": {"BTC": 76062, "ETH": 2066.23, "USDT": 0.99872, "BNB": 649.05, "XRP": 1.33, "USDC": 0.99976, "SOL": 83.84, "TRX": 0.36429, "FIGR_HELOC": 1.03, "DOGE": 0.100655, "HYPE": 61.72, "USDS": 0.999676, "ZEC": 655.4, "LEO": 10.03, "ADA": 0.239035, "XMR": 384.92, "BCH": 343.42, "LINK": 9.27, "WBT": 56.04, "CC": 0.165047, "XLM": 0.14486, "USD1": 0.998637, "TON": 1.73, "USDE": 0.998591, "DAI": 0.99976, "SUI": 1.01, "LTC": 52.06, "AVAX": 9.08, "HBAR": 0.087254, "M": 2.86, "PYUSD": 0.99983, "RAIN": 0.00749513, "SHIB": 5.5e-06, "NEAR": 2.39, "CRO": 0.068238, "USYC": 1.13, "USDG": 0.999661, "XAUT": 4504.25, "TAO": 268.85, "BUIDL": 1.0, "USDY": 1.13, "MNT": 0.646283, "PAXG": 4514.75, "UNI": 3.33, "DOT": 1.23, "ONDO": 0.423199, "WLFI": 0.06025, "HTX": 2e-06, "ASTER": 0.69501, "USDF": 0.996517, "RLUSD": 1.0, "OKB": 82.2, "SKY": 0.069437, "PI": 0.147913, "USDD": 0.998431, "PEPE": 3.52e-06, "MORPHO": 2.21, "ICP": 2.51, "BGB": 1.97, "ETC": 8.8, "BFUSD": 0.9986, "AAVE": 83.99, "QNT": 78.73, "USDTB": 0.999192, "KCS": 7.97, "EUTBL": 1.22, "U": 0.998738, "ATOM": 2.01, "RENDER": 1.94, "USTB": 11.09, "ALGO": 0.110107, "WLD": 0.285812, "BCAP": 105.74, "POL": 0.089253, "JTRSY": 1.1, "KAS": 0.03293757, "VVV": 18.98, "ENA": 0.096563, "NEXO": 0.847188, "STABLE": 0.03511751, "JST": 0.09285, "APT": 0.929419, "GT": 6.96, "FIL": 0.935136, "FLR": 0.0082249, "DEXE": 15.09, "JUP": 0.196561, "ARB": 0.10379, "XDC": 0.03082555, "BDX": 0.078501, "PUMP": 0.00169902, "GHO": 0.998737, "DASH": 45.06, "VET": 0.00653289, "USD0": 0.998466, "HASH": 0.01038275, "OUSG": 115.33, "NIGHT": 0.03323622, "PENGU": 0.00876823, "APXUSD": 0.999775}}