{"timestamp": 1778525505, "base": "USD", "data": {"BTC": 82006, "ETH": 2341.03, "USDT": 0.999652, "XRP": 1.47, "BNB": 662.41, "USDC": 0.999825, "SOL": 97.62, "TRX": 0.351263, "FIGR_HELOC": 1.032, "DOGE": 0.111086, "WBT": 60.23, "USDS": 0.999809, "ADA": 0.281058, "HYPE": 42.09, "ZEC": 565.72, "LEO": 10.22, "BCH": 450.16, "LINK": 10.63, "XMR": 411.43, "TON": 2.34, "CC": 0.158742, "XLM": 0.169324, "SUI": 1.32, "LTC": 58.99, "DAI": 0.999702, "USD1": 0.999108, "AVAX": 10.18, "M": 3.26, "HBAR": 0.095983, "USDE": 0.999423, "SHIB": 6.61e-06, "RAIN": 0.00752541, "CRO": 0.079408, "PYUSD": 0.999906, "TAO": 326.95, "USDG": 0.99997, "USYC": 1.12, "XAUT": 4714.93, "UNI": 3.89, "BUIDL": 1.0, "DOT": 1.37, "MNT": 0.697703, "PAXG": 4716.46, "WLFI": 0.066912, "ONDO": 0.426231, "NEAR": 1.53, "ICP": 3.38, "OKB": 87.68, "PEPE": 4.36e-06, "PI": 0.172518, "HTX": 1.97e-06, "USDF": 0.999232, "ASTER": 0.68665, "SKY": 0.075932, "AAVE": 102.57, "RLUSD": 1.0, "ETC": 9.81, "BGB": 2.14, "USDD": 0.999676, "MORPHO": 2.12, "USDY": 1.13, "BFUSD": 0.9993, "ENA": 0.129664, "KCS": 8.52, "JTRSY": 1.1, "KAS": 0.04041672, "ALGO": 0.122785, "POL": 0.102632, "QNT": 73.28, "U": 1.0, "RENDER": 1.98, "ATOM": 2.0, "USTB": 11.08, "EUTBL": 1.24, "BCAP": 105.87, "WLD": 0.282671, "NEXO": 0.921373, "APT": 1.13, "FIL": 1.13, "ARB": 0.142313, "SIREN": 1.16, "VVV": 17.73, "GT": 7.54, "JUP": 0.24001, "STABLE": 0.03464981, "FLR": 0.00877585, "PUMP": 0.00210369, "JST": 0.087474, "VET": 0.00775354, "BONK": 7.57e-06, "PENGU": 0.01039863, "XDC": 0.03231788, "B": 0.643367, "USDTB": 0.999357, "BDX": 0.080101, "HASH": 0.01168443, "OUSG": 115.18, "NIGHT": 0.03579359, "DASH": 46.62, "GHO": 0.999608}}