{"timestamp": 1784264195, "base": "USD", "data": {"BTC": 63458, "ETH": 1849.24, "USDT": 0.999158, "BNB": 571.85, "USDC": 0.999961, "XRP": 1.09, "SOL": 75.21, "TRX": 0.321838, "FIGR_HELOC": 1.02, "HYPE": 60.03, "DOGE": 0.072329, "USDS": 0.999822, "RAIN": 0.01447674, "ZEC": 538.45, "LEO": 9.8, "WBT": 55.47, "XLM": 0.184987, "XMR": 331.57, "LINK": 8.29, "ADA": 0.160353, "CC": 0.13265, "DAI": 1.0, "BCH": 223.49, "USD1": 0.998848, "GRAM": 1.49, "USDE": 0.999743, "LTC": 45.47, "USDG": 1.005, "SUI": 0.741693, "USYC": 1.13, "HBAR": 0.0665, "PYUSD": 0.999777, "AVAX": 6.52, "CRO": 0.05837, "BUIDL": 1.0, "NEAR": 1.99, "XAUT": 3983.01, "SHIB": 4.14e-06, "UNI": 3.55, "USDY": 1.14, "TAO": 191.98, "WLFI": 0.057367, "ONDO": 0.371247, "PAXG": 3978.14, "OKB": 80.82, "ASTER": 0.619227, "M": 1.22, "HTX": 1.8e-06, "DEXE": 34.45, "RLUSD": 0.999939, "DOT": 0.860673, "USDD": 0.999073, "MNT": 0.439528, "SKY": 0.061549, "USDF": 0.995562, "AAVE": 91.21, "WLD": 0.383566, "MORPHO": 2.03, "BFUSD": 0.998134, "ICP": 2.13, "PEPE": 2.76e-06, "BGB": 1.63, "ETC": 6.94, "U": 0.999973, "EUTBL": 1.21, "USDGO": 1.0, "STABLE": 0.03965863, "BCAP": 106.19, "QNT": 64.05, "KCS": 6.7, "ADI": 7.04, "POL": 0.082323, "JTRSY": 1.11, "PI": 0.078292, "JST": 0.097413, "EURSAFO": 1.15, "BEAT": 2.58, "ATOM": 1.51, "USTB": 11.15, "ENA": 0.081184, "KAS": 0.02809646, "RENDER": 1.48, "ALGO": 0.08241, "NEXO": 0.73541, "\u5e01\u5b89\u4eba\u751f": 0.717241, "GT": 6.61, "BDX": 0.088708, "JAAA": 1.041, "PUMP": 0.00164319, "JUP": 0.195059, "FIL": 0.773765, "GHO": 0.998138, "FLR": 0.00656347, "ARB": 0.089315, "LIT": 2.23, "USD0": 0.998737, "YLDS": 0.999915, "XDC": 0.02758645, "USX": 1.0, "VVV": 10.99}}