{"timestamp": 1783341483, "base": "USD", "data": {"BTC": 62082, "ETH": 1750.05, "USDT": 0.999048, "BNB": 574.91, "USDC": 0.99985, "XRP": 1.13, "SOL": 80.32, "TRX": 0.3276, "FIGR_HELOC": 1.009, "HYPE": 69.86, "DOGE": 0.076049, "USDS": 0.999763, "RAIN": 0.01502, "LEO": 9.38, "ZEC": 445.41, "XLM": 0.200523, "ADA": 0.181528, "WBT": 55.96, "XMR": 318.31, "LINK": 7.87, "CC": 0.140127, "LAB": 16.87, "GRAM": 1.75, "BCH": 236.73, "DAI": 0.999789, "USD1": 0.998684, "USDE": 0.998523, "LTC": 44.23, "HBAR": 0.073605, "USYC": 1.13, "USDG": 0.999887, "SUI": 0.734242, "AVAX": 6.77, "PYUSD": 0.999804, "CRO": 0.05873, "NEAR": 2.0, "SHIB": 4.31e-06, "XAUT": 4131.89, "BUIDL": 1.0, "USDY": 1.13, "TAO": 209.73, "UNI": 3.11, "PAXG": 4136.11, "WLFI": 0.057703, "ASTER": 0.633757, "OKB": 79.4, "HTX": 1.77e-06, "ONDO": 0.328788, "M": 1.21, "RLUSD": 1.0, "DOT": 0.858505, "WLD": 0.409919, "MNT": 0.433758, "USDD": 0.999195, "USDF": 0.996896, "AAVE": 92.2, "BFUSD": 0.998421, "SKY": 0.055883, "DEXE": 27.56, "MORPHO": 1.89, "PI": 0.111667, "ICP": 2.16, "BGB": 1.66, "PEPE": 2.66e-06, "ETC": 7.08, "U": 0.9998, "EUTBL": 1.2, "BCAP": 106.97, "KCS": 7.01, "QNT": 65.94, "USDGO": 1.0, "JTRSY": 1.11, "USTB": 11.13, "STABLE": 0.03448178, "KAS": 0.03028307, "RENDER": 1.57, "ATOM": 1.56, "JUP": 0.238738, "POL": 0.07345, "ALGO": 0.087195, "JST": 0.091122, "BEAT": 2.48, "NEXO": 0.741256, "ADI": 5.84, "ENA": 0.07611, "USDTB": 0.999991, "BDX": 0.091384, "GT": 6.74, "\u5e01\u5b89\u4eba\u751f": 0.706974, "EURSAFO": 1.15, "JAAA": 1.04, "PUMP": 0.00158694, "LIT": 2.52, "FIL": 0.770602, "GHO": 0.998212, "FLR": 0.00684734, "XDC": 0.02774, "USD0": 0.998634, "YLDS": 0.999901, "VVV": 11.54}}