{"timestamp": 1783019487, "base": "USD", "data": {"BTC": 61574, "ETH": 1698.32, "USDT": 0.998979, "BNB": 559.33, "USDC": 0.999736, "XRP": 1.087, "SOL": 80.92, "TRX": 0.317535, "FIGR_HELOC": 1.034, "HYPE": 66.56, "DOGE": 0.074165, "RAIN": 0.01550257, "USDS": 0.999768, "LEO": 9.12, "ZEC": 439.28, "XLM": 0.198276, "WBT": 55.69, "ADA": 0.159352, "XMR": 315.96, "LINK": 7.75, "CC": 0.13908, "USD1": 0.998629, "DAI": 0.999736, "GRAM": 1.67, "USDE": 0.998537, "BCH": 219.44, "LTC": 43.62, "LAB": 10.33, "HBAR": 0.072885, "USYC": 1.13, "USDG": 0.999905, "SUI": 0.737021, "AVAX": 6.74, "PYUSD": 1.0, "CRO": 0.056311, "SHIB": 4.3e-06, "NEAR": 1.94, "XAUT": 4107.09, "BUIDL": 1.0, "USDY": 1.14, "TAO": 210.03, "UNI": 3.23, "M": 1.5, "PAXG": 4110.79, "WLFI": 0.057688, "ASTER": 0.633911, "OKB": 80.71, "RLUSD": 0.999985, "ONDO": 0.330935, "HTX": 1.66e-06, "MNT": 0.439945, "DOT": 0.843421, "USDF": 0.995409, "USDD": 0.998978, "WLD": 0.391038, "MORPHO": 2.1, "SKY": 0.057835, "AAVE": 87.26, "BFUSD": 0.99858, "PI": 0.117418, "ICP": 2.2, "BGB": 1.69, "ETC": 7.07, "DEXE": 23.09, "U": 0.999703, "PEPE": 2.43e-06, "QNT": 67.31, "KCS": 7.13, "EUTBL": 1.21, "BCAP": 106.97, "BEAT": 2.98, "USDGO": 1.0, "JTRSY": 1.11, "KAS": 0.03076189, "USTB": 11.13, "STABLE": 0.03414305, "RENDER": 1.58, "JUP": 0.242871, "ATOM": 1.55, "POL": 0.074647, "ALGO": 0.086252, "NEXO": 0.770784, "JST": 0.088294, "USDTB": 1.0, "GT": 6.68, "ENA": 0.076376, "ADI": 5.62, "BDX": 0.087691, "JAAA": 1.04, "\u5e01\u5b89\u4eba\u751f": 0.67898, "EURSAFO": 1.15, "VVV": 13.35, "PUMP": 0.00154535, "FIL": 0.780343, "GHO": 0.998008, "FLR": 0.006714, "XDC": 0.02823031, "YLDS": 0.999775, "USD0": 0.998553, "NIGHT": 0.03114792}}