{"timestamp": 1783800000, "base": "USD", "data": {"BTC": 64240, "ETH": 1822.96, "USDT": 0.999326, "BNB": 580.16, "USDC": 0.999861, "XRP": 1.11, "SOL": 78.04, "TRX": 0.330601, "FIGR_HELOC": 1.033, "HYPE": 67.45, "DOGE": 0.075258, "USDS": 0.999774, "RAIN": 0.01441722, "LEO": 9.51, "ZEC": 515.66, "WBT": 56.35, "XLM": 0.191456, "ADA": 0.171316, "XMR": 322.58, "LINK": 8.07, "CC": 0.135094, "BCH": 247.97, "DAI": 0.999761, "GRAM": 1.67, "USD1": 0.999261, "USDE": 0.999909, "LTC": 45.36, "USDG": 0.999268, "USYC": 1.13, "HBAR": 0.06986, "SUI": 0.746291, "AVAX": 6.74, "BUIDL": 1.0, "PYUSD": 0.999782, "CRO": 0.056446, "SHIB": 4.4e-06, "XAUT": 4100.97, "NEAR": 1.9, "UNI": 3.78, "USDY": 1.14, "TAO": 213.85, "WLFI": 0.058456, "PAXG": 4103.47, "DEXE": 38.61, "OKB": 80.88, "ASTER": 0.632527, "HTX": 1.84e-06, "M": 1.26, "ONDO": 0.334308, "USDD": 0.999149, "AAVE": 101.71, "RLUSD": 1.0, "DOT": 0.878225, "WLD": 0.411229, "SKY": 0.061707, "USDF": 0.996473, "MNT": 0.42737, "MORPHO": 2.13, "BFUSD": 0.998849, "ICP": 2.3, "PEPE": 2.79e-06, "BGB": 1.66, "ETC": 7.08, "PI": 0.098204, "U": 0.999835, "EUTBL": 1.2, "QNT": 66.96, "BCAP": 106.63, "KCS": 7.06, "USDGO": 1.0, "JTRSY": 1.11, "JST": 0.101457, "STABLE": 0.03550312, "POL": 0.080008, "ATOM": 1.6, "RENDER": 1.57, "ADI": 6.5, "KAS": 0.02956713, "ENA": 0.083679, "USTB": 11.14, "EURSAFO": 1.15, "ALGO": 0.086123, "NEXO": 0.75596, "USDTB": 1.001, "GT": 6.68, "BEAT": 2.28, "JUP": 0.210355, "\u5e01\u5b89\u4eba\u751f": 0.686567, "JAAA": 1.041, "BDX": 0.086452, "LIT": 2.62, "FIL": 0.792465, "ARB": 0.097618, "GHO": 0.998586, "FLR": 0.00666503, "PUMP": 0.0014326, "USD0": 0.998674, "XDC": 0.02733688, "APT": 0.645314, "YLDS": 0.9998}}