{"timestamp": 1779244991, "base": "USD", "data": {"BTC": 76578, "ETH": 2106.64, "USDT": 0.998986, "BNB": 638.15, "XRP": 1.35, "USDC": 0.999729, "SOL": 84.05, "TRX": 0.355767, "FIGR_HELOC": 1.032, "DOGE": 0.102521, "WBT": 56.52, "HYPE": 47.63, "USDS": 0.999444, "ZEC": 578.32, "LEO": 10.03, "ADA": 0.24731, "BCH": 370.07, "XMR": 394.73, "LINK": 9.45, "CC": 0.148991, "TON": 1.97, "XLM": 0.142595, "USD1": 0.999459, "M": 3.46, "USDE": 0.999477, "DAI": 0.999632, "SUI": 1.037, "LTC": 53.6, "AVAX": 9.09, "HBAR": 0.088426, "RAIN": 0.00745314, "PYUSD": 0.999943, "SHIB": 5.7e-06, "CRO": 0.068348, "USYC": 1.12, "USDG": 0.99969, "XAUT": 4469.33, "BUIDL": 1.0, "TAO": 256.43, "UNI": 3.45, "USDY": 1.13, "PAXG": 4468.5, "DOT": 1.22, "MNT": 0.622461, "NEAR": 1.59, "WLFI": 0.060284, "ONDO": 0.371995, "HTX": 1.98e-06, "USDF": 0.997525, "ASTER": 0.650178, "OKB": 79.46, "RLUSD": 1.0, "SKY": 0.068756, "PI": 0.1472, "USDD": 0.999378, "PEPE": 3.64e-06, "BGB": 2.0, "ETC": 8.88, "ICP": 2.48, "AAVE": 86.88, "BFUSD": 0.9986, "MORPHO": 1.77, "USDTB": 0.998773, "QNT": 73.48, "KCS": 7.9, "USTB": 11.09, "ALGO": 0.116415, "EUTBL": 1.22, "U": 0.999729, "ATOM": 2.01, "JTRSY": 1.1, "BCAP": 105.74, "POL": 0.089742, "RENDER": 1.82, "ENA": 0.102944, "KAS": 0.03381449, "NEXO": 0.883306, "WLD": 0.238992, "STABLE": 0.03464634, "JST": 0.090945, "APT": 0.930817, "VVV": 16.31, "GT": 6.97, "FIL": 0.94032, "FLR": 0.00823407, "ARB": 0.112883, "DEXE": 14.17, "JUP": 0.195003, "XDC": 0.03170681, "BDX": 0.078658, "PUMP": 0.00167869, "GHO": 0.998906, "VET": 0.00652558, "KITE": 0.244938, "USD0": 0.998232, "HASH": 0.01043183, "PENGU": 0.00869472, "OUSG": 115.29, "DASH": 42.43, "BONK": 5.92e-06}}