{"timestamp": 1783770460, "base": "USD", "data": {"BTC": 64124, "ETH": 1798.06, "USDT": 0.999067, "BNB": 578.0, "USDC": 0.999878, "XRP": 1.11, "SOL": 78.0, "TRX": 0.330199, "FIGR_HELOC": 1.033, "HYPE": 66.88, "DOGE": 0.074486, "USDS": 0.999703, "RAIN": 0.01435468, "LEO": 9.47, "ZEC": 503.0, "WBT": 56.12, "XLM": 0.190005, "ADA": 0.167506, "XMR": 321.06, "LINK": 7.99, "CC": 0.135053, "BCH": 246.67, "DAI": 0.999572, "GRAM": 1.67, "USD1": 0.999241, "USDE": 0.99976, "LTC": 45.1, "USDG": 0.999458, "USYC": 1.13, "SUI": 0.741567, "HBAR": 0.06824, "AVAX": 6.72, "BUIDL": 1.0, "PYUSD": 0.999646, "SHIB": 4.39e-06, "CRO": 0.056137, "XAUT": 4106.41, "NEAR": 1.9, "UNI": 3.59, "USDY": 1.14, "TAO": 212.44, "WLFI": 0.05814, "PAXG": 4109.8, "DEXE": 37.48, "OKB": 80.83, "M": 1.27, "ASTER": 0.628716, "HTX": 1.84e-06, "ONDO": 0.333409, "USDD": 0.998904, "RLUSD": 1.0, "DOT": 0.879759, "AAVE": 97.13, "USDF": 0.995452, "MNT": 0.428483, "WLD": 0.400923, "SKY": 0.060103, "MORPHO": 2.12, "BFUSD": 0.99867, "ICP": 2.29, "PEPE": 2.78e-06, "BGB": 1.65, "ETC": 7.08, "PI": 0.098414, "U": 0.999702, "EUTBL": 1.2, "QNT": 67.24, "BCAP": 106.63, "KCS": 7.0, "USDGO": 0.999902, "BEAT": 2.96, "JTRSY": 1.11, "STABLE": 0.03536364, "POL": 0.080014, "JST": 0.098928, "ATOM": 1.6, "RENDER": 1.57, "KAS": 0.02953341, "ADI": 6.4, "ENA": 0.082489, "USTB": 11.14, "EURSAFO": 1.15, "ALGO": 0.086386, "NEXO": 0.7505, "USDTB": 1.0, "GT": 6.74, "BDX": 0.088258, "JUP": 0.207539, "JAAA": 1.041, "\u5e01\u5b89\u4eba\u751f": 0.675919, "LIT": 2.58, "FIL": 0.790429, "GHO": 0.998387, "ARB": 0.092249, "PUMP": 0.00144273, "FLR": 0.00663257, "USD0": 0.99847, "XDC": 0.02715154, "YLDS": 0.999702, "APT": 0.634636}}