{"timestamp": 1783833606, "base": "USD", "data": {"BTC": 63880, "ETH": 1801.38, "USDT": 0.999339, "BNB": 573.28, "USDC": 0.999835, "XRP": 1.095, "SOL": 76.6, "TRX": 0.329553, "FIGR_HELOC": 1.041, "HYPE": 67.05, "DOGE": 0.073113, "USDS": 0.999759, "RAIN": 0.01495347, "LEO": 9.53, "ZEC": 515.04, "WBT": 56.0, "XLM": 0.186757, "XMR": 328.49, "ADA": 0.164709, "LINK": 8.0, "CC": 0.134841, "BCH": 243.37, "DAI": 0.99987, "GRAM": 1.65, "USD1": 0.99917, "USDE": 0.999804, "LTC": 44.56, "USDG": 0.998599, "USYC": 1.13, "HBAR": 0.068018, "SUI": 0.731302, "BUIDL": 1.0, "PYUSD": 0.999718, "AVAX": 6.45, "CRO": 0.055641, "SHIB": 4.3e-06, "XAUT": 4095.05, "NEAR": 1.88, "UNI": 3.63, "USDY": 1.14, "TAO": 208.44, "DEXE": 39.6, "PAXG": 4099.48, "WLFI": 0.05716, "OKB": 79.98, "HTX": 1.84e-06, "ASTER": 0.622423, "M": 1.25, "USDD": 0.999181, "ONDO": 0.324953, "RLUSD": 1.0, "AAVE": 98.19, "DOT": 0.852967, "SKY": 0.060966, "USDF": 0.995369, "WLD": 0.398556, "MNT": 0.420571, "MORPHO": 2.05, "BFUSD": 0.998798, "ICP": 2.28, "PEPE": 2.72e-06, "BGB": 1.59, "ETC": 6.9, "PI": 0.097865, "U": 1.0, "EUTBL": 1.2, "BCAP": 106.63, "QNT": 65.95, "KCS": 6.97, "USDGO": 1.0, "STABLE": 0.03686868, "JTRSY": 1.11, "JST": 0.101165, "POL": 0.079317, "ADI": 6.52, "ATOM": 1.57, "RENDER": 1.54, "KAS": 0.02906796, "USTB": 11.14, "EURSAFO": 1.15, "ENA": 0.080885, "ALGO": 0.083897, "NEXO": 0.748663, "USDTB": 1.001, "GT": 6.66, "\u5e01\u5b89\u4eba\u751f": 0.698767, "BEAT": 2.25, "BDX": 0.086982, "JAAA": 1.041, "LIT": 2.7, "JUP": 0.200583, "ARB": 0.099854, "FIL": 0.786326, "GHO": 0.998557, "FLR": 0.00658333, "PUMP": 0.00140392, "USD0": 0.998638, "XDC": 0.02714154, "YLDS": 0.9998, "APT": 0.625804}}