{"timestamp": 1779555357, "base": "USD", "data": {"BTC": 75409, "ETH": 2060.05, "USDT": 0.99884, "BNB": 646.48, "XRP": 1.34, "USDC": 0.999811, "SOL": 84.06, "TRX": 0.359794, "FIGR_HELOC": 1.019, "DOGE": 0.101029, "HYPE": 57.88, "USDS": 0.999615, "ZEC": 605.98, "LEO": 9.93, "ADA": 0.242281, "BCH": 349.84, "XMR": 379.59, "LINK": 9.3, "WBT": 55.61, "CC": 0.158007, "XLM": 0.144596, "TON": 1.78, "USD1": 0.999356, "USDE": 0.999077, "DAI": 0.999743, "SUI": 1.047, "LTC": 52.77, "AVAX": 9.14, "HBAR": 0.087719, "M": 2.91, "PYUSD": 0.999677, "RAIN": 0.00731901, "SHIB": 5.6e-06, "CRO": 0.0688, "NEAR": 2.33, "USYC": 1.13, "USDG": 0.999662, "XAUT": 4499.8, "TAO": 271.97, "BUIDL": 1.0, "UNI": 3.39, "MNT": 0.648632, "USDY": 1.13, "PAXG": 4504.02, "DOT": 1.24, "ONDO": 0.415618, "WLFI": 0.061629, "HTX": 2e-06, "USDF": 0.99753, "RLUSD": 1.0, "ASTER": 0.678075, "OKB": 81.66, "SKY": 0.070269, "PI": 0.15047, "USDD": 0.99907, "PEPE": 3.58e-06, "ICP": 2.55, "ETC": 8.85, "BGB": 1.96, "BFUSD": 0.998602, "AAVE": 85.5, "MORPHO": 2.03, "QNT": 76.79, "USDTB": 0.999132, "KCS": 7.91, "EUTBL": 1.22, "ATOM": 2.07, "U": 0.999591, "ALGO": 0.11283, "USTB": 11.09, "RENDER": 1.88, "WLD": 0.283626, "BCAP": 105.74, "POL": 0.090093, "JTRSY": 1.1, "KAS": 0.03331252, "ENA": 0.098733, "NEXO": 0.86155, "VVV": 17.91, "JST": 0.09182, "APT": 0.945706, "STABLE": 0.03336574, "FIL": 0.958694, "GT": 6.94, "FLR": 0.00827414, "ARB": 0.108055, "JUP": 0.198102, "DEXE": 13.81, "XDC": 0.03148407, "HASH": 0.01142266, "BDX": 0.07854, "PUMP": 0.00171497, "GHO": 0.99887, "DASH": 44.87, "PENGU": 0.00900371, "VET": 0.00656765, "USD0": 0.99845, "OUSG": 115.33, "NIGHT": 0.03311704, "BONK": 6.03e-06}}