{"timestamp": 1780132216, "base": "USD", "data": {"BTC": 73433, "ETH": 2012.24, "USDT": 0.998754, "BNB": 670.62, "XRP": 1.34, "USDC": 0.999686, "SOL": 82.13, "TRX": 0.341991, "FIGR_HELOC": 1.032, "DOGE": 0.100662, "HYPE": 66.28, "USDS": 0.999467, "LEO": 10.06, "RAIN": 0.01446271, "ADA": 0.233951, "ZEC": 516.84, "XLM": 0.246702, "XMR": 397.92, "LINK": 9.11, "WBT": 53.92, "BCH": 301.82, "CC": 0.154577, "TON": 1.76, "USD1": 0.998335, "USDE": 0.998961, "DAI": 0.99949, "HBAR": 0.096144, "LTC": 52.44, "AVAX": 8.89, "M": 2.82, "SUI": 0.896154, "SHIB": 5.48e-06, "NEAR": 2.42, "PYUSD": 0.999654, "CRO": 0.067764, "USYC": 1.13, "XAUT": 4510.51, "USDG": 0.999758, "BUIDL": 1.0, "TAO": 251.63, "MNT": 0.647561, "USDY": 1.13, "PAXG": 4525.37, "DOT": 1.19, "UNI": 3.02, "WLFI": 0.059088, "OKB": 87.01, "ASTER": 0.689198, "RLUSD": 0.999551, "ONDO": 0.345885, "USDF": 0.994612, "HTX": 1.8e-06, "PI": 0.143625, "SKY": 0.064649, "ICP": 2.68, "PEPE": 3.4e-06, "USDD": 0.99988, "BGB": 2.0, "BFUSD": 0.998411, "ETC": 8.24, "MORPHO": 2.02, "AAVE": 82.5, "ALGO": 0.126167, "KCS": 7.97, "U": 0.99961, "USDTB": 0.998704, "QNT": 71.91, "ATOM": 2.02, "RENDER": 1.97, "EUTBL": 1.23, "WLD": 0.297165, "BCAP": 107.16, "POL": 0.091176, "USTB": 11.1, "DEXE": 18.78, "STABLE": 0.03748232, "JTRSY": 1.1, "NEXO": 0.846748, "KAS": 0.03046095, "JST": 0.095684, "ENA": 0.087788, "APT": 0.938681, "FIL": 0.976958, "VVV": 16.01, "GT": 6.83, "XDC": 0.03461721, "FLR": 0.0076946, "ARB": 0.104224, "INJ": 6.47, "PUMP": 0.00174546, "JUP": 0.184729, "BDX": 0.07898, "NIGHT": 0.03673508, "GHO": 0.998992, "FET": 0.253652, "HASH": 0.01051507, "USD0": 0.998443, "APXUSD": 0.999657, "OUSG": 115.4, "VET": 0.00628353}}