{"timestamp": 1784384215, "base": "USD", "data": {"BTC": 64116, "ETH": 1841.96, "USDT": 0.999305, "BNB": 569.67, "USDC": 0.999899, "XRP": 1.086, "SOL": 74.71, "TRX": 0.323519, "FIGR_HELOC": 1.026, "HYPE": 58.77, "DOGE": 0.072173, "USDS": 0.999838, "ZEC": 546.35, "RAIN": 0.01380297, "LEO": 9.79, "WBT": 55.86, "XLM": 0.185614, "XMR": 330.2, "LINK": 8.27, "ADA": 0.16435, "CC": 0.124946, "DAI": 0.999741, "BCH": 220.13, "USD1": 0.999232, "GRAM": 1.48, "USDE": 0.999832, "LTC": 45.73, "USDG": 1.002, "USYC": 1.13, "SUI": 0.732887, "HBAR": 0.066353, "PYUSD": 0.999838, "CRO": 0.059964, "AVAX": 6.55, "BUIDL": 1.0, "NEAR": 1.91, "XAUT": 4009.83, "SHIB": 4.15e-06, "UNI": 3.5, "USDY": 1.14, "TAO": 191.92, "WLFI": 0.057296, "PAXG": 4008.4, "OKB": 80.86, "DEXE": 36.2, "ASTER": 0.620499, "ONDO": 0.339038, "HTX": 1.83e-06, "M": 1.24, "RLUSD": 1.0, "USDD": 0.999239, "USDF": 0.995388, "DOT": 0.832572, "SKY": 0.059171, "MNT": 0.415276, "AAVE": 88.02, "BFUSD": 0.998451, "WLD": 0.36914, "MORPHO": 1.99, "ICP": 2.14, "BGB": 1.64, "PEPE": 2.72e-06, "ETC": 7.04, "U": 0.999854, "USDGO": 1.0, "EUTBL": 1.21, "BCAP": 106.19, "QNT": 64.6, "KCS": 6.66, "PI": 0.082936, "STABLE": 0.03579804, "JTRSY": 1.11, "POL": 0.081303, "EURSAFO": 1.15, "ADI": 6.56, "JST": 0.098229, "ATOM": 1.49, "ENA": 0.080276, "USTB": 11.15, "KAS": 0.02767811, "RENDER": 1.46, "NEXO": 0.745461, "BEAT": 2.41, "ALGO": 0.081863, "GT": 6.7, "\u5e01\u5b89\u4eba\u751f": 0.689428, "JAAA": 1.041, "PUMP": 0.00164734, "BDX": 0.082168, "JUP": 0.19366, "GHO": 0.998835, "FIL": 0.74325, "ARB": 0.089789, "FLR": 0.006489, "YLDS": 0.999905, "XDC": 0.02788303, "USD0": 0.998814, "LIT": 2.19, "VVV": 11.47, "USX": 0.999937}}