{"timestamp": 1777240628, "base": "USD", "data": {"BTC": 78526, "ETH": 2360.9, "USDT": 1.0, "XRP": 1.43, "BNB": 635.05, "USDC": 0.999739, "SOL": 86.67, "TRX": 0.323566, "FIGR_HELOC": 1.02, "DOGE": 0.099192, "WBT": 55.51, "USDS": 0.999733, "HYPE": 42.03, "LEO": 10.36, "ADA": 0.251834, "BCH": 453.59, "XMR": 392.98, "LINK": 9.46, "ZEC": 356.18, "CC": 0.149973, "XLM": 0.170782, "M": 4.31, "DAI": 0.999636, "USD1": 0.99971, "LTC": 56.12, "AVAX": 9.42, "HBAR": 0.092163, "USDE": 0.999397, "SUI": 0.939716, "SHIB": 6.19e-06, "RAIN": 0.0074501, "PYUSD": 0.999733, "TON": 1.31, "CRO": 0.070182, "USYC": 1.12, "XAUT": 4697.38, "USDG": 0.99992, "TAO": 249.49, "WLFI": 0.074911, "BUIDL": 1.0, "PAXG": 4700.65, "MNT": 0.655145, "DOT": 1.26, "UNI": 3.28, "SKY": 0.087653, "PI": 0.182958, "NEAR": 1.39, "USDF": 0.997538, "OKB": 84.46, "HTX": 1.81e-06, "PEPE": 3.88e-06, "ASTER": 0.66023, "RLUSD": 1.0, "AAVE": 96.3, "USDD": 1.001, "JTRSY": 1.1, "BGB": 1.98, "ICP": 2.44, "USDY": 1.13, "ETC": 8.5, "BFUSD": 0.9998, "ONDO": 0.266723, "MORPHO": 1.97, "KCS": 8.55, "GT": 7.35, "ALGO": 0.119201, "PUMP": 0.00175296, "EUTBL": 1.23, "USTB": 11.06, "U": 0.99982, "QNT": 70.63, "ATOM": 2.0, "POL": 0.09203, "ENA": 0.108603, "RENDER": 1.81, "KAS": 0.03366601, "NEXO": 0.90908, "WLD": 0.258299, "ARB": 0.1293, "APT": 0.982235, "BCAP": 82.76, "STABLE": 0.03363934, "FIL": 0.943359, "JST": 0.080653, "FLR": 0.00790723, "JUP": 0.182199, "DEXE": 13.84, "VET": 0.00735784, "BDX": 0.079864, "TRUMP": 2.62, "OUSG": 115.03, "HASH": 0.01037356, "XDC": 0.02973467, "NIGHT": 0.03565935, "USDTB": 1.0, "GHO": 0.999138, "USD0": 0.998335, "PENGU": 0.0088881, "BONK": 6.26e-06, "YLDS": 0.999996}}