{"timestamp": 1777829674, "base": "USD", "data": {"BTC": 78740, "ETH": 2333.88, "USDT": 0.999779, "XRP": 1.39, "BNB": 620.27, "USDC": 0.999933, "SOL": 84.22, "TRX": 0.33756, "FIGR_HELOC": 1.04, "DOGE": 0.108503, "WBT": 58.81, "USDS": 0.999825, "HYPE": 41.08, "LEO": 10.33, "ADA": 0.251156, "BCH": 444.81, "XMR": 393.21, "LINK": 9.16, "ZEC": 398.34, "CC": 0.148379, "XLM": 0.158806, "USD1": 0.999809, "DAI": 0.99976, "LTC": 55.36, "AVAX": 9.1, "USDE": 0.999029, "M": 3.01, "HBAR": 0.088072, "SUI": 0.924063, "SHIB": 6.2e-06, "RAIN": 0.00754198, "TON": 1.35, "PYUSD": 0.999863, "CRO": 0.068245, "USYC": 1.12, "TAO": 288.75, "XAUT": 4610.24, "USDG": 0.999772, "BUIDL": 1.0, "PAXG": 4613.05, "MNT": 0.634122, "UNI": 3.25, "DOT": 1.21, "WLFI": 0.059057, "SKY": 0.08057, "PI": 0.175763, "OKB": 86.08, "USDF": 0.99721, "ASTER": 0.668122, "HTX": 1.89e-06, "PEPE": 3.95e-06, "NEAR": 1.27, "RLUSD": 0.999857, "USDD": 1.0, "AAVE": 92.92, "BGB": 2.0, "ONDO": 0.281898, "ETC": 8.48, "USDY": 1.12, "BFUSD": 0.999295, "JTRSY": 1.1, "ICP": 2.35, "MORPHO": 1.97, "KCS": 8.4, "U": 0.999908, "POL": 0.096274, "ALGO": 0.114288, "USTB": 11.07, "QNT": 68.35, "EUTBL": 1.23, "BCAP": 105.75, "ATOM": 1.89, "RENDER": 1.81, "KAS": 0.03391499, "NEXO": 0.899489, "ENA": 0.10104, "GT": 7.26, "APT": 0.997107, "WLD": 0.240215, "STABLE": 0.03291799, "ARB": 0.11809, "JST": 0.084955, "FIL": 0.926761, "PUMP": 0.00180614, "FLR": 0.00752583, "VET": 0.0072222, "BDX": 0.080039, "PENGU": 0.00971619, "OUSG": 115.1, "HASH": 0.01140497, "JUP": 0.17674, "GHO": 0.999652, "XDC": 0.02914779, "USDTB": 0.999428, "USD0": 0.998918, "BONK": 6.26e-06, "TRUMP": 2.33, "NIGHT": 0.03258414, "YLDS": 0.999933, "SIREN": 0.728183}}