{"timestamp": 1778336187, "base": "USD", "data": {"BTC": 80391, "ETH": 2313.44, "USDT": 0.999889, "XRP": 1.42, "BNB": 648.69, "USDC": 0.999815, "SOL": 93.27, "TRX": 0.352105, "FIGR_HELOC": 1.028, "DOGE": 0.108933, "WBT": 59.26, "USDS": 0.999766, "HYPE": 43.54, "ADA": 0.272029, "ZEC": 591.09, "LEO": 10.32, "BCH": 450.2, "LINK": 10.39, "XMR": 405.03, "TON": 2.51, "CC": 0.157213, "XLM": 0.163015, "LTC": 57.97, "DAI": 0.999945, "USD1": 0.999533, "M": 3.38, "AVAX": 9.89, "SUI": 1.055, "HBAR": 0.092344, "USDE": 0.999357, "SHIB": 6.38e-06, "RAIN": 0.00741316, "PYUSD": 0.999717, "CRO": 0.071002, "USYC": 1.12, "TAO": 308.67, "XAUT": 4700.07, "USDG": 0.999909, "BUIDL": 1.0, "WLFI": 0.072934, "UNI": 3.64, "MNT": 0.688879, "DOT": 1.35, "PAXG": 4704.89, "ONDO": 0.423363, "NEAR": 1.56, "ICP": 3.61, "OKB": 88.87, "SKY": 0.07988, "ASTER": 0.703308, "PI": 0.173642, "PEPE": 4.28e-06, "USDF": 0.998666, "HTX": 1.97e-06, "RLUSD": 1.0, "ETC": 9.48, "BGB": 2.12, "USDD": 1.0, "AAVE": 95.34, "MORPHO": 2.11, "USDY": 1.13, "BFUSD": 0.9993, "JTRSY": 1.1, "ALGO": 0.131992, "ENA": 0.129524, "KCS": 8.39, "QNT": 74.4, "POL": 0.101844, "RENDER": 2.01, "U": 0.999644, "KAS": 0.03639907, "EUTBL": 1.24, "USTB": 11.08, "ATOM": 1.95, "BCAP": 105.77, "FIL": 1.23, "SIREN": 1.29, "WLD": 0.271847, "NEXO": 0.90518, "APT": 1.1, "ARB": 0.141023, "GT": 7.46, "JUP": 0.249443, "STABLE": 0.03496117, "PUMP": 0.00214865, "JST": 0.082989, "FLR": 0.0080172, "VVV": 14.96, "PENGU": 0.01061266, "VET": 0.00765165, "BONK": 7.18e-06, "DASH": 49.53, "USDTB": 0.999535, "BDX": 0.079911, "VIRTUAL": 0.932921, "OUSG": 115.18, "XDC": 0.03025433, "GHO": 0.999586, "TRUMP": 2.46, "DEXE": 11.97}}