{"timestamp": 1782852739, "base": "USD", "data": {"BTC": 58638, "ETH": 1574.01, "USDT": 0.998513, "BNB": 544.82, "USDC": 0.999576, "XRP": 1.042, "SOL": 73.62, "TRX": 0.31476, "FIGR_HELOC": 1.009, "HYPE": 64.92, "DOGE": 0.071974, "RAIN": 0.01574414, "USDS": 0.999649, "LEO": 9.25, "ZEC": 396.97, "WBT": 54.09, "XLM": 0.182745, "XMR": 306.42, "CC": 0.140675, "LINK": 7.17, "ADA": 0.143764, "USD1": 0.998946, "DAI": 0.999647, "USDE": 0.997998, "LAB": 13.43, "GRAM": 1.54, "BCH": 199.4, "LTC": 41.61, "USYC": 1.13, "HBAR": 0.069127, "USDG": 0.999586, "AVAX": 6.55, "SUI": 0.692219, "PYUSD": 0.999564, "SHIB": 4.22e-06, "CRO": 0.053678, "XAUT": 4001.43, "NEAR": 1.79, "BUIDL": 1.0, "USDY": 1.13, "TAO": 201.3, "WLFI": 0.058198, "PAXG": 4004.11, "UNI": 2.77, "ASTER": 0.624169, "OKB": 78.3, "ONDO": 0.310425, "HTX": 1.62e-06, "USDF": 0.994498, "WLD": 0.403304, "RLUSD": 0.999831, "DOT": 0.817364, "USDD": 0.998673, "MNT": 0.415691, "BFUSD": 0.998201, "AAVE": 85.38, "PI": 0.11412, "MORPHO": 1.91, "SKY": 0.052953, "ICP": 2.1, "BGB": 1.59, "ETC": 6.91, "DEXE": 22.9, "U": 0.999505, "PEPE": 2.32e-06, "BCAP": 106.97, "QNT": 65.05, "M": 0.708364, "STABLE": 0.03861637, "EUTBL": 1.2, "KCS": 6.65, "JTRSY": 1.11, "USTB": 11.13, "USDGO": 0.999806, "BEAT": 2.9, "KAS": 0.02932974, "RENDER": 1.52, "ATOM": 1.5, "POL": 0.069456, "JST": 0.086818, "USDTB": 0.999615, "ALGO": 0.081875, "NEXO": 0.711839, "JUP": 0.20922, "ADI": 5.51, "GT": 6.47, "JAAA": 1.039, "\u5e01\u5b89\u4eba\u751f": 0.675685, "BDX": 0.086653, "VELVET": 1.58, "ENA": 0.070809, "EURSAFO": 1.15, "GHO": 0.997642, "VVV": 12.33, "PUMP": 0.00143354, "FIL": 0.71862, "YLDS": 0.999678, "FLR": 0.00644744, "XDC": 0.02790913, "USD0": 0.998427}}