{"timestamp": 1778434989, "base": "USD", "data": {"BTC": 81296, "ETH": 2353.13, "USDT": 0.999831, "XRP": 1.49, "BNB": 658.75, "USDC": 0.999989, "SOL": 95.73, "TRX": 0.351632, "FIGR_HELOC": 1.0, "DOGE": 0.110592, "WBT": 59.97, "USDS": 0.999768, "ADA": 0.286882, "HYPE": 43.39, "ZEC": 590.89, "LEO": 10.21, "BCH": 458.31, "LINK": 10.75, "XMR": 411.34, "TON": 2.42, "CC": 0.156057, "XLM": 0.171011, "SUI": 1.34, "LTC": 59.56, "AVAX": 10.32, "USD1": 0.999014, "DAI": 0.999672, "M": 3.38, "HBAR": 0.098154, "USDE": 0.999574, "SHIB": 6.61e-06, "RAIN": 0.00760993, "PYUSD": 0.999884, "CRO": 0.074291, "TAO": 325.95, "USYC": 1.12, "XAUT": 4717.03, "USDG": 0.999826, "UNI": 4.02, "BUIDL": 1.0, "DOT": 1.4, "MNT": 0.706484, "PAXG": 4719.52, "WLFI": 0.06913, "NEAR": 1.59, "ONDO": 0.418672, "PEPE": 4.48e-06, "ICP": 3.42, "OKB": 89.01, "ASTER": 0.717351, "SKY": 0.079596, "PI": 0.174443, "USDF": 0.998692, "HTX": 1.97e-06, "RLUSD": 0.999912, "ETC": 9.8, "AAVE": 100.0, "BGB": 2.16, "USDD": 1.0, "MORPHO": 2.15, "USDY": 1.13, "BFUSD": 0.999184, "JTRSY": 1.1, "ENA": 0.135844, "ALGO": 0.129817, "KCS": 8.55, "POL": 0.10351, "QNT": 75.23, "RENDER": 2.06, "KAS": 0.03855324, "ATOM": 2.03, "U": 0.99989, "EUTBL": 1.24, "USTB": 11.08, "BCAP": 105.77, "APT": 1.18, "WLD": 0.282529, "NEXO": 0.925049, "FIL": 1.18, "ARB": 0.144339, "JUP": 0.254582, "GT": 7.5, "SIREN": 1.16, "PUMP": 0.002213, "STABLE": 0.03399444, "FLR": 0.00876184, "JST": 0.084396, "VET": 0.00798783, "PENGU": 0.01083697, "BONK": 7.69e-06, "VVV": 14.48, "USDTB": 0.999145, "DASH": 49.12, "BDX": 0.07979, "XDC": 0.03056893, "OUSG": 115.18, "VIRTUAL": 0.918757, "TRUMP": 2.52, "GHO": 0.999629, "DEXE": 12.43}}