{"timestamp": 1783170199, "base": "USD", "data": {"BTC": 62592, "ETH": 1761.72, "USDT": 0.999185, "BNB": 572.54, "USDC": 0.999888, "XRP": 1.15, "SOL": 81.53, "TRX": 0.325612, "FIGR_HELOC": 1.009, "HYPE": 70.86, "DOGE": 0.077056, "RAIN": 0.01538191, "USDS": 0.999756, "LEO": 9.15, "ZEC": 462.8, "XLM": 0.203855, "WBT": 56.53, "ADA": 0.177684, "XMR": 332.55, "LINK": 7.95, "CC": 0.138707, "GRAM": 1.83, "DAI": 0.999715, "USD1": 0.998683, "BCH": 225.9, "USDE": 0.998765, "LAB": 12.94, "LTC": 44.49, "HBAR": 0.073584, "USYC": 1.13, "SUI": 0.758679, "USDG": 1.0, "AVAX": 6.87, "PYUSD": 0.999897, "CRO": 0.060549, "SHIB": 4.4e-06, "NEAR": 1.98, "XAUT": 4156.81, "BUIDL": 1.0, "USDY": 1.14, "TAO": 213.26, "UNI": 3.2, "M": 1.47, "PAXG": 4162.57, "WLFI": 0.056397, "ASTER": 0.643056, "OKB": 81.4, "ONDO": 0.332666, "RLUSD": 1.0, "HTX": 1.7e-06, "WLD": 0.426763, "DOT": 0.873052, "MNT": 0.444197, "USDF": 0.996402, "USDD": 1.0, "SKY": 0.057582, "AAVE": 87.84, "BFUSD": 0.998699, "PI": 0.116114, "MORPHO": 1.93, "ICP": 2.23, "BGB": 1.71, "ETC": 7.32, "PEPE": 2.72e-06, "DEXE": 23.6, "U": 1.0, "QNT": 67.94, "EUTBL": 1.21, "BCAP": 106.97, "KCS": 7.06, "BEAT": 3.01, "USDGO": 1.0, "JTRSY": 1.11, "USTB": 11.13, "KAS": 0.03110071, "STABLE": 0.03418805, "ATOM": 1.59, "RENDER": 1.59, "ALGO": 0.089518, "POL": 0.073626, "JUP": 0.236017, "JST": 0.09011, "NEXO": 0.769704, "ENA": 0.078269, "USDTB": 1.0, "ADI": 5.77, "GT": 6.76, "\u5e01\u5b89\u4eba\u751f": 0.710524, "BDX": 0.088361, "EURSAFO": 1.15, "JAAA": 1.04, "FIL": 0.798743, "PUMP": 0.00156277, "FLR": 0.00699592, "GHO": 0.998335, "VVV": 12.22, "XDC": 0.02877752, "LIT": 2.22, "USD0": 0.998611, "AERO": 0.573963}}