{"timestamp": 1780826846, "base": "USD", "data": {"BTC": 62384, "ETH": 1628.8, "USDT": 0.999518, "BNB": 590.86, "USDC": 0.999704, "XRP": 1.14, "SOL": 64.75, "TRX": 0.329006, "FIGR_HELOC": 1.033, "DOGE": 0.084539, "HYPE": 58.78, "USDS": 0.999664, "LEO": 9.58, "RAIN": 0.01341609, "XLM": 0.205556, "ZEC": 393.26, "CC": 0.167844, "ADA": 0.164561, "XMR": 306.54, "LINK": 7.75, "WBT": 44.59, "USD1": 0.999403, "TON": 1.71, "BCH": 225.77, "USDE": 0.999272, "DAI": 0.999689, "M": 3.21, "LAB": 13.06, "HBAR": 0.081736, "LTC": 42.19, "SUI": 0.753257, "AVAX": 6.74, "PYUSD": 1.0, "USYC": 1.13, "SHIB": 4.72e-06, "CRO": 0.060105, "XAUT": 4305.07, "USDG": 1.0, "NEAR": 1.9, "BUIDL": 1.0, "USDY": 1.13, "TAO": 210.16, "PAXG": 4312.85, "WLFI": 0.056918, "MNT": 0.537658, "RLUSD": 0.999905, "ONDO": 0.342864, "ASTER": 0.63837, "DOT": 0.967288, "HTX": 1.78e-06, "UNI": 2.56, "OKB": 71.69, "USDF": 0.9968, "WLD": 0.427368, "PI": 0.130636, "USDD": 0.999502, "SKY": 0.058092, "BFUSD": 0.999097, "ICP": 2.38, "H": 0.71453, "BGB": 1.84, "PEPE": 2.76e-06, "MORPHO": 1.71, "ETC": 7.07, "QNT": 70.17, "USDTB": 1.0, "U": 0.9998, "EUTBL": 1.21, "BCAP": 107.06, "USTB": 11.1, "AAVE": 63.39, "DEXE": 19.85, "\u5e01\u5b89\u4eba\u751f": 0.884327, "ATOM": 1.7, "RENDER": 1.67, "JTRSY": 1.11, "KCS": 6.41, "POL": 0.079961, "ALGO": 0.095099, "ENA": 0.090731, "KAS": 0.03060402, "STABLE": 0.0336127, "VVV": 16.38, "NEXO": 0.765351, "JST": 0.082239, "BEAT": 2.42, "GT": 6.32, "SIREN": 0.884597, "BDX": 0.078583, "XDC": 0.03025094, "FLR": 0.00702781, "FIL": 0.758078, "GHO": 0.999146, "APT": 0.67374, "USD0": 0.998611, "YLDS": 0.999613, "PUMP": 0.0014965, "JUP": 0.157268, "INJ": 5.23, "ARB": 0.082528}}