{"timestamp": 1782777342, "base": "USD", "data": {"BTC": 60152, "ETH": 1609.7, "USDT": 0.998573, "BNB": 558.68, "USDC": 0.999621, "XRP": 1.058, "SOL": 74.99, "TRX": 0.320905, "FIGR_HELOC": 1.045, "HYPE": 66.76, "DOGE": 0.073257, "RAIN": 0.01596093, "USDS": 0.999544, "LEO": 9.56, "ZEC": 407.28, "XMR": 316.13, "XLM": 0.174635, "CC": 0.145528, "WBT": 47.89, "LINK": 7.37, "ADA": 0.145638, "LAB": 14.99, "USD1": 0.999077, "DAI": 0.999742, "USDE": 0.998298, "GRAM": 1.6, "BCH": 200.47, "LTC": 43.05, "HBAR": 0.071603, "USYC": 1.13, "USDG": 0.999684, "AVAX": 6.66, "SUI": 0.702259, "PYUSD": 0.999738, "CRO": 0.054535, "SHIB": 4.25e-06, "XAUT": 4007.58, "NEAR": 1.86, "BUIDL": 1.0, "USDY": 1.14, "TAO": 208.28, "WLFI": 0.059405, "PAXG": 4008.68, "UNI": 2.89, "OKB": 80.33, "ASTER": 0.626074, "RLUSD": 0.999785, "ONDO": 0.316659, "HTX": 1.68e-06, "WLD": 0.419896, "USDF": 0.994644, "MNT": 0.428466, "DOT": 0.824237, "AAVE": 91.44, "USDD": 0.998795, "BFUSD": 0.998112, "PI": 0.117951, "SKY": 0.052696, "MORPHO": 1.88, "ICP": 2.19, "BGB": 1.62, "ETC": 7.14, "DEXE": 23.15, "U": 0.999501, "PEPE": 2.34e-06, "BCAP": 106.97, "QNT": 65.49, "EUTBL": 1.2, "KCS": 6.93, "STABLE": 0.03815906, "USTB": 11.13, "JTRSY": 1.11, "USDGO": 1.0, "KAS": 0.03030493, "RENDER": 1.56, "ATOM": 1.53, "BEAT": 2.72, "M": 0.589544, "ALGO": 0.085447, "POL": 0.070671, "JST": 0.087249, "USDTB": 0.999765, "ENA": 0.078756, "NEXO": 0.727325, "JUP": 0.217296, "GT": 6.61, "BDX": 0.08971, "ADI": 5.52, "\u5e01\u5b89\u4eba\u751f": 0.689575, "JAAA": 1.039, "VELVET": 1.61, "VVV": 13.27, "EURSAFO": 1.15, "PUMP": 0.00148229, "GHO": 0.997929, "FIL": 0.731362, "FLR": 0.00656872, "YLDS": 0.999731, "XDC": 0.0281416, "USD0": 0.998428}}