{"timestamp": 1784438061, "base": "USD", "data": {"BTC": 64718, "ETH": 1868.21, "USDT": 0.999241, "BNB": 568.59, "USDC": 0.999814, "XRP": 1.096, "SOL": 75.98, "TRX": 0.325748, "FIGR_HELOC": 1.042, "HYPE": 60.88, "DOGE": 0.072408, "USDS": 0.999832, "RAIN": 0.01464439, "ZEC": 558.76, "LEO": 9.81, "WBT": 56.4, "XLM": 0.187066, "XMR": 336.19, "LINK": 8.35, "ADA": 0.166371, "CC": 0.125904, "DAI": 0.999734, "BCH": 219.19, "USD1": 0.998981, "USDE": 0.999831, "GRAM": 1.46, "LTC": 46.9, "USDG": 1.002, "SUI": 0.742036, "USYC": 1.13, "HBAR": 0.066752, "PYUSD": 0.999789, "AVAX": 6.58, "CRO": 0.059814, "BUIDL": 1.0, "NEAR": 1.92, "XAUT": 4010.11, "SHIB": 4.15e-06, "UNI": 3.55, "USDY": 1.13, "TAO": 197.11, "WLFI": 0.057018, "PAXG": 4008.21, "OKB": 80.95, "ONDO": 0.344623, "ASTER": 0.622061, "HTX": 1.84e-06, "M": 1.24, "DEXE": 35.13, "RLUSD": 1.0, "USDD": 0.999256, "USDF": 0.995782, "DOT": 0.837214, "SKY": 0.06045, "MNT": 0.421607, "AAVE": 90.24, "WLD": 0.376902, "BFUSD": 0.998431, "MORPHO": 2.0, "ICP": 2.16, "PEPE": 2.76e-06, "BGB": 1.65, "ETC": 7.01, "U": 0.999851, "USDGO": 1.0, "EUTBL": 1.21, "BCAP": 106.19, "QNT": 64.58, "PI": 0.085398, "KCS": 6.67, "STABLE": 0.03611661, "JTRSY": 1.11, "POL": 0.080605, "EURSAFO": 1.15, "JST": 0.098925, "ADI": 6.3, "ATOM": 1.49, "ENA": 0.080421, "RENDER": 1.48, "USTB": 11.15, "KAS": 0.02771519, "NEXO": 0.760775, "ALGO": 0.082783, "BEAT": 2.34, "GT": 6.75, "\u5e01\u5b89\u4eba\u751f": 0.689704, "JAAA": 1.041, "PUMP": 0.00164805, "BDX": 0.083006, "GHO": 0.998954, "JUP": 0.194539, "FIL": 0.745974, "FLR": 0.00657089, "XDC": 0.02808374, "ARB": 0.087898, "YLDS": 0.999803, "VVV": 11.77, "LIT": 2.22, "USD0": 0.998691, "USX": 0.999875}}