{"timestamp": 1778845741, "base": "USD", "data": {"BTC": 80656, "ETH": 2259.29, "USDT": 0.999678, "BNB": 688.35, "XRP": 1.47, "USDC": 0.999651, "SOL": 91.31, "TRX": 0.351858, "FIGR_HELOC": 1.033, "DOGE": 0.114734, "WBT": 59.09, "USDS": 0.99971, "HYPE": 45.6, "ADA": 0.26732, "LEO": 10.21, "ZEC": 534.53, "BCH": 431.73, "LINK": 10.32, "XMR": 392.72, "CC": 0.161357, "TON": 2.1, "XLM": 0.159185, "SUI": 1.13, "LTC": 58.15, "USD1": 0.99985, "DAI": 0.999732, "AVAX": 9.78, "USDE": 1.0, "M": 3.24, "HBAR": 0.093238, "SHIB": 6.27e-06, "RAIN": 0.0074402, "PYUSD": 0.99981, "USDG": 0.999572, "CRO": 0.075026, "USYC": 1.12, "TAO": 300.69, "XAUT": 4557.03, "BUIDL": 1.0, "UNI": 3.68, "DOT": 1.34, "MNT": 0.676446, "WLFI": 0.067598, "PAXG": 4556.9, "NEAR": 1.55, "USDY": 1.13, "ONDO": 0.379896, "OKB": 85.88, "PI": 0.169593, "USDF": 0.998426, "HTX": 1.96e-06, "ASTER": 0.67417, "SKY": 0.073069, "PEPE": 4.02e-06, "RLUSD": 0.999936, "ICP": 2.69, "USDD": 0.99975, "AAVE": 96.18, "ETC": 9.32, "BGB": 2.07, "BFUSD": 0.999209, "MORPHO": 1.92, "QNT": 78.68, "KCS": 8.34, "JTRSY": 1.1, "ENA": 0.118636, "ALGO": 0.11674, "U": 0.999837, "ATOM": 2.01, "POL": 0.093925, "KAS": 0.0362984, "USTB": 11.08, "RENDER": 1.9, "EUTBL": 1.22, "BCAP": 105.87, "NEXO": 0.911944, "WLD": 0.253087, "STABLE": 0.03764556, "APT": 1.02, "FLR": 0.0096986, "USDTB": 0.999136, "FIL": 1.032, "ARB": 0.128574, "GT": 7.37, "JST": 0.090696, "JUP": 0.216633, "XDC": 0.03567962, "PUMP": 0.00186429, "VVV": 14.29, "VET": 0.00721635, "DEXE": 13.15, "BDX": 0.079133, "HASH": 0.0114274, "BONK": 6.78e-06, "OUSG": 115.24, "GHO": 0.999318, "DASH": 45.18, "PENGU": 0.00903668, "UB": 0.225425, "USD0": 0.99799}}