{"timestamp": 1780220622, "base": "USD", "data": {"BTC": 73902, "ETH": 2024.57, "USDT": 0.998611, "BNB": 723.57, "XRP": 1.34, "USDC": 0.999743, "SOL": 82.82, "TRX": 0.349397, "FIGR_HELOC": 1.017, "DOGE": 0.100609, "HYPE": 68.68, "USDS": 0.999587, "LEO": 10.05, "ZEC": 554.19, "RAIN": 0.014324, "ADA": 0.237225, "XLM": 0.247285, "XMR": 365.44, "LINK": 9.25, "WBT": 54.14, "BCH": 306.76, "CC": 0.153905, "TON": 1.89, "USD1": 0.998121, "USDE": 0.998999, "DAI": 0.999629, "HBAR": 0.097503, "LTC": 52.46, "M": 2.98, "AVAX": 9.01, "SUI": 0.905861, "LAB": 8.76, "SHIB": 5.5e-06, "PYUSD": 0.999859, "CRO": 0.068143, "USYC": 1.13, "NEAR": 2.27, "XAUT": 4514.82, "USDG": 1.0, "TAO": 259.05, "BUIDL": 1.0, "MNT": 0.677135, "USDY": 1.13, "PAXG": 4526.88, "DOT": 1.19, "OKB": 93.81, "UNI": 3.04, "ASTER": 0.743251, "WLFI": 0.059093, "ONDO": 0.363183, "RLUSD": 0.999729, "HTX": 1.84e-06, "USDF": 0.995371, "PI": 0.148045, "SKY": 0.065624, "BGB": 2.12, "ICP": 2.68, "PEPE": 3.44e-06, "USDD": 0.999841, "MORPHO": 2.16, "BFUSD": 0.998162, "ETC": 8.21, "AAVE": 83.0, "ALGO": 0.130132, "WLD": 0.337192, "RENDER": 2.11, "KCS": 7.99, "U": 0.9995, "USDTB": 0.998739, "QNT": 71.33, "ATOM": 1.99, "EUTBL": 1.23, "BCAP": 107.16, "POL": 0.09093, "USTB": 11.1, "DEXE": 18.79, "JTRSY": 1.1, "NEXO": 0.861372, "STABLE": 0.0371083, "VVV": 18.08, "KAS": 0.03046593, "ENA": 0.090363, "JST": 0.092404, "GT": 7.3, "APT": 0.943187, "FIL": 0.964426, "H": 0.387629, "FLR": 0.00771857, "XDC": 0.03341998, "NIGHT": 0.04015097, "INJ": 6.57, "ARB": 0.103161, "PUMP": 0.00178616, "BDX": 0.080347, "JUP": 0.185284, "FET": 0.272311, "GHO": 0.998865, "HASH": 0.01078202, "USD0": 0.998404, "APXUSD": 0.999562}}