{"timestamp": 1783788246, "base": "USD", "data": {"BTC": 64077, "ETH": 1816.09, "USDT": 0.999248, "BNB": 579.15, "USDC": 0.999855, "XRP": 1.11, "SOL": 77.79, "TRX": 0.330741, "FIGR_HELOC": 1.033, "HYPE": 66.96, "DOGE": 0.075022, "USDS": 0.999723, "RAIN": 0.01437411, "LEO": 9.59, "ZEC": 503.14, "WBT": 56.24, "XLM": 0.190893, "ADA": 0.170659, "LINK": 8.05, "XMR": 320.3, "CC": 0.136097, "BCH": 247.41, "DAI": 0.999812, "GRAM": 1.67, "USD1": 0.999235, "USDE": 0.99986, "LTC": 45.04, "USDG": 0.999178, "USYC": 1.13, "HBAR": 0.069356, "SUI": 0.740666, "AVAX": 6.73, "BUIDL": 1.0, "PYUSD": 0.999729, "CRO": 0.056446, "SHIB": 4.41e-06, "XAUT": 4101.7, "NEAR": 1.9, "UNI": 3.7, "USDY": 1.13, "TAO": 212.87, "WLFI": 0.058007, "PAXG": 4104.59, "DEXE": 37.91, "OKB": 80.73, "ASTER": 0.629603, "HTX": 1.84e-06, "M": 1.26, "ONDO": 0.333397, "USDD": 0.999255, "RLUSD": 1.0, "AAVE": 99.48, "DOT": 0.877292, "WLD": 0.406056, "USDF": 0.995465, "MNT": 0.427827, "SKY": 0.060401, "MORPHO": 2.15, "BFUSD": 0.99881, "ICP": 2.27, "PEPE": 2.78e-06, "BGB": 1.64, "ETC": 7.09, "PI": 0.098168, "U": 0.999812, "EUTBL": 1.2, "BCAP": 106.63, "QNT": 66.71, "KCS": 7.05, "USDGO": 1.0, "JTRSY": 1.11, "JST": 0.101133, "STABLE": 0.03538242, "POL": 0.079402, "ATOM": 1.6, "RENDER": 1.57, "KAS": 0.02949861, "ADI": 6.41, "USTB": 11.14, "ENA": 0.081909, "ALGO": 0.086781, "EURSAFO": 1.15, "NEXO": 0.750265, "USDTB": 1.001, "GT": 6.69, "BDX": 0.089722, "BEAT": 2.27, "JUP": 0.208006, "JAAA": 1.041, "\u5e01\u5b89\u4eba\u751f": 0.67947, "LIT": 2.59, "FIL": 0.790938, "ARB": 0.097255, "GHO": 0.998505, "PUMP": 0.00143743, "FLR": 0.00664686, "USD0": 0.998921, "XDC": 0.02733243, "YLDS": 0.999704, "APT": 0.640606}}