{"timestamp": 1782511451, "base": "USD", "data": {"BTC": 59828, "ETH": 1571.87, "USDT": 0.998682, "BNB": 566.75, "USDC": 0.99975, "XRP": 1.041, "SOL": 71.95, "TRX": 0.320062, "FIGR_HELOC": 1.006, "HYPE": 63.86, "DOGE": 0.07537, "RAIN": 0.01568556, "USDS": 0.999522, "LEO": 9.24, "ZEC": 420.51, "LAB": 19.4, "XMR": 323.05, "XLM": 0.17835, "CC": 0.151967, "WBT": 48.41, "ADA": 0.147034, "LINK": 7.31, "USD1": 0.999412, "DAI": 0.999558, "USDE": 0.998059, "GRAM": 1.56, "BCH": 197.45, "LTC": 41.79, "USYC": 1.13, "HBAR": 0.071098, "USDG": 0.999701, "SUI": 0.695041, "AVAX": 6.34, "PYUSD": 0.999937, "CRO": 0.054824, "XAUT": 4067.45, "SHIB": 4.21e-06, "NEAR": 1.79, "BUIDL": 1.0, "USDY": 1.14, "TAO": 213.39, "UNI": 2.97, "WLFI": 0.057983, "PAXG": 4073.53, "ASTER": 0.629713, "WLD": 0.468685, "OKB": 75.25, "RLUSD": 0.999976, "ONDO": 0.315333, "HTX": 1.67e-06, "MNT": 0.43925, "DOT": 0.851103, "USDF": 0.993231, "AAVE": 93.08, "USDD": 0.998562, "PI": 0.127657, "BFUSD": 0.998401, "ICP": 2.2, "SKY": 0.04999262, "BGB": 1.64, "ETC": 7.25, "MORPHO": 1.73, "U": 0.999803, "M": 0.766629, "PEPE": 2.37e-06, "QNT": 67.17, "BCAP": 107.03, "DEXE": 20.67, "EUTBL": 1.2, "KCS": 6.77, "STABLE": 0.03728107, "JTRSY": 1.11, "USDGO": 0.999891, "ATOM": 1.59, "RENDER": 1.56, "KAS": 0.02809617, "USTB": 11.13, "JUP": 0.228961, "POL": 0.071157, "ALGO": 0.082674, "ENA": 0.079184, "USDTB": 0.999797, "NEXO": 0.730855, "\u5e01\u5b89\u4eba\u751f": 0.727473, "BEAT": 2.49, "JST": 0.08196, "BDX": 0.081234, "GT": 6.56, "JAAA": 1.039, "VVV": 13.49, "EURSAFO": 1.15, "GHO": 0.997899, "ADI": 4.76, "FLR": 0.00682181, "FIL": 0.743788, "YLDS": 0.999846, "XDC": 0.02802259, "USD0": 0.998689, "PUMP": 0.00132195, "HASH": 0.00940023}}