{"timestamp": 1780642805, "base": "USD", "data": {"BTC": 61926, "ETH": 1656.82, "USDT": 0.999003, "BNB": 579.3, "USDC": 0.999614, "XRP": 1.12, "SOL": 65.09, "TRX": 0.324392, "FIGR_HELOC": 1.019, "HYPE": 60.96, "DOGE": 0.083765, "USDS": 0.999763, "LEO": 9.78, "RAIN": 0.013456, "XLM": 0.19127, "ADA": 0.161753, "XMR": 308.87, "CC": 0.146861, "LINK": 7.49, "ZEC": 317.39, "WBT": 44.43, "USD1": 0.998574, "USDE": 0.998945, "BCH": 223.53, "DAI": 0.999612, "M": 3.29, "TON": 1.55, "HBAR": 0.081178, "LAB": 10.94, "LTC": 43.4, "AVAX": 7.18, "PYUSD": 0.999967, "USYC": 1.13, "SUI": 0.702033, "SHIB": 4.71e-06, "XAUT": 4426.16, "NEAR": 2.09, "CRO": 0.058873, "USDG": 0.999959, "BUIDL": 1.0, "USDY": 1.13, "PAXG": 4440.43, "TAO": 198.37, "WLFI": 0.055578, "WLD": 0.519684, "ONDO": 0.356125, "MNT": 0.525365, "RLUSD": 0.999796, "ASTER": 0.652075, "DOT": 0.973093, "HTX": 1.74e-06, "UNI": 2.49, "USDF": 0.994896, "OKB": 72.41, "USDD": 0.996625, "SKY": 0.06, "ICP": 2.46, "BFUSD": 0.998331, "BGB": 1.86, "PI": 0.122104, "PEPE": 2.76e-06, "MORPHO": 1.69, "ETC": 6.89, "H": 0.566939, "AAVE": 67.19, "USDTB": 0.999667, "EUTBL": 1.22, "BCAP": 107.06, "QNT": 67.15, "DEXE": 20.4, "U": 0.999898, "USTB": 11.1, "ATOM": 1.75, "RENDER": 1.72, "KCS": 6.61, "JTRSY": 1.11, "POL": 0.080315, "ALGO": 0.094415, "STABLE": 0.03608568, "KAS": 0.02922846, "ENA": 0.085764, "NEXO": 0.742386, "VVV": 15.28, "GT": 6.39, "JST": 0.078851, "\u5e01\u5b89\u4eba\u751f": 0.659329, "FIL": 0.794482, "BDX": 0.0795, "XDC": 0.03018453, "FLR": 0.00680305, "GHO": 0.998985, "APT": 0.697366, "USD0": 0.998522, "JUP": 0.166168, "YLDS": 0.999713, "HASH": 0.01003202, "NIGHT": 0.03223878, "PUMP": 0.00149661, "SIREN": 0.718779, "ARB": 0.082458}}