{"timestamp": 1780866124, "base": "USD", "data": {"BTC": 61873, "ETH": 1627.76, "USDT": 0.99956, "BNB": 593.69, "USDC": 0.999771, "XRP": 1.13, "SOL": 64.69, "TRX": 0.325918, "FIGR_HELOC": 1.033, "HYPE": 58.47, "DOGE": 0.084164, "USDS": 0.999741, "LEO": 9.5, "RAIN": 0.01314444, "ZEC": 422.06, "XLM": 0.202571, "CC": 0.161736, "ADA": 0.160726, "XMR": 305.16, "LINK": 7.68, "WBT": 44.21, "USD1": 0.999311, "USDE": 0.999602, "TON": 1.68, "BCH": 222.34, "DAI": 0.999771, "LAB": 12.97, "M": 3.08, "HBAR": 0.080577, "LTC": 41.63, "SUI": 0.740944, "PYUSD": 0.999941, "AVAX": 6.61, "USYC": 1.13, "SHIB": 4.63e-06, "CRO": 0.059994, "XAUT": 4298.36, "NEAR": 2.01, "USDG": 1.0, "BUIDL": 1.0, "USDY": 1.12, "TAO": 208.25, "PAXG": 4302.12, "MNT": 0.536214, "WLFI": 0.055337, "RLUSD": 0.999728, "ONDO": 0.336302, "ASTER": 0.628583, "DOT": 0.952491, "WLD": 0.474428, "HTX": 1.76e-06, "UNI": 2.5, "OKB": 70.98, "USDF": 0.995874, "PI": 0.129222, "USDD": 0.999703, "H": 0.735286, "BFUSD": 0.999412, "SKY": 0.056271, "BGB": 1.83, "ICP": 2.31, "PEPE": 2.74e-06, "ETC": 6.97, "MORPHO": 1.68, "USDTB": 1.0, "U": 0.999904, "BEAT": 3.45, "QNT": 68.36, "EUTBL": 1.21, "BCAP": 107.06, "USTB": 11.1, "AAVE": 62.32, "DEXE": 19.76, "SIREN": 1.24, "JTRSY": 1.11, "KCS": 6.4, "ATOM": 1.68, "RENDER": 1.63, "POL": 0.078136, "KAS": 0.03027219, "ALGO": 0.092547, "\u5e01\u5b89\u4eba\u751f": 0.819423, "ENA": 0.087827, "STABLE": 0.03363587, "NEXO": 0.758314, "VVV": 16.02, "GT": 6.27, "JST": 0.078002, "BDX": 0.078726, "FLR": 0.00704699, "FIL": 0.753605, "XDC": 0.02933405, "GHO": 0.999431, "USD0": 0.998736, "APT": 0.657967, "YLDS": 0.999907, "HASH": 0.00985778, "INJ": 5.26, "PUMP": 0.00148197, "JUP": 0.152825}}