{"timestamp": 1782623483, "base": "USD", "data": {"BTC": 59936, "ETH": 1569.16, "USDT": 0.998568, "BNB": 555.65, "USDC": 0.999745, "XRP": 1.045, "SOL": 70.47, "TRX": 0.322108, "FIGR_HELOC": 1.044, "HYPE": 61.78, "DOGE": 0.073779, "USDS": 0.999655, "RAIN": 0.01554829, "LEO": 9.42, "ZEC": 393.79, "CC": 0.152491, "XMR": 315.69, "XLM": 0.171924, "WBT": 47.95, "LINK": 7.27, "LAB": 17.24, "ADA": 0.144609, "USD1": 0.999154, "DAI": 0.999665, "USDE": 0.998115, "GRAM": 1.55, "BCH": 193.6, "LTC": 42.18, "HBAR": 0.071588, "USYC": 1.13, "USDG": 0.99977, "AVAX": 6.38, "SUI": 0.680947, "PYUSD": 0.999445, "CRO": 0.05449, "XAUT": 4065.93, "SHIB": 4.19e-06, "NEAR": 1.88, "BUIDL": 1.0, "USDY": 1.14, "TAO": 207.65, "WLFI": 0.057978, "PAXG": 4071.1, "UNI": 2.91, "ASTER": 0.619659, "OKB": 78.35, "RLUSD": 1.0, "HTX": 1.68e-06, "WLD": 0.434269, "ONDO": 0.308174, "MNT": 0.435279, "AAVE": 94.35, "USDF": 0.99481, "PI": 0.12731, "USDD": 0.998712, "DOT": 0.814422, "BFUSD": 0.9985, "ICP": 2.16, "SKY": 0.050322, "BGB": 1.63, "MORPHO": 1.74, "ETC": 7.1, "DEXE": 22.25, "U": 0.999695, "PEPE": 2.37e-06, "BCAP": 107.03, "M": 0.724438, "QNT": 65.3, "EUTBL": 1.2, "KCS": 6.76, "STABLE": 0.03732284, "JTRSY": 1.11, "USDGO": 0.999733, "ATOM": 1.56, "RENDER": 1.55, "ALGO": 0.088024, "USTB": 11.13, "KAS": 0.02779997, "BEAT": 2.63, "POL": 0.07082, "USDTB": 0.998903, "JST": 0.085959, "NEXO": 0.724523, "JUP": 0.214391, "ENA": 0.076273, "GT": 6.53, "\u5e01\u5b89\u4eba\u751f": 0.694756, "JAAA": 1.039, "VELVET": 1.55, "BDX": 0.083804, "VVV": 13.24, "ADI": 4.92, "EURSAFO": 1.15, "GHO": 0.997736, "FIL": 0.72951, "FLR": 0.00666144, "PUMP": 0.0014122, "YLDS": 0.999987, "XDC": 0.02780081, "USD0": 0.998595}}