{"timestamp": 1783734736, "base": "USD", "data": {"BTC": 64047, "ETH": 1791.33, "USDT": 0.99938, "BNB": 573.69, "USDC": 0.999909, "XRP": 1.1, "SOL": 77.57, "TRX": 0.329945, "FIGR_HELOC": 1.033, "HYPE": 67.23, "DOGE": 0.074105, "USDS": 0.999748, "RAIN": 0.01442648, "LEO": 9.49, "ZEC": 501.46, "WBT": 56.0, "XLM": 0.190506, "ADA": 0.166386, "XMR": 322.53, "LINK": 7.96, "CC": 0.134323, "BCH": 244.35, "DAI": 0.999904, "GRAM": 1.65, "USD1": 0.999228, "USDE": 0.999626, "LTC": 44.71, "USDG": 0.999505, "HBAR": 0.070522, "USYC": 1.13, "SUI": 0.732219, "AVAX": 6.72, "BUIDL": 1.0, "PYUSD": 0.99978, "SHIB": 4.4e-06, "CRO": 0.055978, "XAUT": 4106.21, "NEAR": 1.9, "UNI": 3.5, "USDY": 1.14, "TAO": 212.37, "PAXG": 4109.99, "WLFI": 0.058011, "M": 1.34, "OKB": 80.29, "ASTER": 0.626506, "DEXE": 35.84, "HTX": 1.84e-06, "ONDO": 0.329125, "USDD": 0.999194, "RLUSD": 1.0, "DOT": 0.876234, "AAVE": 94.74, "USDF": 0.996986, "MNT": 0.430414, "MORPHO": 2.15, "SKY": 0.059332, "WLD": 0.383855, "BFUSD": 0.998919, "ICP": 2.3, "PEPE": 2.79e-06, "BGB": 1.67, "ETC": 7.07, "PI": 0.099134, "U": 0.999677, "EUTBL": 1.2, "QNT": 67.79, "BCAP": 106.63, "KCS": 7.0, "USDGO": 1.0, "JTRSY": 1.11, "JST": 0.101935, "STABLE": 0.03519454, "POL": 0.079517, "ATOM": 1.6, "KAS": 0.02981885, "RENDER": 1.58, "BEAT": 2.61, "ADI": 6.32, "USTB": 11.14, "ENA": 0.08194, "EURSAFO": 1.15, "ALGO": 0.085974, "NEXO": 0.76145, "USDTB": 0.999979, "GT": 6.73, "BDX": 0.087776, "JAAA": 1.041, "\u5e01\u5b89\u4eba\u751f": 0.676266, "JUP": 0.203469, "LIT": 2.65, "FIL": 0.78824, "GHO": 0.998559, "ARB": 0.091912, "PUMP": 0.00144907, "FLR": 0.00662663, "USD0": 0.99922, "XDC": 0.02727341, "YLDS": 0.999801, "VVV": 11.11}}