{"timestamp": 1780163873, "base": "USD", "data": {"BTC": 73909, "ETH": 2024.23, "USDT": 0.998577, "BNB": 713.43, "XRP": 1.35, "USDC": 0.999673, "SOL": 82.91, "TRX": 0.347505, "FIGR_HELOC": 1.034, "DOGE": 0.101409, "HYPE": 67.35, "USDS": 0.999582, "LEO": 10.07, "RAIN": 0.01436449, "ZEC": 536.17, "ADA": 0.236676, "XLM": 0.250592, "XMR": 372.83, "LINK": 9.23, "WBT": 54.2, "BCH": 305.89, "CC": 0.154981, "TON": 1.83, "USD1": 0.998349, "USDE": 0.998867, "DAI": 0.999416, "HBAR": 0.098105, "LTC": 52.33, "AVAX": 8.97, "M": 2.91, "SUI": 0.908003, "SHIB": 5.53e-06, "PYUSD": 0.999713, "CRO": 0.067833, "NEAR": 2.31, "USYC": 1.13, "XAUT": 4506.34, "USDG": 0.999811, "BUIDL": 1.0, "TAO": 253.0, "MNT": 0.649915, "USDY": 1.13, "PAXG": 4520.27, "DOT": 1.2, "UNI": 3.06, "ASTER": 0.731396, "OKB": 89.12, "WLFI": 0.058806, "RLUSD": 0.999778, "ONDO": 0.343832, "USDF": 0.995564, "HTX": 1.82e-06, "PI": 0.144664, "SKY": 0.064553, "ICP": 2.68, "BGB": 2.11, "PEPE": 3.43e-06, "USDD": 0.999737, "MORPHO": 2.11, "BFUSD": 0.998053, "ETC": 8.25, "AAVE": 83.29, "ALGO": 0.130134, "WLD": 0.340662, "RENDER": 2.06, "U": 0.999611, "KCS": 7.89, "USDTB": 0.998771, "ATOM": 2.03, "QNT": 71.54, "EUTBL": 1.23, "BCAP": 107.16, "POL": 0.090617, "USTB": 11.1, "JTRSY": 1.1, "DEXE": 18.36, "NEXO": 0.843366, "STABLE": 0.03639408, "KAS": 0.03067521, "JST": 0.096934, "ENA": 0.088286, "APT": 0.943668, "FIL": 0.974823, "VVV": 16.42, "GT": 6.97, "H": 0.381551, "XDC": 0.03374558, "INJ": 6.73, "FLR": 0.00775657, "ARB": 0.104578, "NIGHT": 0.03866514, "LAB": 8.35, "PUMP": 0.0017911, "BDX": 0.080079, "JUP": 0.185188, "FET": 0.269573, "HASH": 0.01090468, "GHO": 0.998952, "USD0": 0.998444, "APXUSD": 0.999655}}