{"timestamp": 1776727699, "base": "USD", "data": {"BTC": 75747, "ETH": 2311.78, "USDT": 1.0, "XRP": 1.42, "BNB": 628.63, "USDC": 1.0, "SOL": 85.4, "TRX": 0.328953, "FIGR_HELOC": 1.03, "DOGE": 0.095142, "WBT": 54.86, "USDS": 0.999828, "HYPE": 40.65, "LEO": 10.3, "ADA": 0.24816, "BCH": 444.6, "LINK": 9.29, "XMR": 353.38, "M": 3.47, "CC": 0.158005, "XLM": 0.173352, "USDE": 0.99969, "ZEC": 311.91, "DAI": 0.999577, "LTC": 55.02, "USD1": 0.99996, "AVAX": 9.29, "HBAR": 0.089547, "PYUSD": 0.999612, "SUI": 0.943528, "RAIN": 0.00754047, "SHIB": 6e-06, "TON": 1.35, "CRO": 0.070186, "USYC": 1.12, "XAUT": 4805.51, "BUIDL": 1.0, "WLFI": 0.07856, "PAXG": 4811.22, "TAO": 244.62, "USDG": 0.99981, "DOT": 1.28, "MNT": 0.631224, "UNI": 3.23, "SKY": 0.078573, "USDF": 0.997434, "PI": 0.173055, "NEAR": 1.36, "OKB": 83.45, "ASTER": 0.679551, "HTX": 1.81e-06, "PEPE": 3.75e-06, "JTRSY": 1.1, "RLUSD": 1.0, "AAVE": 91.14, "ICP": 2.46, "USDY": 1.13, "BGB": 1.89, "BFUSD": 0.999877, "ETC": 8.4, "USDD": 1.0, "ONDO": 0.254442, "KCS": 8.55, "GT": 7.28, "QNT": 74.24, "PUMP": 0.00181951, "MORPHO": 1.93, "U": 1.0, "EUTBL": 1.24, "POL": 0.092783, "ENA": 0.112246, "KAS": 0.03481006, "RENDER": 1.79, "ALGO": 0.103205, "ATOM": 1.8, "NEXO": 0.902501, "USDTB": 0.999414, "WLD": 0.264295, "USTB": 11.06, "ARB": 0.127286, "APT": 0.936263, "BCAP": 82.76, "FIL": 0.922502, "FLR": 0.00811426, "TRUMP": 2.87, "DEXE": 13.98, "JST": 0.073311, "BDX": 0.079891, "VET": 0.00709888, "JUP": 0.169425, "OUSG": 114.99, "NIGHT": 0.03601308, "XDC": 0.02977767, "HASH": 0.01038959, "YLDS": 0.999997, "GHO": 0.998958, "STABLE": 0.02557879, "USD0": 0.998175, "BONK": 6.11e-06, "SIREN": 0.698653}}