{"timestamp": 1784610790, "base": "USD", "data": {"BTC": 65474, "ETH": 1922.24, "USDT": 0.999183, "BNB": 573.93, "USDC": 0.999934, "XRP": 1.13, "SOL": 78.16, "TRX": 0.325785, "FIGR_HELOC": 1.001, "HYPE": 62.85, "DOGE": 0.072764, "USDS": 0.999852, "RAIN": 0.0140671, "ZEC": 545.53, "LEO": 9.71, "WBT": 57.17, "LINK": 8.71, "ADA": 0.173863, "XLM": 0.189271, "XMR": 342.68, "CC": 0.124847, "DAI": 0.999911, "BCH": 224.65, "USD1": 0.998896, "USDE": 0.999849, "GRAM": 1.44, "LTC": 47.31, "USDG": 0.999726, "SUI": 0.769512, "USYC": 1.13, "HBAR": 0.066869, "AVAX": 6.62, "PYUSD": 0.999805, "CRO": 0.057894, "NEAR": 2.03, "BUIDL": 1.0, "SHIB": 4.28e-06, "XAUT": 4043.92, "UNI": 3.69, "USDY": 1.13, "TAO": 195.25, "PAXG": 4040.51, "WLFI": 0.056797, "ONDO": 0.36326, "OKB": 81.79, "ASTER": 0.628, "HTX": 1.85e-06, "RLUSD": 1.0, "M": 1.2, "DEXE": 33.27, "USDD": 0.999214, "SKY": 0.06285, "AAVE": 92.96, "DOT": 0.837534, "USDF": 0.995404, "MNT": 0.427811, "WLD": 0.384885, "MORPHO": 2.01, "BFUSD": 0.998178, "ICP": 2.21, "PEPE": 2.91e-06, "BGB": 1.65, "ETC": 6.97, "U": 0.99998, "EUTBL": 1.2, "USDGO": 1.0, "PI": 0.090231, "BCAP": 106.19, "QNT": 64.57, "KCS": 6.76, "STABLE": 0.03674362, "JTRSY": 1.11, "POL": 0.080486, "ADI": 6.74, "EURSAFO": 1.15, "JST": 0.10161, "PUMP": 0.00203712, "ENA": 0.084711, "RENDER": 1.53, "ATOM": 1.5, "KAS": 0.0283688, "USTB": 11.15, "NEXO": 0.768768, "ALGO": 0.083667, "BEAT": 2.37, "GT": 6.75, "JAAA": 1.041, "BDX": 0.083797, "JUP": 0.198179, "GHO": 0.998971, "\u5e01\u5b89\u4eba\u751f": 0.635903, "ARB": 0.090013, "FIL": 0.739053, "VVV": 12.4, "FLR": 0.00649703, "YLDS": 0.99994, "LIT": 2.25, "XDC": 0.02808867, "USD0": 0.999058, "INJ": 5.35}}