{"timestamp": 1778184509, "base": "USD", "data": {"BTC": 80211, "ETH": 2297.3, "USDT": 0.999883, "BNB": 644.2, "XRP": 1.39, "USDC": 0.999679, "SOL": 88.58, "TRX": 0.349046, "FIGR_HELOC": 1.008, "DOGE": 0.108277, "WBT": 59.12, "USDS": 0.999831, "HYPE": 42.41, "ADA": 0.264098, "LEO": 10.35, "ZEC": 562.07, "BCH": 450.2, "XMR": 404.88, "LINK": 9.92, "TON": 2.68, "CC": 0.146104, "XLM": 0.158864, "M": 3.84, "USD1": 0.999766, "DAI": 0.999801, "LTC": 56.57, "AVAX": 9.5, "USDE": 0.999298, "HBAR": 0.09008, "SUI": 0.972673, "SHIB": 6.29e-06, "RAIN": 0.00747379, "PYUSD": 0.999941, "CRO": 0.069856, "USYC": 1.12, "TAO": 305.69, "XAUT": 4705.13, "USDG": 0.999876, "BUIDL": 1.0, "WLFI": 0.073471, "PAXG": 4707.94, "DOT": 1.31, "MNT": 0.662261, "UNI": 3.44, "NEAR": 1.47, "SKY": 0.080056, "PI": 0.175102, "OKB": 85.74, "USDF": 0.998366, "HTX": 1.97e-06, "PEPE": 4.16e-06, "ONDO": 0.353278, "ASTER": 0.661053, "ICP": 2.95, "RLUSD": 1.0, "BGB": 2.1, "USDD": 1.0, "ETC": 9.24, "AAVE": 92.81, "MORPHO": 2.12, "USDY": 1.13, "BFUSD": 0.999401, "JTRSY": 1.1, "ALGO": 0.125859, "KCS": 8.29, "ENA": 0.120852, "POL": 0.09841, "QNT": 71.13, "U": 0.999649, "RENDER": 1.96, "USTB": 11.07, "EUTBL": 1.23, "KAS": 0.03562441, "BCAP": 105.77, "ATOM": 1.89, "NEXO": 0.892383, "WLD": 0.254315, "FIL": 1.084, "APT": 1.03, "GT": 7.27, "ARB": 0.127058, "SIREN": 1.05, "STABLE": 0.03273819, "JST": 0.086024, "PUMP": 0.00201811, "JUP": 0.206831, "FLR": 0.00779501, "VET": 0.00766981, "PENGU": 0.01035026, "DASH": 50.45, "USDTB": 0.999584, "BDX": 0.079618, "OUSG": 115.16, "BONK": 6.81e-06, "VIRTUAL": 0.896545, "GHO": 0.99972, "XDC": 0.0292468, "SKYAI": 0.569022, "DEXE": 12.21, "USD0": 0.9983}}