{"timestamp": 1782657800, "base": "USD", "data": {"BTC": 60016, "ETH": 1580.48, "USDT": 0.998545, "BNB": 554.68, "USDC": 0.999706, "XRP": 1.053, "SOL": 71.76, "TRX": 0.323083, "FIGR_HELOC": 1.044, "HYPE": 62.97, "DOGE": 0.073702, "USDS": 0.999574, "RAIN": 0.01554941, "LEO": 9.44, "ZEC": 389.89, "CC": 0.151579, "XMR": 312.25, "XLM": 0.17152, "WBT": 48.04, "LINK": 7.29, "LAB": 17.45, "ADA": 0.144748, "USD1": 0.999417, "DAI": 0.999591, "USDE": 0.998081, "GRAM": 1.55, "BCH": 193.24, "LTC": 43.12, "USYC": 1.13, "HBAR": 0.071304, "USDG": 0.999572, "SUI": 0.687171, "PYUSD": 0.99963, "AVAX": 6.32, "CRO": 0.054497, "XAUT": 4064.48, "SHIB": 4.19e-06, "NEAR": 1.88, "BUIDL": 1.0, "USDY": 1.13, "TAO": 208.24, "WLFI": 0.058069, "PAXG": 4068.35, "UNI": 2.94, "ASTER": 0.619368, "OKB": 78.02, "RLUSD": 0.999701, "WLD": 0.443344, "HTX": 1.68e-06, "ONDO": 0.310242, "USDF": 0.994387, "MNT": 0.424385, "PI": 0.126813, "USDD": 0.998681, "DOT": 0.807855, "AAVE": 88.46, "BFUSD": 0.998371, "ICP": 2.16, "SKY": 0.04954964, "BGB": 1.64, "MORPHO": 1.74, "ETC": 7.05, "DEXE": 22.28, "U": 0.999618, "PEPE": 2.39e-06, "BCAP": 107.03, "QNT": 65.47, "EUTBL": 1.2, "KCS": 6.78, "STABLE": 0.03735564, "M": 0.675497, "JTRSY": 1.11, "USDGO": 0.999646, "ATOM": 1.58, "RENDER": 1.55, "ALGO": 0.086311, "USTB": 11.13, "KAS": 0.02786243, "POL": 0.071708, "JST": 0.087817, "USDTB": 0.999262, "VELVET": 1.75, "\u5e01\u5b89\u4eba\u751f": 0.727371, "BEAT": 2.52, "NEXO": 0.715497, "JUP": 0.212924, "ENA": 0.075976, "GT": 6.56, "JAAA": 1.039, "BDX": 0.084107, "VVV": 13.71, "ADI": 4.96, "EURSAFO": 1.15, "GHO": 0.997828, "PUMP": 0.00146977, "FLR": 0.00670474, "FIL": 0.724113, "YLDS": 0.999621, "XDC": 0.0277904, "USD0": 0.99855}}