{"timestamp": 1781414669, "base": "USD", "data": {"BTC": 64322, "ETH": 1676.3, "USDT": 0.999542, "BNB": 609.07, "USDC": 0.999758, "XRP": 1.15, "SOL": 68.36, "TRX": 0.315779, "FIGR_HELOC": 1.018, "DOGE": 0.087473, "HYPE": 60.03, "USDS": 0.999779, "LEO": 9.75, "RAIN": 0.01279885, "ZEC": 425.2, "XMR": 344.37, "ADA": 0.171908, "XLM": 0.185324, "CC": 0.160824, "WBT": 52.4, "LINK": 7.91, "TON": 1.69, "USDE": 0.999709, "USD1": 1.001, "DAI": 0.999707, "BCH": 206.38, "M": 3.03, "HBAR": 0.078813, "LTC": 44.13, "SUI": 0.760921, "USYC": 1.13, "LAB": 9.57, "SHIB": 4.99e-06, "AVAX": 6.67, "PYUSD": 0.999841, "NEAR": 2.11, "CRO": 0.060587, "TAO": 275.77, "USDG": 0.999622, "XAUT": 4214.13, "BUIDL": 1.0, "USDY": 1.13, "PAXG": 4225.1, "BEAT": 6.63, "WLFI": 0.058127, "MNT": 0.554696, "ONDO": 0.358383, "ASTER": 0.633741, "WLD": 0.492281, "RLUSD": 0.999916, "DOT": 0.967127, "UNI": 2.53, "OKB": 74.7, "HTX": 1.68e-06, "USDF": 0.995401, "PI": 0.133295, "USDD": 0.999657, "ICP": 2.4, "BFUSD": 0.9992, "SKY": 0.05623, "MORPHO": 1.95, "BGB": 1.79, "PEPE": 2.82e-06, "ETC": 7.12, "AAVE": 66.26, "U": 1.0, "QNT": 68.55, "ATOM": 1.93, "BCAP": 106.96, "EUTBL": 1.22, "USTB": 11.11, "KCS": 6.95, "USDTB": 1.0, "RENDER": 1.75, "STABLE": 0.03706828, "KAS": 0.03171296, "JTRSY": 1.11, "DEXE": 18.13, "ALGO": 0.091446, "POL": 0.075399, "NEXO": 0.798247, "ENA": 0.083442, "VVV": 15.94, "GT": 6.75, "JAAA": 1.038, "FLR": 0.00789361, "\u5e01\u5b89\u4eba\u751f": 0.671553, "JST": 0.075513, "H": 0.348994, "BDX": 0.079782, "FIL": 0.768266, "XDC": 0.03030954, "GHO": 0.999125, "JUP": 0.17106, "YLDS": 1.0, "USD0": 0.99861, "APT": 0.659993, "NIGHT": 0.03270535, "HASH": 0.00999291, "PUMP": 0.00150475}}