{"timestamp": 1778442823, "base": "USD", "data": {"BTC": 81345, "ETH": 2360.56, "USDT": 0.999758, "XRP": 1.48, "BNB": 660.78, "USDC": 0.99985, "SOL": 96.33, "TRX": 0.351446, "FIGR_HELOC": 1.0, "DOGE": 0.11086, "WBT": 60.08, "USDS": 0.999747, "ADA": 0.287092, "HYPE": 43.53, "ZEC": 585.48, "LEO": 10.07, "BCH": 461.71, "LINK": 10.83, "XMR": 411.01, "TON": 2.42, "CC": 0.156914, "XLM": 0.171767, "SUI": 1.4, "LTC": 59.72, "AVAX": 10.44, "DAI": 0.99966, "USD1": 0.998997, "HBAR": 0.098832, "M": 3.26, "USDE": 0.999519, "SHIB": 6.62e-06, "RAIN": 0.00760121, "PYUSD": 0.999811, "CRO": 0.074517, "TAO": 329.95, "USYC": 1.12, "XAUT": 4713.32, "USDG": 0.999705, "UNI": 4.06, "BUIDL": 1.0, "DOT": 1.41, "MNT": 0.710831, "PAXG": 4716.92, "WLFI": 0.068963, "NEAR": 1.62, "ONDO": 0.418243, "PEPE": 4.48e-06, "ICP": 3.41, "OKB": 88.95, "ASTER": 0.719603, "SKY": 0.080003, "PI": 0.175796, "USDF": 0.999469, "HTX": 1.97e-06, "AAVE": 102.79, "ETC": 9.9, "RLUSD": 0.999954, "BGB": 2.16, "USDD": 0.999998, "MORPHO": 2.16, "USDY": 1.13, "BFUSD": 0.999201, "JTRSY": 1.1, "ENA": 0.137191, "ALGO": 0.130254, "KCS": 8.55, "QNT": 76.24, "POL": 0.10422, "RENDER": 2.07, "KAS": 0.03876766, "ATOM": 2.04, "U": 0.999221, "EUTBL": 1.24, "USTB": 11.08, "APT": 1.23, "WLD": 0.288507, "BCAP": 105.77, "FIL": 1.19, "NEXO": 0.920875, "ARB": 0.145404, "JUP": 0.264118, "GT": 7.54, "SIREN": 1.13, "PUMP": 0.00223541, "STABLE": 0.03412586, "FLR": 0.00874615, "JST": 0.084049, "BONK": 7.87e-06, "VET": 0.0080036, "PENGU": 0.01090152, "VVV": 14.47, "USDTB": 0.999077, "DASH": 48.7, "BDX": 0.079719, "XDC": 0.0308578, "OUSG": 115.18, "VIRTUAL": 0.921987, "TRUMP": 2.54, "GHO": 0.999721, "DEXE": 12.44}}