{"timestamp": 1783487628, "base": "USD", "data": {"BTC": 62774, "ETH": 1755.93, "USDT": 0.999196, "BNB": 569.32, "USDC": 0.999925, "XRP": 1.094, "SOL": 78.66, "TRX": 0.329703, "FIGR_HELOC": 1.025, "HYPE": 68.3, "DOGE": 0.07263, "USDS": 0.999801, "RAIN": 0.01483062, "LEO": 9.43, "ZEC": 482.69, "WBT": 55.74, "XLM": 0.186548, "ADA": 0.170487, "XMR": 331.19, "LINK": 7.71, "CC": 0.127794, "BCH": 237.37, "DAI": 0.999824, "USD1": 0.998407, "USDE": 0.998584, "GRAM": 1.59, "LTC": 43.64, "USDG": 0.999705, "USYC": 1.13, "HBAR": 0.070042, "SUI": 0.715782, "PYUSD": 0.999919, "AVAX": 6.42, "CRO": 0.056414, "SHIB": 4.3e-06, "XAUT": 4115.88, "NEAR": 1.92, "BUIDL": 1.0, "USDY": 1.14, "UNI": 3.32, "TAO": 208.78, "WLFI": 0.058749, "PAXG": 4120.93, "M": 1.39, "HTX": 1.86e-06, "ASTER": 0.621811, "OKB": 78.97, "RLUSD": 0.99977, "ONDO": 0.324746, "USDD": 0.999162, "USDF": 0.996617, "DOT": 0.836676, "MNT": 0.417296, "AAVE": 88.53, "MORPHO": 2.04, "DEXE": 28.26, "WLD": 0.374559, "BFUSD": 0.998172, "SKY": 0.052776, "ICP": 2.19, "BGB": 1.65, "PI": 0.103854, "PEPE": 2.62e-06, "ETC": 6.89, "LAB": 3.41, "U": 0.9998, "EUTBL": 1.2, "BCAP": 106.63, "QNT": 66.31, "KCS": 6.9, "JTRSY": 1.11, "USDGO": 0.999907, "USTB": 11.14, "STABLE": 0.03456115, "POL": 0.076544, "ATOM": 1.57, "JST": 0.093901, "KAS": 0.02913528, "RENDER": 1.54, "JUP": 0.230566, "ALGO": 0.085493, "NEXO": 0.739779, "BEAT": 2.37, "ADI": 5.82, "USDTB": 1.0, "BDX": 0.091676, "GT": 6.73, "EURSAFO": 1.15, "ENA": 0.074488, "\u5e01\u5b89\u4eba\u751f": 0.702904, "JAAA": 1.04, "PUMP": 0.00154884, "FIL": 0.766945, "LIT": 2.44, "GHO": 0.998454, "FLR": 0.00662367, "USD0": 0.998654, "NIGHT": 0.03288335, "AERO": 0.56275, "XDC": 0.02702761}}