{"timestamp": 1783036610, "base": "USD", "data": {"BTC": 61510, "ETH": 1698.2, "USDT": 0.99881, "BNB": 558.02, "USDC": 0.99983, "XRP": 1.086, "SOL": 80.62, "TRX": 0.317187, "FIGR_HELOC": 1.039, "HYPE": 66.84, "DOGE": 0.074086, "RAIN": 0.01551977, "USDS": 0.999755, "LEO": 9.12, "ZEC": 434.25, "XLM": 0.19918, "WBT": 55.53, "ADA": 0.16152, "XMR": 316.74, "LINK": 7.74, "CC": 0.139973, "DAI": 0.999671, "USD1": 0.998537, "GRAM": 1.66, "USDE": 0.998338, "BCH": 220.44, "LAB": 11.68, "LTC": 43.48, "USYC": 1.13, "HBAR": 0.070771, "USDG": 1.0, "SUI": 0.733619, "AVAX": 6.79, "PYUSD": 0.999851, "CRO": 0.056209, "SHIB": 4.29e-06, "XAUT": 4116.91, "NEAR": 1.94, "BUIDL": 1.0, "USDY": 1.14, "M": 1.62, "TAO": 209.28, "UNI": 3.18, "PAXG": 4120.6, "WLFI": 0.058274, "ASTER": 0.637693, "OKB": 80.63, "RLUSD": 1.0, "ONDO": 0.328208, "HTX": 1.67e-06, "MNT": 0.436577, "DOT": 0.840865, "USDF": 0.995436, "WLD": 0.40095, "USDD": 0.999904, "SKY": 0.059235, "MORPHO": 2.07, "BFUSD": 0.998551, "AAVE": 86.24, "PI": 0.117817, "ICP": 2.19, "BGB": 1.71, "ETC": 7.07, "DEXE": 23.18, "PEPE": 2.44e-06, "U": 0.999604, "BEAT": 3.23, "QNT": 67.6, "KCS": 7.16, "EUTBL": 1.2, "BCAP": 106.97, "USDGO": 1.0, "JTRSY": 1.11, "KAS": 0.03095451, "USTB": 11.13, "STABLE": 0.03495068, "RENDER": 1.59, "JUP": 0.243513, "ATOM": 1.56, "POL": 0.07278, "ALGO": 0.086316, "NEXO": 0.771173, "JST": 0.087624, "USDTB": 1.0, "ENA": 0.07655, "GT": 6.65, "ADI": 5.63, "BDX": 0.087835, "\u5e01\u5b89\u4eba\u751f": 0.683118, "JAAA": 1.04, "EURSAFO": 1.15, "VVV": 13.36, "PUMP": 0.00152309, "FIL": 0.772748, "GHO": 0.997983, "FLR": 0.00668317, "XDC": 0.02834509, "YLDS": 0.999741, "USD0": 0.998531, "NIGHT": 0.03201253}}