{"timestamp": 1779176262, "base": "USD", "data": {"BTC": 77101, "ETH": 2137.45, "USDT": 0.999194, "BNB": 644.41, "XRP": 1.39, "USDC": 0.999778, "SOL": 85.35, "TRX": 0.356404, "FIGR_HELOC": 1.036, "DOGE": 0.104618, "WBT": 56.97, "HYPE": 48.23, "USDS": 0.998526, "ZEC": 563.76, "ADA": 0.252005, "LEO": 10.07, "BCH": 381.14, "XMR": 388.26, "LINK": 9.78, "CC": 0.151305, "TON": 2.06, "XLM": 0.146514, "USD1": 0.999408, "M": 3.39, "DAI": 0.999512, "USDE": 0.999714, "SUI": 1.082, "LTC": 54.46, "AVAX": 9.25, "HBAR": 0.090298, "RAIN": 0.00740455, "PYUSD": 0.999091, "SHIB": 5.77e-06, "CRO": 0.069817, "USYC": 1.12, "USDG": 0.99974, "XAUT": 4541.02, "BUIDL": 1.0, "TAO": 263.43, "UNI": 3.52, "NEAR": 1.65, "PAXG": 4541.06, "USDY": 1.13, "DOT": 1.25, "MNT": 0.631332, "WLFI": 0.061284, "ONDO": 0.386913, "HTX": 1.99e-06, "USDF": 0.997755, "OKB": 81.73, "ASTER": 0.65754, "SKY": 0.069708, "PI": 0.152473, "RLUSD": 1.0, "PEPE": 3.69e-06, "USDD": 0.999598, "ICP": 2.57, "BGB": 2.02, "ETC": 8.95, "AAVE": 89.36, "BFUSD": 0.9988, "MORPHO": 1.76, "QNT": 75.05, "KCS": 8.06, "USDTB": 0.998886, "ATOM": 2.06, "JTRSY": 1.1, "USTB": 11.08, "U": 0.999369, "EUTBL": 1.22, "ALGO": 0.110137, "POL": 0.091351, "BCAP": 105.74, "ENA": 0.10631, "KAS": 0.03478233, "RENDER": 1.83, "NEXO": 0.881586, "WLD": 0.24573, "STABLE": 0.03644203, "JST": 0.091284, "APT": 0.948731, "GT": 7.12, "FIL": 0.960089, "FLR": 0.00834693, "ARB": 0.116984, "VVV": 14.46, "JUP": 0.199373, "DEXE": 13.98, "XDC": 0.03141493, "BDX": 0.078574, "PUMP": 0.0017086, "GHO": 0.999089, "VET": 0.00676069, "HASH": 0.01050101, "USD0": 0.99785, "OUSG": 115.28, "DASH": 42.92, "PENGU": 0.0086208, "BONK": 6.01e-06, "NIGHT": 0.03152535}}