{"timestamp": 1783263993, "base": "USD", "data": {"BTC": 62827, "ETH": 1774.7, "USDT": 0.999084, "BNB": 588.04, "USDC": 0.999755, "XRP": 1.14, "SOL": 81.42, "TRX": 0.32953, "FIGR_HELOC": 1.009, "HYPE": 69.58, "DOGE": 0.077048, "RAIN": 0.01532794, "USDS": 0.999756, "LEO": 9.23, "ZEC": 464.76, "ADA": 0.189749, "XLM": 0.201416, "WBT": 56.67, "XMR": 326.39, "LINK": 7.97, "CC": 0.140849, "LAB": 15.98, "GRAM": 1.76, "BCH": 238.43, "DAI": 0.999635, "USD1": 0.998709, "USDE": 0.998583, "LTC": 45.16, "HBAR": 0.075182, "USYC": 1.13, "SUI": 0.756047, "USDG": 1.0, "AVAX": 6.91, "PYUSD": 0.999599, "CRO": 0.060253, "NEAR": 1.98, "SHIB": 4.36e-06, "XAUT": 4161.08, "BUIDL": 1.0, "USDY": 1.14, "TAO": 213.15, "UNI": 3.14, "WLFI": 0.060149, "PAXG": 4165.47, "M": 1.41, "ASTER": 0.64026, "OKB": 80.07, "ONDO": 0.329994, "HTX": 1.77e-06, "RLUSD": 1.0, "DOT": 0.879014, "MNT": 0.442032, "WLD": 0.411343, "USDF": 0.996218, "USDD": 1.001, "AAVE": 89.37, "BFUSD": 0.99845, "SKY": 0.055537, "MORPHO": 1.94, "PI": 0.113753, "ICP": 2.2, "BGB": 1.72, "DEXE": 24.54, "PEPE": 2.7e-06, "ETC": 7.11, "U": 0.9999, "EUTBL": 1.21, "KCS": 7.18, "QNT": 67.14, "BCAP": 106.97, "BEAT": 2.89, "USDGO": 1.0, "JTRSY": 1.11, "USTB": 11.13, "KAS": 0.03114141, "RENDER": 1.59, "STABLE": 0.03402928, "ATOM": 1.56, "ALGO": 0.090046, "JUP": 0.240388, "JST": 0.092505, "POL": 0.073515, "NEXO": 0.763496, "\u5e01\u5b89\u4eba\u751f": 0.753412, "ENA": 0.078002, "USDTB": 1.001, "ADI": 5.8, "GT": 6.73, "BDX": 0.089416, "EURSAFO": 1.15, "JAAA": 1.04, "PUMP": 0.00159489, "FIL": 0.786986, "FLR": 0.00700837, "GHO": 0.998295, "LIT": 2.37, "VVV": 11.99, "XDC": 0.02827218, "NIGHT": 0.03362813, "USD0": 0.998524}}