{"timestamp": 1783309566, "base": "USD", "data": {"BTC": 63152, "ETH": 1774.78, "USDT": 0.998989, "BNB": 583.68, "USDC": 0.999697, "XRP": 1.14, "SOL": 80.63, "TRX": 0.328089, "FIGR_HELOC": 1.009, "HYPE": 71.58, "DOGE": 0.077354, "USDS": 0.999672, "RAIN": 0.0151163, "LEO": 9.34, "ZEC": 456.47, "ADA": 0.18802, "XLM": 0.199623, "WBT": 56.99, "XMR": 323.64, "LINK": 7.99, "CC": 0.142604, "LAB": 16.57, "BCH": 240.32, "GRAM": 1.76, "DAI": 0.999741, "USD1": 0.998901, "USDE": 0.998445, "LTC": 45.1, "HBAR": 0.075537, "USYC": 1.13, "SUI": 0.748597, "USDG": 0.999898, "AVAX": 6.9, "PYUSD": 0.999864, "CRO": 0.059815, "NEAR": 1.99, "SHIB": 4.38e-06, "XAUT": 4152.74, "BUIDL": 1.0, "USDY": 1.14, "TAO": 214.19, "UNI": 3.16, "PAXG": 4157.61, "M": 1.42, "WLFI": 0.057951, "ASTER": 0.638591, "OKB": 79.78, "HTX": 1.79e-06, "ONDO": 0.327987, "RLUSD": 0.999714, "WLD": 0.423027, "DOT": 0.872231, "MNT": 0.440626, "USDF": 0.996502, "USDD": 1.001, "AAVE": 88.3, "SKY": 0.057313, "BFUSD": 0.998201, "MORPHO": 1.93, "PI": 0.113097, "ICP": 2.21, "BGB": 1.7, "DEXE": 25.16, "PEPE": 2.73e-06, "ETC": 7.11, "U": 0.999702, "KCS": 7.22, "EUTBL": 1.21, "QNT": 67.04, "BCAP": 106.97, "USDGO": 0.999822, "JTRSY": 1.11, "USTB": 11.13, "STABLE": 0.03494358, "BEAT": 2.73, "KAS": 0.03061741, "RENDER": 1.61, "JUP": 0.24705, "ATOM": 1.58, "ALGO": 0.089544, "JST": 0.091932, "POL": 0.073527, "NEXO": 0.771339, "ENA": 0.078539, "ADI": 5.81, "USDTB": 1.0, "\u5e01\u5b89\u4eba\u751f": 0.72251, "GT": 6.77, "BDX": 0.089766, "EURSAFO": 1.15, "JAAA": 1.04, "LIT": 2.68, "PUMP": 0.00165458, "FIL": 0.790125, "FLR": 0.0069472, "GHO": 0.997969, "NIGHT": 0.03422289, "VVV": 12.01, "XDC": 0.02815368, "USD0": 0.998523}}