{"timestamp": 1780264321, "base": "USD", "data": {"BTC": 73727, "ETH": 2009.19, "USDT": 0.998504, "BNB": 709.88, "XRP": 1.33, "USDC": 0.999613, "SOL": 82.14, "TRX": 0.349953, "FIGR_HELOC": 1.017, "HYPE": 71.23, "DOGE": 0.100202, "USDS": 0.999511, "ZEC": 559.5, "LEO": 10.01, "RAIN": 0.01428406, "ADA": 0.234566, "XLM": 0.251187, "XMR": 363.95, "LINK": 9.11, "WBT": 54.0, "BCH": 301.71, "CC": 0.155818, "TON": 1.89, "USD1": 0.998392, "USDE": 0.998579, "DAI": 0.999537, "HBAR": 0.096362, "LTC": 51.9, "M": 3.0, "AVAX": 8.92, "LAB": 9.22, "SUI": 0.892114, "SHIB": 5.48e-06, "PYUSD": 0.999929, "CRO": 0.067468, "NEAR": 2.32, "USYC": 1.13, "XAUT": 4510.63, "USDG": 0.99985, "TAO": 255.71, "BUIDL": 1.0, "MNT": 0.664591, "USDY": 1.12, "PAXG": 4523.24, "DOT": 1.18, "OKB": 92.33, "UNI": 3.01, "WLFI": 0.059252, "ASTER": 0.724762, "ONDO": 0.363348, "RLUSD": 0.999757, "HTX": 1.84e-06, "USDF": 0.994623, "PI": 0.14806, "SKY": 0.066856, "ICP": 2.73, "BGB": 2.08, "USDD": 0.99657, "PEPE": 3.41e-06, "MORPHO": 2.14, "BFUSD": 0.998264, "ETC": 8.16, "AAVE": 82.0, "WLD": 0.351742, "ALGO": 0.128486, "RENDER": 2.09, "U": 0.9995, "USDTB": 0.998521, "KCS": 7.85, "QNT": 71.34, "EUTBL": 1.23, "ATOM": 1.95, "POL": 0.092762, "BCAP": 107.16, "USTB": 11.1, "STABLE": 0.03852728, "DEXE": 18.97, "JTRSY": 1.1, "NEXO": 0.849223, "VVV": 18.23, "KAS": 0.03048546, "JST": 0.093242, "ENA": 0.087732, "APT": 0.937686, "GT": 7.19, "FIL": 0.933668, "H": 0.396834, "XDC": 0.03345524, "FLR": 0.00768531, "\u5e01\u5b89\u4eba\u751f": 0.659818, "INJ": 6.54, "ARB": 0.10258, "JUP": 0.189583, "PUMP": 0.00178822, "FET": 0.274717, "BDX": 0.079774, "NIGHT": 0.03710804, "HASH": 0.01089236, "GHO": 0.99921, "USD0": 0.998415}}