{"timestamp": 1781395215, "base": "USD", "data": {"BTC": 64417, "ETH": 1680.01, "USDT": 0.999536, "BNB": 609.63, "USDC": 0.999825, "XRP": 1.15, "SOL": 68.85, "TRX": 0.317083, "FIGR_HELOC": 1.018, "DOGE": 0.087854, "HYPE": 60.7, "USDS": 0.999794, "LEO": 9.77, "RAIN": 0.0129854, "ZEC": 419.67, "ADA": 0.171717, "XMR": 338.5, "CC": 0.162879, "XLM": 0.187059, "WBT": 52.44, "LINK": 7.98, "TON": 1.72, "USDE": 0.999634, "USD1": 1.0, "DAI": 0.999723, "BCH": 208.62, "M": 3.01, "LTC": 44.28, "HBAR": 0.078281, "SUI": 0.767974, "USYC": 1.13, "SHIB": 5.01e-06, "LAB": 9.41, "AVAX": 6.71, "PYUSD": 0.999844, "NEAR": 2.13, "CRO": 0.060111, "USDG": 0.99977, "XAUT": 4211.82, "TAO": 262.61, "BUIDL": 1.0, "BEAT": 7.74, "USDY": 1.14, "PAXG": 4220.51, "WLFI": 0.058833, "MNT": 0.556774, "ONDO": 0.364242, "ASTER": 0.639585, "WLD": 0.501844, "DOT": 0.97995, "RLUSD": 0.99998, "UNI": 2.56, "OKB": 74.89, "HTX": 1.69e-06, "USDF": 0.995543, "PI": 0.134104, "ICP": 2.51, "USDD": 0.999673, "BFUSD": 0.9991, "SKY": 0.055902, "MORPHO": 1.96, "BGB": 1.79, "PEPE": 2.86e-06, "ETC": 7.18, "AAVE": 67.06, "ATOM": 1.95, "U": 1.0, "QNT": 68.63, "BCAP": 106.96, "EUTBL": 1.22, "USTB": 11.11, "KCS": 6.96, "RENDER": 1.77, "USDTB": 1.0, "JTRSY": 1.11, "KAS": 0.03136768, "STABLE": 0.03642553, "POL": 0.075918, "DEXE": 17.28, "NEXO": 0.80514, "ALGO": 0.089601, "VVV": 16.58, "ENA": 0.083672, "GT": 6.71, "JAAA": 1.038, "FLR": 0.00788259, "\u5e01\u5b89\u4eba\u751f": 0.66938, "JST": 0.074181, "BDX": 0.079968, "FIL": 0.784199, "XDC": 0.03039586, "GHO": 0.999175, "JUP": 0.173553, "YLDS": 1.0, "APT": 0.67106, "USD0": 0.998632, "HASH": 0.01016808, "PUMP": 0.00153815, "ARB": 0.085202, "NIGHT": 0.03197947}}