{"timestamp": 1779209175, "base": "USD", "data": {"BTC": 76710, "ETH": 2115.38, "USDT": 0.999099, "BNB": 639.09, "XRP": 1.37, "USDC": 0.999745, "SOL": 84.6, "TRX": 0.355018, "FIGR_HELOC": 1.036, "DOGE": 0.103759, "WBT": 56.55, "HYPE": 47.99, "USDS": 0.999622, "ZEC": 567.98, "ADA": 0.24898, "LEO": 9.95, "BCH": 367.33, "XMR": 394.44, "LINK": 9.52, "CC": 0.148032, "TON": 2.04, "XLM": 0.145295, "USD1": 0.999448, "M": 3.46, "USDE": 0.999512, "DAI": 0.999685, "SUI": 1.061, "LTC": 53.87, "AVAX": 9.13, "HBAR": 0.088575, "RAIN": 0.00731844, "PYUSD": 0.99967, "SHIB": 5.71e-06, "CRO": 0.068416, "USYC": 1.12, "USDG": 0.999655, "XAUT": 4505.22, "BUIDL": 1.0, "TAO": 258.39, "UNI": 3.46, "NEAR": 1.65, "USDY": 1.13, "PAXG": 4506.37, "DOT": 1.23, "MNT": 0.623769, "WLFI": 0.059931, "ONDO": 0.374238, "USDF": 0.997717, "HTX": 1.96e-06, "ASTER": 0.651041, "OKB": 79.63, "RLUSD": 1.0, "SKY": 0.068575, "PI": 0.149358, "PEPE": 3.65e-06, "USDD": 0.999696, "BGB": 2.0, "ETC": 8.91, "ICP": 2.49, "AAVE": 88.55, "BFUSD": 0.9987, "MORPHO": 1.77, "QNT": 74.0, "USDTB": 0.998713, "KCS": 7.91, "USTB": 11.09, "ATOM": 2.06, "JTRSY": 1.1, "EUTBL": 1.22, "U": 0.999689, "ALGO": 0.110349, "BCAP": 105.74, "POL": 0.089454, "RENDER": 1.83, "KAS": 0.03425548, "ENA": 0.103625, "NEXO": 0.888102, "WLD": 0.239926, "STABLE": 0.03508055, "JST": 0.091357, "APT": 0.937967, "GT": 7.03, "FIL": 0.942481, "FLR": 0.00829956, "VVV": 15.36, "ARB": 0.115089, "DEXE": 14.05, "XDC": 0.03275281, "JUP": 0.195325, "BDX": 0.078517, "PUMP": 0.00169217, "GHO": 0.99898, "VET": 0.00664708, "USD0": 0.9983, "HASH": 0.010411, "OUSG": 115.28, "DASH": 42.57, "KITE": 0.236006, "PENGU": 0.00851615, "NIGHT": 0.03142689}}