{"timestamp": 1780976038, "base": "USD", "data": {"BTC": 62728, "ETH": 1665.41, "USDT": 0.999455, "BNB": 597.59, "USDC": 0.999667, "XRP": 1.15, "SOL": 65.82, "TRX": 0.325281, "FIGR_HELOC": 1.027, "HYPE": 62.38, "DOGE": 0.085109, "USDS": 0.999591, "LEO": 9.4, "RAIN": 0.01307295, "ZEC": 443.55, "XLM": 0.197658, "CC": 0.163537, "ADA": 0.166043, "XMR": 316.92, "LINK": 7.86, "WBT": 44.74, "USD1": 0.998689, "TON": 1.7, "USDE": 0.999312, "DAI": 0.999612, "BCH": 206.98, "M": 3.03, "LAB": 12.27, "HBAR": 0.080041, "LTC": 42.53, "SUI": 0.743465, "USYC": 1.13, "AVAX": 6.64, "PYUSD": 0.999709, "SHIB": 4.66e-06, "CRO": 0.060761, "NEAR": 2.05, "XAUT": 4313.6, "USDG": 1.0, "BUIDL": 1.0, "USDY": 1.13, "TAO": 211.4, "PAXG": 4327.49, "MNT": 0.538374, "WLFI": 0.055541, "ONDO": 0.354737, "RLUSD": 0.999958, "WLD": 0.482375, "DOT": 0.955137, "ASTER": 0.61912, "HTX": 1.74e-06, "UNI": 2.49, "OKB": 71.64, "USDF": 0.995221, "PI": 0.127877, "USDD": 0.999633, "SKY": 0.056968, "BFUSD": 0.998701, "BGB": 1.82, "ICP": 2.28, "BEAT": 4.19, "PEPE": 2.77e-06, "MORPHO": 1.76, "ETC": 6.97, "DEXE": 22.06, "USDTB": 0.999819, "EUTBL": 1.21, "U": 0.999605, "BCAP": 106.96, "QNT": 66.35, "USTB": 11.11, "AAVE": 61.85, "ATOM": 1.74, "KAS": 0.03203432, "KCS": 6.42, "JTRSY": 1.11, "SIREN": 1.18, "RENDER": 1.6, "POL": 0.07609, "ALGO": 0.090803, "NEXO": 0.783415, "STABLE": 0.03199421, "ENA": 0.080194, "\u5e01\u5b89\u4eba\u751f": 0.731255, "VVV": 15.47, "JST": 0.080611, "GT": 6.36, "XDC": 0.03061035, "BDX": 0.078592, "FLR": 0.00708002, "FIL": 0.76005, "GHO": 0.999283, "USD0": 0.998424, "INJ": 5.48, "PUMP": 0.00155154, "HASH": 0.00986833, "YLDS": 0.999606, "NIGHT": 0.03183468, "APT": 0.641171, "A7A5": 0.01316306}}