{"timestamp": 1783861164, "base": "USD", "data": {"BTC": 63988, "ETH": 1805.71, "USDT": 0.999382, "BNB": 581.59, "USDC": 0.999807, "XRP": 1.098, "SOL": 77.07, "TRX": 0.331795, "FIGR_HELOC": 1.041, "HYPE": 66.74, "DOGE": 0.073335, "USDS": 0.999707, "RAIN": 0.01457669, "ZEC": 524.28, "LEO": 9.53, "WBT": 56.06, "XLM": 0.18601, "XMR": 329.54, "ADA": 0.164926, "LINK": 8.04, "CC": 0.136535, "BCH": 246.3, "DAI": 0.999765, "GRAM": 1.64, "USD1": 0.999164, "USDE": 0.999717, "LTC": 44.7, "USDG": 0.999751, "USYC": 1.13, "SUI": 0.741865, "HBAR": 0.067884, "BUIDL": 1.0, "PYUSD": 0.999715, "AVAX": 6.43, "CRO": 0.055768, "SHIB": 4.3e-06, "XAUT": 4092.86, "NEAR": 1.89, "UNI": 3.62, "USDY": 1.13, "DEXE": 45.17, "TAO": 210.4, "WLFI": 0.057977, "PAXG": 4095.57, "OKB": 80.68, "HTX": 1.85e-06, "ASTER": 0.623874, "ONDO": 0.328555, "M": 1.21, "USDD": 0.999169, "RLUSD": 0.999978, "WLD": 0.421102, "AAVE": 97.8, "DOT": 0.845922, "SKY": 0.06128, "USDF": 0.995842, "MNT": 0.422384, "BFUSD": 0.99878, "MORPHO": 2.0, "ICP": 2.25, "BGB": 1.68, "PEPE": 2.77e-06, "ETC": 6.93, "PI": 0.0968, "U": 0.999784, "EUTBL": 1.21, "BCAP": 106.63, "KCS": 7.0, "QNT": 65.73, "USDGO": 1.0, "STABLE": 0.0366769, "BEAT": 2.85, "JTRSY": 1.11, "JST": 0.100856, "POL": 0.079488, "ATOM": 1.57, "ADI": 6.48, "RENDER": 1.55, "KAS": 0.02867063, "USTB": 11.14, "EURSAFO": 1.15, "ENA": 0.08109, "ALGO": 0.084094, "NEXO": 0.74564, "USDTB": 1.0, "GT": 6.71, "\u5e01\u5b89\u4eba\u751f": 0.705258, "BDX": 0.087013, "JAAA": 1.041, "JUP": 0.201807, "LIT": 2.65, "FIL": 0.783637, "ARB": 0.09529, "GHO": 0.99835, "FLR": 0.0065425, "PUMP": 0.00140802, "USD0": 0.998475, "XDC": 0.02706018, "YLDS": 0.999703, "USX": 0.99975}}