{"timestamp": 1782824679, "base": "USD", "data": {"BTC": 58341, "ETH": 1553.96, "USDT": 0.998356, "USDC": 0.999556, "BNB": 543.97, "XRP": 1.027, "SOL": 72.09, "TRX": 0.316686, "FIGR_HELOC": 1.045, "HYPE": 64.64, "DOGE": 0.069705, "RAIN": 0.0156928, "USDS": 0.999388, "LEO": 9.42, "ZEC": 389.8, "XLM": 0.17418, "XMR": 308.95, "WBT": 46.53, "CC": 0.137289, "LINK": 7.13, "ADA": 0.142184, "USD1": 0.9985, "DAI": 0.99964, "USDE": 0.997815, "GRAM": 1.57, "BCH": 194.67, "LAB": 12.06, "LTC": 41.93, "USYC": 1.13, "HBAR": 0.069665, "USDG": 0.999759, "AVAX": 6.39, "SUI": 0.678457, "PYUSD": 0.999633, "XAUT": 4004.45, "SHIB": 4.16e-06, "CRO": 0.053063, "NEAR": 1.78, "BUIDL": 1.0, "USDY": 1.13, "TAO": 201.02, "WLFI": 0.057874, "PAXG": 4007.66, "UNI": 2.77, "ASTER": 0.613597, "OKB": 77.63, "RLUSD": 1.0, "ONDO": 0.305135, "HTX": 1.64e-06, "WLD": 0.409041, "USDF": 0.994478, "USDD": 0.998395, "MNT": 0.414085, "DOT": 0.802437, "BFUSD": 0.998233, "AAVE": 86.51, "SKY": 0.053467, "PI": 0.112173, "MORPHO": 1.83, "ICP": 2.09, "BGB": 1.61, "ETC": 6.91, "DEXE": 23.11, "U": 0.99931, "BCAP": 106.97, "PEPE": 2.3e-06, "STABLE": 0.03917342, "QNT": 64.34, "EUTBL": 1.2, "KCS": 6.74, "JTRSY": 1.11, "USTB": 11.13, "KAS": 0.0313658, "USDGO": 0.99987, "M": 0.645698, "BEAT": 2.81, "ATOM": 1.51, "RENDER": 1.49, "ALGO": 0.083384, "POL": 0.06911, "USDTB": 0.99992, "JST": 0.084692, "NEXO": 0.701213, "ADI": 5.52, "\u5e01\u5b89\u4eba\u751f": 0.685714, "BDX": 0.088143, "JAAA": 1.039, "GT": 6.39, "VELVET": 1.58, "ENA": 0.071632, "JUP": 0.199626, "EURSAFO": 1.15, "GHO": 0.997939, "VVV": 12.61, "PUMP": 0.00139355, "FIL": 0.707121, "YLDS": 0.999581, "XDC": 0.02775408, "USD0": 0.998334, "FLR": 0.00636388}}