{"timestamp": 1782604941, "base": "USD", "data": {"BTC": 59946, "ETH": 1571.8, "USDT": 0.998549, "BNB": 556.43, "USDC": 0.999739, "XRP": 1.046, "SOL": 70.41, "TRX": 0.320782, "FIGR_HELOC": 1.044, "HYPE": 61.58, "DOGE": 0.074417, "RAIN": 0.01557655, "USDS": 0.999568, "LEO": 9.4, "ZEC": 394.9, "CC": 0.153105, "XLM": 0.173648, "XMR": 312.96, "WBT": 47.91, "LINK": 7.29, "ADA": 0.145147, "LAB": 16.85, "USD1": 0.999203, "DAI": 0.999742, "USDE": 0.998059, "GRAM": 1.57, "BCH": 195.44, "LTC": 42.13, "HBAR": 0.071851, "USYC": 1.13, "USDG": 0.999651, "AVAX": 6.42, "SUI": 0.684012, "PYUSD": 0.999795, "CRO": 0.054618, "XAUT": 4064.34, "SHIB": 4.21e-06, "NEAR": 1.87, "BUIDL": 1.0, "USDY": 1.14, "TAO": 209.24, "PAXG": 4069.58, "WLFI": 0.057549, "UNI": 2.92, "ASTER": 0.621163, "OKB": 77.98, "RLUSD": 1.0, "WLD": 0.448886, "ONDO": 0.310807, "HTX": 1.66e-06, "MNT": 0.436132, "AAVE": 93.97, "USDF": 0.994717, "PI": 0.129183, "USDD": 0.998654, "DOT": 0.815154, "BFUSD": 0.998243, "ICP": 2.14, "SKY": 0.04922517, "BGB": 1.64, "MORPHO": 1.75, "ETC": 7.12, "DEXE": 22.16, "U": 0.999597, "PEPE": 2.37e-06, "M": 0.742065, "BCAP": 107.03, "QNT": 65.55, "EUTBL": 1.2, "KCS": 6.75, "STABLE": 0.03768058, "JTRSY": 1.11, "USDGO": 0.99982, "ATOM": 1.58, "RENDER": 1.56, "USTB": 11.13, "ALGO": 0.085895, "KAS": 0.02777397, "POL": 0.070741, "BEAT": 2.57, "USDTB": 0.999574, "JST": 0.085755, "JUP": 0.218268, "NEXO": 0.722548, "ENA": 0.076855, "\u5e01\u5b89\u4eba\u751f": 0.700247, "GT": 6.55, "JAAA": 1.039, "BDX": 0.083784, "VELVET": 1.53, "VVV": 13.53, "ADI": 4.92, "EURSAFO": 1.15, "GHO": 0.997666, "FLR": 0.00667216, "FIL": 0.727083, "YLDS": 0.999984, "XDC": 0.02788743, "USD0": 0.998778, "PUMP": 0.00134968}}