{"timestamp": 1783163942, "base": "USD", "data": {"BTC": 62486, "ETH": 1757.02, "USDT": 0.999197, "BNB": 571.79, "USDC": 0.999902, "XRP": 1.14, "SOL": 81.63, "TRX": 0.32506, "FIGR_HELOC": 1.009, "HYPE": 70.51, "DOGE": 0.077044, "RAIN": 0.0154294, "USDS": 0.999756, "LEO": 9.14, "ZEC": 460.81, "XLM": 0.20657, "WBT": 56.39, "ADA": 0.176371, "XMR": 332.72, "LINK": 7.9, "CC": 0.138101, "GRAM": 1.82, "DAI": 0.999703, "USD1": 0.998988, "BCH": 225.39, "USDE": 0.998751, "LTC": 44.29, "LAB": 10.67, "HBAR": 0.073546, "USYC": 1.13, "SUI": 0.753708, "USDG": 1.0, "AVAX": 6.84, "PYUSD": 0.999799, "CRO": 0.060737, "SHIB": 4.38e-06, "NEAR": 1.97, "XAUT": 4158.34, "BUIDL": 1.0, "USDY": 1.14, "M": 1.59, "TAO": 212.38, "UNI": 3.19, "PAXG": 4162.82, "WLFI": 0.056274, "ASTER": 0.639709, "OKB": 81.24, "ONDO": 0.330916, "RLUSD": 0.999911, "HTX": 1.7e-06, "WLD": 0.422382, "DOT": 0.869477, "MNT": 0.442719, "USDF": 0.996363, "USDD": 0.999268, "SKY": 0.057658, "AAVE": 88.27, "BFUSD": 0.998482, "PI": 0.115731, "MORPHO": 1.92, "ICP": 2.21, "BGB": 1.72, "ETC": 7.31, "PEPE": 2.68e-06, "DEXE": 23.4, "U": 1.0, "EUTBL": 1.21, "QNT": 67.65, "BCAP": 106.97, "KCS": 7.06, "BEAT": 2.99, "USDGO": 0.999764, "JTRSY": 1.11, "USTB": 11.13, "KAS": 0.03118662, "STABLE": 0.03425821, "ATOM": 1.59, "RENDER": 1.58, "ALGO": 0.088953, "POL": 0.073455, "JUP": 0.233757, "JST": 0.090165, "NEXO": 0.766633, "USDTB": 1.0, "ENA": 0.07773, "ADI": 5.76, "GT": 6.77, "BDX": 0.088391, "\u5e01\u5b89\u4eba\u751f": 0.690072, "EURSAFO": 1.15, "JAAA": 1.04, "FIL": 0.795182, "PUMP": 0.00155646, "FLR": 0.00698272, "GHO": 0.998124, "VVV": 12.24, "XDC": 0.02860443, "USD0": 0.99861, "LIT": 2.2, "YLDS": 0.999964}}