{"timestamp": 1778431414, "base": "USD", "data": {"BTC": 81271, "ETH": 2347.86, "USDT": 0.999763, "XRP": 1.47, "BNB": 656.6, "USDC": 0.999885, "SOL": 94.7, "TRX": 0.351006, "FIGR_HELOC": 1.0, "DOGE": 0.109407, "WBT": 59.86, "USDS": 0.999722, "ADA": 0.283476, "HYPE": 43.21, "ZEC": 590.86, "LEO": 10.21, "BCH": 457.15, "LINK": 10.68, "XMR": 411.51, "TON": 2.4, "CC": 0.154691, "XLM": 0.169781, "SUI": 1.26, "LTC": 59.44, "M": 3.46, "AVAX": 10.24, "DAI": 0.999618, "USD1": 0.999145, "HBAR": 0.097345, "USDE": 0.99965, "SHIB": 6.6e-06, "RAIN": 0.00759622, "PYUSD": 0.999726, "CRO": 0.074012, "TAO": 323.71, "USYC": 1.12, "XAUT": 4716.38, "USDG": 0.999872, "UNI": 4.05, "BUIDL": 1.0, "DOT": 1.39, "MNT": 0.69828, "PAXG": 4719.09, "WLFI": 0.068945, "NEAR": 1.58, "ONDO": 0.4204, "ICP": 3.43, "OKB": 88.69, "SKY": 0.079779, "ASTER": 0.71214, "PEPE": 4.35e-06, "PI": 0.174737, "USDF": 0.998803, "HTX": 1.96e-06, "RLUSD": 0.999981, "ETC": 9.78, "BGB": 2.16, "AAVE": 99.3, "USDD": 0.999805, "MORPHO": 2.14, "USDY": 1.13, "BFUSD": 0.999087, "JTRSY": 1.1, "ENA": 0.13253, "ALGO": 0.130296, "KCS": 8.54, "POL": 0.103373, "QNT": 74.72, "RENDER": 2.05, "KAS": 0.03834831, "ATOM": 2.04, "U": 0.999825, "EUTBL": 1.24, "USTB": 11.08, "BCAP": 105.77, "WLD": 0.284019, "FIL": 1.18, "NEXO": 0.922304, "APT": 1.14, "ARB": 0.143895, "SIREN": 1.17, "GT": 7.46, "JUP": 0.249873, "PUMP": 0.00220437, "STABLE": 0.03405334, "FLR": 0.00857857, "JST": 0.084417, "VET": 0.00795217, "VVV": 14.67, "PENGU": 0.01067089, "BONK": 7.47e-06, "USDTB": 0.999097, "DASH": 49.03, "BDX": 0.079823, "OUSG": 115.18, "XDC": 0.03044708, "VIRTUAL": 0.921864, "GHO": 0.999806, "TRUMP": 2.5, "DEXE": 12.25}}