{"timestamp": 1784761445, "base": "USD", "data": {"BTC": 65993, "ETH": 1935.66, "USDT": 0.999391, "BNB": 570.79, "USDC": 0.999925, "XRP": 1.14, "SOL": 77.93, "TRX": 0.328559, "FIGR_HELOC": 1.008, "HYPE": 59.1, "DOGE": 0.072953, "RAIN": 0.01432687, "USDS": 0.999802, "LEO": 9.73, "ZEC": 513.37, "WBT": 57.6, "XMR": 351.69, "ADA": 0.17508, "LINK": 8.63, "XLM": 0.187589, "CC": 0.122483, "DAI": 0.999835, "BCH": 220.18, "USD1": 0.99921, "GRAM": 1.5, "USDE": 0.999682, "LTC": 47.09, "USDG": 1.0, "HBAR": 0.073085, "SUI": 0.764212, "USYC": 1.13, "AVAX": 6.62, "PYUSD": 0.999791, "CRO": 0.05788, "BUIDL": 1.0, "XAUT": 4113.77, "SHIB": 4.26e-06, "NEAR": 1.86, "UNI": 3.78, "USDY": 1.14, "ONDO": 0.415511, "TAO": 197.55, "PAXG": 4113.2, "WLFI": 0.056228, "OKB": 82.14, "ASTER": 0.621891, "HTX": 1.85e-06, "RLUSD": 0.999992, "USDD": 0.999426, "M": 1.13, "AAVE": 97.41, "SKY": 0.064233, "USDF": 0.99605, "DOT": 0.836417, "MNT": 0.421066, "WLD": 0.384039, "BFUSD": 0.998747, "MORPHO": 1.92, "ICP": 2.21, "PEPE": 2.88e-06, "BGB": 1.7, "ETC": 6.93, "U": 0.999905, "EUTBL": 1.2, "PI": 0.092125, "USDGO": 0.999992, "BCAP": 106.2, "QNT": 63.59, "KCS": 6.73, "STABLE": 0.03607156, "JTRSY": 1.11, "ENA": 0.090798, "ADI": 6.9, "EURSAFO": 1.15, "POL": 0.07922, "JST": 0.10202, "BEAT": 2.62, "USTB": 11.15, "RENDER": 1.51, "KAS": 0.02812198, "ATOM": 1.47, "PUMP": 0.0019101, "ALGO": 0.084116, "NEXO": 0.750779, "GT": 6.69, "JAAA": 1.042, "GHO": 0.99887, "BDX": 0.081264, "JUP": 0.190771, "FIL": 0.763788, "\u5e01\u5b89\u4eba\u751f": 0.607325, "ARB": 0.089619, "LIT": 2.31, "VVV": 12.19, "FLR": 0.00660616, "XDC": 0.02835776, "YLDS": 0.999929, "USD0": 0.999531, "APT": 0.623935, "HASH": 0.00944446}}