{"timestamp": 1779033125, "base": "USD", "data": {"BTC": 78002, "ETH": 2185.25, "USDT": 0.99952, "BNB": 652.23, "XRP": 1.41, "USDC": 0.99969, "SOL": 86.41, "TRX": 0.35715, "FIGR_HELOC": 1.039, "DOGE": 0.110364, "WBT": 57.52, "USDS": 0.999631, "HYPE": 43.41, "ADA": 0.255056, "LEO": 10.1, "ZEC": 514.29, "BCH": 411.88, "XMR": 394.57, "LINK": 9.7, "CC": 0.153891, "TON": 1.93, "XLM": 0.150936, "USD1": 0.999901, "DAI": 0.99954, "USDE": 0.999865, "LTC": 55.92, "SUI": 1.065, "M": 3.17, "AVAX": 9.29, "HBAR": 0.090857, "RAIN": 0.00751562, "PYUSD": 0.99953, "SHIB": 5.81e-06, "CRO": 0.071002, "USDG": 0.999752, "USYC": 1.12, "XAUT": 4540.26, "BUIDL": 1.0, "TAO": 271.62, "UNI": 3.55, "DOT": 1.27, "PAXG": 4540.11, "MNT": 0.641843, "NEAR": 1.52, "WLFI": 0.060238, "USDY": 1.13, "HTX": 1.97e-06, "USDF": 0.998006, "OKB": 83.45, "ONDO": 0.351187, "ASTER": 0.662483, "PI": 0.159025, "SKY": 0.069611, "PEPE": 3.73e-06, "RLUSD": 0.99998, "USDD": 0.99979, "ICP": 2.61, "ETC": 9.01, "BGB": 2.0, "AAVE": 90.47, "BFUSD": 0.999, "QNT": 77.77, "MORPHO": 1.77, "KCS": 8.09, "USDTB": 0.999396, "JTRSY": 1.1, "ATOM": 2.07, "U": 0.999225, "EUTBL": 1.22, "USTB": 11.08, "POL": 0.092082, "ALGO": 0.108968, "BCAP": 105.87, "ENA": 0.106657, "RENDER": 1.82, "KAS": 0.03424351, "NEXO": 0.877581, "WLD": 0.241729, "FLR": 0.00919116, "STABLE": 0.03459077, "APT": 0.939441, "GT": 7.19, "JST": 0.089241, "FIL": 0.964103, "ARB": 0.119211, "VVV": 14.28, "JUP": 0.198014, "XDC": 0.03144835, "DEXE": 13.36, "PUMP": 0.00174774, "BDX": 0.078783, "GHO": 0.999382, "VET": 0.00677936, "HASH": 0.01091084, "USD0": 0.998129, "OUSG": 115.25, "BONK": 6.2e-06, "PENGU": 0.00853047, "NIGHT": 0.03204867, "YLDS": 0.999804}}