{"timestamp": 1783370847, "base": "USD", "data": {"BTC": 63760, "ETH": 1791.3, "USDT": 0.99935, "BNB": 584.87, "USDC": 0.999935, "XRP": 1.14, "SOL": 81.96, "TRX": 0.328839, "FIGR_HELOC": 1.033, "HYPE": 71.07, "DOGE": 0.076873, "USDS": 0.99978, "RAIN": 0.01505625, "LEO": 9.4, "ZEC": 453.4, "ADA": 0.183187, "XLM": 0.200488, "WBT": 57.41, "XMR": 324.72, "LINK": 8.0, "CC": 0.137825, "LAB": 16.85, "BCH": 245.88, "GRAM": 1.77, "DAI": 0.999824, "USD1": 0.998626, "USDE": 0.998752, "LTC": 44.96, "HBAR": 0.073593, "USDG": 1.0, "USYC": 1.13, "SUI": 0.747172, "AVAX": 6.91, "PYUSD": 1.0, "CRO": 0.059242, "NEAR": 2.06, "SHIB": 4.4e-06, "XAUT": 4152.66, "BUIDL": 1.0, "USDY": 1.14, "TAO": 215.4, "UNI": 3.2, "PAXG": 4156.96, "WLFI": 0.058474, "ASTER": 0.637351, "OKB": 79.83, "ONDO": 0.335859, "HTX": 1.78e-06, "RLUSD": 0.999978, "M": 1.14, "DOT": 0.886165, "USDD": 1.001, "MNT": 0.440698, "AAVE": 95.8, "WLD": 0.410287, "USDF": 0.996648, "BFUSD": 0.99858, "DEXE": 28.16, "SKY": 0.055371, "MORPHO": 1.98, "ICP": 2.23, "PI": 0.113093, "BGB": 1.7, "PEPE": 2.73e-06, "ETC": 7.1, "U": 0.999796, "EUTBL": 1.21, "BCAP": 106.97, "KCS": 7.08, "QNT": 66.51, "USDGO": 0.999807, "JTRSY": 1.11, "USTB": 11.13, "ATOM": 1.6, "RENDER": 1.6, "KAS": 0.03016378, "STABLE": 0.03414418, "POL": 0.075167, "JST": 0.093045, "JUP": 0.238917, "ALGO": 0.088429, "BEAT": 2.54, "NEXO": 0.756583, "ENA": 0.078431, "ADI": 5.87, "USDTB": 1.0, "BDX": 0.09222, "GT": 6.78, "\u5e01\u5b89\u4eba\u751f": 0.719975, "EURSAFO": 1.15, "JAAA": 1.04, "PUMP": 0.00164681, "LIT": 2.55, "FIL": 0.791702, "GHO": 0.998522, "FLR": 0.00687217, "NIGHT": 0.03412598, "XDC": 0.02831363, "VVV": 11.84, "AERO": 0.580061}}