{"timestamp": 1776599526, "base": "USD", "data": {"BTC": 75579, "ETH": 2329.34, "USDT": 1.0, "XRP": 1.43, "BNB": 622.67, "USDC": 0.999912, "SOL": 85.58, "TRX": 0.329761, "FIGR_HELOC": 1.035, "DOGE": 0.094531, "WBT": 54.77, "USDS": 1.0, "HYPE": 43.36, "LEO": 10.16, "ADA": 0.247478, "BCH": 440.2, "LINK": 9.22, "XMR": 353.62, "USDE": 0.999552, "M": 3.22, "XLM": 0.170175, "CC": 0.147174, "ZEC": 331.26, "DAI": 0.999756, "LTC": 55.21, "USD1": 0.999912, "PYUSD": 1.0, "AVAX": 9.24, "HBAR": 0.088146, "SUI": 0.954151, "RAIN": 0.00761563, "SHIB": 6.01e-06, "TON": 1.3, "CRO": 0.0696, "USYC": 1.12, "XAUT": 4779.88, "BUIDL": 1.0, "WLFI": 0.078484, "TAO": 249.17, "PAXG": 4783.56, "USDG": 0.999863, "MNT": 0.657008, "DOT": 1.27, "UNI": 3.31, "USDF": 0.998875, "OKB": 83.98, "SKY": 0.07575, "NEAR": 1.36, "PI": 0.171467, "ASTER": 0.672033, "HTX": 1.81e-06, "PEPE": 3.74e-06, "JTRSY": 1.1, "USDD": 1.0, "RLUSD": 0.99991, "AAVE": 92.42, "ICP": 2.46, "BGB": 1.89, "BFUSD": 0.999793, "USDY": 1.12, "ETC": 8.39, "ONDO": 0.255973, "KCS": 8.54, "GT": 7.15, "MORPHO": 2.02, "PUMP": 0.00184828, "QNT": 73.7, "ENA": 0.121133, "EUTBL": 1.24, "U": 0.999694, "POL": 0.089818, "KAS": 0.0343717, "ALGO": 0.105028, "RENDER": 1.79, "NEXO": 0.893988, "ATOM": 1.77, "USDTB": 0.999878, "WLD": 0.263713, "USTB": 11.05, "ARB": 0.126159, "APT": 0.940105, "BCAP": 82.76, "FIL": 0.925967, "FLR": 0.00816453, "DEXE": 14.97, "TRUMP": 2.85, "HASH": 0.01137169, "JUP": 0.175981, "NIGHT": 0.03723464, "BDX": 0.080129, "VET": 0.00714973, "JST": 0.070755, "OUSG": 114.95, "XDC": 0.03000876, "YLDS": 1.0, "GHO": 0.998845, "STABLE": 0.02554388, "USD0": 0.99821, "BONK": 6.04e-06, "CAKE": 1.54}}