{"timestamp": 1784750853, "base": "USD", "data": {"BTC": 65831, "ETH": 1925.53, "USDT": 0.999382, "BNB": 569.76, "USDC": 0.999892, "XRP": 1.14, "SOL": 77.66, "TRX": 0.328534, "FIGR_HELOC": 1.01, "HYPE": 59.2, "DOGE": 0.072482, "RAIN": 0.01431862, "USDS": 0.999841, "LEO": 9.71, "ZEC": 509.04, "WBT": 57.45, "XMR": 349.03, "ADA": 0.174377, "LINK": 8.63, "XLM": 0.187074, "CC": 0.121977, "DAI": 0.999894, "BCH": 219.21, "USD1": 0.999147, "GRAM": 1.51, "USDE": 0.999541, "LTC": 47.12, "USDG": 0.999883, "HBAR": 0.071697, "SUI": 0.765514, "USYC": 1.13, "AVAX": 6.6, "PYUSD": 0.999821, "CRO": 0.057899, "BUIDL": 1.0, "XAUT": 4123.72, "SHIB": 4.25e-06, "NEAR": 1.86, "UNI": 3.84, "USDY": 1.14, "ONDO": 0.411058, "TAO": 196.42, "PAXG": 4124.25, "WLFI": 0.056047, "OKB": 81.88, "ASTER": 0.623097, "HTX": 1.84e-06, "RLUSD": 1.0, "USDD": 0.999425, "M": 1.15, "AAVE": 97.77, "SKY": 0.062714, "DOT": 0.841414, "USDF": 0.995756, "MNT": 0.420812, "WLD": 0.388668, "BFUSD": 0.998701, "MORPHO": 1.95, "ICP": 2.21, "PEPE": 2.86e-06, "BGB": 1.69, "ETC": 6.94, "U": 0.999883, "EUTBL": 1.2, "USDGO": 1.0, "PI": 0.091611, "BCAP": 106.2, "QNT": 63.61, "KCS": 6.74, "STABLE": 0.03615853, "ENA": 0.09246, "JTRSY": 1.11, "EURSAFO": 1.15, "ADI": 6.84, "POL": 0.078938, "JST": 0.101644, "USTB": 11.15, "RENDER": 1.52, "BEAT": 2.53, "KAS": 0.02822544, "ATOM": 1.46, "PUMP": 0.0018905, "NEXO": 0.750813, "ALGO": 0.083639, "GT": 6.67, "JAAA": 1.042, "GHO": 0.999053, "BDX": 0.082333, "JUP": 0.190559, "FIL": 0.762515, "\u5e01\u5b89\u4eba\u751f": 0.601274, "ARB": 0.090401, "LIT": 2.31, "FLR": 0.00660452, "VVV": 12.07, "XDC": 0.02837784, "YLDS": 0.999934, "USD0": 0.999352, "APT": 0.623557, "HASH": 0.00946339}}