{"timestamp": 1783975868, "base": "USD", "data": {"BTC": 62057, "ETH": 1764.46, "USDT": 0.998986, "BNB": 564.59, "USDC": 0.999833, "XRP": 1.06, "SOL": 74.65, "TRX": 0.325472, "FIGR_HELOC": 1.033, "HYPE": 63.14, "DOGE": 0.071631, "USDS": 0.999678, "RAIN": 0.01436711, "LEO": 9.52, "ZEC": 495.6, "WBT": 54.52, "XLM": 0.180626, "XMR": 323.49, "LINK": 7.86, "ADA": 0.157446, "CC": 0.133065, "BCH": 235.0, "DAI": 0.999778, "USD1": 0.999161, "GRAM": 1.58, "USDE": 0.999662, "LTC": 43.17, "USDG": 1.0, "USYC": 1.13, "SUI": 0.717137, "HBAR": 0.066278, "BUIDL": 1.0, "PYUSD": 0.999681, "AVAX": 6.44, "CRO": 0.05443, "NEAR": 1.9, "XAUT": 3995.43, "SHIB": 4.12e-06, "UNI": 3.49, "USDY": 1.14, "DEXE": 41.2, "TAO": 199.33, "WLFI": 0.057372, "PAXG": 3995.94, "OKB": 80.58, "ASTER": 0.626472, "HTX": 1.82e-06, "M": 1.2, "USDD": 0.998597, "RLUSD": 1.0, "ONDO": 0.31038, "AAVE": 94.06, "USDF": 0.995642, "DOT": 0.834636, "MNT": 0.422203, "WLD": 0.390063, "SKY": 0.058726, "BFUSD": 0.998554, "MORPHO": 2.0, "ICP": 2.16, "BGB": 1.63, "PEPE": 2.69e-06, "ETC": 6.89, "U": 1.0, "EUTBL": 1.2, "BCAP": 106.63, "USDGO": 0.999655, "QNT": 64.45, "KCS": 6.75, "STABLE": 0.03719043, "POL": 0.081905, "ADI": 6.98, "JTRSY": 1.11, "PI": 0.078572, "JST": 0.099927, "EURSAFO": 1.15, "BEAT": 2.61, "ATOM": 1.54, "KAS": 0.02835261, "USTB": 11.14, "RENDER": 1.48, "ENA": 0.078172, "ALGO": 0.083019, "BDX": 0.093802, "NEXO": 0.731061, "USDTB": 1.0, "GT": 6.59, "\u5e01\u5b89\u4eba\u751f": 0.697536, "JUP": 0.207958, "JAAA": 1.041, "FIL": 0.75038, "GHO": 0.997921, "PUMP": 0.00147566, "LIT": 2.35, "ARB": 0.089478, "FLR": 0.00636558, "USD0": 0.998421, "XDC": 0.02702259, "YLDS": 0.999763, "USX": 0.999662}}