{"timestamp": 1782773303, "base": "USD", "data": {"BTC": 60303, "ETH": 1612.99, "USDT": 0.99855, "BNB": 560.12, "USDC": 0.999674, "XRP": 1.059, "SOL": 75.18, "TRX": 0.321372, "FIGR_HELOC": 1.045, "HYPE": 66.71, "DOGE": 0.073505, "RAIN": 0.01593682, "USDS": 0.999542, "LEO": 9.56, "ZEC": 407.54, "XLM": 0.175337, "XMR": 315.25, "WBT": 47.97, "CC": 0.144562, "LINK": 7.42, "ADA": 0.146398, "LAB": 15.06, "USD1": 0.998876, "DAI": 0.999622, "USDE": 0.998165, "GRAM": 1.61, "BCH": 200.99, "LTC": 43.19, "HBAR": 0.071832, "USYC": 1.13, "USDG": 0.999675, "AVAX": 6.69, "SUI": 0.701528, "PYUSD": 1.0, "SHIB": 4.27e-06, "CRO": 0.0544, "XAUT": 4003.28, "NEAR": 1.86, "BUIDL": 1.0, "USDY": 1.14, "TAO": 208.37, "WLFI": 0.05961, "UNI": 2.92, "PAXG": 4004.62, "OKB": 81.05, "ASTER": 0.628742, "RLUSD": 0.999991, "ONDO": 0.316455, "HTX": 1.68e-06, "WLD": 0.421253, "USDF": 0.995114, "MNT": 0.428049, "AAVE": 92.19, "DOT": 0.825953, "USDD": 0.998486, "BFUSD": 0.998301, "PI": 0.118357, "ICP": 2.21, "SKY": 0.052567, "MORPHO": 1.87, "BGB": 1.62, "ETC": 7.13, "DEXE": 23.26, "U": 0.999604, "PEPE": 2.36e-06, "BCAP": 106.97, "QNT": 65.75, "EUTBL": 1.2, "KCS": 6.95, "STABLE": 0.0385114, "USTB": 11.13, "JTRSY": 1.11, "USDGO": 1.0, "KAS": 0.03020349, "RENDER": 1.57, "BEAT": 2.8, "ATOM": 1.53, "M": 0.5883, "ALGO": 0.085977, "POL": 0.070844, "JST": 0.087653, "USDTB": 0.999826, "ENA": 0.078653, "NEXO": 0.727217, "JUP": 0.217265, "GT": 6.63, "\u5e01\u5b89\u4eba\u751f": 0.697302, "BDX": 0.089789, "ADI": 5.5, "JAAA": 1.039, "VELVET": 1.61, "VVV": 13.19, "EURSAFO": 1.15, "GHO": 0.997954, "PUMP": 0.00146533, "FIL": 0.734752, "FLR": 0.00655365, "YLDS": 0.99965, "XDC": 0.02809729, "USD0": 0.998435}}