{"timestamp": 1777987138, "base": "USD", "data": {"BTC": 81554, "ETH": 2393.35, "USDT": 0.999902, "XRP": 1.42, "BNB": 633.23, "USDC": 0.999861, "SOL": 85.88, "TRX": 0.338558, "FIGR_HELOC": 1.029, "DOGE": 0.112353, "WBT": 60.52, "USDS": 0.999989, "HYPE": 43.85, "ADA": 0.259163, "LEO": 10.34, "BCH": 460.82, "XMR": 413.16, "ZEC": 430.97, "LINK": 9.76, "CC": 0.150296, "XLM": 0.160753, "TON": 1.84, "USD1": 1.0, "M": 3.42, "DAI": 0.999414, "LTC": 55.81, "AVAX": 9.45, "HBAR": 0.090758, "SUI": 0.980413, "USDE": 0.999347, "SHIB": 6.3e-06, "RAIN": 0.0075014, "PYUSD": 1.0, "CRO": 0.069657, "USYC": 1.12, "TAO": 287.58, "XAUT": 4570.99, "USDG": 0.999898, "BUIDL": 1.0, "PAXG": 4570.98, "DOT": 1.28, "UNI": 3.38, "MNT": 0.645013, "WLFI": 0.064529, "SKY": 0.082189, "PI": 0.179339, "OKB": 86.04, "USDF": 0.99809, "ASTER": 0.679754, "HTX": 1.92e-06, "PEPE": 4.1e-06, "NEAR": 1.29, "ONDO": 0.320093, "RLUSD": 1.0, "USDD": 1.0, "BGB": 2.07, "AAVE": 93.96, "ICP": 2.55, "ETC": 8.95, "MORPHO": 2.29, "USDY": 1.13, "BFUSD": 0.9993, "JTRSY": 1.1, "KCS": 8.56, "ALGO": 0.120124, "POL": 0.09865, "U": 1.001, "USTB": 11.07, "QNT": 68.06, "EUTBL": 1.23, "ENA": 0.108514, "RENDER": 1.87, "ATOM": 1.9, "BCAP": 105.77, "KAS": 0.0342559, "NEXO": 0.904476, "GT": 7.3, "WLD": 0.244808, "APT": 0.990794, "STABLE": 0.03403486, "FIL": 0.957105, "ARB": 0.119623, "PENGU": 0.0115644, "JST": 0.084736, "PUMP": 0.00185017, "FLR": 0.00763065, "VET": 0.00734141, "JUP": 0.18966, "SKYAI": 0.636236, "BDX": 0.080059, "OUSG": 115.13, "XDC": 0.02942059, "GHO": 0.999858, "USDTB": 0.999969, "DASH": 45.35, "BONK": 6.53e-06, "LUNC": 0.00010122, "USD0": 0.998463, "HASH": 0.01047764, "TRUMP": 2.37}}