{"timestamp": 1780697416, "base": "USD", "data": {"BTC": 61350, "ETH": 1596.48, "USDT": 0.99964, "BNB": 573.61, "USDC": 0.999516, "XRP": 1.1, "SOL": 64.27, "TRX": 0.32172, "FIGR_HELOC": 1.02, "HYPE": 59.6, "DOGE": 0.082388, "USDS": 0.999968, "LEO": 9.67, "RAIN": 0.01322978, "XLM": 0.202413, "ZEC": 368.62, "XMR": 316.78, "ADA": 0.160026, "CC": 0.148462, "LINK": 7.44, "WBT": 44.11, "USD1": 0.999182, "USDE": 0.999626, "BCH": 217.76, "DAI": 0.99991, "TON": 1.51, "M": 2.91, "HBAR": 0.080615, "LTC": 43.62, "LAB": 9.91, "AVAX": 6.88, "SUI": 0.707905, "PYUSD": 0.999857, "USYC": 1.13, "SHIB": 4.58e-06, "XAUT": 4312.41, "CRO": 0.057906, "NEAR": 1.98, "USDG": 1.0, "BUIDL": 1.0, "USDY": 1.13, "PAXG": 4333.63, "TAO": 195.86, "WLFI": 0.057044, "WLD": 0.527954, "MNT": 0.518278, "RLUSD": 0.999779, "ONDO": 0.340154, "DOT": 0.952262, "ASTER": 0.615434, "HTX": 1.74e-06, "UNI": 2.48, "OKB": 70.44, "USDF": 0.996072, "USDD": 0.999783, "SKY": 0.058922, "PI": 0.124206, "BFUSD": 0.999136, "ICP": 2.32, "BGB": 1.82, "PEPE": 2.72e-06, "MORPHO": 1.68, "H": 0.590118, "ETC": 6.86, "USDTB": 0.999882, "U": 1.0, "QNT": 67.4, "EUTBL": 1.21, "BCAP": 107.06, "USTB": 11.1, "AAVE": 62.66, "DEXE": 20.02, "RENDER": 1.69, "KAS": 0.03156303, "JTRSY": 1.11, "ENA": 0.091596, "ATOM": 1.66, "KCS": 6.29, "ALGO": 0.094096, "POL": 0.075877, "VVV": 17.19, "STABLE": 0.03217897, "NEXO": 0.746572, "\u5e01\u5b89\u4eba\u751f": 0.689342, "JST": 0.080562, "GT": 6.2, "BDX": 0.078815, "XDC": 0.02925584, "GHO": 0.999127, "FIL": 0.73673, "FLR": 0.00672924, "USD0": 0.998608, "APT": 0.672048, "YLDS": 0.999673, "SIREN": 0.739947, "JUP": 0.159894, "NIGHT": 0.03127745, "BEAT": 1.79, "INJ": 5.16, "A7A5": 0.01309859}}