{"timestamp": 1779891698, "base": "USD", "data": {"BTC": 74984, "ETH": 2062.46, "USDT": 0.998328, "BNB": 652.49, "XRP": 1.32, "USDC": 0.999676, "SOL": 83.74, "TRX": 0.370625, "FIGR_HELOC": 1.025, "DOGE": 0.101157, "HYPE": 60.07, "USDS": 0.99938, "ZEC": 571.44, "LEO": 10.03, "ADA": 0.238781, "RAIN": 0.013078, "XMR": 396.39, "BCH": 339.81, "LINK": 9.32, "WBT": 55.1, "CC": 0.157242, "XLM": 0.154504, "TON": 1.88, "USD1": 0.997635, "USDE": 0.998651, "DAI": 0.998887, "M": 3.09, "LTC": 52.18, "SUI": 0.9941, "AVAX": 9.12, "HBAR": 0.085771, "PYUSD": 0.999702, "NEAR": 2.52, "SHIB": 5.48e-06, "CRO": 0.067016, "USYC": 1.12, "USDG": 0.999783, "TAO": 275.1, "XAUT": 4439.95, "BUIDL": 1.0, "USDY": 1.13, "DOT": 1.25, "MNT": 0.633423, "PAXG": 4446.37, "UNI": 3.26, "ONDO": 0.396729, "WLFI": 0.058888, "OKB": 88.93, "HTX": 1.98e-06, "RLUSD": 1.0, "ASTER": 0.685471, "USDF": 0.995235, "ICP": 2.93, "SKY": 0.068426, "PI": 0.142453, "PEPE": 3.51e-06, "USDD": 0.998692, "BGB": 2.02, "MORPHO": 2.22, "ETC": 8.57, "BFUSD": 0.998222, "AAVE": 85.02, "WLD": 0.361644, "RENDER": 2.22, "ATOM": 2.18, "USDTB": 0.999461, "QNT": 74.67, "KCS": 7.99, "EUTBL": 1.23, "U": 0.999705, "BCAP": 107.16, "POL": 0.090373, "ALGO": 0.107332, "JTRSY": 1.1, "STABLE": 0.03852068, "KAS": 0.03233738, "USTB": 11.09, "ENA": 0.095848, "NEXO": 0.837604, "FIL": 1.061, "VVV": 17.78, "JST": 0.095193, "APT": 0.959503, "DEXE": 16.67, "GT": 6.9, "FLR": 0.00808385, "ARB": 0.108074, "JUP": 0.191585, "PUMP": 0.00179789, "XDC": 0.03121176, "BDX": 0.078047, "GHO": 0.998605, "NIGHT": 0.0343268, "HASH": 0.01045692, "INJ": 5.59, "USD0": 0.998539, "DASH": 43.43, "FET": 0.240941, "UB": 0.218279, "OUSG": 115.37}}