{"timestamp": 1783375624, "base": "USD", "data": {"BTC": 64312, "ETH": 1812.68, "USDT": 0.999309, "BNB": 588.61, "USDC": 0.999944, "XRP": 1.15, "SOL": 82.67, "TRX": 0.329415, "FIGR_HELOC": 1.035, "HYPE": 71.5, "DOGE": 0.07737, "USDS": 0.999698, "RAIN": 0.01511649, "LEO": 9.39, "ZEC": 456.15, "ADA": 0.185448, "XLM": 0.202563, "WBT": 57.8, "XMR": 324.47, "LINK": 8.08, "CC": 0.138424, "BCH": 246.9, "LAB": 15.62, "GRAM": 1.8, "DAI": 0.999626, "USD1": 0.998992, "USDE": 0.998731, "LTC": 45.34, "HBAR": 0.073978, "USDG": 0.999889, "USYC": 1.13, "SUI": 0.75764, "AVAX": 7.01, "PYUSD": 1.0, "CRO": 0.059416, "NEAR": 2.08, "SHIB": 4.43e-06, "XAUT": 4153.8, "BUIDL": 1.0, "USDY": 1.12, "TAO": 218.27, "UNI": 3.22, "WLFI": 0.059296, "PAXG": 4158.47, "ASTER": 0.640045, "OKB": 80.06, "ONDO": 0.338754, "HTX": 1.78e-06, "M": 1.22, "RLUSD": 1.0, "DOT": 0.895385, "USDD": 1.002, "MNT": 0.443622, "WLD": 0.416314, "AAVE": 95.44, "USDF": 0.996024, "BFUSD": 0.998699, "SKY": 0.056351, "DEXE": 27.69, "MORPHO": 1.97, "ICP": 2.24, "PI": 0.113879, "BGB": 1.72, "PEPE": 2.77e-06, "ETC": 7.17, "U": 0.999703, "EUTBL": 1.21, "KCS": 7.16, "QNT": 66.88, "BCAP": 106.63, "USTB": 11.13, "USDGO": 0.999901, "JTRSY": 1.11, "RENDER": 1.63, "ATOM": 1.62, "KAS": 0.03030924, "STABLE": 0.03409123, "POL": 0.075225, "ALGO": 0.089388, "JUP": 0.239663, "JST": 0.092841, "BEAT": 2.53, "NEXO": 0.762854, "ENA": 0.07956, "ADI": 5.87, "BDX": 0.092439, "USDTB": 1.0, "\u5e01\u5b89\u4eba\u751f": 0.723878, "GT": 6.77, "EURSAFO": 1.15, "JAAA": 1.04, "PUMP": 0.00167621, "LIT": 2.61, "FIL": 0.800146, "GHO": 0.998449, "FLR": 0.0068941, "NIGHT": 0.03486027, "XDC": 0.02830458, "AERO": 0.585516, "USD0": 0.998518}}