{"timestamp": 1782387167, "base": "USD", "data": {"BTC": 61190, "ETH": 1629.44, "USDT": 0.998675, "BNB": 561.84, "USDC": 0.999793, "XRP": 1.069, "SOL": 68.05, "TRX": 0.328495, "FIGR_HELOC": 1.027, "HYPE": 62.63, "DOGE": 0.075797, "USDS": 0.999773, "RAIN": 0.01579763, "LEO": 9.46, "ZEC": 412.44, "XLM": 0.182012, "CC": 0.152063, "WBT": 49.79, "XMR": 311.27, "LINK": 7.43, "ADA": 0.147398, "LAB": 17.12, "USD1": 0.999418, "DAI": 0.999556, "USDE": 0.998197, "GRAM": 1.57, "BCH": 193.38, "LTC": 41.32, "HBAR": 0.073219, "USYC": 1.13, "USDG": 0.999681, "SUI": 0.690438, "AVAX": 6.41, "PYUSD": 0.999811, "CRO": 0.05589, "SHIB": 4.36e-06, "NEAR": 1.94, "XAUT": 3974.9, "BUIDL": 1.0, "USDY": 1.14, "TAO": 217.63, "WLFI": 0.060764, "UNI": 2.92, "PAXG": 3975.28, "WLD": 0.509633, "MNT": 0.503007, "ASTER": 0.617878, "RLUSD": 0.999887, "OKB": 76.05, "HTX": 1.71e-06, "ONDO": 0.312781, "DOT": 0.876281, "USDF": 0.993729, "USDD": 0.998369, "PI": 0.126071, "BFUSD": 0.998349, "SKY": 0.053277, "ICP": 2.23, "AAVE": 81.29, "BGB": 1.66, "MORPHO": 1.77, "ETC": 7.06, "DEXE": 23.05, "M": 0.801699, "PEPE": 2.49e-06, "U": 0.999697, "QNT": 67.42, "BCAP": 107.03, "KCS": 6.94, "EUTBL": 1.19, "USDTB": 0.999771, "USTB": 11.12, "STABLE": 0.03723051, "JTRSY": 1.11, "ATOM": 1.63, "RENDER": 1.55, "ALGO": 0.088599, "ENA": 0.084346, "POL": 0.072691, "KAS": 0.02782596, "JUP": 0.228607, "NEXO": 0.747553, "\u5e01\u5b89\u4eba\u751f": 0.712395, "JST": 0.081075, "GT": 6.48, "JAAA": 1.039, "BDX": 0.086409, "VVV": 13.03, "FLR": 0.00697698, "GHO": 0.998391, "FIL": 0.752526, "EURSAFO": 1.14, "XDC": 0.02874347, "YLDS": 0.999831, "ADI": 4.43, "USD0": 0.998878, "NIGHT": 0.03234243, "BEAT": 1.84, "APT": 0.625921, "USX": 0.99948}}