{"timestamp": 1781201264, "base": "USD", "data": {"BTC": 63343, "ETH": 1677.27, "USDT": 0.998772, "BNB": 603.85, "USDC": 0.999574, "XRP": 1.13, "SOL": 66.87, "TRX": 0.314897, "FIGR_HELOC": 1.034, "DOGE": 0.086463, "HYPE": 58.15, "USDS": 0.999663, "LEO": 9.52, "RAIN": 0.01338595, "ZEC": 432.47, "XMR": 365.69, "XLM": 0.190491, "ADA": 0.169897, "CC": 0.16245, "WBT": 52.06, "LINK": 7.9, "USDE": 0.999154, "TON": 1.66, "USD1": 0.998637, "DAI": 0.999711, "BCH": 203.92, "M": 2.91, "HBAR": 0.078926, "LTC": 42.66, "SUI": 0.763483, "USYC": 1.13, "AVAX": 6.64, "SHIB": 4.86e-06, "PYUSD": 1.0, "BEAT": 9.5, "LAB": 8.69, "CRO": 0.060705, "NEAR": 2.05, "USDG": 0.999804, "XAUT": 4122.73, "BUIDL": 1.0, "USDY": 1.13, "TAO": 210.95, "PAXG": 4136.1, "WLFI": 0.059486, "MNT": 0.539849, "ONDO": 0.356366, "WLD": 0.49929, "ASTER": 0.633436, "RLUSD": 1.0, "DOT": 0.965421, "UNI": 2.54, "HTX": 1.68e-06, "OKB": 72.26, "USDF": 0.994487, "PI": 0.126406, "SKY": 0.057852, "USDD": 0.998312, "BFUSD": 0.99844, "ICP": 2.28, "MORPHO": 1.92, "BGB": 1.77, "PEPE": 2.82e-06, "ETC": 7.31, "ATOM": 2.0, "USDTB": 0.999749, "U": 0.999413, "AAVE": 64.4, "EUTBL": 1.22, "BCAP": 106.96, "DEXE": 20.72, "QNT": 66.05, "USTB": 11.11, "KCS": 6.75, "JTRSY": 1.11, "KAS": 0.03099513, "RENDER": 1.59, "NEXO": 0.813729, "ALGO": 0.088891, "STABLE": 0.03359807, "POL": 0.073316, "ENA": 0.077366, "\u5e01\u5b89\u4eba\u751f": 0.69098, "GT": 6.45, "JAAA": 1.038, "VVV": 14.2, "JST": 0.074405, "FLR": 0.00740621, "XDC": 0.03093441, "BDX": 0.078636, "FIL": 0.768043, "GHO": 0.998876, "HASH": 0.0105924, "NIGHT": 0.03342123, "USD0": 0.998572, "YLDS": 0.99993, "APT": 0.651001, "JUP": 0.159188, "INJ": 5.24, "A7A5": 0.01338934}}