{"timestamp": 1782210558, "base": "USD", "data": {"BTC": 62295, "ETH": 1652.89, "USDT": 0.998799, "BNB": 571.87, "USDC": 0.999708, "XRP": 1.1, "SOL": 68.85, "TRX": 0.329299, "FIGR_HELOC": 1.035, "HYPE": 62.63, "DOGE": 0.079086, "USDS": 0.999687, "RAIN": 0.01582555, "LEO": 9.57, "ZEC": 422.01, "XLM": 0.191983, "WBT": 50.76, "XMR": 312.02, "CC": 0.150357, "ADA": 0.152669, "LINK": 7.54, "LAB": 16.35, "USD1": 0.999253, "DAI": 0.999593, "USDE": 0.998704, "GRAM": 1.54, "BCH": 190.09, "M": 2.84, "HBAR": 0.077229, "LTC": 43.42, "USYC": 1.13, "USDG": 0.999797, "SUI": 0.69185, "PYUSD": 0.999672, "AVAX": 6.2, "SHIB": 4.51e-06, "CRO": 0.056355, "NEAR": 1.99, "XAUT": 4113.29, "BUIDL": 1.0, "USDY": 1.14, "TAO": 219.36, "WLD": 0.560118, "PAXG": 4122.18, "WLFI": 0.057462, "UNI": 2.85, "MNT": 0.513887, "ASTER": 0.617904, "OKB": 77.74, "RLUSD": 1.0, "HTX": 1.73e-06, "ONDO": 0.313359, "DOT": 0.896155, "USDF": 0.995828, "PI": 0.129067, "USDD": 0.998315, "SKY": 0.056756, "BFUSD": 0.99866, "BGB": 1.73, "ICP": 2.16, "PEPE": 2.7e-06, "MORPHO": 1.7, "ETC": 7.03, "AAVE": 72.03, "DEXE": 22.84, "U": 0.999803, "USTB": 11.12, "QNT": 67.59, "BCAP": 107.03, "EUTBL": 1.2, "KCS": 6.89, "USDTB": 0.999382, "ATOM": 1.76, "JTRSY": 1.11, "STABLE": 0.03438929, "POL": 0.076645, "RENDER": 1.56, "KAS": 0.02950405, "ALGO": 0.090179, "ENA": 0.084963, "NEXO": 0.759504, "JAAA": 1.039, "\u5e01\u5b89\u4eba\u751f": 0.708432, "GT": 6.59, "JST": 0.081509, "JUP": 0.200876, "VVV": 13.91, "BDX": 0.081811, "FLR": 0.0070612, "GHO": 0.998059, "FIL": 0.752268, "EURSAFO": 1.15, "XDC": 0.02907162, "HASH": 0.01045483, "USD0": 0.998865, "ADI": 4.39, "YLDS": 0.999699, "NIGHT": 0.03244326, "APT": 0.628287, "USX": 0.999146}}