{"timestamp": 1781676156, "base": "USD", "data": {"BTC": 65761, "ETH": 1791.56, "USDT": 0.999023, "BNB": 607.2, "XRP": 1.22, "USDC": 0.999771, "SOL": 73.56, "TRX": 0.317808, "FIGR_HELOC": 1.035, "HYPE": 74.23, "DOGE": 0.087312, "USDS": 0.999609, "LEO": 9.69, "RAIN": 0.01412685, "ZEC": 513.21, "XLM": 0.224386, "XMR": 352.31, "ADA": 0.172477, "WBT": 54.0, "CC": 0.160965, "LINK": 8.32, "USD1": 0.999934, "USDE": 0.999242, "GRAM": 1.65, "BCH": 214.5, "LAB": 13.75, "DAI": 0.999776, "M": 3.16, "LTC": 45.57, "HBAR": 0.080935, "SUI": 0.804432, "USYC": 1.13, "NEAR": 2.33, "AVAX": 6.93, "SHIB": 4.99e-06, "PYUSD": 0.999885, "USDG": 1.0, "CRO": 0.060078, "XAUT": 4305.72, "TAO": 257.77, "BUIDL": 1.0, "WLD": 0.692358, "UNI": 3.5, "USDY": 1.13, "PAXG": 4315.33, "WLFI": 0.060501, "MNT": 0.56685, "ONDO": 0.376006, "ASTER": 0.669816, "DOT": 1.024, "RLUSD": 1.0, "OKB": 75.89, "HTX": 1.69e-06, "USDF": 0.995919, "PI": 0.134777, "USDD": 0.999025, "ICP": 2.42, "SKY": 0.057096, "BFUSD": 0.998565, "BGB": 1.83, "MORPHO": 1.94, "PEPE": 2.98e-06, "ETC": 7.42, "AAVE": 76.19, "QNT": 71.72, "ATOM": 1.99, "USTB": 11.12, "U": 0.999606, "KCS": 7.26, "BCAP": 107.07, "EUTBL": 1.22, "USDTB": 0.999235, "RENDER": 1.75, "KAS": 0.03258137, "JTRSY": 1.11, "ALGO": 0.095678, "DEXE": 17.5, "POL": 0.076687, "NEXO": 0.817608, "STABLE": 0.03450703, "ENA": 0.086472, "VVV": 16.79, "GT": 6.84, "JST": 0.082137, "JAAA": 1.038, "\u5e01\u5b89\u4eba\u751f": 0.667905, "FLR": 0.00776093, "JUP": 0.19833, "FIL": 0.814556, "BEAT": 2.19, "BDX": 0.07982, "XDC": 0.03009907, "GHO": 0.99874, "INJ": 5.6, "APT": 0.669507, "YLDS": 0.999973, "USD0": 0.998833, "ARB": 0.087929, "EURSAFO": 1.17, "NIGHT": 0.03273687}}