{"timestamp": 1782583603, "base": "USD", "data": {"BTC": 60383, "ETH": 1588.02, "USDT": 0.998514, "BNB": 562.29, "USDC": 1.0, "XRP": 1.058, "SOL": 71.91, "TRX": 0.320484, "FIGR_HELOC": 1.029, "HYPE": 63.0, "DOGE": 0.075363, "USDS": 0.999483, "RAIN": 0.01560873, "LEO": 9.4, "ZEC": 404.77, "XLM": 0.174497, "CC": 0.15153, "XMR": 313.61, "WBT": 48.34, "LINK": 7.36, "ADA": 0.146463, "LAB": 15.63, "USD1": 0.999346, "DAI": 0.999631, "USDE": 0.998013, "GRAM": 1.56, "BCH": 197.69, "LTC": 42.75, "HBAR": 0.072486, "USYC": 1.13, "USDG": 0.999679, "SUI": 0.702538, "AVAX": 6.52, "PYUSD": 0.999727, "CRO": 0.055124, "SHIB": 4.26e-06, "XAUT": 4065.12, "NEAR": 1.9, "BUIDL": 1.0, "USDY": 1.14, "TAO": 210.63, "WLFI": 0.058578, "UNI": 2.99, "PAXG": 4070.67, "OKB": 80.15, "ASTER": 0.629045, "WLD": 0.460548, "RLUSD": 1.0, "ONDO": 0.314472, "HTX": 1.66e-06, "MNT": 0.443773, "AAVE": 94.54, "USDF": 0.994379, "PI": 0.131614, "DOT": 0.83246, "USDD": 0.998528, "BFUSD": 0.998342, "ICP": 2.17, "SKY": 0.04934772, "MORPHO": 1.77, "BGB": 1.64, "ETC": 7.18, "DEXE": 21.87, "U": 0.999597, "PEPE": 2.41e-06, "BCAP": 107.03, "M": 0.726053, "QNT": 65.69, "EUTBL": 1.2, "KCS": 6.89, "STABLE": 0.03808146, "JTRSY": 1.11, "USDGO": 0.999725, "ATOM": 1.59, "RENDER": 1.58, "KAS": 0.02827194, "USTB": 11.13, "ALGO": 0.085364, "JUP": 0.228757, "POL": 0.071119, "USDTB": 0.999715, "JST": 0.085467, "NEXO": 0.727533, "ENA": 0.07761, "\u5e01\u5b89\u4eba\u751f": 0.710904, "GT": 6.61, "BEAT": 2.39, "JAAA": 1.039, "BDX": 0.083827, "VVV": 13.77, "ADI": 4.92, "EURSAFO": 1.15, "GHO": 0.997824, "FIL": 0.739245, "FLR": 0.00672458, "VELVET": 1.33, "YLDS": 0.999938, "XDC": 0.02815097, "PUMP": 0.00138017, "USD0": 0.998616}}