{"timestamp": 1780557482, "base": "USD", "data": {"BTC": 63668, "ETH": 1779.82, "USDT": 0.999011, "BNB": 601.82, "USDC": 0.999537, "XRP": 1.18, "SOL": 69.89, "TRX": 0.331806, "FIGR_HELOC": 1.001, "HYPE": 69.3, "DOGE": 0.089375, "USDS": 0.99962, "ZEC": 581.64, "LEO": 9.93, "RAIN": 0.01399935, "ADA": 0.196332, "XLM": 0.20976, "XMR": 356.92, "CC": 0.153352, "LINK": 8.12, "LAB": 17.6, "WBT": 46.22, "BCH": 243.54, "TON": 1.76, "USD1": 0.998643, "USDE": 0.998945, "M": 3.35, "DAI": 0.999805, "HBAR": 0.086237, "LTC": 46.39, "AVAX": 7.86, "SUI": 0.793931, "NEAR": 2.43, "SHIB": 5.03e-06, "PYUSD": 1.0, "USYC": 1.13, "CRO": 0.061025, "XAUT": 4437.97, "USDG": 0.999853, "BUIDL": 1.0, "USDY": 1.13, "TAO": 218.45, "PAXG": 4454.96, "MNT": 0.582837, "WLFI": 0.060085, "ONDO": 0.383888, "DOT": 1.055, "RLUSD": 0.999682, "WLD": 0.519031, "ASTER": 0.661072, "UNI": 2.69, "OKB": 76.61, "HTX": 1.77e-06, "USDF": 0.994618, "SKY": 0.066427, "ICP": 2.76, "USDD": 1.002, "PI": 0.130271, "BGB": 1.89, "BFUSD": 0.9983, "PEPE": 3.02e-06, "MORPHO": 1.83, "ETC": 7.46, "H": 0.602628, "AAVE": 71.77, "RENDER": 1.97, "QNT": 69.99, "USDTB": 0.999434, "EUTBL": 1.22, "POL": 0.091937, "BCAP": 107.16, "U": 0.999601, "USTB": 11.1, "ENA": 0.103774, "ALGO": 0.104383, "ATOM": 1.8, "KCS": 6.74, "STABLE": 0.0373619, "DEXE": 18.52, "JTRSY": 1.11, "VVV": 18.48, "KAS": 0.02951043, "NEXO": 0.777767, "GT": 6.59, "FIL": 0.863132, "JST": 0.077187, "\u5e01\u5b89\u4eba\u751f": 0.657728, "NIGHT": 0.03835299, "APT": 0.773197, "INJ": 6.23, "PUMP": 0.00174706, "FLR": 0.00707749, "BDX": 0.078621, "XDC": 0.0303905, "JUP": 0.178347, "GHO": 0.99919, "ARB": 0.08997, "USD0": 0.998543, "YLDS": 0.999734, "FET": 0.240281}}