{"timestamp": 1778740884, "base": "USD", "data": {"BTC": 79795, "ETH": 2267.79, "USDT": 0.999538, "BNB": 669.8, "XRP": 1.43, "USDC": 0.99978, "SOL": 91.16, "TRX": 0.351068, "FIGR_HELOC": 1.034, "DOGE": 0.114309, "WBT": 58.64, "USDS": 0.999738, "ADA": 0.265441, "HYPE": 39.1, "LEO": 10.07, "ZEC": 527.24, "BCH": 434.21, "LINK": 10.28, "XMR": 393.57, "CC": 0.157647, "TON": 2.13, "XLM": 0.159154, "SUI": 1.2, "USD1": 0.999254, "LTC": 57.11, "DAI": 0.999609, "M": 3.34, "AVAX": 9.75, "HBAR": 0.09306, "USDE": 1.0, "SHIB": 6.29e-06, "RAIN": 0.0075009, "PYUSD": 0.999743, "USDG": 0.999565, "CRO": 0.07344, "USYC": 1.12, "TAO": 294.95, "XAUT": 4683.47, "BUIDL": 1.0, "UNI": 3.61, "DOT": 1.33, "MNT": 0.675527, "PAXG": 4683.44, "WLFI": 0.068841, "NEAR": 1.58, "USDY": 1.13, "ONDO": 0.385737, "PI": 0.170423, "USDF": 0.998613, "OKB": 84.68, "HTX": 1.96e-06, "ASTER": 0.670853, "PEPE": 4.05e-06, "SKY": 0.072567, "ICP": 2.98, "RLUSD": 0.999915, "USDD": 0.999583, "AAVE": 96.79, "ETC": 9.27, "BGB": 2.07, "BFUSD": 0.9988, "MORPHO": 1.97, "KCS": 8.34, "JTRSY": 1.1, "QNT": 74.89, "ENA": 0.117233, "ALGO": 0.117626, "ATOM": 2.02, "U": 0.999643, "USTB": 11.08, "KAS": 0.03701389, "POL": 0.094898, "EUTBL": 1.23, "RENDER": 1.87, "BCAP": 105.87, "NEXO": 0.902154, "STABLE": 0.03883613, "WLD": 0.257908, "APT": 1.036, "USDTB": 0.99925, "FIL": 1.04, "ARB": 0.130455, "GT": 7.28, "JST": 0.090489, "FLR": 0.00864898, "JUP": 0.221687, "PUMP": 0.00184976, "XDC": 0.03180615, "VET": 0.00728363, "VVV": 13.41, "BDX": 0.079213, "BONK": 6.82e-06, "OUSG": 115.23, "GHO": 0.999423, "DEXE": 12.34, "PENGU": 0.00899622, "TRUMP": 2.35, "DASH": 43.92, "USD0": 0.997994, "HASH": 0.01046787}}