{"timestamp": 1783059769, "base": "USD", "data": {"BTC": 61642, "ETH": 1714.83, "USDT": 0.998819, "BNB": 562.19, "USDC": 0.999847, "XRP": 1.1, "SOL": 81.04, "TRX": 0.318079, "FIGR_HELOC": 1.039, "HYPE": 67.39, "DOGE": 0.075115, "RAIN": 0.01558042, "USDS": 0.999663, "LEO": 9.11, "ZEC": 436.41, "XLM": 0.199477, "WBT": 55.84, "ADA": 0.165292, "XMR": 317.96, "LINK": 7.78, "CC": 0.139554, "DAI": 0.999712, "USD1": 0.998566, "BCH": 223.06, "GRAM": 1.65, "USDE": 0.998503, "LTC": 43.26, "HBAR": 0.071591, "USYC": 1.13, "USDG": 0.999771, "SUI": 0.74016, "AVAX": 6.86, "LAB": 9.42, "PYUSD": 0.999851, "CRO": 0.056781, "NEAR": 1.96, "XAUT": 4149.64, "SHIB": 4.27e-06, "M": 1.76, "BUIDL": 1.0, "USDY": 1.14, "TAO": 214.46, "UNI": 3.21, "PAXG": 4153.72, "WLFI": 0.057532, "ASTER": 0.637636, "OKB": 80.66, "RLUSD": 1.0, "ONDO": 0.330587, "HTX": 1.65e-06, "WLD": 0.419776, "MNT": 0.440007, "DOT": 0.853199, "USDF": 0.995988, "USDD": 0.998629, "SKY": 0.058213, "BFUSD": 0.998191, "AAVE": 86.26, "MORPHO": 2.01, "PI": 0.117507, "ICP": 2.21, "BGB": 1.7, "ETC": 7.1, "DEXE": 22.71, "PEPE": 2.47e-06, "U": 0.999601, "KCS": 7.14, "QNT": 67.4, "EUTBL": 1.21, "BCAP": 106.97, "BEAT": 3.02, "USDGO": 0.999885, "JTRSY": 1.11, "KAS": 0.03092175, "USTB": 11.13, "STABLE": 0.03477656, "RENDER": 1.6, "ATOM": 1.57, "JUP": 0.24251, "ALGO": 0.087446, "POL": 0.073306, "NEXO": 0.773495, "JST": 0.088552, "USDTB": 1.0, "ADI": 5.74, "ENA": 0.077383, "GT": 6.62, "BDX": 0.087775, "\u5e01\u5b89\u4eba\u751f": 0.684498, "JAAA": 1.04, "EURSAFO": 1.15, "VVV": 13.99, "PUMP": 0.00158627, "FIL": 0.780189, "GHO": 0.99797, "FLR": 0.00667792, "XDC": 0.02836764, "USD0": 0.998536, "YLDS": 0.999738, "NIGHT": 0.03191392}}