{"timestamp": 1781550136, "base": "USD", "data": {"BTC": 66735, "ETH": 1826.66, "USDT": 0.999467, "BNB": 621.8, "XRP": 1.28, "USDC": 0.999769, "SOL": 75.27, "TRX": 0.319692, "FIGR_HELOC": 1.033, "HYPE": 67.96, "DOGE": 0.089321, "USDS": 0.999734, "LEO": 9.8, "ZEC": 527.75, "RAIN": 0.01358996, "XLM": 0.220404, "ADA": 0.187428, "XMR": 354.62, "CC": 0.167029, "WBT": 54.87, "LINK": 8.46, "GRAM": 1.78, "USDE": 0.999515, "BCH": 223.52, "USD1": 1.0, "DAI": 0.999649, "M": 2.92, "HBAR": 0.083161, "LTC": 45.8, "SUI": 0.80861, "NEAR": 2.5, "USYC": 1.13, "LAB": 9.72, "AVAX": 6.98, "SHIB": 5.11e-06, "CRO": 0.062789, "PYUSD": 0.999983, "USDG": 0.999872, "XAUT": 4304.88, "TAO": 274.55, "BUIDL": 1.0, "USDY": 1.13, "WLD": 0.5852, "PAXG": 4315.26, "WLFI": 0.060728, "MNT": 0.581319, "ONDO": 0.38163, "ASTER": 0.651596, "DOT": 1.031, "UNI": 2.7, "RLUSD": 1.0, "OKB": 76.25, "HTX": 1.71e-06, "USDF": 0.995559, "PI": 0.134655, "ICP": 2.47, "USDD": 0.999553, "SKY": 0.058118, "BFUSD": 0.999135, "BGB": 1.83, "PEPE": 3.04e-06, "MORPHO": 1.96, "BEAT": 4.18, "ETC": 7.49, "AAVE": 75.4, "QNT": 71.03, "ATOM": 1.97, "U": 0.999893, "USTB": 11.11, "KCS": 7.23, "BCAP": 106.96, "EUTBL": 1.22, "RENDER": 1.81, "USDTB": 0.999776, "KAS": 0.03305789, "DEXE": 19.0, "JTRSY": 1.11, "ALGO": 0.096387, "POL": 0.078679, "STABLE": 0.03518958, "NEXO": 0.827413, "ENA": 0.087373, "VVV": 16.35, "GT": 7.01, "FLR": 0.0081815, "JAAA": 1.038, "JST": 0.078393, "\u5e01\u5b89\u4eba\u751f": 0.667735, "JUP": 0.197519, "FIL": 0.812835, "BDX": 0.082816, "XDC": 0.03107504, "GHO": 0.999003, "APT": 0.695038, "INJ": 5.67, "NIGHT": 0.03380724, "PUMP": 0.00161192, "YLDS": 0.999707, "ARB": 0.088314, "USD0": 0.99903}}