{"timestamp": 1783907851, "base": "USD", "data": {"BTC": 63541, "ETH": 1809.9, "USDT": 0.999292, "BNB": 574.69, "USDC": 0.999727, "XRP": 1.084, "SOL": 76.64, "TRX": 0.331504, "FIGR_HELOC": 1.041, "HYPE": 67.08, "DOGE": 0.072849, "USDS": 0.999749, "RAIN": 0.01446122, "ZEC": 528.68, "LEO": 9.54, "WBT": 55.8, "XLM": 0.185259, "XMR": 324.11, "ADA": 0.161187, "LINK": 8.02, "CC": 0.132741, "BCH": 241.39, "DAI": 0.99978, "USD1": 0.998943, "GRAM": 1.62, "USDE": 0.999736, "LTC": 44.0, "USDG": 0.998739, "USYC": 1.13, "SUI": 0.733487, "HBAR": 0.067698, "BUIDL": 1.0, "PYUSD": 0.999581, "AVAX": 6.44, "CRO": 0.056127, "XAUT": 4072.32, "SHIB": 4.23e-06, "NEAR": 1.89, "DEXE": 48.58, "UNI": 3.6, "USDY": 1.14, "TAO": 208.39, "PAXG": 4074.51, "WLFI": 0.057361, "OKB": 80.55, "HTX": 1.86e-06, "ASTER": 0.621674, "M": 1.25, "USDD": 0.99924, "ONDO": 0.320986, "RLUSD": 1.0, "WLD": 0.417995, "AAVE": 96.58, "USDF": 0.996877, "SKY": 0.060869, "DOT": 0.835636, "MNT": 0.417875, "BFUSD": 0.998454, "MORPHO": 2.01, "ICP": 2.21, "PEPE": 2.76e-06, "BGB": 1.64, "ETC": 6.88, "U": 1.0, "EUTBL": 1.2, "PI": 0.088824, "BCAP": 106.63, "KCS": 7.02, "QNT": 65.24, "USDGO": 0.999913, "STABLE": 0.0367258, "ADI": 7.03, "JTRSY": 1.11, "POL": 0.080874, "JST": 0.101007, "ATOM": 1.56, "BEAT": 2.56, "RENDER": 1.52, "USTB": 11.14, "KAS": 0.02847829, "EURSAFO": 1.15, "ENA": 0.079854, "ALGO": 0.083589, "NEXO": 0.741579, "USDTB": 1.0, "GT": 6.67, "\u5e01\u5b89\u4eba\u751f": 0.701965, "JAAA": 1.041, "JUP": 0.201499, "LIT": 2.64, "BDX": 0.083987, "FIL": 0.770345, "PUMP": 0.00149042, "GHO": 0.998439, "ARB": 0.092851, "FLR": 0.00648294, "USD0": 0.998461, "XDC": 0.02710646, "YLDS": 0.999997, "USX": 0.999848}}