{"timestamp": 1782268263, "base": "USD", "data": {"BTC": 62684, "ETH": 1665.42, "USDT": 0.998833, "BNB": 577.75, "USDC": 0.999841, "XRP": 1.11, "SOL": 69.57, "TRX": 0.32858, "FIGR_HELOC": 1.033, "HYPE": 62.16, "DOGE": 0.079053, "USDS": 0.999674, "RAIN": 0.01563309, "LEO": 9.48, "ZEC": 414.34, "XLM": 0.193525, "WBT": 50.99, "XMR": 317.88, "CC": 0.152429, "LINK": 7.6, "ADA": 0.152384, "USD1": 0.999549, "DAI": 0.999654, "USDE": 0.998728, "LAB": 13.91, "GRAM": 1.56, "BCH": 194.87, "M": 2.83, "HBAR": 0.077747, "LTC": 41.97, "USYC": 1.13, "USDG": 0.999739, "SUI": 0.701141, "AVAX": 6.41, "PYUSD": 0.999359, "SHIB": 4.56e-06, "CRO": 0.056462, "NEAR": 1.98, "XAUT": 4062.59, "BUIDL": 1.0, "USDY": 1.14, "TAO": 219.71, "WLFI": 0.059434, "PAXG": 4067.52, "WLD": 0.524794, "UNI": 2.91, "MNT": 0.516128, "ASTER": 0.633502, "OKB": 77.48, "RLUSD": 0.999947, "HTX": 1.73e-06, "DOT": 0.909744, "ONDO": 0.310611, "USDF": 0.994814, "PI": 0.129387, "USDD": 0.999319, "BFUSD": 0.998285, "SKY": 0.055768, "ICP": 2.2, "BGB": 1.71, "PEPE": 2.69e-06, "ETC": 7.1, "AAVE": 71.98, "DEXE": 23.06, "MORPHO": 1.63, "QNT": 69.97, "U": 0.999801, "USTB": 11.12, "BCAP": 107.03, "KCS": 7.05, "EUTBL": 1.2, "USDTB": 0.999939, "ATOM": 1.72, "JTRSY": 1.11, "ALGO": 0.094913, "RENDER": 1.6, "STABLE": 0.03472931, "POL": 0.077754, "KAS": 0.02888787, "ENA": 0.085453, "NEXO": 0.778103, "JAAA": 1.039, "\u5e01\u5b89\u4eba\u751f": 0.717393, "GT": 6.65, "JST": 0.082818, "JUP": 0.206036, "BDX": 0.082065, "VVV": 13.49, "BEAT": 2.18, "FIL": 0.791268, "FLR": 0.00702744, "GHO": 0.99779, "EURSAFO": 1.15, "XDC": 0.02908757, "YLDS": 0.999707, "ADI": 4.43, "USD0": 0.998964, "APT": 0.645082, "NIGHT": 0.03107501, "HASH": 0.00945758}}