{"timestamp": 1784549389, "base": "USD", "data": {"BTC": 64775, "ETH": 1881.08, "USDT": 0.998913, "BNB": 569.67, "USDC": 0.999792, "XRP": 1.1, "SOL": 76.82, "TRX": 0.325554, "FIGR_HELOC": 1.042, "HYPE": 61.05, "DOGE": 0.072678, "USDS": 0.999821, "RAIN": 0.01421079, "ZEC": 535.91, "LEO": 9.68, "WBT": 56.49, "XLM": 0.188154, "LINK": 8.47, "XMR": 336.4, "ADA": 0.164545, "CC": 0.124523, "DAI": 0.999677, "BCH": 214.66, "USD1": 0.998847, "USDE": 0.999585, "GRAM": 1.43, "LTC": 47.26, "USDG": 1.003, "SUI": 0.752854, "USYC": 1.13, "HBAR": 0.066559, "PYUSD": 0.999797, "AVAX": 6.6, "CRO": 0.05791, "BUIDL": 1.0, "NEAR": 1.95, "SHIB": 4.22e-06, "XAUT": 4009.69, "UNI": 3.51, "USDY": 1.14, "TAO": 195.24, "WLFI": 0.056904, "PAXG": 4008.86, "ONDO": 0.352026, "OKB": 80.66, "ASTER": 0.621593, "HTX": 1.84e-06, "M": 1.23, "DEXE": 33.94, "RLUSD": 1.0, "USDD": 0.999089, "SKY": 0.061109, "USDF": 0.995505, "MNT": 0.42723, "AAVE": 90.64, "DOT": 0.814663, "MORPHO": 2.02, "BFUSD": 0.998071, "WLD": 0.366396, "PEPE": 2.9e-06, "ICP": 2.15, "BGB": 1.65, "PI": 0.099359, "ETC": 6.82, "U": 0.999252, "EUTBL": 1.21, "USDGO": 0.999888, "BCAP": 106.19, "QNT": 63.64, "KCS": 6.65, "STABLE": 0.03552796, "JTRSY": 1.11, "POL": 0.08102, "ADI": 6.67, "EURSAFO": 1.15, "JST": 0.098498, "PUMP": 0.00194597, "KAS": 0.02812859, "ENA": 0.08089, "ATOM": 1.48, "RENDER": 1.48, "USTB": 11.15, "NEXO": 0.755063, "BEAT": 2.42, "ALGO": 0.082392, "GT": 6.69, "JAAA": 1.041, "JUP": 0.197911, "BDX": 0.083519, "GHO": 0.998649, "\u5e01\u5b89\u4eba\u751f": 0.638405, "ARB": 0.088094, "FIL": 0.714175, "XDC": 0.02856055, "FLR": 0.00646951, "YLDS": 0.999709, "USD0": 0.998984, "VVV": 11.61, "LIT": 2.19, "INJ": 5.29}}