{"timestamp": 1784253254, "base": "USD", "data": {"BTC": 63503, "ETH": 1849.04, "USDT": 0.999204, "BNB": 571.2, "USDC": 0.999857, "XRP": 1.087, "SOL": 75.05, "TRX": 0.322785, "FIGR_HELOC": 1.02, "HYPE": 60.15, "DOGE": 0.07213, "USDS": 0.999793, "RAIN": 0.01451472, "LEO": 9.81, "ZEC": 528.9, "WBT": 55.54, "XMR": 334.09, "XLM": 0.18326, "LINK": 8.28, "ADA": 0.160463, "CC": 0.133452, "DAI": 0.999794, "BCH": 222.57, "USD1": 0.998688, "GRAM": 1.5, "USDE": 0.999684, "LTC": 45.05, "USDG": 1.004, "USYC": 1.13, "SUI": 0.738529, "HBAR": 0.066455, "PYUSD": 0.999783, "AVAX": 6.47, "CRO": 0.060458, "BUIDL": 1.0, "NEAR": 1.97, "XAUT": 3984.47, "SHIB": 4.13e-06, "UNI": 3.53, "USDY": 1.13, "TAO": 191.15, "WLFI": 0.057627, "PAXG": 3980.07, "ONDO": 0.365567, "OKB": 80.69, "ASTER": 0.619499, "HTX": 1.81e-06, "M": 1.22, "DEXE": 34.34, "RLUSD": 1.0, "DOT": 0.862723, "MNT": 0.440239, "USDD": 0.999101, "USDF": 0.995265, "SKY": 0.060725, "AAVE": 90.79, "WLD": 0.386052, "MORPHO": 2.05, "BFUSD": 0.998199, "ICP": 2.12, "PEPE": 2.72e-06, "BGB": 1.63, "ETC": 6.93, "U": 0.999759, "EUTBL": 1.21, "USDGO": 1.0, "BCAP": 106.19, "STABLE": 0.03917986, "QNT": 63.49, "KCS": 6.69, "ADI": 7.03, "POL": 0.081728, "JTRSY": 1.11, "JST": 0.097108, "PI": 0.075673, "EURSAFO": 1.15, "BEAT": 2.56, "ATOM": 1.51, "ENA": 0.081463, "USTB": 11.15, "KAS": 0.02819691, "RENDER": 1.48, "NEXO": 0.745381, "ALGO": 0.082027, "\u5e01\u5b89\u4eba\u751f": 0.722057, "GT": 6.66, "BDX": 0.088983, "JAAA": 1.041, "PUMP": 0.00164341, "JUP": 0.193578, "FIL": 0.769409, "GHO": 0.998179, "FLR": 0.00658033, "ARB": 0.088057, "USD0": 0.998744, "YLDS": 0.99983, "XDC": 0.0275401, "LIT": 2.17, "USX": 1.0, "APT": 0.605751}}