{"timestamp": 1778331449, "base": "USD", "data": {"BTC": 80378, "ETH": 2315.87, "USDT": 0.999891, "XRP": 1.42, "BNB": 649.85, "USDC": 0.999859, "SOL": 93.43, "TRX": 0.35213, "FIGR_HELOC": 1.028, "DOGE": 0.109389, "WBT": 59.28, "HYPE": 43.78, "USDS": 0.999786, "ADA": 0.273188, "ZEC": 599.14, "LEO": 10.34, "BCH": 450.32, "LINK": 10.43, "XMR": 402.65, "TON": 2.53, "CC": 0.159064, "XLM": 0.163697, "LTC": 58.24, "DAI": 0.999604, "USD1": 0.999622, "M": 3.37, "AVAX": 9.93, "SUI": 1.056, "HBAR": 0.092642, "USDE": 0.999294, "SHIB": 6.41e-06, "RAIN": 0.00741916, "PYUSD": 0.999757, "CRO": 0.071125, "USYC": 1.12, "TAO": 310.28, "XAUT": 4699.63, "USDG": 0.999793, "BUIDL": 1.0, "UNI": 3.66, "WLFI": 0.072796, "DOT": 1.36, "MNT": 0.687587, "PAXG": 4704.87, "ONDO": 0.423598, "NEAR": 1.57, "ICP": 3.6, "SKY": 0.081295, "OKB": 87.9, "ASTER": 0.70602, "PI": 0.173872, "PEPE": 4.3e-06, "HTX": 1.97e-06, "USDF": 0.998044, "RLUSD": 0.999843, "ETC": 9.57, "BGB": 2.12, "USDD": 1.0, "AAVE": 95.77, "USDY": 1.13, "MORPHO": 2.12, "BFUSD": 0.9994, "JTRSY": 1.1, "ENA": 0.131126, "ALGO": 0.130735, "KCS": 8.4, "QNT": 75.55, "POL": 0.1022, "RENDER": 2.0, "U": 1.0, "KAS": 0.03638613, "ATOM": 1.96, "EUTBL": 1.24, "USTB": 11.08, "BCAP": 105.77, "FIL": 1.23, "SIREN": 1.27, "WLD": 0.272619, "NEXO": 0.905246, "APT": 1.1, "ARB": 0.14226, "GT": 7.47, "JUP": 0.247691, "STABLE": 0.03489956, "PUMP": 0.0021732, "JST": 0.082818, "VVV": 15.12, "FLR": 0.00803047, "PENGU": 0.01068556, "VET": 0.00768714, "BONK": 7.25e-06, "DASH": 50.0, "USDTB": 0.999527, "VIRTUAL": 0.943179, "BDX": 0.079778, "XDC": 0.03064858, "OUSG": 115.18, "SKYAI": 0.59925, "GHO": 0.99963, "TRUMP": 2.47}}