{"timestamp": 1779044192, "base": "USD", "data": {"BTC": 78154, "ETH": 2184.7, "USDT": 0.999431, "BNB": 652.24, "XRP": 1.41, "USDC": 0.999789, "SOL": 86.25, "TRX": 0.356279, "FIGR_HELOC": 1.039, "DOGE": 0.110104, "WBT": 57.54, "USDS": 0.999589, "HYPE": 44.78, "ADA": 0.253721, "LEO": 10.1, "ZEC": 519.48, "BCH": 410.66, "XMR": 392.05, "LINK": 9.7, "CC": 0.153989, "TON": 1.91, "XLM": 0.150862, "USD1": 0.999896, "DAI": 0.999482, "USDE": 0.999711, "LTC": 55.87, "SUI": 1.061, "M": 3.18, "AVAX": 9.26, "HBAR": 0.090639, "RAIN": 0.00749926, "PYUSD": 0.999566, "SHIB": 5.79e-06, "CRO": 0.070888, "USDG": 0.999757, "USYC": 1.12, "XAUT": 4535.61, "BUIDL": 1.0, "TAO": 269.83, "UNI": 3.55, "DOT": 1.27, "PAXG": 4534.83, "MNT": 0.641465, "NEAR": 1.52, "WLFI": 0.060624, "USDY": 1.13, "HTX": 1.97e-06, "USDF": 0.997954, "OKB": 83.3, "ASTER": 0.66188, "ONDO": 0.350044, "PI": 0.15915, "SKY": 0.069984, "PEPE": 3.73e-06, "RLUSD": 0.999763, "USDD": 0.999763, "ICP": 2.6, "ETC": 8.97, "BGB": 1.99, "AAVE": 90.34, "BFUSD": 0.9988, "QNT": 77.8, "MORPHO": 1.76, "KCS": 8.08, "USDTB": 0.9992, "JTRSY": 1.1, "ATOM": 2.05, "U": 0.999487, "EUTBL": 1.22, "USTB": 11.08, "POL": 0.091909, "ALGO": 0.108735, "BCAP": 105.87, "ENA": 0.106179, "RENDER": 1.82, "KAS": 0.03402115, "NEXO": 0.879117, "WLD": 0.240066, "STABLE": 0.03515049, "FLR": 0.00917731, "APT": 0.939573, "GT": 7.18, "JST": 0.089062, "FIL": 0.959742, "ARB": 0.118437, "VVV": 14.26, "JUP": 0.196614, "XDC": 0.03133862, "DEXE": 13.32, "PUMP": 0.00174799, "BDX": 0.078826, "GHO": 0.999352, "HASH": 0.01098867, "VET": 0.00675709, "USD0": 0.998157, "OUSG": 115.25, "BONK": 6.17e-06, "PENGU": 0.00849218, "NIGHT": 0.03199369, "YLDS": 0.999805}}