{"timestamp": 1777897248, "base": "USD", "data": {"BTC": 78906, "ETH": 2341.09, "USDT": 0.999771, "XRP": 1.4, "BNB": 622.77, "USDC": 0.999854, "SOL": 84.03, "TRX": 0.338437, "FIGR_HELOC": 1.04, "DOGE": 0.110656, "WBT": 58.88, "USDS": 0.999756, "HYPE": 41.45, "LEO": 10.31, "ADA": 0.248912, "BCH": 444.01, "XMR": 386.75, "LINK": 9.44, "ZEC": 408.07, "CC": 0.147336, "XLM": 0.157947, "USD1": 0.999729, "DAI": 0.999533, "LTC": 55.3, "AVAX": 9.14, "USDE": 0.999052, "HBAR": 0.088, "TON": 1.38, "SUI": 0.928439, "SHIB": 6.19e-06, "RAIN": 0.00751019, "M": 2.66, "PYUSD": 0.999697, "CRO": 0.068295, "USYC": 1.12, "TAO": 283.91, "XAUT": 4564.96, "USDG": 0.999817, "BUIDL": 1.0, "PAXG": 4564.55, "MNT": 0.637881, "UNI": 3.29, "DOT": 1.22, "WLFI": 0.061067, "SKY": 0.079525, "PI": 0.175977, "OKB": 84.99, "USDF": 0.996688, "ASTER": 0.678172, "HTX": 1.91e-06, "PEPE": 3.99e-06, "NEAR": 1.26, "RLUSD": 0.999881, "USDD": 1.0, "ONDO": 0.303096, "BGB": 2.05, "AAVE": 92.49, "ETC": 8.67, "USDY": 1.12, "BFUSD": 0.9991, "JTRSY": 1.1, "ICP": 2.36, "MORPHO": 1.96, "KCS": 8.38, "U": 1.0, "POL": 0.096123, "ALGO": 0.112787, "USTB": 11.07, "QNT": 67.95, "EUTBL": 1.23, "BCAP": 105.75, "ATOM": 1.88, "RENDER": 1.83, "KAS": 0.03369748, "NEXO": 0.897377, "ENA": 0.102839, "GT": 7.27, "WLD": 0.237288, "APT": 0.973303, "STABLE": 0.0333683, "FIL": 0.935259, "ARB": 0.114767, "JST": 0.081605, "PUMP": 0.00182455, "FLR": 0.00753016, "SKYAI": 0.644119, "PENGU": 0.00998876, "BDX": 0.079962, "VET": 0.00718858, "OUSG": 115.1, "DASH": 47.94, "XDC": 0.02954325, "JUP": 0.177142, "GHO": 0.999718, "USDTB": 0.999599, "HASH": 0.01092924, "SIREN": 0.768577, "USD0": 0.998445, "BONK": 6.26e-06, "TRUMP": 2.31}}