{"timestamp": 1778802461, "base": "USD", "data": {"BTC": 81159, "ETH": 2288.74, "USDT": 0.999722, "XRP": 1.49, "BNB": 678.02, "USDC": 0.999682, "SOL": 92.43, "TRX": 0.35358, "FIGR_HELOC": 1.033, "DOGE": 0.115392, "WBT": 59.69, "USDS": 0.999726, "HYPE": 44.2, "ADA": 0.271542, "LEO": 10.2, "ZEC": 560.42, "BCH": 436.12, "LINK": 10.51, "XMR": 397.13, "CC": 0.163524, "TON": 2.13, "XLM": 0.16246, "SUI": 1.19, "LTC": 58.34, "USD1": 0.999522, "DAI": 0.99968, "M": 3.35, "AVAX": 9.92, "USDE": 1.0, "HBAR": 0.095087, "SHIB": 6.38e-06, "RAIN": 0.00756673, "PYUSD": 0.999822, "USDG": 0.999429, "CRO": 0.076129, "USYC": 1.12, "TAO": 304.78, "XAUT": 4654.23, "BUIDL": 1.0, "UNI": 3.73, "MNT": 0.696635, "DOT": 1.37, "WLFI": 0.069145, "PAXG": 4651.52, "NEAR": 1.58, "USDY": 1.13, "ONDO": 0.388849, "PI": 0.171838, "OKB": 85.13, "HTX": 1.97e-06, "USDF": 0.997608, "ASTER": 0.68418, "PEPE": 4.1e-06, "SKY": 0.072708, "RLUSD": 0.999855, "ICP": 2.82, "AAVE": 98.62, "ETC": 9.49, "USDD": 0.999736, "BGB": 2.1, "BFUSD": 0.9995, "MORPHO": 1.96, "QNT": 78.42, "KCS": 8.39, "ENA": 0.120878, "JTRSY": 1.1, "ALGO": 0.119019, "ATOM": 2.05, "KAS": 0.03772179, "U": 1.0, "POL": 0.09481, "USTB": 11.08, "RENDER": 1.9, "EUTBL": 1.23, "BCAP": 105.87, "STABLE": 0.04145415, "NEXO": 0.919615, "WLD": 0.262999, "APT": 1.056, "FIL": 1.057, "USDTB": 0.999194, "ARB": 0.131753, "FLR": 0.00939334, "GT": 7.32, "JST": 0.090791, "JUP": 0.225468, "VVV": 14.77, "XDC": 0.03392716, "PUMP": 0.00189071, "VET": 0.00736542, "BDX": 0.079058, "BONK": 6.91e-06, "DEXE": 12.91, "DASH": 46.39, "OUSG": 115.24, "GHO": 0.999388, "HASH": 0.01100845, "PENGU": 0.00912447, "TRUMP": 2.39, "USD0": 0.998253}}