{"timestamp": 1780940665, "base": "USD", "data": {"BTC": 63299, "ETH": 1678.6, "USDT": 0.999489, "BNB": 603.86, "USDC": 0.999721, "XRP": 1.16, "SOL": 66.81, "TRX": 0.325658, "FIGR_HELOC": 1.032, "HYPE": 63.96, "DOGE": 0.086354, "USDS": 0.999763, "LEO": 9.49, "RAIN": 0.01319194, "ZEC": 443.33, "XLM": 0.199911, "ADA": 0.167917, "CC": 0.15689, "XMR": 316.36, "LINK": 7.99, "WBT": 45.13, "TON": 1.77, "USD1": 0.999117, "USDE": 0.999301, "DAI": 0.999786, "M": 3.21, "BCH": 207.01, "LAB": 13.02, "HBAR": 0.081612, "LTC": 43.13, "SUI": 0.758622, "AVAX": 6.79, "USYC": 1.13, "PYUSD": 0.999876, "NEAR": 2.19, "SHIB": 4.74e-06, "CRO": 0.061871, "XAUT": 4312.82, "USDG": 1.0, "BUIDL": 1.0, "USDY": 1.14, "TAO": 215.48, "PAXG": 4325.03, "MNT": 0.55131, "ONDO": 0.368643, "WLFI": 0.055865, "WLD": 0.517051, "RLUSD": 0.99979, "DOT": 0.980152, "ASTER": 0.634674, "UNI": 2.56, "HTX": 1.75e-06, "OKB": 72.42, "USDF": 0.996138, "PI": 0.130083, "USDD": 0.999597, "SKY": 0.058215, "BFUSD": 0.998999, "ICP": 2.37, "BGB": 1.83, "BEAT": 4.34, "PEPE": 2.81e-06, "MORPHO": 1.78, "ETC": 7.15, "H": 0.608575, "DEXE": 22.07, "USDTB": 1.002, "EUTBL": 1.21, "U": 0.999799, "QNT": 67.31, "BCAP": 107.06, "AAVE": 63.95, "USTB": 11.11, "ATOM": 1.76, "SIREN": 1.23, "KAS": 0.0322211, "KCS": 6.46, "JTRSY": 1.11, "RENDER": 1.66, "POL": 0.0793, "ALGO": 0.093349, "ENA": 0.088841, "VVV": 17.53, "STABLE": 0.03398905, "NEXO": 0.786837, "\u5e01\u5b89\u4eba\u751f": 0.698012, "JST": 0.079543, "GT": 6.34, "XDC": 0.03096861, "FIL": 0.780571, "FLR": 0.00718353, "BDX": 0.078487, "GHO": 0.999273, "INJ": 5.67, "PUMP": 0.00161495, "APT": 0.67973, "USD0": 0.998551, "HASH": 0.01014275, "JUP": 0.161787, "NIGHT": 0.03208177}}