{"timestamp": 1777053417, "base": "USD", "data": {"BTC": 77754, "ETH": 2319.64, "USDT": 1.0, "XRP": 1.44, "BNB": 637.64, "USDC": 0.999836, "SOL": 86.46, "TRX": 0.324413, "FIGR_HELOC": 1.031, "DOGE": 0.098106, "WBT": 54.93, "USDS": 0.99973, "HYPE": 41.1, "LEO": 10.23, "ADA": 0.251766, "BCH": 458.36, "XMR": 371.94, "LINK": 9.38, "ZEC": 365.34, "CC": 0.152493, "XLM": 0.174629, "M": 4.29, "DAI": 0.99944, "LTC": 56.53, "USD1": 0.999667, "AVAX": 9.43, "HBAR": 0.091159, "USDE": 0.999308, "SUI": 0.95138, "SHIB": 6.25e-06, "RAIN": 0.00759348, "PYUSD": 0.999841, "TON": 1.32, "CRO": 0.069375, "USYC": 1.12, "XAUT": 4708.44, "TAO": 249.07, "WLFI": 0.075361, "USDG": 0.999827, "PAXG": 4711.52, "BUIDL": 1.0, "MNT": 0.649489, "DOT": 1.26, "UNI": 3.26, "SKY": 0.083614, "NEAR": 1.42, "USDF": 0.997087, "OKB": 83.79, "PI": 0.170052, "HTX": 1.83e-06, "ASTER": 0.667868, "PEPE": 3.88e-06, "JTRSY": 1.1, "RLUSD": 0.999963, "AAVE": 93.96, "USDD": 1.0, "BGB": 1.99, "ICP": 2.47, "ETC": 8.58, "BFUSD": 0.999699, "USDY": 1.12, "ONDO": 0.265672, "KCS": 8.48, "GT": 7.4, "PUMP": 0.00178698, "QNT": 71.97, "MORPHO": 1.86, "EUTBL": 1.23, "U": 0.999568, "ATOM": 1.98, "USTB": 11.06, "POL": 0.093252, "ALGO": 0.108082, "ENA": 0.109137, "RENDER": 1.81, "KAS": 0.03380078, "NEXO": 0.906972, "WLD": 0.262201, "ARB": 0.130094, "APT": 0.963275, "STABLE": 0.03478094, "BCAP": 82.76, "FIL": 0.945625, "TRUMP": 3.11, "JST": 0.081323, "FLR": 0.00787903, "HASH": 0.01104626, "VET": 0.00733978, "DEXE": 13.47, "BDX": 0.080091, "JUP": 0.174191, "NIGHT": 0.03723833, "XDC": 0.03081695, "OUSG": 115.02, "USDTB": 0.999792, "GHO": 0.998939, "BONK": 6.37e-06, "USD0": 0.998022, "YLDS": 0.999738, "PENGU": 0.00855605}}