{"timestamp": 1782744157, "base": "USD", "data": {"BTC": 59407, "ETH": 1569.64, "USDT": 0.998335, "BNB": 549.58, "USDC": 1.0, "XRP": 1.044, "SOL": 73.24, "TRX": 0.321652, "FIGR_HELOC": 1.021, "HYPE": 63.83, "DOGE": 0.072487, "USDS": 0.999355, "RAIN": 0.01552774, "LEO": 9.39, "ZEC": 383.82, "XLM": 0.173245, "XMR": 306.66, "CC": 0.145302, "WBT": 47.66, "LINK": 7.26, "ADA": 0.144507, "LAB": 15.56, "USD1": 0.998961, "DAI": 0.999434, "USDE": 0.99801, "GRAM": 1.62, "BCH": 195.56, "LTC": 42.56, "USYC": 1.13, "HBAR": 0.071332, "USDG": 0.999646, "AVAX": 6.52, "SUI": 0.689624, "PYUSD": 0.999815, "SHIB": 4.2e-06, "CRO": 0.053675, "XAUT": 4013.29, "NEAR": 1.83, "BUIDL": 1.0, "USDY": 1.14, "TAO": 203.6, "UNI": 2.96, "WLFI": 0.057651, "PAXG": 4015.23, "ASTER": 0.622063, "OKB": 77.66, "RLUSD": 1.0, "HTX": 1.67e-06, "ONDO": 0.309874, "WLD": 0.426929, "USDF": 0.995251, "MNT": 0.423189, "DOT": 0.815858, "AAVE": 89.79, "USDD": 0.998538, "BFUSD": 0.997985, "PI": 0.116891, "ICP": 2.15, "SKY": 0.051153, "MORPHO": 1.79, "BGB": 1.62, "ETC": 7.05, "DEXE": 21.81, "U": 0.999503, "PEPE": 2.34e-06, "BCAP": 106.97, "QNT": 65.11, "EUTBL": 1.2, "KCS": 6.81, "STABLE": 0.03809147, "JTRSY": 1.11, "USDGO": 0.999786, "RENDER": 1.55, "BEAT": 2.76, "ATOM": 1.54, "ALGO": 0.086846, "KAS": 0.02807154, "POL": 0.071343, "USTB": 11.13, "ENA": 0.081053, "JST": 0.086984, "USDTB": 0.99945, "M": 0.55107, "NEXO": 0.72443, "\u5e01\u5b89\u4eba\u751f": 0.705764, "JUP": 0.212063, "VELVET": 1.66, "GT": 6.47, "BDX": 0.08841, "JAAA": 1.039, "ADI": 5.1, "EURSAFO": 1.15, "VVV": 12.83, "GHO": 0.997337, "PUMP": 0.00141034, "FIL": 0.715493, "FLR": 0.00654622, "YLDS": 0.99961, "XDC": 0.02779395, "USD0": 0.998443}}