{"timestamp": 1779806922, "base": "USD", "data": {"BTC": 76735, "ETH": 2108.03, "USDT": 0.998793, "BNB": 660.77, "XRP": 1.35, "USDC": 0.999755, "SOL": 84.86, "TRX": 0.374289, "FIGR_HELOC": 1.015, "DOGE": 0.102503, "HYPE": 63.7, "USDS": 0.999565, "ZEC": 612.93, "LEO": 10.01, "ADA": 0.243501, "XMR": 388.06, "BCH": 350.31, "LINK": 9.53, "WBT": 56.51, "CC": 0.161955, "TON": 1.93, "RAIN": 0.01068317, "XLM": 0.149369, "USD1": 0.998381, "USDE": 0.998781, "DAI": 0.999626, "SUI": 1.037, "LTC": 52.55, "AVAX": 9.34, "M": 2.94, "HBAR": 0.088142, "NEAR": 2.82, "PYUSD": 0.999911, "SHIB": 5.6e-06, "CRO": 0.068444, "USYC": 1.12, "USDG": 1.0, "TAO": 283.98, "XAUT": 4507.89, "BUIDL": 1.0, "DOT": 1.28, "USDY": 1.13, "PAXG": 4513.64, "MNT": 0.642567, "UNI": 3.32, "ONDO": 0.410235, "OKB": 93.5, "WLFI": 0.06104, "HTX": 2.04e-06, "ASTER": 0.68724, "RLUSD": 0.999995, "USDF": 0.995996, "SKY": 0.070078, "PI": 0.147529, "USDD": 0.998797, "PEPE": 3.59e-06, "ICP": 2.71, "MORPHO": 2.26, "BGB": 2.01, "ETC": 8.84, "WLD": 0.3879, "AAVE": 87.22, "BFUSD": 0.9992, "RENDER": 2.36, "ATOM": 2.24, "QNT": 76.94, "USDTB": 0.999129, "KCS": 8.05, "EUTBL": 1.22, "U": 0.999878, "ALGO": 0.112694, "POL": 0.092354, "BCAP": 107.16, "JTRSY": 1.1, "ENA": 0.101718, "KAS": 0.03313063, "STABLE": 0.0372183, "NEXO": 0.840493, "USTB": 11.09, "VVV": 17.75, "APT": 0.991403, "FIL": 1.023, "JST": 0.093325, "DEXE": 16.33, "GT": 7.08, "FLR": 0.00825042, "ARB": 0.111184, "JUP": 0.205854, "XDC": 0.03212277, "PUMP": 0.0018085, "BDX": 0.078566, "INJ": 6.0, "GHO": 0.998737, "DASH": 44.85, "VET": 0.00656563, "FET": 0.249796, "HASH": 0.01061675, "NIGHT": 0.03367315, "PENGU": 0.00882796, "USD0": 0.998524}}