{"timestamp": 1777959327, "base": "USD", "data": {"BTC": 81054, "ETH": 2383.79, "USDT": 0.999758, "XRP": 1.4, "BNB": 627.23, "USDC": 0.99978, "SOL": 84.9, "TRX": 0.339211, "FIGR_HELOC": 1.029, "DOGE": 0.111752, "WBT": 60.26, "USDS": 0.999687, "HYPE": 42.56, "LEO": 10.32, "ADA": 0.252909, "BCH": 444.95, "XMR": 409.28, "ZEC": 425.29, "LINK": 9.58, "CC": 0.150289, "XLM": 0.158588, "TON": 1.72, "USD1": 0.999697, "DAI": 0.999482, "LTC": 55.18, "AVAX": 9.29, "USDE": 0.999116, "M": 3.06, "HBAR": 0.088382, "SUI": 0.943629, "SHIB": 6.21e-06, "RAIN": 0.00751785, "PYUSD": 0.999948, "CRO": 0.068929, "USYC": 1.12, "TAO": 285.8, "XAUT": 4536.62, "USDG": 0.999759, "BUIDL": 1.0, "PAXG": 4535.5, "MNT": 0.642358, "UNI": 3.34, "DOT": 1.24, "WLFI": 0.063138, "SKY": 0.08152, "PI": 0.180728, "OKB": 85.55, "USDF": 0.997066, "HTX": 1.92e-06, "ASTER": 0.671354, "PEPE": 4.06e-06, "NEAR": 1.28, "ONDO": 0.319891, "RLUSD": 0.999972, "USDD": 0.999902, "BGB": 2.08, "AAVE": 92.9, "ETC": 8.83, "ICP": 2.39, "BFUSD": 0.999195, "JTRSY": 1.1, "USDY": 1.12, "MORPHO": 2.15, "KCS": 8.52, "ALGO": 0.119612, "POL": 0.097916, "U": 0.999937, "USTB": 11.07, "EUTBL": 1.23, "QNT": 67.1, "ATOM": 1.91, "BCAP": 105.77, "RENDER": 1.83, "KAS": 0.03387698, "ENA": 0.10212, "NEXO": 0.903774, "GT": 7.35, "WLD": 0.240405, "APT": 0.975062, "STABLE": 0.03380463, "FIL": 0.9466, "ARB": 0.11701, "JST": 0.083889, "PENGU": 0.01077186, "PUMP": 0.0018441, "FLR": 0.00759923, "VET": 0.00723768, "BDX": 0.080246, "JUP": 0.184175, "OUSG": 115.13, "DASH": 46.19, "GHO": 0.99978, "USDTB": 0.999843, "XDC": 0.02906946, "USD0": 0.998336, "BONK": 6.34e-06, "SKYAI": 0.551745, "HASH": 0.01049723, "LUNC": 9.876e-05, "SIREN": 0.746229}}