{"timestamp": 1777635713, "base": "USD", "data": {"BTC": 77343, "ETH": 2284.4, "USDT": 0.999616, "XRP": 1.38, "BNB": 617.85, "USDC": 0.999742, "SOL": 83.89, "TRX": 0.325918, "FIGR_HELOC": 1.031, "DOGE": 0.108907, "WBT": 57.91, "USDS": 0.999723, "HYPE": 40.59, "LEO": 10.34, "ADA": 0.247499, "BCH": 442.58, "XMR": 382.24, "LINK": 9.13, "ZEC": 349.07, "CC": 0.14942, "XLM": 0.159258, "USD1": 1.0, "DAI": 0.999807, "LTC": 55.11, "M": 3.1, "AVAX": 9.1, "USDE": 0.999095, "HBAR": 0.087576, "RAIN": 0.007854, "SHIB": 6.3e-06, "SUI": 0.912892, "TON": 1.34, "PYUSD": 0.999924, "CRO": 0.068418, "USYC": 1.12, "XAUT": 4574.36, "TAO": 262.89, "USDG": 0.999886, "BUIDL": 1.0, "PAXG": 4571.36, "MNT": 0.632396, "UNI": 3.2, "DOT": 1.2, "PI": 0.180563, "SKY": 0.079808, "USDF": 0.99607, "WLFI": 0.056133, "OKB": 83.23, "ASTER": 0.65592, "NEAR": 1.3, "HTX": 1.82e-06, "PEPE": 3.91e-06, "RLUSD": 0.999746, "USDD": 0.999862, "AAVE": 92.62, "BGB": 1.99, "USDY": 1.13, "ETC": 8.44, "JTRSY": 1.1, "BFUSD": 0.998801, "ICP": 2.36, "ONDO": 0.265467, "MORPHO": 1.99, "KCS": 8.48, "U": 0.999878, "QNT": 68.63, "POL": 0.093809, "EUTBL": 1.23, "USTB": 11.07, "ALGO": 0.108383, "BCAP": 105.75, "ATOM": 1.88, "ENA": 0.102608, "NEXO": 0.894241, "KAS": 0.03256018, "RENDER": 1.69, "GT": 7.21, "APT": 1.005, "WLD": 0.237305, "ARB": 0.124736, "JST": 0.088026, "STABLE": 0.03352391, "FIL": 0.919153, "PUMP": 0.00180333, "FLR": 0.00748585, "PENGU": 0.0099241, "BDX": 0.079834, "OUSG": 115.09, "HASH": 0.01153602, "VET": 0.00700194, "JUP": 0.179779, "XDC": 0.02965585, "USDTB": 0.999231, "GHO": 0.999663, "USD0": 0.999035, "BONK": 6.19e-06, "TRUMP": 2.31, "NIGHT": 0.03209617, "YLDS": 0.999984, "DEXE": 11.28}}