{"timestamp": 1777922211, "base": "USD", "data": {"BTC": 80067, "ETH": 2361.71, "USDT": 0.999769, "XRP": 1.4, "BNB": 625.29, "USDC": 0.999809, "SOL": 84.6, "TRX": 0.339989, "FIGR_HELOC": 1.034, "DOGE": 0.110745, "WBT": 59.62, "USDS": 0.999829, "HYPE": 41.46, "LEO": 10.3, "ADA": 0.251845, "BCH": 444.07, "XMR": 396.58, "ZEC": 412.21, "LINK": 9.43, "CC": 0.146626, "XLM": 0.157782, "USD1": 0.999824, "DAI": 0.999743, "LTC": 55.21, "AVAX": 9.25, "TON": 1.46, "USDE": 0.999098, "HBAR": 0.088008, "SUI": 0.938395, "SHIB": 6.21e-06, "RAIN": 0.00752927, "M": 2.74, "PYUSD": 0.99993, "CRO": 0.068646, "USYC": 1.12, "TAO": 284.33, "XAUT": 4517.82, "USDG": 0.999787, "BUIDL": 1.0, "PAXG": 4516.55, "MNT": 0.63878, "UNI": 3.3, "DOT": 1.24, "WLFI": 0.063849, "PI": 0.178206, "SKY": 0.079552, "OKB": 85.25, "USDF": 0.996895, "HTX": 1.92e-06, "ASTER": 0.669383, "PEPE": 4.03e-06, "NEAR": 1.28, "RLUSD": 0.999846, "ONDO": 0.317332, "USDD": 0.999093, "BGB": 2.05, "AAVE": 92.82, "ETC": 8.73, "USDY": 1.12, "BFUSD": 0.9991, "JTRSY": 1.1, "ICP": 2.39, "MORPHO": 2.0, "KCS": 8.38, "POL": 0.097178, "U": 1.0, "ALGO": 0.113756, "USTB": 11.07, "QNT": 67.73, "EUTBL": 1.23, "BCAP": 105.75, "ATOM": 1.89, "RENDER": 1.84, "KAS": 0.0338192, "NEXO": 0.904438, "ENA": 0.102676, "GT": 7.3, "WLD": 0.240052, "APT": 0.979474, "STABLE": 0.03333357, "FIL": 0.942364, "SKYAI": 0.731727, "ARB": 0.116591, "JST": 0.083333, "PUMP": 0.00183155, "FLR": 0.00757092, "PENGU": 0.0100078, "VET": 0.0072241, "BDX": 0.079744, "OUSG": 115.1, "DASH": 47.53, "JUP": 0.180273, "GHO": 0.999588, "XDC": 0.02920499, "USDTB": 0.999785, "LUNC": 0.00010191, "SIREN": 0.764307, "USD0": 0.998387, "HASH": 0.01050186, "BONK": 6.27e-06}}