{"timestamp": 1784870020, "base": "USD", "data": {"BTC": 65320, "ETH": 1878.75, "USDT": 0.999298, "BNB": 567.07, "USDC": 0.999711, "XRP": 1.11, "SOL": 75.73, "TRX": 0.329214, "FIGR_HELOC": 1.04, "WBT": 56.65, "HYPE": 58.51, "DOGE": 0.069018, "USDS": 0.999898, "RAIN": 0.01392147, "LEO": 9.58, "ZEC": 510.02, "XMR": 355.36, "LINK": 8.44, "XLM": 0.184193, "ADA": 0.167237, "CC": 0.121985, "DAI": 0.999992, "BCH": 211.56, "USD1": 0.998929, "GRAM": 1.46, "USDE": 0.999543, "LTC": 46.7, "USDG": 1.0, "HBAR": 0.071092, "SUI": 0.743179, "USYC": 1.13, "AVAX": 6.26, "CRO": 0.057196, "PYUSD": 0.999659, "BUIDL": 1.0, "NEAR": 1.9, "XAUT": 4027.31, "SHIB": 4.16e-06, "UNI": 3.8, "USDY": 1.14, "ONDO": 0.405305, "TAO": 192.98, "WLFI": 0.056458, "PAXG": 4024.6, "OKB": 81.93, "ASTER": 0.624228, "HTX": 1.84e-06, "RLUSD": 1.0, "USDD": 0.999226, "M": 1.16, "AAVE": 95.59, "USDF": 0.996092, "DOT": 0.813895, "WLD": 0.383429, "MNT": 0.409318, "SKY": 0.057125, "BFUSD": 0.998291, "MORPHO": 1.97, "ICP": 2.17, "PEPE": 2.78e-06, "BGB": 1.66, "USDGO": 1.0, "ETC": 6.75, "U": 0.999799, "BEAT": 3.2, "BCAP": 106.2, "STABLE": 0.03775317, "QNT": 63.7, "PI": 0.082698, "KCS": 6.59, "JTRSY": 1.11, "ENA": 0.089766, "JST": 0.101814, "USTB": 11.15, "POL": 0.077141, "KAS": 0.02808452, "RENDER": 1.49, "ALGO": 0.08294, "NEXO": 0.743601, "ATOM": 1.43, "PUMP": 0.00181885, "GT": 6.63, "JAAA": 1.042, "BDX": 0.083562, "\u5e01\u5b89\u4eba\u751f": 0.653537, "GHO": 0.998745, "JUP": 0.188816, "FIL": 0.728403, "YLDS": 0.999347, "VVV": 11.94, "ARB": 0.085396, "FLR": 0.0064614, "XDC": 0.0279523, "USD0": 0.99943, "EUTBL": 1.23, "INJ": 5.39, "LIT": 2.14, "APT": 0.619554, "USX": 0.999396, "HASH": 0.00894811}}