{"timestamp": 1778516745, "base": "USD", "data": {"BTC": 81794, "ETH": 2338.62, "USDT": 0.999582, "XRP": 1.48, "BNB": 661.59, "USDC": 0.999749, "SOL": 97.54, "TRX": 0.350817, "FIGR_HELOC": 1.014, "DOGE": 0.111116, "WBT": 60.13, "USDS": 0.99972, "ADA": 0.281711, "HYPE": 41.72, "LEO": 10.18, "ZEC": 556.91, "BCH": 450.38, "LINK": 10.6, "XMR": 409.36, "TON": 2.38, "CC": 0.156047, "XLM": 0.170439, "SUI": 1.29, "LTC": 59.17, "AVAX": 10.22, "USD1": 0.998877, "DAI": 0.999632, "M": 3.28, "HBAR": 0.096793, "USDE": 0.999332, "SHIB": 6.6e-06, "RAIN": 0.00755026, "PYUSD": 0.999867, "CRO": 0.077724, "TAO": 324.43, "USDG": 0.9999, "USYC": 1.12, "XAUT": 4714.15, "UNI": 3.91, "BUIDL": 1.0, "MNT": 0.698684, "DOT": 1.37, "PAXG": 4714.73, "WLFI": 0.066488, "ONDO": 0.430558, "NEAR": 1.52, "ICP": 3.37, "OKB": 87.54, "PEPE": 4.35e-06, "PI": 0.173153, "SKY": 0.076863, "HTX": 1.97e-06, "USDF": 0.999602, "ASTER": 0.686418, "AAVE": 102.06, "RLUSD": 0.999868, "ETC": 9.72, "BGB": 2.13, "USDD": 0.999769, "MORPHO": 2.13, "USDY": 1.13, "BFUSD": 0.999001, "ENA": 0.131468, "KCS": 8.52, "JTRSY": 1.1, "POL": 0.102714, "ALGO": 0.122708, "KAS": 0.03941061, "QNT": 73.49, "U": 1.0, "ATOM": 2.01, "RENDER": 1.96, "EUTBL": 1.24, "USTB": 11.08, "BCAP": 105.77, "WLD": 0.282783, "NEXO": 0.923683, "APT": 1.13, "FIL": 1.14, "ARB": 0.142016, "SIREN": 1.15, "GT": 7.56, "STABLE": 0.0351094, "JUP": 0.238242, "VVV": 16.69, "FLR": 0.00879941, "PUMP": 0.00211121, "JST": 0.087406, "BONK": 7.6e-06, "VET": 0.00774995, "PENGU": 0.01038736, "XDC": 0.03273515, "USDTB": 0.999281, "BDX": 0.080125, "OUSG": 115.18, "DASH": 46.64, "B": 0.588535, "DEXE": 12.5, "GHO": 0.999579, "TRUMP": 2.43}}