{"timestamp": 1778273401, "base": "USD", "data": {"BTC": 80259, "ETH": 2309.3, "USDT": 0.999867, "XRP": 1.41, "BNB": 648.27, "USDC": 0.999873, "SOL": 92.33, "TRX": 0.349926, "FIGR_HELOC": 1.001, "DOGE": 0.109076, "WBT": 59.19, "USDS": 0.999806, "HYPE": 43.19, "ADA": 0.271659, "ZEC": 577.11, "LEO": 10.31, "BCH": 451.23, "LINK": 10.31, "XMR": 399.36, "TON": 2.49, "CC": 0.147655, "XLM": 0.16443, "M": 3.58, "LTC": 58.1, "USD1": 0.99951, "DAI": 0.999823, "AVAX": 9.89, "SUI": 1.022, "HBAR": 0.092432, "USDE": 0.999487, "SHIB": 6.45e-06, "RAIN": 0.00753237, "PYUSD": 0.999847, "CRO": 0.070763, "TAO": 312.86, "USYC": 1.12, "XAUT": 4702.93, "USDG": 0.999889, "BUIDL": 1.0, "WLFI": 0.075296, "UNI": 3.68, "DOT": 1.38, "MNT": 0.683227, "PAXG": 4709.32, "ONDO": 0.442432, "NEAR": 1.57, "ICP": 3.46, "SKY": 0.08191, "PEPE": 4.33e-06, "OKB": 86.57, "PI": 0.171584, "USDF": 0.998916, "HTX": 1.96e-06, "ASTER": 0.679666, "RLUSD": 1.0, "ETC": 9.79, "BGB": 2.14, "USDD": 1.0, "AAVE": 95.43, "MORPHO": 2.12, "USDY": 1.13, "BFUSD": 0.9994, "JTRSY": 1.1, "ENA": 0.133539, "ALGO": 0.131942, "KCS": 8.37, "POL": 0.101186, "QNT": 73.7, "RENDER": 2.03, "U": 1.0, "KAS": 0.03656957, "EUTBL": 1.24, "USTB": 11.08, "ATOM": 1.93, "BCAP": 105.77, "FIL": 1.22, "APT": 1.14, "WLD": 0.273102, "NEXO": 0.910354, "ARB": 0.143908, "SIREN": 1.17, "GT": 7.29, "JUP": 0.23818, "PUMP": 0.00215714, "STABLE": 0.03278773, "JST": 0.082848, "FLR": 0.00793131, "VET": 0.00781677, "PENGU": 0.01044217, "BONK": 7.16e-06, "USDTB": 0.999674, "BDX": 0.079953, "VVV": 13.34, "DASH": 48.09, "OUSG": 115.18, "XDC": 0.03033544, "VIRTUAL": 0.916598, "SKYAI": 0.60206, "GHO": 0.999827, "TRUMP": 2.48}}