{"timestamp": 1776768890, "base": "USD", "data": {"BTC": 76810, "ETH": 2335.2, "USDT": 1.0, "XRP": 1.44, "BNB": 640.69, "USDC": 0.999839, "SOL": 86.18, "TRX": 0.329003, "FIGR_HELOC": 1.03, "DOGE": 0.095879, "WBT": 55.47, "USDS": 0.999739, "HYPE": 41.13, "LEO": 10.34, "ADA": 0.251296, "BCH": 446.09, "M": 4.11, "LINK": 9.47, "XMR": 372.54, "XLM": 0.182553, "CC": 0.148856, "ZEC": 321.14, "USDE": 0.999454, "DAI": 0.99969, "LTC": 55.61, "USD1": 0.999865, "AVAX": 9.42, "HBAR": 0.091026, "SUI": 0.959237, "PYUSD": 0.999735, "RAIN": 0.00757824, "SHIB": 6.12e-06, "TON": 1.37, "CRO": 0.070388, "USYC": 1.12, "XAUT": 4772.88, "WLFI": 0.079541, "BUIDL": 1.0, "TAO": 249.43, "PAXG": 4776.9, "USDG": 0.999806, "DOT": 1.29, "MNT": 0.647536, "UNI": 3.29, "SKY": 0.080918, "NEAR": 1.39, "USDF": 0.998189, "OKB": 84.1, "PI": 0.169626, "ASTER": 0.686839, "HTX": 1.82e-06, "PEPE": 3.83e-06, "JTRSY": 1.1, "RLUSD": 1.0, "AAVE": 93.51, "ICP": 2.49, "ETC": 8.51, "BGB": 1.9, "USDY": 1.13, "BFUSD": 1.0, "USDD": 1.0, "ONDO": 0.260736, "KCS": 8.58, "GT": 7.32, "PUMP": 0.00186272, "QNT": 75.0, "MORPHO": 1.97, "U": 0.999194, "EUTBL": 1.24, "POL": 0.093906, "ENA": 0.113961, "KAS": 0.0352916, "USTB": 11.06, "RENDER": 1.81, "ALGO": 0.103847, "ATOM": 1.81, "NEXO": 0.903099, "USDTB": 0.999411, "WLD": 0.265587, "ARB": 0.127062, "APT": 0.941862, "BCAP": 82.76, "FIL": 0.933014, "FLR": 0.00812006, "TRUMP": 2.88, "JST": 0.077957, "DEXE": 14.21, "HASH": 0.01114991, "BDX": 0.080413, "VET": 0.00718343, "NIGHT": 0.03701279, "JUP": 0.17114, "XDC": 0.03016995, "OUSG": 114.99, "YLDS": 0.999877, "GHO": 0.999087, "STABLE": 0.02594044, "USD0": 0.998133, "BONK": 6.23e-06, "CAKE": 1.55}}