{"timestamp": 1781891518, "base": "USD", "data": {"BTC": 63123, "ETH": 1703.02, "USDT": 0.999045, "BNB": 579.48, "USDC": 0.999693, "XRP": 1.14, "SOL": 69.32, "TRX": 0.322099, "FIGR_HELOC": 1.012, "HYPE": 70.5, "DOGE": 0.083218, "USDS": 0.999755, "RAIN": 0.01445801, "LEO": 9.54, "ZEC": 454.98, "XLM": 0.221127, "WBT": 51.99, "ADA": 0.161741, "CC": 0.154765, "XMR": 309.7, "LINK": 7.9, "USD1": 0.999782, "USDE": 0.998972, "LAB": 13.71, "GRAM": 1.58, "DAI": 0.99951, "BCH": 197.6, "M": 2.89, "HBAR": 0.080799, "LTC": 44.19, "USYC": 1.13, "SUI": 0.714202, "USDG": 1.0, "SHIB": 4.77e-06, "NEAR": 2.15, "PYUSD": 0.999909, "CRO": 0.058675, "AVAX": 6.11, "XAUT": 4145.86, "BUIDL": 1.0, "USDY": 1.14, "TAO": 224.8, "WLD": 0.620349, "UNI": 3.06, "PAXG": 4153.27, "WLFI": 0.058935, "MNT": 0.526508, "ONDO": 0.355856, "ASTER": 0.627327, "RLUSD": 1.0, "DOT": 0.962078, "OKB": 76.27, "HTX": 1.72e-06, "USDF": 0.995544, "PI": 0.134606, "USDD": 0.999416, "SKY": 0.05802, "BFUSD": 0.999001, "ICP": 2.26, "BGB": 1.77, "MORPHO": 1.9, "ETC": 7.61, "PEPE": 2.83e-06, "AAVE": 73.22, "QNT": 71.54, "U": 0.999905, "USTB": 11.12, "BCAP": 107.07, "KCS": 7.19, "EUTBL": 1.21, "ATOM": 1.82, "USDTB": 0.999805, "RENDER": 1.73, "JTRSY": 1.11, "ALGO": 0.095806, "POL": 0.079247, "ENA": 0.089037, "KAS": 0.03000257, "STABLE": 0.03356121, "NEXO": 0.788194, "DEXE": 16.67, "JAAA": 1.039, "\u5e01\u5b89\u4eba\u751f": 0.719664, "GT": 6.62, "JST": 0.0796, "VVV": 14.29, "FLR": 0.00740328, "FIL": 0.803329, "BDX": 0.080435, "JUP": 0.187732, "GHO": 0.998657, "XDC": 0.02969244, "YLDS": 0.999625, "EURSAFO": 1.15, "USD0": 0.999289, "ARB": 0.084774, "APT": 0.63742, "BEAT": 1.87, "HASH": 0.00944633, "NIGHT": 0.03070647}}