{"timestamp": 1778259892, "base": "USD", "data": {"BTC": 79839, "ETH": 2292.31, "USDT": 0.999799, "BNB": 642.83, "XRP": 1.39, "USDC": 0.999816, "SOL": 89.62, "TRX": 0.3506, "FIGR_HELOC": 1.003, "DOGE": 0.107432, "WBT": 58.85, "USDS": 0.999752, "HYPE": 42.8, "ADA": 0.269168, "ZEC": 578.87, "LEO": 10.37, "BCH": 450.28, "XMR": 399.98, "LINK": 10.09, "TON": 2.56, "CC": 0.144944, "XLM": 0.161616, "M": 3.69, "LTC": 57.64, "USD1": 0.999399, "DAI": 0.999712, "AVAX": 9.74, "SUI": 1.009, "HBAR": 0.091885, "USDE": 0.999219, "SHIB": 6.37e-06, "RAIN": 0.00752178, "PYUSD": 1.0, "CRO": 0.069598, "TAO": 312.99, "USYC": 1.12, "XAUT": 4703.76, "USDG": 0.999906, "BUIDL": 1.0, "WLFI": 0.075208, "UNI": 3.68, "DOT": 1.35, "PAXG": 4705.34, "MNT": 0.671823, "ONDO": 0.44804, "NEAR": 1.57, "SKY": 0.080093, "OKB": 85.97, "USDF": 0.998394, "HTX": 1.97e-06, "PEPE": 4.24e-06, "PI": 0.170307, "ICP": 3.19, "ASTER": 0.668699, "RLUSD": 1.0, "ETC": 9.64, "BGB": 2.1, "USDD": 0.999938, "AAVE": 94.14, "USDY": 1.13, "BFUSD": 0.9993, "JTRSY": 1.1, "MORPHO": 2.09, "ALGO": 0.128758, "KCS": 8.34, "ENA": 0.124135, "POL": 0.100035, "QNT": 73.08, "RENDER": 2.01, "U": 1.0, "EUTBL": 1.24, "KAS": 0.0360606, "BCAP": 105.77, "ATOM": 1.9, "FIL": 1.21, "USTB": 11.08, "NEXO": 0.907767, "WLD": 0.265384, "SIREN": 1.23, "APT": 1.067, "ARB": 0.137152, "GT": 7.24, "JUP": 0.233368, "PUMP": 0.00208715, "STABLE": 0.03246107, "JST": 0.083707, "FLR": 0.00792561, "VET": 0.00766066, "PENGU": 0.01038854, "USDTB": 0.999486, "VVV": 13.65, "DASH": 49.19, "BDX": 0.080061, "BONK": 7.02e-06, "VIRTUAL": 0.929309, "OUSG": 115.17, "XDC": 0.03024173, "SKYAI": 0.605506, "GHO": 0.999794, "TRUMP": 2.41}}