{"timestamp": 1778021392, "base": "USD", "data": {"BTC": 81001, "ETH": 2359.85, "USDT": 0.99986, "XRP": 1.41, "BNB": 630.68, "USDC": 0.999771, "SOL": 86.34, "TRX": 0.345034, "DOGE": 0.114914, "FIGR_HELOC": 1.033, "WBT": 59.87, "USDS": 0.999844, "HYPE": 44.21, "ADA": 0.262023, "LEO": 10.34, "BCH": 456.77, "ZEC": 509.32, "XMR": 410.77, "LINK": 9.76, "CC": 0.148102, "XLM": 0.15976, "TON": 1.97, "USD1": 0.999654, "M": 3.49, "DAI": 0.999826, "LTC": 56.26, "AVAX": 9.39, "HBAR": 0.090242, "USDE": 0.999286, "SUI": 0.969255, "SHIB": 6.33e-06, "RAIN": 0.00738725, "PYUSD": 0.999987, "CRO": 0.069745, "USYC": 1.12, "TAO": 296.47, "XAUT": 4543.58, "USDG": 0.999889, "BUIDL": 1.0, "PAXG": 4540.27, "DOT": 1.28, "MNT": 0.645254, "UNI": 3.35, "WLFI": 0.065551, "PI": 0.183298, "SKY": 0.080127, "OKB": 85.83, "USDF": 0.999046, "HTX": 1.94e-06, "PEPE": 4.12e-06, "ASTER": 0.67275, "NEAR": 1.3, "ONDO": 0.322287, "RLUSD": 0.999895, "ICP": 2.68, "USDD": 0.999963, "BGB": 2.06, "AAVE": 93.11, "ETC": 8.98, "MORPHO": 2.24, "USDY": 1.13, "BFUSD": 0.999201, "JTRSY": 1.1, "KCS": 8.48, "ALGO": 0.119684, "POL": 0.097906, "U": 1.0, "USTB": 11.07, "QNT": 68.27, "ENA": 0.109803, "RENDER": 1.9, "EUTBL": 1.23, "BCAP": 105.77, "ATOM": 1.88, "KAS": 0.03428799, "NEXO": 0.901881, "GT": 7.38, "WLD": 0.245923, "APT": 0.991134, "STABLE": 0.03388989, "FIL": 0.973362, "SKYAI": 0.744628, "ARB": 0.119304, "JST": 0.08525, "PENGU": 0.0110293, "PUMP": 0.00184505, "FLR": 0.00761081, "VET": 0.00753285, "JUP": 0.192274, "USDTB": 0.999849, "LUNC": 0.00011188, "BDX": 0.079704, "DASH": 48.37, "OUSG": 115.14, "HASH": 0.01132823, "GHO": 0.999824, "XDC": 0.0290481, "BONK": 6.49e-06, "USD0": 0.998411, "TRUMP": 2.38}}