{"timestamp": 1784245909, "base": "USD", "data": {"BTC": 63806, "ETH": 1862.42, "USDT": 0.999206, "BNB": 572.32, "USDC": 0.99989, "XRP": 1.086, "SOL": 75.22, "TRX": 0.322937, "FIGR_HELOC": 1.002, "HYPE": 60.71, "DOGE": 0.072259, "USDS": 0.999847, "RAIN": 0.0145555, "LEO": 9.8, "ZEC": 525.68, "WBT": 55.78, "XLM": 0.185019, "XMR": 334.93, "LINK": 8.32, "ADA": 0.160523, "CC": 0.130351, "DAI": 0.999842, "BCH": 221.44, "USD1": 0.99872, "GRAM": 1.52, "USDE": 0.999752, "LTC": 44.94, "USDG": 1.002, "USYC": 1.13, "SUI": 0.737799, "HBAR": 0.066511, "CRO": 0.061223, "PYUSD": 0.999814, "AVAX": 6.5, "BUIDL": 1.0, "NEAR": 1.97, "XAUT": 3979.34, "SHIB": 4.11e-06, "UNI": 3.55, "USDY": 1.14, "TAO": 191.39, "WLFI": 0.057643, "PAXG": 3975.3, "ONDO": 0.36307, "OKB": 80.19, "DEXE": 35.55, "ASTER": 0.617155, "HTX": 1.81e-06, "M": 1.22, "RLUSD": 0.999969, "MNT": 0.44206, "USDD": 0.999146, "DOT": 0.855657, "SKY": 0.061125, "USDF": 0.995381, "AAVE": 91.14, "WLD": 0.38834, "MORPHO": 2.07, "BFUSD": 0.998379, "ICP": 2.12, "PEPE": 2.72e-06, "BGB": 1.63, "ETC": 6.94, "U": 1.0, "EUTBL": 1.21, "USDGO": 0.999993, "BCAP": 106.19, "STABLE": 0.03891721, "QNT": 63.74, "KCS": 6.71, "ADI": 7.03, "POL": 0.081525, "JTRSY": 1.11, "PI": 0.076207, "JST": 0.097433, "EURSAFO": 1.15, "BEAT": 2.55, "ENA": 0.082224, "ATOM": 1.51, "USTB": 11.15, "KAS": 0.02822376, "RENDER": 1.47, "NEXO": 0.746359, "ALGO": 0.08222, "\u5e01\u5b89\u4eba\u751f": 0.719129, "GT": 6.67, "BDX": 0.087065, "JAAA": 1.041, "PUMP": 0.00169133, "JUP": 0.196958, "FIL": 0.767929, "GHO": 0.998149, "FLR": 0.0066272, "LIT": 2.27, "ARB": 0.088725, "USD0": 0.998651, "YLDS": 0.999923, "XDC": 0.02700704, "USX": 1.0, "APT": 0.608765}}