{"timestamp": 1784707823, "base": "USD", "data": {"BTC": 66004, "ETH": 1920.54, "USDT": 0.999276, "BNB": 569.13, "USDC": 0.999902, "XRP": 1.13, "SOL": 77.13, "TRX": 0.329017, "FIGR_HELOC": 1.005, "HYPE": 58.61, "DOGE": 0.072324, "RAIN": 0.01493268, "USDS": 0.999879, "LEO": 9.73, "ZEC": 515.47, "WBT": 57.38, "XMR": 350.49, "XLM": 0.188757, "LINK": 8.59, "ADA": 0.171346, "CC": 0.125012, "DAI": 0.999889, "BCH": 221.0, "USD1": 0.999029, "GRAM": 1.51, "USDE": 0.999847, "LTC": 46.43, "USDG": 1.001, "HBAR": 0.070301, "SUI": 0.755272, "USYC": 1.13, "AVAX": 6.51, "PYUSD": 0.999781, "CRO": 0.057667, "BUIDL": 1.0, "XAUT": 4104.41, "SHIB": 4.23e-06, "NEAR": 1.88, "UNI": 3.7, "USDY": 1.14, "ONDO": 0.400666, "TAO": 195.9, "PAXG": 4101.99, "WLFI": 0.056477, "OKB": 81.92, "ASTER": 0.621451, "HTX": 1.84e-06, "RLUSD": 1.0, "M": 1.18, "USDD": 0.999421, "SKY": 0.063328, "AAVE": 96.01, "DOT": 0.841118, "USDF": 0.996055, "MNT": 0.422776, "WLD": 0.377526, "MORPHO": 2.02, "BFUSD": 0.998461, "ICP": 2.18, "PEPE": 2.85e-06, "BGB": 1.69, "ETC": 6.94, "U": 1.0, "EUTBL": 1.2, "USDGO": 1.0, "PI": 0.091232, "BCAP": 106.2, "QNT": 63.78, "KCS": 6.71, "STABLE": 0.03612397, "JTRSY": 1.11, "EURSAFO": 1.15, "POL": 0.079387, "ADI": 6.76, "JST": 0.101722, "ENA": 0.086839, "BEAT": 2.59, "RENDER": 1.51, "PUMP": 0.00195797, "KAS": 0.02810436, "USTB": 11.15, "NEXO": 0.763483, "ATOM": 1.47, "ALGO": 0.083333, "GT": 6.69, "JAAA": 1.042, "BDX": 0.082758, "GHO": 0.99878, "JUP": 0.194869, "FIL": 0.772475, "ARB": 0.089579, "VVV": 12.45, "XDC": 0.02929686, "\u5e01\u5b89\u4eba\u751f": 0.584046, "FLR": 0.00668601, "HASH": 0.01042697, "LIT": 2.27, "YLDS": 0.999979, "USD0": 0.99926, "USX": 0.999778}}