{"timestamp": 1783707439, "base": "USD", "data": {"BTC": 63837, "ETH": 1787.71, "USDT": 0.999295, "BNB": 575.99, "USDC": 0.999792, "XRP": 1.1, "SOL": 77.65, "TRX": 0.329862, "FIGR_HELOC": 1.002, "HYPE": 67.75, "DOGE": 0.073911, "USDS": 0.999635, "RAIN": 0.01442192, "LEO": 9.46, "ZEC": 499.62, "WBT": 55.88, "XLM": 0.190251, "ADA": 0.166752, "XMR": 322.45, "LINK": 7.92, "CC": 0.133621, "BCH": 246.82, "DAI": 0.999626, "GRAM": 1.65, "USD1": 0.999243, "USDE": 0.999713, "LTC": 44.58, "USDG": 0.99935, "USYC": 1.13, "HBAR": 0.069953, "SUI": 0.732271, "AVAX": 6.74, "PYUSD": 0.999638, "CRO": 0.056174, "SHIB": 4.36e-06, "XAUT": 4095.06, "NEAR": 1.9, "BUIDL": 1.0, "UNI": 3.54, "USDY": 1.13, "TAO": 211.4, "WLFI": 0.058605, "PAXG": 4097.61, "M": 1.33, "OKB": 80.66, "ASTER": 0.631033, "HTX": 1.84e-06, "DEXE": 34.57, "ONDO": 0.327637, "USDD": 0.999204, "RLUSD": 0.999684, "DOT": 0.876175, "MORPHO": 2.25, "AAVE": 95.28, "MNT": 0.431691, "USDF": 0.996912, "SKY": 0.058818, "WLD": 0.38286, "BFUSD": 0.99878, "ICP": 2.29, "PEPE": 2.75e-06, "BGB": 1.65, "ETC": 7.1, "PI": 0.099494, "U": 0.999993, "EUTBL": 1.2, "QNT": 68.71, "BCAP": 106.63, "KCS": 6.97, "USDGO": 0.999996, "JST": 0.102108, "JTRSY": 1.11, "STABLE": 0.0352389, "POL": 0.079497, "USTB": 11.14, "KAS": 0.02984945, "ATOM": 1.58, "BEAT": 2.64, "RENDER": 1.56, "ADI": 6.28, "EURSAFO": 1.15, "ALGO": 0.08554, "ENA": 0.079879, "NEXO": 0.762017, "USDTB": 0.999818, "GT": 6.72, "BDX": 0.087962, "JAAA": 1.041, "\u5e01\u5b89\u4eba\u751f": 0.68182, "JUP": 0.201746, "FIL": 0.794471, "LIT": 2.49, "GHO": 0.998475, "PUMP": 0.0014509, "FLR": 0.00667561, "ARB": 0.090233, "USD0": 0.998188, "XDC": 0.02726273, "YLDS": 0.999705, "VVV": 11.21}}