{"timestamp": 1782283068, "base": "USD", "data": {"BTC": 62776, "ETH": 1674.13, "USDT": 0.998642, "BNB": 579.44, "USDC": 0.999617, "XRP": 1.1, "SOL": 69.87, "TRX": 0.328582, "FIGR_HELOC": 1.033, "HYPE": 62.31, "DOGE": 0.07895, "USDS": 0.99959, "RAIN": 0.01567552, "LEO": 9.51, "ZEC": 417.23, "XLM": 0.19257, "XMR": 323.55, "WBT": 51.1, "CC": 0.150585, "LINK": 7.64, "ADA": 0.151211, "LAB": 16.89, "USD1": 0.998916, "DAI": 0.999663, "USDE": 0.998631, "GRAM": 1.55, "BCH": 194.42, "M": 2.86, "HBAR": 0.077459, "LTC": 42.06, "USYC": 1.13, "USDG": 0.999808, "SUI": 0.702831, "AVAX": 6.42, "PYUSD": 0.999701, "SHIB": 4.56e-06, "CRO": 0.056392, "NEAR": 1.98, "XAUT": 4074.72, "BUIDL": 1.0, "USDY": 1.13, "TAO": 222.89, "WLFI": 0.058624, "PAXG": 4081.91, "WLD": 0.527355, "UNI": 2.91, "MNT": 0.516013, "ASTER": 0.633689, "OKB": 78.05, "RLUSD": 0.999639, "HTX": 1.72e-06, "DOT": 0.907597, "ONDO": 0.310206, "USDF": 0.995872, "PI": 0.128772, "USDD": 0.999121, "BFUSD": 0.997721, "SKY": 0.055684, "ICP": 2.18, "BGB": 1.72, "PEPE": 2.67e-06, "ETC": 7.08, "AAVE": 71.84, "MORPHO": 1.66, "DEXE": 22.65, "U": 0.999801, "QNT": 69.74, "USTB": 11.12, "BCAP": 107.03, "KCS": 7.12, "EUTBL": 1.2, "USDTB": 0.999638, "ATOM": 1.7, "JTRSY": 1.11, "RENDER": 1.6, "ALGO": 0.092462, "POL": 0.077175, "STABLE": 0.03440325, "ENA": 0.085047, "KAS": 0.02856181, "NEXO": 0.775047, "JAAA": 1.039, "BEAT": 2.51, "JST": 0.0838, "\u5e01\u5b89\u4eba\u751f": 0.712485, "GT": 6.68, "JUP": 0.208213, "VVV": 13.6, "BDX": 0.082249, "FIL": 0.779871, "FLR": 0.00704607, "GHO": 0.997637, "EURSAFO": 1.14, "XDC": 0.02908657, "YLDS": 0.999707, "ADI": 4.42, "USD0": 0.999144, "APT": 0.646111, "HASH": 0.00944844, "AERO": 0.532994}}