{"timestamp": 1783555278, "base": "USD", "data": {"BTC": 62253, "ETH": 1742.4, "USDT": 0.99923, "BNB": 568.27, "USDC": 0.999886, "XRP": 1.09, "SOL": 77.77, "TRX": 0.328249, "FIGR_HELOC": 1.034, "HYPE": 67.62, "DOGE": 0.07232, "USDS": 0.999744, "RAIN": 0.01458564, "LEO": 9.48, "ZEC": 465.2, "WBT": 55.16, "ADA": 0.166856, "XLM": 0.181038, "XMR": 320.19, "LINK": 7.63, "CC": 0.127806, "BCH": 235.14, "DAI": 0.999777, "USD1": 0.998912, "USDE": 0.998552, "GRAM": 1.58, "LTC": 43.62, "USDG": 0.999803, "USYC": 1.13, "HBAR": 0.069211, "SUI": 0.709814, "PYUSD": 0.999834, "AVAX": 6.46, "CRO": 0.056406, "SHIB": 4.28e-06, "XAUT": 4065.65, "NEAR": 1.89, "BUIDL": 1.0, "USDY": 1.14, "UNI": 3.28, "TAO": 204.54, "WLFI": 0.058505, "PAXG": 4069.5, "M": 1.32, "HTX": 1.85e-06, "ASTER": 0.621876, "OKB": 78.71, "RLUSD": 1.0, "ONDO": 0.315346, "USDD": 0.997806, "USDF": 0.99679, "DOT": 0.825072, "MNT": 0.420572, "DEXE": 29.15, "WLD": 0.387013, "AAVE": 88.17, "MORPHO": 2.04, "BFUSD": 0.99827, "SKY": 0.055801, "ICP": 2.23, "BGB": 1.64, "PI": 0.102943, "PEPE": 2.6e-06, "ETC": 6.89, "U": 0.999898, "EUTBL": 1.2, "BCAP": 106.63, "QNT": 65.68, "KCS": 6.92, "JTRSY": 1.11, "USDGO": 0.999995, "STABLE": 0.03521643, "USTB": 11.14, "POL": 0.076323, "JST": 0.094809, "ATOM": 1.56, "KAS": 0.02921256, "RENDER": 1.54, "ALGO": 0.084598, "ADI": 5.97, "NEXO": 0.742413, "EURSAFO": 1.15, "USDTB": 1.0, "BEAT": 2.34, "BDX": 0.091302, "\u5e01\u5b89\u4eba\u751f": 0.714696, "ENA": 0.074608, "JUP": 0.21296, "GT": 6.6, "JAAA": 1.04, "FIL": 0.763453, "PUMP": 0.00148867, "GHO": 0.998296, "LIT": 2.33, "FLR": 0.00656452, "USD0": 0.998615, "XDC": 0.0271784, "VVV": 11.44, "YLDS": 0.999845, "NIGHT": 0.03186888}}