{"timestamp": 1781002376, "base": "USD", "data": {"BTC": 62662, "ETH": 1671.1, "USDT": 0.99944, "BNB": 599.0, "USDC": 0.999804, "XRP": 1.16, "SOL": 66.14, "TRX": 0.321527, "FIGR_HELOC": 1.027, "HYPE": 61.92, "DOGE": 0.085371, "USDS": 0.999712, "LEO": 9.45, "RAIN": 0.01296965, "ZEC": 472.31, "XLM": 0.197283, "CC": 0.163286, "ADA": 0.167497, "XMR": 318.78, "LINK": 7.87, "WBT": 44.63, "TON": 1.72, "USD1": 0.998709, "USDE": 0.999207, "DAI": 0.99964, "BCH": 206.95, "M": 2.95, "HBAR": 0.080235, "LAB": 10.76, "LTC": 42.4, "SUI": 0.746225, "USYC": 1.13, "AVAX": 6.68, "NEAR": 2.16, "PYUSD": 0.999971, "SHIB": 4.68e-06, "CRO": 0.061102, "XAUT": 4309.65, "USDG": 0.999935, "BUIDL": 1.0, "USDY": 1.13, "TAO": 214.7, "PAXG": 4321.4, "MNT": 0.539573, "ONDO": 0.363197, "WLFI": 0.055608, "WLD": 0.51367, "RLUSD": 0.999974, "DOT": 0.965059, "ASTER": 0.619279, "HTX": 1.72e-06, "UNI": 2.5, "OKB": 73.19, "USDF": 0.995478, "PI": 0.12888, "USDD": 0.999402, "BFUSD": 0.9989, "SKY": 0.056494, "ICP": 2.31, "BGB": 1.82, "BEAT": 4.43, "PEPE": 2.78e-06, "MORPHO": 1.76, "ETC": 7.01, "DEXE": 22.58, "USDTB": 0.999781, "EUTBL": 1.22, "U": 0.9998, "BCAP": 106.96, "QNT": 66.84, "USTB": 11.11, "AAVE": 62.11, "ATOM": 1.74, "SIREN": 1.22, "JTRSY": 1.11, "KAS": 0.0313262, "KCS": 6.37, "RENDER": 1.63, "ALGO": 0.091489, "POL": 0.075673, "NEXO": 0.772311, "ENA": 0.080291, "VVV": 15.73, "STABLE": 0.03101928, "\u5e01\u5b89\u4eba\u751f": 0.710357, "JST": 0.082774, "GT": 6.42, "XDC": 0.03176465, "BDX": 0.079352, "FLR": 0.00712076, "FIL": 0.764907, "GHO": 0.999325, "INJ": 5.75, "USD0": 0.99889, "PUMP": 0.00156007, "APT": 0.664416, "YLDS": 0.999607, "HASH": 0.00981418, "NIGHT": 0.03181673, "A7A5": 0.0131635}}