{"timestamp": 1777500836, "base": "USD", "data": {"BTC": 75883, "ETH": 2251.57, "USDT": 0.999573, "XRP": 1.37, "BNB": 616.66, "USDC": 0.999812, "SOL": 82.84, "TRX": 0.323437, "FIGR_HELOC": 1.034, "DOGE": 0.103141, "WBT": 54.02, "USDS": 0.999676, "HYPE": 40.06, "LEO": 10.36, "ADA": 0.244174, "BCH": 447.2, "XMR": 376.33, "LINK": 9.1, "CC": 0.151123, "ZEC": 327.06, "XLM": 0.160172, "USD1": 0.999672, "M": 3.42, "DAI": 0.999321, "LTC": 55.16, "AVAX": 9.13, "HBAR": 0.088623, "USDE": 0.999018, "RAIN": 0.00786674, "SHIB": 6.14e-06, "SUI": 0.906366, "PYUSD": 0.99989, "TON": 1.32, "CRO": 0.068213, "USYC": 1.12, "XAUT": 4544.24, "USDG": 0.999752, "TAO": 255.78, "BUIDL": 1.0, "PAXG": 4539.64, "MNT": 0.624593, "DOT": 1.21, "WLFI": 0.063877, "UNI": 3.19, "PI": 0.190034, "SKY": 0.081576, "USDF": 0.996659, "OKB": 82.17, "NEAR": 1.33, "ASTER": 0.658364, "HTX": 1.82e-06, "PEPE": 3.85e-06, "RLUSD": 0.999822, "USDD": 0.999835, "AAVE": 93.89, "BGB": 1.98, "USDY": 1.12, "BFUSD": 0.999, "JTRSY": 1.1, "ICP": 2.38, "ETC": 8.33, "ONDO": 0.262745, "MORPHO": 1.96, "KCS": 8.44, "GT": 7.23, "U": 0.99976, "QNT": 69.42, "ALGO": 0.110666, "EUTBL": 1.23, "POL": 0.092419, "ATOM": 1.92, "BCAP": 105.75, "USTB": 11.07, "ENA": 0.103905, "KAS": 0.03247023, "NEXO": 0.885102, "RENDER": 1.7, "WLD": 0.246503, "APT": 0.989053, "ARB": 0.125104, "JST": 0.086706, "STABLE": 0.03270815, "FIL": 0.912186, "FLR": 0.00750418, "PUMP": 0.00174075, "BDX": 0.080047, "PENGU": 0.00979828, "OUSG": 115.08, "VET": 0.0069888, "JUP": 0.180325, "XDC": 0.0295464, "USDTB": 0.999826, "HASH": 0.0111423, "GHO": 0.999425, "DEXE": 12.39, "USD0": 0.998101, "TRUMP": 2.39, "BONK": 6.16e-06, "NIGHT": 0.03264574, "YLDS": 0.999987}}