{"timestamp": 1779580251, "base": "USD", "data": {"BTC": 76636, "ETH": 2117.09, "USDT": 0.998715, "BNB": 655.94, "XRP": 1.36, "USDC": 0.999755, "SOL": 85.64, "TRX": 0.362449, "FIGR_HELOC": 1.03, "DOGE": 0.102945, "HYPE": 58.34, "USDS": 0.999581, "ZEC": 632.64, "LEO": 10.09, "ADA": 0.245642, "XMR": 385.45, "BCH": 355.0, "LINK": 9.55, "WBT": 56.58, "CC": 0.161089, "XLM": 0.147758, "TON": 1.81, "USD1": 0.999173, "USDE": 0.999106, "DAI": 0.999623, "SUI": 1.065, "LTC": 53.45, "AVAX": 9.38, "HBAR": 0.089638, "M": 2.87, "RAIN": 0.00755767, "PYUSD": 0.999664, "SHIB": 5.66e-06, "NEAR": 2.45, "CRO": 0.069429, "USYC": 1.13, "USDG": 0.999818, "TAO": 279.27, "XAUT": 4508.31, "BUIDL": 1.0, "UNI": 3.45, "MNT": 0.664215, "DOT": 1.29, "USDY": 1.13, "PAXG": 4522.0, "ONDO": 0.424076, "WLFI": 0.061863, "HTX": 2e-06, "USDF": 0.996919, "RLUSD": 1.0, "ASTER": 0.680843, "OKB": 82.43, "SKY": 0.070194, "PI": 0.151899, "PEPE": 3.64e-06, "USDD": 0.998778, "ICP": 2.6, "ETC": 8.98, "BGB": 1.97, "MORPHO": 2.09, "BFUSD": 0.998502, "AAVE": 86.41, "QNT": 78.96, "USDTB": 0.999165, "KCS": 8.06, "ATOM": 2.1, "EUTBL": 1.22, "U": 0.999852, "ALGO": 0.114651, "WLD": 0.297178, "RENDER": 1.94, "USTB": 11.09, "POL": 0.091094, "BCAP": 105.74, "JTRSY": 1.1, "KAS": 0.033813, "ENA": 0.10195, "NEXO": 0.880855, "VVV": 18.48, "APT": 0.968139, "JST": 0.092038, "FIL": 0.98006, "STABLE": 0.03333336, "GT": 7.02, "FLR": 0.00841682, "JUP": 0.212932, "ARB": 0.109363, "DEXE": 13.56, "XDC": 0.03173379, "PUMP": 0.00177433, "BDX": 0.078678, "HASH": 0.01130564, "DASH": 45.78, "GHO": 0.998842, "VET": 0.00675471, "PENGU": 0.00899734, "NIGHT": 0.03363337, "USD0": 0.998397, "OUSG": 115.33, "BONK": 6.12e-06}}