{"timestamp": 1781299595, "base": "USD", "data": {"BTC": 63520, "ETH": 1666.26, "USDT": 0.999414, "BNB": 603.53, "USDC": 0.999789, "XRP": 1.13, "SOL": 66.83, "TRX": 0.314836, "FIGR_HELOC": 1.033, "DOGE": 0.087579, "HYPE": 60.89, "USDS": 0.999686, "LEO": 9.66, "RAIN": 0.01302027, "ZEC": 414.75, "XMR": 355.66, "XLM": 0.18996, "ADA": 0.170022, "CC": 0.16079, "WBT": 51.87, "LINK": 7.86, "TON": 1.68, "USDE": 0.999607, "USD1": 1.0, "DAI": 0.99968, "BCH": 205.26, "M": 3.04, "HBAR": 0.078199, "LTC": 43.03, "LAB": 9.69, "SUI": 0.750523, "USYC": 1.13, "SHIB": 4.86e-06, "AVAX": 6.59, "CRO": 0.059302, "USDG": 0.999974, "PYUSD": 0.999961, "NEAR": 2.01, "XAUT": 4199.54, "BUIDL": 1.0, "BEAT": 7.43, "USDY": 1.13, "TAO": 212.85, "PAXG": 4208.14, "WLFI": 0.058294, "MNT": 0.538294, "ONDO": 0.356238, "ASTER": 0.629141, "RLUSD": 1.0, "DOT": 0.958374, "WLD": 0.464338, "UNI": 2.52, "OKB": 73.21, "HTX": 1.69e-06, "USDF": 0.996235, "PI": 0.12635, "USDD": 0.999437, "BFUSD": 0.999253, "SKY": 0.056384, "MORPHO": 1.95, "ICP": 2.27, "BGB": 1.78, "PEPE": 2.82e-06, "ETC": 7.16, "ATOM": 1.97, "U": 1.0, "AAVE": 64.66, "BCAP": 106.96, "EUTBL": 1.22, "QNT": 66.42, "DEXE": 20.61, "USTB": 11.11, "USDTB": 0.999878, "KCS": 6.65, "JTRSY": 1.11, "RENDER": 1.66, "KAS": 0.03107877, "STABLE": 0.03502226, "NEXO": 0.798183, "POL": 0.074173, "ALGO": 0.087368, "ENA": 0.079264, "GT": 6.51, "FLR": 0.00808892, "JAAA": 1.038, "\u5e01\u5b89\u4eba\u751f": 0.678428, "VVV": 14.32, "JST": 0.075582, "BDX": 0.079099, "XDC": 0.0301506, "GHO": 0.999042, "FIL": 0.750661, "NIGHT": 0.03403185, "JUP": 0.167018, "USD0": 0.998575, "YLDS": 0.999802, "HASH": 0.01006804, "PUMP": 0.00151936, "APT": 0.645158, "ARB": 0.084067}}