{"timestamp": 1783970034, "base": "USD", "data": {"BTC": 61996, "ETH": 1764.33, "USDT": 0.998926, "BNB": 564.14, "USDC": 0.999798, "XRP": 1.061, "SOL": 74.79, "TRX": 0.325643, "FIGR_HELOC": 1.033, "HYPE": 63.73, "DOGE": 0.071341, "USDS": 0.999648, "RAIN": 0.01436661, "LEO": 9.51, "ZEC": 508.58, "WBT": 54.4, "XLM": 0.181368, "XMR": 320.07, "LINK": 7.84, "ADA": 0.157333, "CC": 0.132995, "BCH": 235.58, "DAI": 0.999587, "USD1": 0.998891, "GRAM": 1.59, "USDE": 0.999637, "LTC": 43.08, "USDG": 1.0, "USYC": 1.13, "SUI": 0.716936, "HBAR": 0.066235, "BUIDL": 1.0, "PYUSD": 0.999679, "AVAX": 6.44, "CRO": 0.054363, "NEAR": 1.89, "XAUT": 3996.12, "SHIB": 4.12e-06, "UNI": 3.5, "USDY": 1.14, "DEXE": 41.7, "TAO": 198.79, "WLFI": 0.057193, "PAXG": 3998.11, "OKB": 80.11, "ASTER": 0.622542, "HTX": 1.82e-06, "M": 1.21, "USDD": 0.998424, "RLUSD": 1.0, "ONDO": 0.311562, "AAVE": 94.24, "USDF": 0.99568, "DOT": 0.83149, "MNT": 0.425031, "WLD": 0.393285, "SKY": 0.058913, "BFUSD": 0.99844, "MORPHO": 1.99, "ICP": 2.17, "BGB": 1.63, "PEPE": 2.68e-06, "ETC": 6.87, "U": 0.999541, "EUTBL": 1.2, "BCAP": 106.63, "QNT": 64.76, "USDGO": 0.999738, "KCS": 6.74, "STABLE": 0.03703811, "ADI": 7.03, "PI": 0.080318, "POL": 0.082067, "JTRSY": 1.11, "JST": 0.099608, "EURSAFO": 1.15, "BEAT": 2.66, "ATOM": 1.54, "KAS": 0.02834146, "USTB": 11.14, "RENDER": 1.49, "ENA": 0.078244, "ALGO": 0.083247, "BDX": 0.093859, "NEXO": 0.727494, "USDTB": 1.0, "GT": 6.59, "\u5e01\u5b89\u4eba\u751f": 0.699901, "JUP": 0.209127, "JAAA": 1.041, "FIL": 0.750862, "GHO": 0.997953, "PUMP": 0.00145492, "LIT": 2.31, "ARB": 0.090451, "USD0": 0.998362, "FLR": 0.00636134, "XDC": 0.02691569, "YLDS": 0.99984, "USX": 0.999704}}