{"timestamp": 1780442899, "base": "USD", "data": {"BTC": 66250, "ETH": 1844.69, "USDT": 0.998652, "BNB": 645.88, "USDC": 0.999711, "XRP": 1.2, "SOL": 73.17, "TRX": 0.332234, "FIGR_HELOC": 1.032, "HYPE": 68.73, "DOGE": 0.09194, "USDS": 0.999661, "ZEC": 587.56, "LEO": 10.05, "RAIN": 0.01384803, "ADA": 0.211, "XLM": 0.217157, "LINK": 8.31, "XMR": 323.14, "CC": 0.149729, "WBT": 48.74, "BCH": 268.05, "TON": 1.95, "USD1": 0.998942, "USDE": 0.998825, "M": 3.34, "DAI": 0.999562, "LAB": 12.38, "HBAR": 0.086172, "LTC": 46.59, "AVAX": 8.1, "NEAR": 2.55, "SUI": 0.798945, "SHIB": 5.12e-06, "PYUSD": 0.999718, "USYC": 1.13, "CRO": 0.062172, "XAUT": 4443.7, "USDG": 0.999821, "BUIDL": 1.0, "TAO": 226.01, "USDY": 1.13, "PAXG": 4461.07, "MNT": 0.606052, "WLFI": 0.059277, "ONDO": 0.384456, "DOT": 1.067, "RLUSD": 0.999812, "OKB": 83.16, "ASTER": 0.669708, "UNI": 2.75, "ICP": 2.98, "USDF": 0.994374, "HTX": 1.76e-06, "SKY": 0.066675, "PI": 0.137765, "USDD": 0.998379, "BGB": 1.94, "BFUSD": 0.998009, "PEPE": 3.08e-06, "WLD": 0.384923, "MORPHO": 1.9, "H": 0.659179, "ETC": 7.57, "AAVE": 72.79, "QNT": 73.74, "RENDER": 2.02, "USDTB": 0.998999, "KCS": 7.43, "EUTBL": 1.22, "ALGO": 0.111606, "BCAP": 107.16, "POL": 0.089256, "USTB": 11.1, "ATOM": 1.8, "U": 0.999399, "JTRSY": 1.11, "VVV": 18.15, "DEXE": 18.24, "STABLE": 0.03630841, "ENA": 0.091969, "NEXO": 0.796201, "JST": 0.09261, "KAS": 0.02848215, "GT": 6.76, "FIL": 0.853814, "APT": 0.816913, "INJ": 6.5, "JUP": 0.192324, "\u5e01\u5b89\u4eba\u751f": 0.630366, "XDC": 0.03133453, "FLR": 0.00709859, "BDX": 0.078069, "NIGHT": 0.03631711, "GHO": 0.999221, "ARB": 0.091673, "PUMP": 0.00162618, "USD0": 0.99851, "FET": 0.242341, "HASH": 0.00973556}}