{"timestamp": 1778928967, "base": "USD", "data": {"BTC": 77881, "ETH": 2171.4, "USDT": 0.999479, "BNB": 653.81, "XRP": 1.41, "USDC": 0.999816, "SOL": 85.86, "TRX": 0.351876, "FIGR_HELOC": 1.031, "DOGE": 0.108614, "WBT": 57.36, "USDS": 0.999744, "HYPE": 40.87, "ADA": 0.253566, "LEO": 10.05, "BCH": 411.99, "ZEC": 487.54, "LINK": 9.65, "XMR": 377.18, "CC": 0.148711, "TON": 1.9, "XLM": 0.150736, "USD1": 0.999961, "DAI": 0.999732, "LTC": 55.73, "USDE": 0.999725, "SUI": 1.044, "M": 3.14, "AVAX": 9.23, "HBAR": 0.090775, "RAIN": 0.00728677, "SHIB": 5.89e-06, "PYUSD": 0.999837, "CRO": 0.070441, "USDG": 0.999776, "USYC": 1.12, "BUIDL": 1.0, "XAUT": 4527.79, "TAO": 271.35, "UNI": 3.47, "PAXG": 4528.7, "MNT": 0.642219, "DOT": 1.25, "NEAR": 1.5, "WLFI": 0.060656, "USDY": 1.13, "USDF": 0.998099, "HTX": 1.94e-06, "OKB": 82.84, "ASTER": 0.660005, "PI": 0.158832, "ONDO": 0.341603, "SKY": 0.069111, "PEPE": 3.71e-06, "RLUSD": 1.0, "USDD": 0.999229, "BGB": 2.02, "ICP": 2.53, "ETC": 8.82, "AAVE": 88.52, "BFUSD": 0.9991, "QNT": 82.51, "MORPHO": 1.74, "KCS": 8.01, "USDTB": 0.999591, "JTRSY": 1.1, "U": 1.0, "EUTBL": 1.22, "USTB": 11.08, "ATOM": 1.94, "ALGO": 0.109851, "BCAP": 105.87, "ENA": 0.105547, "POL": 0.088949, "RENDER": 1.8, "KAS": 0.03380701, "NEXO": 0.854316, "WLD": 0.236847, "FLR": 0.00923228, "JST": 0.09085, "APT": 0.942982, "GT": 7.12, "FIL": 0.961256, "ARB": 0.118354, "STABLE": 0.03199334, "JUP": 0.198563, "XDC": 0.03299034, "PUMP": 0.00172674, "BDX": 0.078839, "DEXE": 12.92, "VVV": 12.58, "GHO": 0.99933, "VET": 0.00676791, "HASH": 0.010696, "USD0": 0.998245, "OUSG": 115.25, "BONK": 6.18e-06, "YLDS": 0.999858, "PENGU": 0.00839935, "NIGHT": 0.03170482}}