{"timestamp": 1784685084, "base": "USD", "data": {"BTC": 66433, "ETH": 1935.15, "USDT": 0.999268, "BNB": 573.57, "USDC": 0.999907, "XRP": 1.14, "SOL": 78.35, "TRX": 0.328938, "FIGR_HELOC": 1.005, "HYPE": 60.92, "DOGE": 0.073575, "RAIN": 0.01538915, "USDS": 0.999866, "LEO": 9.74, "ZEC": 532.33, "WBT": 57.83, "XMR": 358.68, "XLM": 0.193386, "LINK": 8.71, "ADA": 0.174298, "CC": 0.126526, "DAI": 0.99994, "BCH": 224.4, "USD1": 0.998799, "GRAM": 1.53, "USDE": 0.999844, "LTC": 46.85, "USDG": 1.0, "SUI": 0.768288, "HBAR": 0.069944, "USYC": 1.13, "AVAX": 6.57, "PYUSD": 0.999814, "CRO": 0.058668, "BUIDL": 1.0, "NEAR": 1.94, "XAUT": 4112.55, "SHIB": 4.27e-06, "UNI": 3.71, "USDY": 1.14, "ONDO": 0.401818, "TAO": 200.04, "PAXG": 4110.18, "WLFI": 0.057004, "OKB": 82.74, "ASTER": 0.626788, "HTX": 1.85e-06, "RLUSD": 0.999917, "M": 1.18, "USDD": 0.999409, "AAVE": 96.65, "SKY": 0.062694, "DOT": 0.851792, "USDF": 0.995875, "MNT": 0.428094, "WLD": 0.382399, "MORPHO": 2.06, "BFUSD": 0.998514, "ICP": 2.21, "PEPE": 2.88e-06, "BGB": 1.69, "ETC": 7.01, "U": 0.999831, "EUTBL": 1.2, "PI": 0.092121, "USDGO": 1.0, "BCAP": 106.2, "QNT": 64.11, "KCS": 6.72, "STABLE": 0.03638003, "JTRSY": 1.11, "POL": 0.080017, "EURSAFO": 1.15, "ADI": 6.78, "ENA": 0.087263, "JST": 0.101169, "PUMP": 0.00206812, "RENDER": 1.53, "KAS": 0.02855651, "ATOM": 1.49, "USTB": 11.15, "NEXO": 0.76772, "BEAT": 2.46, "ALGO": 0.084196, "GT": 6.73, "JAAA": 1.042, "JUP": 0.200921, "BDX": 0.083279, "GHO": 0.998923, "FIL": 0.774545, "\u5e01\u5b89\u4eba\u751f": 0.606761, "VVV": 12.64, "ARB": 0.090023, "FLR": 0.00678019, "XDC": 0.02929456, "LIT": 2.31, "YLDS": 0.99993, "USD0": 0.999368, "INJ": 5.36, "USX": 0.999904}}