{"timestamp": 1780007257, "base": "USD", "data": {"BTC": 73584, "ETH": 2011.64, "USDT": 0.998635, "BNB": 639.51, "XRP": 1.32, "USDC": 0.999618, "SOL": 82.09, "TRX": 0.351932, "FIGR_HELOC": 1.015, "DOGE": 0.099599, "HYPE": 61.31, "USDS": 0.999617, "LEO": 10.07, "ZEC": 546.22, "RAIN": 0.01426486, "ADA": 0.234935, "XLM": 0.209934, "XMR": 355.89, "LINK": 9.0, "WBT": 54.08, "BCH": 299.3, "CC": 0.153208, "TON": 1.76, "USD1": 0.998094, "USDE": 0.998949, "DAI": 0.999426, "LTC": 51.75, "HBAR": 0.090714, "AVAX": 8.93, "M": 2.95, "SUI": 0.928295, "SHIB": 5.36e-06, "NEAR": 2.43, "PYUSD": 0.999805, "USYC": 1.13, "CRO": 0.066825, "XAUT": 4473.77, "USDG": 0.999734, "TAO": 260.9, "BUIDL": 1.0, "USDY": 1.13, "PAXG": 4480.29, "MNT": 0.629321, "DOT": 1.22, "UNI": 3.05, "WLFI": 0.05923, "OKB": 87.41, "ONDO": 0.369564, "ASTER": 0.674637, "RLUSD": 0.999709, "HTX": 1.86e-06, "USDF": 0.994888, "PI": 0.144944, "SKY": 0.065165, "ICP": 2.72, "PEPE": 3.39e-06, "USDD": 0.999129, "BGB": 1.99, "BFUSD": 0.998351, "MORPHO": 2.06, "ETC": 8.27, "AAVE": 81.0, "U": 0.999798, "KCS": 7.88, "USDTB": 0.998933, "QNT": 71.92, "ATOM": 2.04, "RENDER": 2.0, "EUTBL": 1.23, "ALGO": 0.110753, "BCAP": 107.16, "WLD": 0.27927, "POL": 0.087657, "USTB": 11.1, "STABLE": 0.03774293, "JTRSY": 1.1, "KAS": 0.03111914, "NEXO": 0.829215, "DEXE": 17.26, "JST": 0.093293, "ENA": 0.08822, "APT": 0.937437, "VVV": 16.32, "FIL": 0.952016, "GT": 6.8, "FDUSD": 0.998058, "FLR": 0.00782073, "ARB": 0.10455, "XDC": 0.03158524, "PUMP": 0.00170349, "BDX": 0.077469, "NIGHT": 0.03561508, "GHO": 0.998857, "JUP": 0.175569, "USD0": 0.998557, "HASH": 0.01030191, "INJ": 5.48, "APXUSD": 0.999431, "OUSG": 115.39, "A7A5": 0.01320415}}