{"timestamp": 1783784742, "base": "USD", "data": {"BTC": 64076, "ETH": 1812.47, "USDT": 0.999159, "BNB": 579.13, "USDC": 0.999813, "XRP": 1.11, "SOL": 78.23, "TRX": 0.330978, "FIGR_HELOC": 1.033, "HYPE": 66.99, "DOGE": 0.075128, "USDS": 0.999774, "RAIN": 0.01435594, "LEO": 9.5, "ZEC": 504.32, "WBT": 56.21, "XLM": 0.190939, "ADA": 0.172078, "XMR": 320.79, "LINK": 8.05, "CC": 0.13544, "BCH": 247.62, "DAI": 0.999679, "GRAM": 1.67, "USD1": 0.999348, "USDE": 0.999835, "LTC": 45.14, "USDG": 1.0, "USYC": 1.13, "HBAR": 0.069638, "SUI": 0.743118, "AVAX": 6.75, "BUIDL": 1.0, "PYUSD": 0.999757, "CRO": 0.056471, "SHIB": 4.4e-06, "XAUT": 4098.83, "NEAR": 1.9, "UNI": 3.76, "USDY": 1.13, "TAO": 212.35, "WLFI": 0.057988, "PAXG": 4101.74, "DEXE": 37.75, "OKB": 80.75, "ASTER": 0.628624, "HTX": 1.84e-06, "M": 1.26, "ONDO": 0.332729, "USDD": 0.999168, "RLUSD": 1.0, "AAVE": 99.53, "DOT": 0.879507, "WLD": 0.409001, "MORPHO": 2.19, "USDF": 0.995077, "MNT": 0.426897, "SKY": 0.059918, "BFUSD": 0.998799, "ICP": 2.27, "PEPE": 2.78e-06, "BGB": 1.65, "ETC": 7.1, "PI": 0.098333, "U": 1.001, "EUTBL": 1.2, "QNT": 66.88, "BCAP": 106.63, "KCS": 7.02, "USDGO": 0.999995, "JTRSY": 1.11, "JST": 0.101125, "STABLE": 0.03523437, "POL": 0.079721, "ATOM": 1.59, "RENDER": 1.57, "KAS": 0.02954438, "ADI": 6.36, "BEAT": 2.54, "ENA": 0.082378, "USTB": 11.14, "ALGO": 0.086743, "EURSAFO": 1.15, "NEXO": 0.752518, "USDTB": 1.001, "GT": 6.73, "JUP": 0.209757, "BDX": 0.088477, "JAAA": 1.041, "\u5e01\u5b89\u4eba\u751f": 0.67939, "LIT": 2.59, "FIL": 0.792742, "ARB": 0.095832, "GHO": 0.998414, "PUMP": 0.00144717, "FLR": 0.00664051, "USD0": 0.998838, "XDC": 0.02723196, "YLDS": 0.999703, "APT": 0.637814}}