{"timestamp": 1782895489, "base": "USD", "data": {"BTC": 58607, "ETH": 1571.47, "USDT": 0.998647, "BNB": 544.69, "USDC": 0.999596, "XRP": 1.039, "SOL": 74.59, "TRX": 0.315729, "FIGR_HELOC": 1.014, "HYPE": 63.52, "DOGE": 0.070987, "RAIN": 0.01558662, "USDS": 0.999483, "LEO": 9.24, "XLM": 0.201824, "ZEC": 399.09, "WBT": 53.88, "XMR": 305.97, "CC": 0.147287, "ADA": 0.149534, "LINK": 7.19, "DAI": 0.999699, "USD1": 0.998643, "USDE": 0.998103, "GRAM": 1.56, "BCH": 202.49, "LAB": 10.49, "LTC": 42.15, "USYC": 1.13, "HBAR": 0.068908, "USDG": 0.999568, "AVAX": 6.63, "SUI": 0.693998, "PYUSD": 0.999372, "SHIB": 4.21e-06, "CRO": 0.053559, "XAUT": 3969.61, "NEAR": 1.78, "BUIDL": 1.0, "USDY": 1.14, "TAO": 197.37, "WLFI": 0.058771, "PAXG": 3969.71, "UNI": 2.76, "OKB": 80.65, "ASTER": 0.626381, "ONDO": 0.309265, "HTX": 1.62e-06, "USDF": 0.99483, "RLUSD": 0.999869, "DOT": 0.832202, "USDD": 0.998586, "WLD": 0.391392, "MNT": 0.402334, "BFUSD": 0.998113, "AAVE": 85.7, "MORPHO": 1.93, "PI": 0.114176, "SKY": 0.0525, "ICP": 2.09, "BGB": 1.6, "DEXE": 22.94, "ETC": 6.83, "M": 0.778695, "U": 0.999409, "BCAP": 106.97, "PEPE": 2.26e-06, "QNT": 65.09, "KCS": 6.68, "EUTBL": 1.2, "STABLE": 0.0379434, "JTRSY": 1.11, "USTB": 11.13, "USDGO": 0.999996, "KAS": 0.03054226, "BEAT": 2.72, "ATOM": 1.51, "RENDER": 1.5, "JST": 0.088409, "JUP": 0.225924, "ALGO": 0.083079, "USDTB": 0.999847, "POL": 0.068912, "NEXO": 0.707869, "GT": 6.48, "ADI": 5.51, "JAAA": 1.039, "BDX": 0.085675, "\u5e01\u5b89\u4eba\u751f": 0.661951, "ENA": 0.07103, "VELVET": 1.56, "EURSAFO": 1.15, "GHO": 0.997872, "VVV": 12.42, "FIL": 0.719697, "PUMP": 0.00140172, "YLDS": 0.999552, "USD0": 0.998332, "XDC": 0.02771128, "FLR": 0.00634341}}