{"timestamp": 1784404758, "base": "USD", "data": {"BTC": 64513, "ETH": 1856.67, "USDT": 0.999335, "BNB": 570.32, "USDC": 0.999861, "XRP": 1.093, "SOL": 75.34, "TRX": 0.325376, "FIGR_HELOC": 1.033, "HYPE": 59.82, "DOGE": 0.072343, "USDS": 0.999856, "RAIN": 0.01435502, "ZEC": 556.56, "LEO": 9.79, "WBT": 56.2, "XLM": 0.187193, "XMR": 335.29, "LINK": 8.33, "ADA": 0.165792, "CC": 0.124931, "DAI": 0.999988, "BCH": 220.01, "USD1": 0.999193, "GRAM": 1.47, "USDE": 0.999943, "LTC": 46.93, "USDG": 1.002, "USYC": 1.13, "SUI": 0.741661, "HBAR": 0.066788, "PYUSD": 0.999876, "AVAX": 6.57, "CRO": 0.059784, "BUIDL": 1.0, "NEAR": 1.93, "XAUT": 4006.27, "SHIB": 4.14e-06, "UNI": 3.52, "USDY": 1.14, "TAO": 195.85, "WLFI": 0.056924, "PAXG": 4004.68, "OKB": 81.25, "ONDO": 0.348443, "DEXE": 35.81, "ASTER": 0.620211, "HTX": 1.83e-06, "M": 1.23, "RLUSD": 1.0, "USDD": 0.999248, "SKY": 0.06251, "USDF": 0.995529, "DOT": 0.835568, "MNT": 0.419403, "AAVE": 89.54, "MORPHO": 2.02, "BFUSD": 0.99851, "WLD": 0.370584, "ICP": 2.16, "PEPE": 2.76e-06, "BGB": 1.65, "ETC": 6.97, "U": 0.999789, "USDGO": 1.0, "EUTBL": 1.21, "BCAP": 106.19, "QNT": 64.7, "PI": 0.085318, "KCS": 6.64, "STABLE": 0.03565011, "JTRSY": 1.11, "POL": 0.081134, "EURSAFO": 1.15, "ADI": 6.49, "JST": 0.098497, "ATOM": 1.5, "ENA": 0.08039, "USTB": 11.15, "RENDER": 1.47, "KAS": 0.02751485, "NEXO": 0.752331, "ALGO": 0.082386, "BEAT": 2.38, "GT": 6.75, "\u5e01\u5b89\u4eba\u751f": 0.689011, "JAAA": 1.041, "PUMP": 0.00163861, "BDX": 0.082928, "GHO": 0.998995, "JUP": 0.192306, "FIL": 0.748044, "FLR": 0.00651401, "ARB": 0.088033, "XDC": 0.02805575, "YLDS": 0.999925, "LIT": 2.21, "USD0": 0.998784, "VVV": 11.5, "USX": 1.0}}