{"timestamp": 1783029638, "base": "USD", "data": {"BTC": 61502, "ETH": 1697.38, "USDT": 0.998909, "BNB": 557.19, "USDC": 0.999752, "XRP": 1.08, "SOL": 80.64, "TRX": 0.317092, "FIGR_HELOC": 1.039, "HYPE": 65.82, "DOGE": 0.073947, "RAIN": 0.01550051, "USDS": 0.999642, "LEO": 9.13, "ZEC": 432.33, "XLM": 0.196127, "WBT": 55.58, "ADA": 0.160746, "XMR": 316.64, "LINK": 7.73, "CC": 0.140242, "DAI": 0.999902, "USD1": 0.998476, "GRAM": 1.7, "USDE": 0.998374, "BCH": 220.52, "LAB": 11.48, "LTC": 43.36, "HBAR": 0.071397, "USYC": 1.13, "USDG": 0.999977, "SUI": 0.734078, "AVAX": 6.77, "PYUSD": 0.999888, "CRO": 0.055855, "XAUT": 4114.66, "SHIB": 4.26e-06, "NEAR": 1.92, "BUIDL": 1.0, "USDY": 1.14, "M": 1.58, "TAO": 209.23, "UNI": 3.2, "PAXG": 4116.7, "WLFI": 0.057986, "ASTER": 0.635707, "OKB": 80.89, "RLUSD": 0.999685, "ONDO": 0.327412, "HTX": 1.67e-06, "MNT": 0.43552, "DOT": 0.839791, "USDF": 0.995153, "WLD": 0.399593, "USDD": 0.997083, "SKY": 0.058507, "MORPHO": 2.04, "BFUSD": 0.99851, "AAVE": 86.35, "PI": 0.11673, "ICP": 2.19, "BGB": 1.71, "ETC": 7.08, "DEXE": 23.14, "U": 0.999504, "PEPE": 2.43e-06, "KCS": 7.15, "QNT": 67.13, "EUTBL": 1.21, "BCAP": 106.97, "BEAT": 3.1, "USDGO": 0.999918, "JTRSY": 1.11, "KAS": 0.03084701, "STABLE": 0.03518963, "USTB": 11.13, "JUP": 0.246442, "RENDER": 1.57, "ATOM": 1.55, "POL": 0.073293, "NEXO": 0.773021, "ALGO": 0.085984, "JST": 0.087505, "USDTB": 0.9999, "ENA": 0.07657, "GT": 6.65, "ADI": 5.64, "BDX": 0.087761, "JAAA": 1.04, "EURSAFO": 1.15, "\u5e01\u5b89\u4eba\u751f": 0.674181, "VVV": 13.1, "PUMP": 0.00152546, "FIL": 0.770727, "GHO": 0.997982, "FLR": 0.00661577, "XDC": 0.02826559, "YLDS": 0.999843, "USD0": 0.998506, "NIGHT": 0.03181683}}