{"timestamp": 1783354381, "base": "USD", "data": {"BTC": 63624, "ETH": 1796.93, "USDT": 0.999235, "BNB": 584.98, "USDC": 0.999775, "XRP": 1.14, "SOL": 81.75, "TRX": 0.327474, "FIGR_HELOC": 1.009, "HYPE": 71.04, "DOGE": 0.076307, "USDS": 0.999719, "RAIN": 0.01510264, "LEO": 9.4, "ZEC": 453.61, "ADA": 0.185449, "XLM": 0.199545, "WBT": 57.06, "XMR": 321.58, "LINK": 8.03, "CC": 0.139494, "LAB": 16.39, "GRAM": 1.78, "BCH": 239.89, "DAI": 0.999734, "USD1": 0.998132, "USDE": 0.998725, "LTC": 44.98, "HBAR": 0.074478, "USDG": 0.999918, "USYC": 1.13, "SUI": 0.744236, "AVAX": 6.92, "PYUSD": 0.999738, "CRO": 0.059583, "NEAR": 2.09, "SHIB": 4.39e-06, "XAUT": 4134.25, "BUIDL": 1.0, "USDY": 1.14, "TAO": 212.51, "UNI": 3.19, "PAXG": 4137.45, "WLFI": 0.057983, "ASTER": 0.638921, "OKB": 79.52, "ONDO": 0.337996, "HTX": 1.77e-06, "RLUSD": 1.0, "M": 1.13, "DOT": 0.881996, "WLD": 0.418389, "AAVE": 96.43, "USDD": 0.999241, "MNT": 0.437258, "USDF": 0.996427, "DEXE": 28.78, "SKY": 0.056972, "BFUSD": 0.99853, "MORPHO": 2.0, "PI": 0.113146, "ICP": 2.21, "BGB": 1.68, "PEPE": 2.74e-06, "ETC": 7.16, "U": 0.999798, "EUTBL": 1.2, "KCS": 7.17, "BCAP": 106.97, "QNT": 66.9, "USDGO": 1.0, "JTRSY": 1.11, "USTB": 11.13, "KAS": 0.03026005, "RENDER": 1.6, "ATOM": 1.59, "STABLE": 0.03382884, "POL": 0.074859, "JUP": 0.240348, "ALGO": 0.088432, "JST": 0.091745, "NEXO": 0.750599, "BEAT": 2.4, "ENA": 0.077444, "ADI": 5.85, "USDTB": 1.0, "BDX": 0.092016, "GT": 6.77, "\u5e01\u5b89\u4eba\u751f": 0.708231, "EURSAFO": 1.15, "JAAA": 1.04, "LIT": 2.7, "PUMP": 0.00165704, "FIL": 0.797977, "GHO": 0.998358, "FLR": 0.006876, "VVV": 11.94, "XDC": 0.02806783, "NIGHT": 0.03331044, "USD0": 0.998613}}