{"timestamp": 1780425229, "base": "USD", "data": {"BTC": 67185, "ETH": 1911.57, "USDT": 0.998508, "BNB": 664.7, "XRP": 1.22, "USDC": 0.999667, "SOL": 76.21, "TRX": 0.337512, "FIGR_HELOC": 1.034, "HYPE": 71.65, "DOGE": 0.094666, "USDS": 0.999645, "ZEC": 604.88, "LEO": 10.04, "RAIN": 0.01395866, "ADA": 0.216393, "XLM": 0.217961, "LAB": 22.13, "XMR": 333.37, "LINK": 8.56, "WBT": 49.45, "CC": 0.149794, "BCH": 281.95, "TON": 1.95, "USD1": 0.998117, "USDE": 0.99874, "DAI": 0.999735, "M": 3.33, "HBAR": 0.087773, "LTC": 48.24, "AVAX": 8.36, "NEAR": 2.57, "SUI": 0.824062, "SHIB": 5.28e-06, "PYUSD": 1.0, "USYC": 1.13, "CRO": 0.063052, "XAUT": 4463.17, "USDG": 0.999892, "BUIDL": 1.0, "TAO": 239.65, "USDY": 1.13, "PAXG": 4480.95, "MNT": 0.618434, "WLFI": 0.059782, "DOT": 1.1, "ONDO": 0.380354, "RLUSD": 0.999795, "OKB": 85.01, "UNI": 2.83, "ASTER": 0.67204, "ICP": 3.07, "USDF": 0.994866, "HTX": 1.76e-06, "SKY": 0.068354, "PI": 0.138159, "USDD": 0.997322, "WLD": 0.413387, "BGB": 1.97, "PEPE": 3.2e-06, "BFUSD": 0.997708, "MORPHO": 1.96, "ETC": 7.75, "H": 0.632161, "AAVE": 76.46, "RENDER": 2.09, "QNT": 72.89, "ALGO": 0.116762, "KCS": 7.63, "USDTB": 0.99906, "EUTBL": 1.22, "BCAP": 107.16, "POL": 0.090568, "ATOM": 1.83, "USTB": 11.1, "U": 0.9996, "JTRSY": 1.11, "ENA": 0.095415, "VVV": 18.28, "DEXE": 18.14, "STABLE": 0.03567594, "NEXO": 0.809772, "JST": 0.094616, "KAS": 0.0293388, "GT": 6.8, "APT": 0.855023, "FIL": 0.88174, "INJ": 6.67, "JUP": 0.19982, "XDC": 0.03178465, "FLR": 0.00725747, "NIGHT": 0.03767745, "\u5e01\u5b89\u4eba\u751f": 0.624352, "BDX": 0.07813, "PUMP": 0.00169221, "ARB": 0.094937, "FET": 0.259225, "GHO": 0.999301, "USD0": 0.998338, "HASH": 0.00992847}}