{"timestamp": 1777554581, "base": "USD", "data": {"BTC": 76292, "ETH": 2265.7, "USDT": 0.999547, "XRP": 1.37, "BNB": 615.26, "USDC": 0.999699, "SOL": 83.2, "TRX": 0.32569, "FIGR_HELOC": 1.034, "DOGE": 0.106466, "WBT": 57.25, "USDS": 0.999725, "LEO": 10.33, "HYPE": 38.99, "ADA": 0.245833, "BCH": 443.11, "XMR": 376.78, "LINK": 9.14, "CC": 0.149968, "ZEC": 335.12, "XLM": 0.159468, "USD1": 0.999393, "M": 3.43, "DAI": 0.999497, "LTC": 55.64, "AVAX": 9.13, "USDE": 0.999037, "HBAR": 0.08842, "RAIN": 0.00781069, "SHIB": 6.26e-06, "SUI": 0.906028, "PYUSD": 0.999825, "TON": 1.31, "CRO": 0.068344, "USYC": 1.12, "XAUT": 4628.63, "USDG": 0.999654, "TAO": 250.48, "BUIDL": 1.0, "PAXG": 4628.42, "MNT": 0.625959, "DOT": 1.21, "UNI": 3.21, "WLFI": 0.060071, "SKY": 0.079065, "PI": 0.175626, "USDF": 0.99663, "OKB": 82.2, "NEAR": 1.32, "ASTER": 0.658629, "HTX": 1.83e-06, "PEPE": 3.87e-06, "RLUSD": 0.999894, "USDD": 0.99979, "AAVE": 93.09, "BGB": 2.0, "ICP": 2.41, "JTRSY": 1.1, "BFUSD": 0.9987, "USDY": 1.12, "ETC": 8.38, "ONDO": 0.263407, "MORPHO": 2.01, "KCS": 8.45, "U": 0.999916, "QNT": 69.97, "POL": 0.095476, "ALGO": 0.111112, "EUTBL": 1.23, "ATOM": 1.91, "BCAP": 105.75, "USTB": 11.07, "ENA": 0.103583, "KAS": 0.03239643, "NEXO": 0.883975, "RENDER": 1.69, "GT": 7.22, "APT": 1.003, "WLD": 0.24317, "ARB": 0.127169, "JST": 0.086573, "STABLE": 0.03250902, "FIL": 0.923725, "FLR": 0.00747932, "PUMP": 0.00176068, "BDX": 0.080148, "OUSG": 115.08, "VET": 0.0070599, "PENGU": 0.00959909, "XDC": 0.03012166, "JUP": 0.178652, "HASH": 0.01122362, "USDTB": 0.999627, "GHO": 0.999354, "USD0": 0.999134, "NIGHT": 0.03339538, "TRUMP": 2.37, "BONK": 6.23e-06, "YLDS": 0.999995, "DEXE": 11.2}}