{"timestamp": 1778692193, "base": "USD", "data": {"BTC": 79154, "ETH": 2252.91, "USDT": 0.999498, "BNB": 669.47, "XRP": 1.43, "USDC": 0.999725, "SOL": 90.99, "TRX": 0.350306, "FIGR_HELOC": 1.04, "DOGE": 0.112509, "WBT": 58.22, "USDS": 0.999545, "ADA": 0.264366, "HYPE": 39.18, "LEO": 10.03, "ZEC": 535.77, "BCH": 433.8, "XMR": 402.89, "LINK": 10.2, "CC": 0.152351, "TON": 2.13, "XLM": 0.15931, "SUI": 1.22, "USD1": 0.999199, "DAI": 0.999827, "LTC": 56.92, "M": 3.26, "AVAX": 9.76, "HBAR": 0.092196, "USDE": 0.999922, "SHIB": 6.27e-06, "RAIN": 0.00750627, "PYUSD": 0.999913, "USDG": 0.999751, "CRO": 0.075699, "USYC": 1.12, "TAO": 293.47, "XAUT": 4690.1, "BUIDL": 1.0, "UNI": 3.64, "DOT": 1.34, "PAXG": 4690.26, "MNT": 0.652044, "WLFI": 0.067181, "NEAR": 1.6, "ONDO": 0.386452, "USDY": 1.12, "PI": 0.170662, "USDF": 0.998875, "HTX": 1.96e-06, "OKB": 84.59, "SKY": 0.075088, "ASTER": 0.671219, "PEPE": 4.07e-06, "ICP": 3.05, "RLUSD": 1.0, "USDD": 0.999671, "AAVE": 95.56, "ETC": 9.23, "BGB": 2.05, "BFUSD": 0.9992, "MORPHO": 2.0, "KCS": 8.3, "JTRSY": 1.1, "ENA": 0.116805, "ATOM": 2.06, "ALGO": 0.11724, "QNT": 71.78, "POL": 0.096963, "U": 0.999835, "KAS": 0.03739033, "USTB": 11.08, "EUTBL": 1.23, "BCAP": 105.87, "RENDER": 1.84, "STABLE": 0.03984657, "NEXO": 0.902001, "SIREN": 1.23, "WLD": 0.259526, "APT": 1.047, "FIL": 1.052, "ARB": 0.132969, "JST": 0.091204, "GT": 7.24, "JUP": 0.224133, "FLR": 0.00862569, "B": 0.671204, "PUMP": 0.00187609, "VVV": 14.44, "XDC": 0.03160493, "VET": 0.00731328, "USDTB": 0.999594, "BDX": 0.07997, "DEXE": 12.96, "OUSG": 115.22, "BONK": 6.8e-06, "GHO": 0.999563, "PENGU": 0.00906173, "TRUMP": 2.36, "DASH": 44.01}}