{"timestamp": 1776686308, "base": "USD", "data": {"BTC": 75202, "ETH": 2309.5, "USDT": 1.0, "XRP": 1.42, "BNB": 625.96, "USDC": 0.999815, "SOL": 85.1, "TRX": 0.329327, "FIGR_HELOC": 1.035, "DOGE": 0.094379, "WBT": 54.55, "USDS": 0.999755, "HYPE": 41.17, "LEO": 10.18, "ADA": 0.246543, "BCH": 440.59, "LINK": 9.22, "M": 3.69, "XMR": 351.25, "CC": 0.153975, "XLM": 0.167864, "USDE": 0.999631, "ZEC": 309.28, "DAI": 0.999531, "USD1": 0.99997, "LTC": 54.89, "PYUSD": 0.999779, "AVAX": 9.21, "HBAR": 0.088748, "SUI": 0.942079, "RAIN": 0.00750576, "SHIB": 6e-06, "TON": 1.3, "CRO": 0.069585, "USYC": 1.12, "XAUT": 4787.06, "BUIDL": 1.0, "WLFI": 0.07768, "PAXG": 4792.11, "TAO": 244.09, "USDG": 0.999778, "DOT": 1.25, "UNI": 3.26, "MNT": 0.618485, "SKY": 0.079713, "USDF": 0.997735, "PI": 0.172298, "NEAR": 1.35, "OKB": 83.1, "ASTER": 0.678335, "HTX": 1.8e-06, "PEPE": 3.76e-06, "JTRSY": 1.1, "RLUSD": 0.999532, "AAVE": 90.41, "USDD": 1.0, "ICP": 2.43, "BGB": 1.89, "USDY": 1.13, "BFUSD": 0.999801, "ETC": 8.41, "ONDO": 0.253499, "KCS": 8.57, "GT": 7.2, "MORPHO": 1.97, "QNT": 74.22, "PUMP": 0.00181464, "U": 1.0, "ENA": 0.115885, "EUTBL": 1.24, "POL": 0.090427, "KAS": 0.0345774, "RENDER": 1.77, "ALGO": 0.10247, "ATOM": 1.78, "NEXO": 0.89151, "USDTB": 0.99944, "WLD": 0.263137, "USTB": 11.05, "ARB": 0.127414, "BCAP": 82.76, "APT": 0.9296, "FIL": 0.922617, "FLR": 0.00803859, "DEXE": 14.66, "TRUMP": 2.84, "BDX": 0.080028, "XDC": 0.03091448, "JST": 0.072089, "VET": 0.00705808, "JUP": 0.170604, "OUSG": 114.95, "HASH": 0.01037863, "NIGHT": 0.03554508, "YLDS": 0.999981, "GHO": 0.998844, "STABLE": 0.0254027, "USD0": 0.998197, "BONK": 6.09e-06, "SIREN": 0.704227}}