{"timestamp": 1777932430, "base": "USD", "data": {"BTC": 80331, "ETH": 2363.98, "USDT": 0.999771, "XRP": 1.4, "BNB": 625.11, "USDC": 0.999836, "SOL": 84.45, "TRX": 0.340703, "FIGR_HELOC": 1.029, "DOGE": 0.110698, "WBT": 59.74, "USDS": 0.999806, "HYPE": 42.4, "LEO": 10.3, "ADA": 0.25119, "BCH": 444.76, "XMR": 407.87, "ZEC": 429.23, "LINK": 9.41, "CC": 0.146939, "XLM": 0.157372, "USD1": 0.999744, "DAI": 0.999695, "TON": 1.59, "LTC": 55.3, "AVAX": 9.24, "USDE": 0.999104, "HBAR": 0.088115, "SUI": 0.937479, "SHIB": 6.22e-06, "RAIN": 0.00747981, "M": 2.74, "PYUSD": 0.999804, "CRO": 0.068727, "USYC": 1.12, "TAO": 284.9, "XAUT": 4521.0, "USDG": 0.999841, "BUIDL": 1.0, "PAXG": 4520.2, "MNT": 0.641462, "UNI": 3.3, "DOT": 1.24, "WLFI": 0.063548, "PI": 0.180568, "SKY": 0.080135, "OKB": 85.2, "USDF": 0.997509, "HTX": 1.92e-06, "ASTER": 0.670439, "PEPE": 4.02e-06, "NEAR": 1.29, "ONDO": 0.318137, "RLUSD": 0.999971, "USDD": 0.999639, "BGB": 2.05, "AAVE": 92.85, "ETC": 8.73, "USDY": 1.12, "BFUSD": 0.999277, "JTRSY": 1.1, "ICP": 2.39, "MORPHO": 2.02, "KCS": 8.49, "POL": 0.097931, "U": 0.999687, "USTB": 11.07, "ALGO": 0.113227, "EUTBL": 1.23, "QNT": 67.62, "BCAP": 105.77, "ATOM": 1.89, "RENDER": 1.84, "KAS": 0.03351367, "NEXO": 0.904427, "ENA": 0.10206, "GT": 7.32, "WLD": 0.240388, "APT": 0.979672, "STABLE": 0.03446889, "FIL": 0.947356, "ARB": 0.117468, "JST": 0.084319, "SKYAI": 0.704536, "PUMP": 0.00184228, "FLR": 0.00755237, "DASH": 50.62, "PENGU": 0.01014909, "VET": 0.00720503, "BDX": 0.079872, "OUSG": 115.13, "JUP": 0.179857, "GHO": 0.999607, "XDC": 0.02917919, "USDTB": 0.999806, "LUNC": 0.00010207, "USD0": 0.998453, "BONK": 6.29e-06, "SIREN": 0.759831, "HASH": 0.01050188}}