{"timestamp": 1780257660, "base": "USD", "data": {"BTC": 73457, "ETH": 1996.97, "USDT": 0.998553, "BNB": 707.99, "XRP": 1.32, "USDC": 0.999513, "SOL": 81.5, "TRX": 0.349667, "FIGR_HELOC": 1.017, "HYPE": 69.15, "DOGE": 0.099425, "USDS": 0.999629, "LEO": 10.02, "ZEC": 544.21, "RAIN": 0.01427599, "ADA": 0.232522, "XLM": 0.243725, "XMR": 361.59, "LINK": 9.03, "WBT": 53.78, "BCH": 300.56, "CC": 0.153224, "TON": 1.86, "USD1": 0.998291, "USDE": 0.998701, "DAI": 0.999482, "HBAR": 0.095303, "LTC": 51.55, "M": 2.96, "AVAX": 8.82, "LAB": 9.3, "SUI": 0.875792, "SHIB": 5.44e-06, "PYUSD": 0.999689, "CRO": 0.067321, "USYC": 1.13, "NEAR": 2.24, "XAUT": 4512.78, "USDG": 0.999879, "BUIDL": 1.0, "TAO": 252.49, "MNT": 0.663269, "USDY": 1.13, "PAXG": 4524.98, "DOT": 1.16, "OKB": 92.57, "UNI": 2.99, "WLFI": 0.058583, "ASTER": 0.714631, "ONDO": 0.358159, "RLUSD": 0.999816, "HTX": 1.84e-06, "USDF": 0.995636, "PI": 0.147086, "SKY": 0.066712, "ICP": 2.66, "BGB": 2.09, "USDD": 0.997277, "PEPE": 3.36e-06, "MORPHO": 2.12, "BFUSD": 0.998312, "ETC": 8.1, "AAVE": 81.27, "WLD": 0.33641, "ALGO": 0.125529, "U": 0.999401, "RENDER": 2.05, "USDTB": 0.998794, "KCS": 7.8, "QNT": 70.79, "EUTBL": 1.23, "ATOM": 1.92, "BCAP": 107.16, "POL": 0.091287, "USTB": 11.1, "STABLE": 0.03908794, "DEXE": 18.95, "JTRSY": 1.1, "NEXO": 0.847906, "VVV": 17.72, "KAS": 0.03013238, "JST": 0.09326, "ENA": 0.086089, "GT": 7.16, "APT": 0.919281, "FIL": 0.919429, "H": 0.388822, "XDC": 0.03352213, "FLR": 0.00767912, "\u5e01\u5b89\u4eba\u751f": 0.65546, "INJ": 6.38, "ARB": 0.10096, "JUP": 0.188024, "NIGHT": 0.03735904, "BDX": 0.079892, "FET": 0.272706, "PUMP": 0.00174998, "GHO": 0.999165, "HASH": 0.01078014, "USD0": 0.998446}}