{"timestamp": 1778253294, "base": "USD", "data": {"BTC": 79895, "ETH": 2280.65, "USDT": 0.999742, "BNB": 641.04, "XRP": 1.39, "USDC": 0.999835, "SOL": 88.96, "TRX": 0.349584, "FIGR_HELOC": 1.003, "DOGE": 0.107463, "WBT": 58.92, "USDS": 0.99969, "HYPE": 42.6, "ADA": 0.266875, "ZEC": 574.12, "LEO": 10.38, "BCH": 450.09, "XMR": 398.84, "LINK": 10.01, "TON": 2.59, "CC": 0.145501, "XLM": 0.160468, "M": 3.68, "USD1": 0.999662, "LTC": 57.12, "DAI": 0.999595, "AVAX": 9.7, "SUI": 1.011, "HBAR": 0.091455, "USDE": 0.999171, "SHIB": 6.35e-06, "RAIN": 0.00751629, "PYUSD": 0.999801, "CRO": 0.069727, "USYC": 1.12, "TAO": 309.61, "XAUT": 4704.71, "USDG": 0.99976, "BUIDL": 1.0, "WLFI": 0.075454, "UNI": 3.56, "DOT": 1.33, "PAXG": 4707.3, "MNT": 0.667062, "NEAR": 1.57, "ONDO": 0.411517, "SKY": 0.080002, "OKB": 85.51, "USDF": 0.998095, "PEPE": 4.23e-06, "HTX": 1.97e-06, "ICP": 3.22, "PI": 0.170014, "ASTER": 0.66486, "RLUSD": 0.999988, "ETC": 9.43, "BGB": 2.09, "USDD": 0.999083, "AAVE": 93.29, "USDY": 1.13, "BFUSD": 0.9994, "JTRSY": 1.1, "MORPHO": 2.07, "ALGO": 0.127352, "ENA": 0.124582, "KCS": 8.31, "POL": 0.099612, "QNT": 73.05, "RENDER": 1.99, "U": 1.001, "EUTBL": 1.24, "KAS": 0.03578701, "BCAP": 105.77, "ATOM": 1.88, "USTB": 11.08, "NEXO": 0.90822, "WLD": 0.261699, "FIL": 1.11, "APT": 1.062, "ARB": 0.135356, "GT": 7.26, "SIREN": 1.11, "PUMP": 0.0020415, "STABLE": 0.03225389, "JST": 0.083728, "JUP": 0.21206, "FLR": 0.00790258, "PENGU": 0.01040283, "VET": 0.00757511, "DASH": 49.77, "USDTB": 0.999108, "BDX": 0.080305, "BONK": 7.01e-06, "VVV": 13.42, "OUSG": 115.17, "XDC": 0.03003466, "HASH": 0.01131213, "VIRTUAL": 0.904952, "GHO": 0.999644, "SKYAI": 0.581357}}