{"timestamp": 1781962970, "base": "USD", "data": {"BTC": 63397, "ETH": 1716.94, "USDT": 0.998955, "BNB": 583.34, "USDC": 0.999733, "XRP": 1.14, "SOL": 70.97, "TRX": 0.325432, "FIGR_HELOC": 1.034, "HYPE": 69.44, "DOGE": 0.083335, "USDS": 0.999722, "RAIN": 0.01443913, "LEO": 9.56, "ZEC": 466.82, "XLM": 0.213034, "WBT": 52.19, "ADA": 0.161386, "LINK": 7.89, "XMR": 313.56, "CC": 0.150869, "USD1": 1.0, "USDE": 0.998986, "GRAM": 1.62, "DAI": 0.999772, "BCH": 197.41, "LAB": 12.04, "M": 2.84, "HBAR": 0.079758, "LTC": 44.07, "USYC": 1.13, "SUI": 0.71093, "USDG": 0.999778, "PYUSD": 0.999883, "NEAR": 2.13, "SHIB": 4.69e-06, "CRO": 0.058396, "AVAX": 6.11, "XAUT": 4140.18, "BUIDL": 1.0, "TAO": 228.51, "USDY": 1.14, "WLD": 0.600949, "PAXG": 4146.65, "UNI": 2.99, "WLFI": 0.058008, "MNT": 0.529255, "ASTER": 0.635172, "ONDO": 0.342189, "RLUSD": 1.0, "DOT": 0.958049, "OKB": 76.06, "HTX": 1.72e-06, "USDF": 0.994575, "PI": 0.133896, "USDD": 0.999044, "SKY": 0.057936, "BFUSD": 0.999104, "ICP": 2.27, "BGB": 1.76, "MORPHO": 1.84, "PEPE": 2.81e-06, "ETC": 7.56, "AAVE": 74.01, "QNT": 70.19, "U": 0.999905, "USTB": 11.12, "BCAP": 107.07, "KCS": 7.17, "EUTBL": 1.21, "USDTB": 0.999951, "ATOM": 1.77, "RENDER": 1.72, "JTRSY": 1.11, "POL": 0.081184, "ALGO": 0.09256, "KAS": 0.02988027, "ENA": 0.086832, "NEXO": 0.786922, "STABLE": 0.0323665, "JAAA": 1.039, "DEXE": 15.38, "GT": 6.68, "JST": 0.083216, "\u5e01\u5b89\u4eba\u751f": 0.705132, "VVV": 14.42, "JUP": 0.196421, "FLR": 0.00735895, "BDX": 0.08218, "FIL": 0.780998, "GHO": 0.99838, "XDC": 0.02945228, "YLDS": 0.999744, "EURSAFO": 1.15, "USD0": 0.999, "NIGHT": 0.03239342, "ARB": 0.082627, "APT": 0.631269, "USX": 0.999312, "A7A5": 0.01293117}}