{"timestamp": 1779396509, "base": "USD", "data": {"BTC": 77650, "ETH": 2137.59, "USDT": 0.999039, "BNB": 657.26, "XRP": 1.38, "USDC": 0.999832, "SOL": 87.6, "TRX": 0.36364, "FIGR_HELOC": 1.025, "DOGE": 0.105777, "HYPE": 58.45, "WBT": 57.24, "ZEC": 671.13, "USDS": 0.999676, "ADA": 0.252098, "LEO": 9.8, "BCH": 379.11, "XMR": 398.68, "LINK": 9.77, "CC": 0.164375, "TON": 2.06, "XLM": 0.14727, "USD1": 0.999962, "SUI": 1.14, "USDE": 0.998986, "DAI": 0.999497, "LTC": 54.17, "AVAX": 9.47, "HBAR": 0.090105, "M": 2.78, "PYUSD": 0.999663, "RAIN": 0.00754404, "SHIB": 5.86e-06, "CRO": 0.069403, "USYC": 1.12, "TAO": 283.43, "USDG": 0.999811, "XAUT": 4529.12, "BUIDL": 1.0, "NEAR": 1.93, "UNI": 3.62, "MNT": 0.682219, "DOT": 1.3, "USDY": 1.14, "PAXG": 4531.83, "ONDO": 0.42426, "WLFI": 0.063535, "HTX": 2.02e-06, "ASTER": 0.697744, "USDF": 0.997643, "RLUSD": 1.0, "OKB": 80.92, "SKY": 0.071626, "PI": 0.153536, "PEPE": 3.82e-06, "USDD": 0.999575, "ICP": 2.57, "ETC": 8.99, "BGB": 2.0, "AAVE": 88.87, "BFUSD": 0.9989, "MORPHO": 1.99, "USDTB": 0.999016, "KCS": 7.98, "QNT": 73.69, "EUTBL": 1.22, "ATOM": 2.05, "U": 1.0, "ALGO": 0.115302, "RENDER": 1.95, "USTB": 11.09, "POL": 0.091455, "ENA": 0.107492, "JTRSY": 1.1, "BCAP": 105.74, "KAS": 0.03525461, "WLD": 0.272361, "NEXO": 0.874419, "VVV": 18.05, "APT": 0.978897, "FIL": 1.01, "STABLE": 0.03418165, "JST": 0.091106, "GT": 7.04, "FLR": 0.00842389, "ARB": 0.114151, "JUP": 0.213261, "XDC": 0.03445941, "DEXE": 14.41, "PUMP": 0.00183298, "HASH": 0.01200378, "DASH": 49.22, "BDX": 0.078813, "PENGU": 0.00955427, "GHO": 0.998957, "VET": 0.00669167, "OUSG": 115.32, "USD0": 0.998544, "BONK": 6.25e-06, "KITE": 0.234248}}