{"timestamp": 1778046584, "base": "USD", "data": {"BTC": 81193, "ETH": 2361.1, "USDT": 0.999802, "XRP": 1.42, "BNB": 633.96, "USDC": 0.999705, "SOL": 87.11, "TRX": 0.344364, "DOGE": 0.11533, "FIGR_HELOC": 1.033, "WBT": 59.92, "USDS": 0.999773, "HYPE": 44.04, "ADA": 0.262993, "BCH": 476.52, "LEO": 10.35, "ZEC": 541.34, "XMR": 406.9, "LINK": 9.83, "TON": 2.15, "CC": 0.147823, "XLM": 0.160982, "USD1": 0.999535, "M": 3.42, "DAI": 0.999617, "LTC": 56.67, "AVAX": 9.51, "HBAR": 0.090831, "SUI": 0.981074, "USDE": 0.99914, "SHIB": 6.4e-06, "RAIN": 0.0073117, "PYUSD": 0.999829, "CRO": 0.070303, "USYC": 1.12, "TAO": 286.54, "XAUT": 4632.89, "USDG": 0.999856, "BUIDL": 1.0, "PAXG": 4636.77, "DOT": 1.3, "MNT": 0.64904, "UNI": 3.38, "WLFI": 0.065041, "PI": 0.182396, "SKY": 0.079177, "OKB": 85.95, "USDF": 0.999057, "PEPE": 4.2e-06, "HTX": 1.95e-06, "ASTER": 0.680263, "NEAR": 1.31, "ONDO": 0.316986, "RLUSD": 0.999871, "ICP": 2.73, "USDD": 0.999847, "ETC": 9.28, "BGB": 2.07, "AAVE": 93.45, "MORPHO": 2.24, "USDY": 1.13, "BFUSD": 0.999, "JTRSY": 1.1, "KCS": 8.45, "ALGO": 0.118867, "POL": 0.098407, "U": 0.999495, "USTB": 11.07, "QNT": 69.54, "ENA": 0.110683, "RENDER": 1.91, "EUTBL": 1.23, "ATOM": 1.92, "BCAP": 105.77, "KAS": 0.03474878, "NEXO": 0.901332, "FIL": 1.13, "WLD": 0.251108, "GT": 7.35, "APT": 1.013, "SKYAI": 0.805948, "STABLE": 0.03392822, "ARB": 0.120235, "JST": 0.083826, "PENGU": 0.0110301, "PUMP": 0.00187639, "FLR": 0.00769169, "VET": 0.0075762, "JUP": 0.193144, "DASH": 50.06, "LUNC": 0.00011487, "USDTB": 0.999964, "BDX": 0.079891, "OUSG": 115.14, "HASH": 0.01125705, "XDC": 0.02962539, "GHO": 0.999694, "BONK": 6.6e-06, "SIREN": 0.773057, "USD0": 0.998288}}