{"timestamp": 1784379315, "base": "USD", "data": {"BTC": 64168, "ETH": 1845.39, "USDT": 0.999291, "BNB": 571.1, "USDC": 0.999898, "XRP": 1.089, "SOL": 74.97, "TRX": 0.323535, "FIGR_HELOC": 1.026, "HYPE": 58.93, "DOGE": 0.072343, "USDS": 0.999851, "RAIN": 0.0139237, "ZEC": 547.53, "LEO": 9.79, "WBT": 55.92, "XLM": 0.18513, "LINK": 8.31, "XMR": 330.93, "ADA": 0.16578, "CC": 0.124946, "DAI": 0.999741, "BCH": 218.92, "USD1": 0.999328, "GRAM": 1.48, "USDE": 0.999842, "LTC": 45.67, "USDG": 1.003, "USYC": 1.13, "SUI": 0.735967, "HBAR": 0.066403, "PYUSD": 0.99985, "CRO": 0.060894, "AVAX": 6.55, "BUIDL": 1.0, "NEAR": 1.92, "XAUT": 4010.61, "SHIB": 4.15e-06, "UNI": 3.5, "USDY": 1.14, "TAO": 192.62, "WLFI": 0.057309, "PAXG": 4010.07, "OKB": 80.8, "ONDO": 0.344112, "DEXE": 35.67, "ASTER": 0.619951, "M": 1.24, "HTX": 1.83e-06, "RLUSD": 1.0, "USDD": 0.999246, "DOT": 0.838716, "USDF": 0.995207, "MNT": 0.42046, "SKY": 0.058725, "AAVE": 88.15, "BFUSD": 0.998404, "WLD": 0.367632, "MORPHO": 1.96, "ICP": 2.15, "BGB": 1.65, "PEPE": 2.73e-06, "ETC": 7.02, "U": 0.999922, "USDGO": 0.999991, "EUTBL": 1.21, "BCAP": 106.19, "QNT": 64.36, "KCS": 6.66, "PI": 0.083436, "STABLE": 0.03540243, "JTRSY": 1.11, "POL": 0.081389, "EURSAFO": 1.15, "ADI": 6.56, "JST": 0.098571, "ATOM": 1.49, "ENA": 0.080488, "USTB": 11.15, "KAS": 0.02776871, "RENDER": 1.46, "NEXO": 0.743016, "ALGO": 0.08203, "BEAT": 2.35, "GT": 6.7, "\u5e01\u5b89\u4eba\u751f": 0.689284, "JAAA": 1.041, "PUMP": 0.00166034, "BDX": 0.082631, "JUP": 0.193719, "FIL": 0.749713, "GHO": 0.999003, "ARB": 0.09004, "FLR": 0.00651302, "XDC": 0.02808188, "YLDS": 0.999814, "USD0": 0.998815, "VVV": 11.6, "LIT": 2.18, "USX": 0.999886}}