{"timestamp": 1782498229, "base": "USD", "data": {"BTC": 59973, "ETH": 1579.43, "USDT": 0.998624, "BNB": 567.2, "USDC": 0.999798, "XRP": 1.045, "SOL": 72.67, "TRX": 0.319762, "FIGR_HELOC": 1.014, "HYPE": 64.77, "DOGE": 0.075466, "USDS": 0.999507, "RAIN": 0.01565367, "LEO": 9.29, "ZEC": 417.56, "XLM": 0.178842, "LAB": 19.19, "XMR": 316.74, "CC": 0.149517, "WBT": 48.52, "ADA": 0.148096, "LINK": 7.35, "USD1": 0.999047, "DAI": 0.999677, "USDE": 0.998156, "GRAM": 1.56, "BCH": 198.64, "LTC": 41.84, "HBAR": 0.07265, "USYC": 1.13, "USDG": 0.999847, "SUI": 0.695899, "AVAX": 6.48, "PYUSD": 0.9997, "CRO": 0.054905, "SHIB": 4.25e-06, "XAUT": 4060.58, "BUIDL": 1.0, "NEAR": 1.82, "USDY": 1.13, "TAO": 214.86, "UNI": 3.0, "WLFI": 0.05788, "PAXG": 4065.77, "ASTER": 0.630124, "WLD": 0.46815, "OKB": 75.24, "RLUSD": 1.0, "ONDO": 0.318562, "HTX": 1.68e-06, "AAVE": 95.96, "DOT": 0.859819, "MNT": 0.432507, "USDF": 0.99323, "USDD": 0.999478, "PI": 0.126931, "BFUSD": 0.998301, "ICP": 2.2, "SKY": 0.04990274, "BGB": 1.64, "ETC": 7.19, "MORPHO": 1.7, "M": 0.825549, "DEXE": 21.75, "U": 0.999601, "PEPE": 2.39e-06, "QNT": 67.5, "BCAP": 107.03, "EUTBL": 1.2, "KCS": 6.8, "STABLE": 0.03701686, "JTRSY": 1.11, "USDGO": 0.999832, "ATOM": 1.61, "RENDER": 1.55, "KAS": 0.0283018, "POL": 0.071884, "JUP": 0.230147, "USTB": 11.13, "ALGO": 0.08374, "ENA": 0.079822, "NEXO": 0.736233, "USDTB": 1.0, "\u5e01\u5b89\u4eba\u751f": 0.722785, "BDX": 0.082595, "JST": 0.081602, "GT": 6.52, "JAAA": 1.039, "BEAT": 2.36, "VVV": 13.76, "EURSAFO": 1.15, "GHO": 0.997927, "FIL": 0.753148, "FLR": 0.00684492, "ADI": 4.63, "YLDS": 0.999824, "XDC": 0.02786446, "USD0": 0.998784, "PUMP": 0.00129146, "NIGHT": 0.03095115}}