{"timestamp": 1779359588, "base": "USD", "data": {"BTC": 77206, "ETH": 2111.14, "USDT": 0.998964, "BNB": 648.86, "XRP": 1.36, "USDC": 0.999674, "SOL": 85.73, "TRX": 0.361035, "FIGR_HELOC": 1.035, "DOGE": 0.104136, "HYPE": 57.8, "WBT": 56.88, "ZEC": 657.75, "USDS": 0.9993, "LEO": 10.07, "ADA": 0.246286, "BCH": 374.84, "XMR": 397.19, "LINK": 9.55, "CC": 0.154723, "TON": 1.99, "XLM": 0.143414, "USD1": 1.0, "USDE": 0.999141, "SUI": 1.092, "DAI": 0.999677, "LTC": 53.6, "AVAX": 9.3, "HBAR": 0.088162, "M": 2.83, "PYUSD": 0.999754, "RAIN": 0.00747271, "SHIB": 5.77e-06, "CRO": 0.06896, "USYC": 1.12, "TAO": 279.63, "USDG": 0.999668, "XAUT": 4505.32, "BUIDL": 1.0, "UNI": 3.58, "NEAR": 1.74, "MNT": 0.678411, "USDY": 1.13, "PAXG": 4508.19, "DOT": 1.25, "WLFI": 0.061757, "ONDO": 0.397664, "ASTER": 0.720099, "HTX": 2.01e-06, "USDF": 0.997704, "RLUSD": 0.999965, "OKB": 80.65, "SKY": 0.070667, "PI": 0.151439, "PEPE": 3.71e-06, "USDD": 0.999188, "BGB": 2.01, "ICP": 2.5, "ETC": 8.89, "AAVE": 87.91, "BFUSD": 0.998401, "MORPHO": 1.89, "USDTB": 0.999178, "KCS": 7.95, "QNT": 73.04, "EUTBL": 1.22, "ATOM": 2.04, "U": 0.999467, "ALGO": 0.114892, "RENDER": 1.91, "JTRSY": 1.1, "USTB": 11.09, "POL": 0.091168, "BCAP": 105.74, "ENA": 0.104319, "KAS": 0.03424538, "WLD": 0.25629, "NEXO": 0.86938, "STABLE": 0.03506037, "VVV": 17.11, "JST": 0.092698, "APT": 0.948639, "FIL": 0.972832, "GT": 7.01, "FLR": 0.00844976, "XDC": 0.03597897, "JUP": 0.208756, "ARB": 0.109121, "DEXE": 13.49, "PUMP": 0.00175027, "DASH": 47.71, "BDX": 0.078614, "GHO": 0.998902, "PENGU": 0.0091313, "VET": 0.00654121, "OUSG": 115.31, "USD0": 0.998527, "BONK": 6.07e-06, "KITE": 0.237028, "HASH": 0.01008092}}