{"timestamp": 1779620934, "base": "USD", "data": {"BTC": 77204, "ETH": 2122.1, "USDT": 0.998797, "BNB": 661.19, "XRP": 1.36, "USDC": 0.999757, "SOL": 86.52, "TRX": 0.363871, "FIGR_HELOC": 1.03, "DOGE": 0.103079, "HYPE": 63.08, "USDS": 0.99953, "ZEC": 638.45, "LEO": 10.08, "ADA": 0.245569, "XMR": 386.94, "BCH": 353.6, "LINK": 9.59, "WBT": 56.93, "CC": 0.164749, "XLM": 0.149036, "TON": 1.79, "USD1": 0.998811, "USDE": 0.999146, "DAI": 0.999355, "SUI": 1.066, "LTC": 53.49, "AVAX": 9.35, "HBAR": 0.089322, "M": 2.88, "PYUSD": 0.999883, "RAIN": 0.00754044, "SHIB": 5.66e-06, "CRO": 0.069521, "NEAR": 2.37, "USYC": 1.13, "USDG": 0.999786, "TAO": 280.29, "XAUT": 4507.06, "BUIDL": 1.0, "UNI": 3.45, "MNT": 0.660642, "DOT": 1.28, "ONDO": 0.440285, "USDY": 1.13, "PAXG": 4531.31, "WLFI": 0.062163, "ASTER": 0.706487, "HTX": 2e-06, "USDF": 0.996717, "RLUSD": 1.0, "OKB": 82.59, "SKY": 0.070189, "PI": 0.150485, "PEPE": 3.63e-06, "USDD": 0.998852, "ICP": 2.61, "ETC": 9.07, "MORPHO": 2.2, "BGB": 1.99, "AAVE": 87.12, "BFUSD": 0.9986, "QNT": 83.19, "KCS": 8.14, "USDTB": 0.9991, "ATOM": 2.1, "EUTBL": 1.22, "WLD": 0.304063, "RENDER": 1.98, "U": 0.999934, "ALGO": 0.112826, "USTB": 11.09, "POL": 0.0915, "BCAP": 105.74, "VVV": 20.3, "JTRSY": 1.1, "KAS": 0.03396727, "ENA": 0.101224, "NEXO": 0.870534, "JST": 0.093224, "APT": 0.961436, "STABLE": 0.03370424, "FIL": 0.969907, "GT": 7.02, "FLR": 0.00839746, "JUP": 0.208492, "DEXE": 14.54, "ARB": 0.107202, "PUMP": 0.00177717, "XDC": 0.0309785, "BDX": 0.078759, "GHO": 0.998837, "VET": 0.00678171, "DASH": 45.52, "PENGU": 0.00918795, "HASH": 0.01074555, "NIGHT": 0.03374711, "USD0": 0.998433, "OUSG": 115.33, "BONK": 6.08e-06}}