{"timestamp": 1778206353, "base": "USD", "data": {"BTC": 79584, "ETH": 2277.47, "USDT": 0.999867, "BNB": 636.91, "XRP": 1.38, "USDC": 0.999738, "SOL": 87.88, "TRX": 0.347574, "FIGR_HELOC": 1.003, "DOGE": 0.106363, "WBT": 58.67, "USDS": 0.999692, "HYPE": 42.36, "ADA": 0.261135, "LEO": 10.36, "ZEC": 566.56, "BCH": 450.59, "TON": 2.69, "XMR": 391.06, "LINK": 9.8, "CC": 0.145352, "XLM": 0.157995, "M": 3.77, "USD1": 0.999709, "DAI": 0.999656, "LTC": 56.34, "AVAX": 9.46, "USDE": 0.999289, "HBAR": 0.089759, "SUI": 0.961076, "SHIB": 6.24e-06, "RAIN": 0.00744275, "PYUSD": 0.999625, "CRO": 0.069276, "USYC": 1.12, "TAO": 300.28, "XAUT": 4716.82, "USDG": 0.999792, "BUIDL": 1.0, "WLFI": 0.072962, "PAXG": 4719.38, "DOT": 1.3, "MNT": 0.662639, "UNI": 3.41, "NEAR": 1.47, "SKY": 0.080336, "PI": 0.175204, "OKB": 85.39, "USDF": 0.998209, "HTX": 1.96e-06, "PEPE": 4.11e-06, "ASTER": 0.660718, "ONDO": 0.346995, "ICP": 3.0, "RLUSD": 0.999937, "BGB": 2.12, "USDD": 0.998382, "ETC": 9.24, "AAVE": 92.24, "USDY": 1.13, "MORPHO": 2.08, "BFUSD": 0.9994, "JTRSY": 1.1, "ALGO": 0.125968, "KCS": 8.14, "ENA": 0.117981, "QNT": 73.04, "POL": 0.098565, "U": 1.0, "USTB": 11.07, "RENDER": 1.94, "EUTBL": 1.23, "BCAP": 105.77, "KAS": 0.03501393, "ATOM": 1.86, "NEXO": 0.890646, "FIL": 1.097, "WLD": 0.252327, "APT": 1.027, "GT": 7.27, "ARB": 0.127896, "STABLE": 0.03283874, "JST": 0.084527, "PUMP": 0.0019873, "SIREN": 0.941799, "JUP": 0.206998, "FLR": 0.00780303, "VET": 0.00754505, "PENGU": 0.01029814, "DASH": 50.85, "USDTB": 0.999556, "BDX": 0.079642, "OUSG": 115.17, "BONK": 6.75e-06, "VIRTUAL": 0.903299, "VVV": 12.8, "GHO": 0.999891, "XDC": 0.02914414, "DEXE": 12.23, "SKYAI": 0.558374}}