{"timestamp": 1780815603, "base": "USD", "data": {"BTC": 62098, "ETH": 1613.79, "USDT": 0.999536, "BNB": 588.56, "USDC": 0.999678, "XRP": 1.13, "SOL": 64.82, "TRX": 0.326261, "FIGR_HELOC": 1.033, "HYPE": 59.72, "DOGE": 0.084608, "USDS": 0.999742, "LEO": 9.49, "RAIN": 0.01328088, "XLM": 0.209128, "ZEC": 412.46, "CC": 0.164873, "ADA": 0.161451, "XMR": 301.23, "LINK": 7.69, "WBT": 44.24, "USD1": 0.999158, "TON": 1.73, "BCH": 225.78, "USDE": 0.999448, "DAI": 0.999684, "M": 3.11, "LAB": 13.05, "HBAR": 0.08179, "LTC": 42.07, "SUI": 0.755129, "AVAX": 6.8, "PYUSD": 0.999384, "USYC": 1.13, "SHIB": 4.72e-06, "CRO": 0.059662, "XAUT": 4304.54, "USDG": 1.0, "NEAR": 1.93, "BUIDL": 1.0, "USDY": 1.13, "TAO": 209.09, "PAXG": 4310.8, "WLFI": 0.055557, "MNT": 0.52701, "RLUSD": 0.999835, "ONDO": 0.345808, "ASTER": 0.642361, "DOT": 0.968899, "HTX": 1.77e-06, "UNI": 2.56, "WLD": 0.446946, "OKB": 71.64, "USDF": 0.996249, "PI": 0.128141, "USDD": 0.999492, "ICP": 2.45, "SKY": 0.0575, "BFUSD": 0.999099, "BGB": 1.85, "H": 0.696027, "PEPE": 2.76e-06, "MORPHO": 1.74, "ETC": 7.06, "USDTB": 0.999979, "U": 1.0, "QNT": 68.71, "EUTBL": 1.21, "BCAP": 107.06, "USTB": 11.1, "AAVE": 63.02, "DEXE": 19.73, "RENDER": 1.69, "ENA": 0.094048, "ATOM": 1.71, "JTRSY": 1.11, "KCS": 6.43, "POL": 0.07996, "ALGO": 0.095494, "\u5e01\u5b89\u4eba\u751f": 0.835608, "KAS": 0.03041757, "STABLE": 0.03373957, "VVV": 16.58, "NEXO": 0.757292, "JST": 0.083305, "GT": 6.34, "BDX": 0.079, "SIREN": 0.83908, "XDC": 0.02995137, "FIL": 0.757008, "FLR": 0.00693678, "BEAT": 2.05, "GHO": 0.999264, "APT": 0.678533, "USD0": 0.998519, "YLDS": 0.999613, "INJ": 5.31, "PUMP": 0.00149912, "JUP": 0.157092, "ARB": 0.08314}}