{"timestamp": 1779825512, "base": "USD", "data": {"BTC": 75958, "ETH": 2072.87, "USDT": 0.998487, "BNB": 656.61, "XRP": 1.33, "USDC": 0.999756, "SOL": 83.83, "TRX": 0.373927, "FIGR_HELOC": 1.033, "DOGE": 0.101121, "HYPE": 60.85, "USDS": 0.999536, "ZEC": 582.68, "LEO": 9.99, "ADA": 0.240016, "RAIN": 0.01170303, "XMR": 378.4, "BCH": 345.59, "LINK": 9.4, "WBT": 55.86, "CC": 0.157021, "TON": 2.03, "XLM": 0.147585, "USD1": 0.998297, "USDE": 0.998756, "DAI": 0.999485, "SUI": 1.008, "LTC": 51.86, "AVAX": 9.17, "M": 2.92, "HBAR": 0.086814, "PYUSD": 0.999799, "NEAR": 2.65, "SHIB": 5.52e-06, "CRO": 0.067341, "USYC": 1.12, "USDG": 0.999727, "TAO": 280.8, "XAUT": 4493.33, "BUIDL": 1.0, "USDY": 1.14, "PAXG": 4501.27, "MNT": 0.6372, "DOT": 1.25, "UNI": 3.26, "ONDO": 0.406406, "OKB": 90.5, "HTX": 2.03e-06, "WLFI": 0.056716, "RLUSD": 1.0, "ASTER": 0.680662, "USDF": 0.995865, "SKY": 0.06934, "USDD": 0.99872, "PI": 0.142342, "PEPE": 3.52e-06, "ICP": 2.67, "MORPHO": 2.25, "BGB": 2.02, "ETC": 8.63, "BFUSD": 0.9985, "AAVE": 86.4, "WLD": 0.379956, "RENDER": 2.28, "ATOM": 2.19, "QNT": 76.16, "USDTB": 0.999158, "KCS": 7.98, "EUTBL": 1.22, "U": 0.999788, "BCAP": 107.16, "POL": 0.091702, "ALGO": 0.108905, "JTRSY": 1.1, "KAS": 0.03266564, "ENA": 0.097842, "USTB": 11.09, "STABLE": 0.03695846, "NEXO": 0.83194, "VVV": 17.35, "APT": 0.971135, "JST": 0.093111, "FIL": 1.008, "DEXE": 16.31, "GT": 6.98, "FLR": 0.00816445, "ARB": 0.108363, "JUP": 0.19826, "PUMP": 0.00181503, "XDC": 0.03149869, "BDX": 0.078415, "GHO": 0.998737, "INJ": 5.69, "HASH": 0.01052169, "FET": 0.247333, "DASH": 43.86, "NIGHT": 0.03341021, "USD0": 0.998431, "OUSG": 115.33, "VET": 0.00631691}}