{"timestamp": 1778673407, "base": "USD", "data": {"BTC": 80527, "ETH": 2301.09, "USDT": 0.999635, "BNB": 677.68, "XRP": 1.45, "USDC": 0.999109, "SOL": 94.29, "TRX": 0.351215, "FIGR_HELOC": 1.037, "DOGE": 0.112505, "WBT": 59.35, "USDS": 0.999671, "ADA": 0.270655, "HYPE": 39.28, "LEO": 10.01, "ZEC": 549.28, "BCH": 438.5, "LINK": 10.49, "XMR": 411.03, "TON": 2.23, "CC": 0.152474, "XLM": 0.162751, "SUI": 1.23, "LTC": 58.15, "USD1": 0.999323, "DAI": 0.9996, "AVAX": 9.96, "M": 3.21, "HBAR": 0.093383, "USDE": 0.999503, "SHIB": 6.42e-06, "RAIN": 0.00753843, "USDG": 0.999772, "CRO": 0.079147, "PYUSD": 0.999672, "USYC": 1.12, "TAO": 302.83, "XAUT": 4694.05, "BUIDL": 1.0, "UNI": 3.75, "DOT": 1.39, "MNT": 0.671006, "PAXG": 4695.15, "WLFI": 0.067141, "NEAR": 1.59, "ONDO": 0.393493, "USDY": 1.13, "OKB": 85.53, "PI": 0.171323, "ICP": 3.24, "USDF": 0.999135, "HTX": 1.97e-06, "SKY": 0.075476, "PEPE": 4.16e-06, "ASTER": 0.671653, "RLUSD": 1.0, "ETC": 9.46, "AAVE": 97.64, "USDD": 0.999638, "BGB": 2.09, "BFUSD": 0.9993, "MORPHO": 2.07, "KCS": 8.42, "JTRSY": 1.1, "ENA": 0.121019, "ALGO": 0.121341, "ATOM": 2.11, "QNT": 73.56, "POL": 0.10018, "KAS": 0.0378608, "U": 0.99951, "USTB": 11.08, "RENDER": 1.92, "EUTBL": 1.23, "BCAP": 105.87, "WLD": 0.275017, "NEXO": 0.910125, "APT": 1.095, "SIREN": 1.22, "STABLE": 0.03793233, "ARB": 0.138614, "FIL": 1.089, "JST": 0.09101, "GT": 7.29, "JUP": 0.230307, "FLR": 0.00881682, "B": 0.727903, "PUMP": 0.0019672, "VVV": 15.0, "VET": 0.00752832, "XDC": 0.03236798, "USDTB": 0.999283, "BONK": 7.09e-06, "BDX": 0.079738, "DEXE": 12.95, "OUSG": 115.22, "INJ": 5.89, "PENGU": 0.00928581, "GHO": 0.999407, "TRUMP": 2.41}}