{"timestamp": 1784325337, "base": "USD", "data": {"BTC": 64052, "ETH": 1840.62, "USDT": 0.999377, "BNB": 568.06, "USDC": 0.99991, "XRP": 1.088, "SOL": 74.98, "TRX": 0.322595, "FIGR_HELOC": 1.007, "HYPE": 59.78, "DOGE": 0.072649, "USDS": 0.999795, "RAIN": 0.01411631, "ZEC": 543.33, "LEO": 9.8, "WBT": 55.8, "XLM": 0.186211, "ADA": 0.166144, "XMR": 329.52, "LINK": 8.24, "CC": 0.128106, "DAI": 0.99974, "BCH": 220.49, "USD1": 0.999059, "GRAM": 1.49, "USDE": 0.999751, "LTC": 45.05, "USDG": 1.003, "USYC": 1.13, "SUI": 0.738746, "HBAR": 0.066068, "PYUSD": 1.0, "AVAX": 6.57, "CRO": 0.059692, "BUIDL": 1.0, "NEAR": 1.92, "XAUT": 4002.71, "SHIB": 4.14e-06, "UNI": 3.56, "USDY": 1.14, "TAO": 193.16, "WLFI": 0.057096, "ONDO": 0.37006, "PAXG": 4002.92, "OKB": 81.04, "DEXE": 35.88, "ASTER": 0.622053, "M": 1.25, "HTX": 1.82e-06, "RLUSD": 0.999875, "USDD": 0.999302, "DOT": 0.85088, "USDF": 0.995407, "MNT": 0.426411, "SKY": 0.059241, "AAVE": 90.53, "WLD": 0.383986, "BFUSD": 0.998643, "ICP": 2.14, "PEPE": 2.74e-06, "BGB": 1.64, "ETC": 7.02, "U": 0.999968, "USDGO": 1.0, "EUTBL": 1.21, "BCAP": 106.19, "QNT": 65.46, "MORPHO": 1.96, "KCS": 6.64, "POL": 0.08263, "PI": 0.079696, "STABLE": 0.03550842, "JTRSY": 1.11, "EURSAFO": 1.15, "ADI": 6.57, "JST": 0.09758, "ATOM": 1.51, "ENA": 0.081802, "KAS": 0.02801837, "USTB": 11.15, "RENDER": 1.47, "NEXO": 0.752393, "ALGO": 0.08267, "BEAT": 2.38, "GT": 6.67, "\u5e01\u5b89\u4eba\u751f": 0.696388, "JAAA": 1.041, "PUMP": 0.00165222, "BDX": 0.082669, "JUP": 0.195287, "FIL": 0.762397, "GHO": 0.998825, "ARB": 0.090379, "LIT": 2.28, "FLR": 0.006497, "XDC": 0.02775224, "USD0": 0.998744, "YLDS": 0.999912, "USX": 0.999893, "VVV": 11.04}}