{"timestamp": 1778088237, "base": "USD", "data": {"BTC": 81501, "ETH": 2355.73, "USDT": 0.999839, "XRP": 1.43, "BNB": 649.34, "USDC": 0.999792, "SOL": 89.09, "TRX": 0.346583, "FIGR_HELOC": 1.022, "DOGE": 0.11334, "WBT": 59.7, "USDS": 0.999865, "HYPE": 43.1, "ADA": 0.2668, "LEO": 10.35, "ZEC": 566.92, "BCH": 467.65, "XMR": 418.81, "LINK": 10.0, "TON": 2.4, "CC": 0.147214, "XLM": 0.160971, "M": 3.62, "USD1": 0.999271, "DAI": 0.999361, "LTC": 56.97, "AVAX": 9.61, "SUI": 0.991722, "HBAR": 0.091495, "USDE": 0.999185, "SHIB": 6.39e-06, "RAIN": 0.00735421, "PYUSD": 0.999801, "CRO": 0.070748, "TAO": 314.19, "USYC": 1.12, "XAUT": 4667.39, "USDG": 0.999862, "BUIDL": 1.0, "PAXG": 4669.29, "MNT": 0.668564, "DOT": 1.31, "UNI": 3.46, "WLFI": 0.06753, "NEAR": 1.51, "PI": 0.182103, "SKY": 0.080444, "OKB": 87.24, "USDF": 0.998527, "HTX": 1.96e-06, "ASTER": 0.683241, "PEPE": 4.15e-06, "ICP": 2.94, "ONDO": 0.329316, "RLUSD": 0.999867, "BGB": 2.16, "USDD": 0.999815, "ETC": 9.28, "AAVE": 93.33, "MORPHO": 2.32, "USDY": 1.13, "BFUSD": 0.9993, "JTRSY": 1.1, "KCS": 8.44, "ALGO": 0.120038, "ENA": 0.117951, "POL": 0.098432, "USTB": 11.07, "U": 0.999943, "QNT": 70.55, "RENDER": 1.96, "KAS": 0.03633016, "EUTBL": 1.24, "ATOM": 1.92, "BCAP": 105.77, "NEXO": 0.902821, "WLD": 0.256915, "GT": 7.42, "FIL": 1.068, "APT": 1.015, "SKYAI": 0.810836, "STABLE": 0.03418867, "ARB": 0.124212, "PUMP": 0.0019888, "JST": 0.082587, "DASH": 54.32, "PENGU": 0.0108279, "FLR": 0.00774297, "VET": 0.00766783, "JUP": 0.197339, "USDTB": 0.99996, "BDX": 0.079786, "OUSG": 115.14, "BONK": 6.75e-06, "LUNC": 0.00010707, "XDC": 0.02955587, "HASH": 0.01113462, "GHO": 0.999737, "SIREN": 0.795101, "USDM": 0.998134}}