{"timestamp": 1781188296, "base": "USD", "data": {"BTC": 62924, "ETH": 1647.24, "USDT": 0.998928, "BNB": 599.35, "USDC": 0.999833, "XRP": 1.11, "SOL": 65.27, "TRX": 0.321059, "FIGR_HELOC": 1.025, "DOGE": 0.084887, "HYPE": 56.57, "USDS": 0.999688, "LEO": 9.54, "RAIN": 0.0131081, "ZEC": 418.96, "XMR": 351.35, "CC": 0.16792, "XLM": 0.186096, "ADA": 0.165058, "WBT": 51.48, "LINK": 7.77, "USDE": 0.998852, "USD1": 0.998414, "TON": 1.63, "DAI": 0.999685, "BCH": 200.13, "M": 2.87, "HBAR": 0.078103, "LTC": 42.44, "SUI": 0.748082, "USYC": 1.13, "LAB": 9.35, "PYUSD": 0.999596, "AVAX": 6.54, "SHIB": 4.75e-06, "CRO": 0.059881, "BEAT": 9.27, "USDG": 0.999787, "NEAR": 2.0, "XAUT": 4067.28, "BUIDL": 1.0, "USDY": 1.13, "TAO": 207.71, "WLFI": 0.059149, "PAXG": 4076.96, "MNT": 0.537633, "ONDO": 0.350963, "ASTER": 0.630291, "WLD": 0.495394, "RLUSD": 1.0, "DOT": 0.944173, "UNI": 2.5, "HTX": 1.7e-06, "OKB": 70.98, "USDF": 0.99461, "PI": 0.12549, "SKY": 0.05747, "USDD": 0.998968, "BFUSD": 0.998627, "MORPHO": 2.0, "ICP": 2.25, "BGB": 1.77, "PEPE": 2.76e-06, "ETC": 7.15, "U": 0.999501, "USDTB": 0.999766, "ATOM": 1.93, "EUTBL": 1.21, "BCAP": 106.96, "AAVE": 63.13, "DEXE": 20.36, "QNT": 64.86, "USTB": 11.11, "KCS": 6.66, "JTRSY": 1.11, "KAS": 0.03043812, "RENDER": 1.56, "NEXO": 0.805887, "STABLE": 0.03401422, "ALGO": 0.087906, "POL": 0.072969, "ENA": 0.075658, "\u5e01\u5b89\u4eba\u751f": 0.696299, "GT": 6.43, "JAAA": 1.038, "JST": 0.075471, "VVV": 13.45, "XDC": 0.03091501, "BDX": 0.079183, "GHO": 0.9986, "FLR": 0.00694553, "FIL": 0.750378, "HASH": 0.01052039, "NIGHT": 0.0335817, "USD0": 0.998659, "YLDS": 0.999841, "INJ": 5.21, "APT": 0.634579, "A7A5": 0.01321702, "JUP": 0.154959}}