{"timestamp": 1778713107, "base": "USD", "data": {"BTC": 79397, "ETH": 2258.2, "USDT": 0.999573, "BNB": 671.65, "XRP": 1.42, "USDC": 0.999445, "SOL": 91.15, "TRX": 0.349758, "FIGR_HELOC": 1.044, "DOGE": 0.113522, "WBT": 58.39, "USDS": 0.999715, "ADA": 0.264692, "HYPE": 38.97, "LEO": 10.06, "ZEC": 526.43, "BCH": 434.19, "LINK": 10.21, "XMR": 394.3, "CC": 0.154826, "TON": 2.1, "XLM": 0.159363, "SUI": 1.2, "USD1": 0.999437, "LTC": 56.99, "DAI": 0.99962, "M": 3.27, "AVAX": 9.76, "HBAR": 0.093802, "USDE": 1.0, "SHIB": 6.28e-06, "RAIN": 0.00749834, "PYUSD": 0.99976, "USDG": 0.999519, "CRO": 0.075026, "USYC": 1.12, "TAO": 296.71, "XAUT": 4690.6, "UNI": 3.63, "BUIDL": 1.0, "DOT": 1.33, "MNT": 0.67145, "PAXG": 4690.16, "WLFI": 0.067591, "NEAR": 1.57, "USDY": 1.13, "ONDO": 0.384363, "PI": 0.170483, "USDF": 0.997682, "OKB": 84.85, "HTX": 1.95e-06, "ASTER": 0.672447, "PEPE": 4.06e-06, "SKY": 0.07249, "ICP": 3.03, "RLUSD": 1.0, "USDD": 0.999562, "AAVE": 96.12, "BGB": 2.07, "ETC": 9.25, "BFUSD": 0.999201, "MORPHO": 1.99, "KCS": 8.3, "JTRSY": 1.1, "QNT": 74.1, "ENA": 0.116387, "ALGO": 0.117882, "ATOM": 2.04, "U": 1.0, "POL": 0.09609, "USTB": 11.08, "KAS": 0.0370533, "EUTBL": 1.23, "RENDER": 1.87, "BCAP": 105.87, "STABLE": 0.03993088, "NEXO": 0.902526, "WLD": 0.259007, "APT": 1.044, "SIREN": 1.13, "FIL": 1.048, "ARB": 0.131919, "JST": 0.091373, "GT": 7.26, "FLR": 0.00863354, "JUP": 0.222644, "USDTB": 0.999502, "VVV": 14.5, "PUMP": 0.00185872, "B": 0.653411, "VET": 0.00729082, "BDX": 0.080013, "XDC": 0.0309742, "BONK": 6.84e-06, "OUSG": 115.23, "GHO": 0.999438, "PENGU": 0.00900657, "DASH": 43.99, "TRUMP": 2.35, "DEXE": 11.93}}