{"timestamp": 1778065118, "base": "USD", "data": {"BTC": 82292, "ETH": 2412.02, "USDT": 0.999822, "XRP": 1.45, "BNB": 645.6, "USDC": 0.9998, "SOL": 89.38, "TRX": 0.343069, "DOGE": 0.116402, "FIGR_HELOC": 1.033, "WBT": 60.83, "USDS": 0.999619, "HYPE": 44.42, "ADA": 0.271029, "ZEC": 581.53, "LEO": 10.36, "BCH": 472.72, "XMR": 433.84, "LINK": 10.17, "TON": 2.31, "CC": 0.147865, "XLM": 0.165462, "M": 3.63, "USD1": 0.999793, "LTC": 57.71, "DAI": 0.999941, "AVAX": 9.74, "SUI": 1.03, "HBAR": 0.092662, "USDE": 0.999059, "SHIB": 6.5e-06, "RAIN": 0.00743387, "PYUSD": 0.999787, "CRO": 0.072072, "USYC": 1.12, "TAO": 304.4, "XAUT": 4704.63, "USDG": 0.999758, "BUIDL": 1.0, "PAXG": 4706.98, "UNI": 3.54, "DOT": 1.33, "MNT": 0.665822, "WLFI": 0.067634, "PI": 0.187365, "OKB": 89.12, "NEAR": 1.44, "SKY": 0.08046, "PEPE": 4.25e-06, "USDF": 0.997896, "ASTER": 0.691378, "HTX": 1.95e-06, "ICP": 2.85, "ONDO": 0.32314, "RLUSD": 0.999909, "BGB": 2.1, "USDD": 0.999805, "ETC": 9.38, "AAVE": 96.16, "MORPHO": 2.28, "USDY": 1.13, "BFUSD": 0.9991, "JTRSY": 1.1, "KCS": 8.59, "ALGO": 0.122608, "ENA": 0.118823, "POL": 0.099625, "QNT": 71.4, "USTB": 11.07, "RENDER": 1.99, "U": 1.0, "KAS": 0.03634707, "EUTBL": 1.24, "ATOM": 1.95, "BCAP": 105.77, "NEXO": 0.907504, "FIL": 1.13, "WLD": 0.261623, "APT": 1.049, "GT": 7.48, "STABLE": 0.03452652, "SKYAI": 0.773585, "ARB": 0.124992, "JST": 0.084529, "PUMP": 0.00199499, "PENGU": 0.0112113, "DASH": 55.5, "FLR": 0.00788107, "VET": 0.00774024, "JUP": 0.198904, "USDTB": 1.0, "BDX": 0.080039, "OUSG": 115.14, "XDC": 0.03053575, "BONK": 6.9e-06, "HASH": 0.01120658, "LUNC": 0.00010558, "GHO": 0.999589, "USDM": 0.998814, "TRUMP": 2.44}}