{"timestamp": 1780758409, "base": "USD", "data": {"BTC": 60631, "ETH": 1555.19, "USDT": 0.999564, "BNB": 573.66, "USDC": 0.999693, "XRP": 1.099, "SOL": 62.18, "TRX": 0.320808, "FIGR_HELOC": 1.029, "HYPE": 58.29, "DOGE": 0.081745, "USDS": 0.999689, "LEO": 9.56, "RAIN": 0.01291089, "XLM": 0.201761, "CC": 0.156338, "ADA": 0.1593, "ZEC": 342.26, "XMR": 297.71, "LINK": 7.38, "WBT": 43.29, "USD1": 0.999561, "USDE": 0.999447, "BCH": 219.3, "DAI": 0.999892, "TON": 1.59, "M": 2.81, "HBAR": 0.078981, "LTC": 42.42, "LAB": 9.89, "AVAX": 6.72, "SUI": 0.717087, "PYUSD": 0.999684, "USYC": 1.13, "SHIB": 4.55e-06, "XAUT": 4283.27, "CRO": 0.058343, "USDG": 1.0, "BUIDL": 1.0, "NEAR": 1.85, "USDY": 1.13, "PAXG": 4292.35, "TAO": 195.46, "WLFI": 0.056585, "MNT": 0.514273, "RLUSD": 0.999851, "DOT": 0.94862, "ASTER": 0.616533, "ONDO": 0.325993, "HTX": 1.72e-06, "UNI": 2.44, "USDF": 0.995406, "OKB": 69.05, "WLD": 0.41014, "USDD": 0.999838, "BFUSD": 0.9993, "PI": 0.123014, "SKY": 0.055546, "BGB": 1.84, "ICP": 2.31, "H": 0.666132, "PEPE": 2.68e-06, "ETC": 6.79, "MORPHO": 1.64, "USDTB": 0.999995, "U": 0.9999, "EUTBL": 1.21, "BCAP": 107.06, "USTB": 11.1, "QNT": 64.71, "DEXE": 19.74, "AAVE": 60.88, "JTRSY": 1.11, "ENA": 0.091485, "RENDER": 1.63, "ATOM": 1.63, "KAS": 0.0305077, "ALGO": 0.093456, "POL": 0.077178, "KCS": 6.09, "STABLE": 0.03296226, "VVV": 16.09, "NEXO": 0.733252, "\u5e01\u5b89\u4eba\u751f": 0.717242, "JST": 0.082136, "GT": 6.16, "BEAT": 2.22, "BDX": 0.078732, "XDC": 0.02944055, "SIREN": 0.806526, "GHO": 0.999231, "FLR": 0.00673222, "FIL": 0.725219, "USD0": 0.998529, "APT": 0.657813, "YLDS": 0.999785, "HASH": 0.00940123, "NIGHT": 0.03100069, "JUP": 0.155106, "A7A5": 0.01316142}}