{"timestamp": 1780685707, "base": "USD", "data": {"BTC": 59340, "ETH": 1551.06, "USDT": 0.999301, "BNB": 563.63, "USDC": 0.999784, "XRP": 1.087, "SOL": 63.21, "TRX": 0.320164, "FIGR_HELOC": 1.034, "HYPE": 56.84, "DOGE": 0.080126, "USDS": 0.999661, "LEO": 9.75, "RAIN": 0.01290547, "XLM": 0.191456, "ADA": 0.157983, "XMR": 307.01, "CC": 0.140975, "ZEC": 322.0, "LINK": 7.24, "WBT": 42.55, "USD1": 0.999105, "USDE": 0.999457, "BCH": 214.3, "DAI": 0.999713, "TON": 1.48, "M": 2.89, "HBAR": 0.0787, "LAB": 10.46, "LTC": 42.89, "AVAX": 6.86, "PYUSD": 0.999775, "USYC": 1.13, "SUI": 0.685854, "SHIB": 4.49e-06, "XAUT": 4298.7, "CRO": 0.05721, "USDG": 1.0, "NEAR": 1.9, "BUIDL": 1.0, "USDY": 1.11, "PAXG": 4313.84, "TAO": 189.21, "WLFI": 0.054841, "WLD": 0.507957, "MNT": 0.514278, "RLUSD": 0.999828, "ONDO": 0.328983, "DOT": 0.934084, "HTX": 1.74e-06, "ASTER": 0.603231, "UNI": 2.39, "USDF": 0.996401, "OKB": 68.78, "USDD": 0.999472, "SKY": 0.058075, "BFUSD": 0.998989, "PI": 0.12182, "BGB": 1.82, "ICP": 2.19, "PEPE": 2.67e-06, "H": 0.587501, "MORPHO": 1.63, "ETC": 6.65, "USDTB": 0.99977, "U": 0.9999, "EUTBL": 1.21, "BCAP": 107.06, "USTB": 11.1, "QNT": 65.05, "AAVE": 61.16, "DEXE": 19.8, "JTRSY": 1.11, "KCS": 6.3, "ATOM": 1.63, "RENDER": 1.6, "KAS": 0.03006932, "ALGO": 0.090038, "ENA": 0.085805, "STABLE": 0.03258562, "POL": 0.071863, "NEXO": 0.725053, "\u5e01\u5b89\u4eba\u751f": 0.72464, "VVV": 14.96, "JST": 0.07999, "GT": 6.14, "BDX": 0.078651, "GHO": 0.998796, "FLR": 0.00664181, "XDC": 0.02877414, "FIL": 0.718388, "USD0": 0.998516, "YLDS": 0.999682, "APT": 0.651277, "SIREN": 0.708656, "JUP": 0.154686, "A7A5": 0.01309196, "NIGHT": 0.03084219, "HASH": 0.00950596, "OUSG": 115.46}}