{"timestamp": 1778974966, "base": "USD", "data": {"BTC": 78191, "ETH": 2180.94, "USDT": 0.999545, "BNB": 656.27, "XRP": 1.41, "USDC": 0.999834, "SOL": 86.59, "TRX": 0.355126, "FIGR_HELOC": 1.036, "DOGE": 0.109344, "WBT": 57.63, "USDS": 0.999724, "HYPE": 41.82, "ADA": 0.25497, "LEO": 9.92, "ZEC": 512.15, "BCH": 415.82, "XMR": 388.21, "LINK": 9.72, "CC": 0.153684, "TON": 1.91, "XLM": 0.151814, "USD1": 1.0, "DAI": 0.999831, "USDE": 1.0, "LTC": 56.11, "SUI": 1.062, "M": 3.14, "AVAX": 9.29, "HBAR": 0.091247, "RAIN": 0.00749757, "PYUSD": 0.999743, "SHIB": 5.86e-06, "CRO": 0.07104, "USDG": 0.999552, "USYC": 1.12, "XAUT": 4536.06, "BUIDL": 1.0, "TAO": 273.79, "UNI": 3.5, "DOT": 1.27, "PAXG": 4535.31, "MNT": 0.643505, "WLFI": 0.061174, "NEAR": 1.5, "USDY": 1.13, "HTX": 1.97e-06, "USDF": 0.997607, "OKB": 83.78, "ASTER": 0.665588, "PI": 0.160041, "ONDO": 0.344857, "SKY": 0.070246, "PEPE": 3.76e-06, "RLUSD": 0.999815, "USDD": 0.999492, "ICP": 2.6, "ETC": 9.05, "BGB": 2.01, "AAVE": 90.12, "BFUSD": 0.999105, "QNT": 81.05, "MORPHO": 1.78, "KCS": 8.09, "USDTB": 0.998875, "JTRSY": 1.1, "ATOM": 2.05, "U": 0.999728, "EUTBL": 1.22, "USTB": 11.08, "ALGO": 0.11032, "POL": 0.091062, "ENA": 0.107037, "BCAP": 105.87, "RENDER": 1.83, "KAS": 0.03414343, "NEXO": 0.870646, "STABLE": 0.03566062, "WLD": 0.240131, "FLR": 0.00920941, "APT": 0.947813, "JST": 0.090862, "GT": 7.15, "FIL": 0.973449, "ARB": 0.11954, "JUP": 0.198986, "XDC": 0.03186212, "PUMP": 0.00174204, "BDX": 0.078985, "VVV": 13.12, "DEXE": 12.95, "VET": 0.00683961, "GHO": 0.999371, "USD0": 0.998314, "OUSG": 115.25, "BONK": 6.24e-06, "HASH": 0.01029562, "PENGU": 0.00846218, "NIGHT": 0.03194741, "YLDS": 0.999804}}