{"timestamp": 1777702987, "base": "USD", "data": {"BTC": 78186, "ETH": 2299.57, "USDT": 0.999725, "XRP": 1.39, "BNB": 615.37, "USDC": 0.999769, "SOL": 83.65, "TRX": 0.329086, "FIGR_HELOC": 1.033, "DOGE": 0.107707, "WBT": 58.36, "USDS": 0.999742, "HYPE": 41.37, "LEO": 10.34, "ADA": 0.247529, "BCH": 449.7, "XMR": 384.74, "LINK": 9.08, "ZEC": 379.86, "CC": 0.149764, "XLM": 0.159221, "USD1": 0.999603, "DAI": 0.999736, "LTC": 55.38, "AVAX": 9.08, "USDE": 0.999089, "M": 2.93, "HBAR": 0.087832, "RAIN": 0.0078139, "SUI": 0.916954, "SHIB": 6.23e-06, "TON": 1.32, "PYUSD": 0.999825, "CRO": 0.06835, "USYC": 1.12, "XAUT": 4598.36, "TAO": 272.38, "USDG": 0.99985, "BUIDL": 1.0, "PAXG": 4600.56, "MNT": 0.629353, "UNI": 3.2, "DOT": 1.2, "SKY": 0.081206, "PI": 0.179192, "USDF": 0.996457, "OKB": 83.36, "ASTER": 0.652617, "NEAR": 1.29, "HTX": 1.83e-06, "PEPE": 3.92e-06, "WLFI": 0.051718, "RLUSD": 0.999811, "USDD": 0.999965, "BGB": 2.01, "AAVE": 91.89, "USDY": 1.13, "ETC": 8.43, "JTRSY": 1.1, "BFUSD": 0.998701, "ONDO": 0.270564, "ICP": 2.32, "MORPHO": 1.99, "KCS": 8.38, "U": 1.0, "POL": 0.096422, "QNT": 68.62, "USTB": 11.07, "EUTBL": 1.23, "BCAP": 105.75, "ATOM": 1.89, "ALGO": 0.106143, "NEXO": 0.907112, "ENA": 0.101307, "KAS": 0.03233668, "RENDER": 1.71, "GT": 7.19, "APT": 0.992333, "WLD": 0.233329, "ARB": 0.122405, "STABLE": 0.0330094, "JST": 0.086105, "FIL": 0.916144, "PUMP": 0.00181336, "PENGU": 0.01019792, "FLR": 0.00746355, "BDX": 0.079834, "VET": 0.00716518, "OUSG": 115.1, "JUP": 0.178273, "XDC": 0.0293741, "HASH": 0.01117074, "GHO": 0.999707, "USDTB": 0.999158, "USD0": 0.999059, "BONK": 6.23e-06, "SIREN": 0.730389, "YLDS": 0.999914, "NIGHT": 0.03168295, "TRUMP": 2.26}}