{"timestamp": 1777449061, "base": "USD", "data": {"BTC": 77081, "ETH": 2325.3, "USDT": 0.99985, "XRP": 1.39, "BNB": 625.63, "USDC": 0.999866, "SOL": 84.71, "TRX": 0.322355, "FIGR_HELOC": 1.033, "DOGE": 0.104653, "WBT": 54.67, "USDS": 0.999928, "HYPE": 40.63, "LEO": 10.37, "ADA": 0.249548, "BCH": 453.46, "XMR": 381.48, "LINK": 9.32, "CC": 0.150223, "ZEC": 335.66, "XLM": 0.164268, "M": 3.5, "USD1": 0.999794, "DAI": 0.999877, "LTC": 56.02, "AVAX": 9.3, "HBAR": 0.090018, "USDE": 0.999251, "SUI": 0.931544, "SHIB": 6.24e-06, "RAIN": 0.00747556, "PYUSD": 0.99983, "TON": 1.31, "CRO": 0.069146, "USYC": 1.12, "XAUT": 4568.7, "TAO": 261.64, "USDG": 0.99997, "WLFI": 0.073433, "BUIDL": 1.0, "PAXG": 4564.35, "MNT": 0.634931, "DOT": 1.24, "UNI": 3.29, "PI": 0.197218, "SKY": 0.0865, "USDF": 0.996316, "NEAR": 1.36, "OKB": 83.25, "ASTER": 0.658645, "PEPE": 3.95e-06, "HTX": 1.82e-06, "RLUSD": 0.999921, "USDD": 0.999866, "AAVE": 97.24, "BGB": 1.97, "ICP": 2.44, "ETC": 8.49, "USDY": 1.13, "BFUSD": 0.9991, "JTRSY": 1.1, "ONDO": 0.266231, "MORPHO": 2.0, "KCS": 8.54, "GT": 7.33, "U": 0.999333, "QNT": 69.91, "ALGO": 0.113262, "ATOM": 1.97, "EUTBL": 1.23, "POL": 0.092817, "BCAP": 105.75, "USTB": 11.06, "ENA": 0.108323, "RENDER": 1.77, "KAS": 0.03294389, "NEXO": 0.893804, "WLD": 0.252715, "APT": 1.003, "ARB": 0.12762, "STABLE": 0.03503665, "FIL": 0.94044, "JST": 0.083154, "HASH": 0.01236029, "PUMP": 0.0019094, "FLR": 0.00762366, "PENGU": 0.01004608, "JUP": 0.188658, "BDX": 0.080146, "VET": 0.00718247, "OUSG": 115.07, "XDC": 0.02986931, "DEXE": 12.57, "USDTB": 1.0, "GHO": 0.99947, "TRUMP": 2.47, "NIGHT": 0.03391929, "BONK": 6.33e-06, "USD0": 0.998284, "YLDS": 0.999921}}