{"timestamp": 1776987074, "base": "USD", "data": {"BTC": 78156, "ETH": 2327.63, "USDT": 1.0, "XRP": 1.44, "BNB": 638.29, "USDC": 0.999836, "SOL": 86.03, "TRX": 0.329244, "FIGR_HELOC": 1.031, "DOGE": 0.097156, "WBT": 55.29, "USDS": 0.999954, "HYPE": 41.29, "LEO": 10.29, "ADA": 0.249316, "BCH": 459.85, "XMR": 379.11, "LINK": 9.33, "XLM": 0.175651, "CC": 0.150603, "M": 4.46, "ZEC": 342.92, "DAI": 0.999804, "LTC": 56.15, "USD1": 1.0, "AVAX": 9.36, "USDE": 0.999332, "HBAR": 0.090728, "SUI": 0.944326, "SHIB": 6.14e-06, "RAIN": 0.00750242, "PYUSD": 0.999992, "TON": 1.34, "CRO": 0.069631, "USYC": 1.12, "XAUT": 4683.84, "BUIDL": 1.0, "WLFI": 0.077528, "TAO": 250.47, "USDG": 0.999979, "PAXG": 4683.31, "MNT": 0.646714, "DOT": 1.24, "UNI": 3.29, "SKY": 0.08514, "NEAR": 1.4, "USDF": 0.996957, "OKB": 83.96, "PI": 0.16803, "HTX": 1.83e-06, "ASTER": 0.672783, "PEPE": 3.81e-06, "JTRSY": 1.1, "RLUSD": 1.0, "AAVE": 94.17, "USDD": 1.0, "ICP": 2.48, "BGB": 1.95, "ETC": 8.51, "USDY": 1.13, "BFUSD": 0.9999, "ONDO": 0.261141, "KCS": 8.48, "GT": 7.36, "MORPHO": 1.92, "PUMP": 0.00179671, "U": 0.999947, "QNT": 70.55, "EUTBL": 1.23, "POL": 0.094175, "USTB": 11.06, "ATOM": 1.91, "ENA": 0.109533, "KAS": 0.03418498, "RENDER": 1.8, "ALGO": 0.104287, "NEXO": 0.900296, "WLD": 0.263329, "ARB": 0.128155, "APT": 0.952572, "STABLE": 0.03394605, "BCAP": 82.76, "FIL": 0.930396, "JST": 0.080953, "FLR": 0.00794329, "TRUMP": 2.87, "VET": 0.00722295, "BDX": 0.080118, "JUP": 0.172631, "NIGHT": 0.03673422, "HASH": 0.01084241, "DEXE": 12.88, "OUSG": 115.02, "XDC": 0.02991692, "GHO": 0.999173, "USDTB": 0.999476, "BONK": 6.33e-06, "USD0": 0.998109, "YLDS": 0.999804, "PENGU": 0.00840419}}