{"timestamp": 1778151744, "base": "USD", "data": {"BTC": 80841, "ETH": 2326.78, "USDT": 0.999867, "BNB": 647.7, "XRP": 1.41, "USDC": 0.999567, "SOL": 89.16, "TRX": 0.346772, "FIGR_HELOC": 1.02, "DOGE": 0.111015, "WBT": 59.08, "USDS": 0.999657, "HYPE": 42.7, "ADA": 0.267264, "LEO": 10.35, "ZEC": 566.73, "BCH": 458.38, "XMR": 413.01, "LINK": 10.0, "TON": 2.56, "CC": 0.146143, "XLM": 0.16062, "M": 3.97, "USD1": 0.999548, "DAI": 0.999554, "LTC": 56.92, "AVAX": 9.57, "USDE": 0.999321, "SUI": 0.990537, "HBAR": 0.090902, "SHIB": 6.34e-06, "RAIN": 0.00725484, "PYUSD": 0.999737, "CRO": 0.070483, "USYC": 1.12, "TAO": 307.5, "XAUT": 4723.22, "USDG": 0.999833, "BUIDL": 1.0, "WLFI": 0.072309, "PAXG": 4727.75, "DOT": 1.32, "MNT": 0.667272, "UNI": 3.47, "NEAR": 1.48, "PI": 0.179926, "SKY": 0.079949, "OKB": 86.93, "USDF": 0.998525, "HTX": 1.96e-06, "PEPE": 4.18e-06, "ASTER": 0.672952, "ICP": 3.08, "ONDO": 0.343951, "RLUSD": 1.0, "BGB": 2.16, "USDD": 0.999591, "ETC": 9.26, "AAVE": 93.64, "MORPHO": 2.15, "USDY": 1.13, "BFUSD": 0.999299, "JTRSY": 1.1, "KCS": 8.4, "ALGO": 0.126586, "ENA": 0.122332, "POL": 0.099829, "RENDER": 2.0, "U": 0.999922, "USTB": 11.07, "QNT": 70.19, "KAS": 0.03653905, "EUTBL": 1.24, "ATOM": 1.92, "BCAP": 105.77, "NEXO": 0.893769, "WLD": 0.257202, "FIL": 1.094, "SIREN": 1.14, "APT": 1.02, "GT": 7.27, "ARB": 0.127552, "STABLE": 0.03275099, "JST": 0.085422, "PUMP": 0.00200019, "JUP": 0.202153, "FLR": 0.00779551, "VET": 0.00770141, "DASH": 52.33, "PENGU": 0.01048592, "SKYAI": 0.622903, "USDTB": 0.999695, "BDX": 0.07958, "OUSG": 115.16, "BONK": 6.85e-06, "HASH": 0.01142253, "VIRTUAL": 0.910064, "XDC": 0.02991061, "VVV": 12.9, "GHO": 0.999557}}