{"timestamp": 1776715640, "base": "USD", "data": {"BTC": 76241, "ETH": 2332.97, "USDT": 1.0, "XRP": 1.43, "BNB": 630.27, "USDC": 0.999841, "SOL": 85.84, "TRX": 0.328447, "FIGR_HELOC": 1.031, "DOGE": 0.095438, "WBT": 55.21, "USDS": 0.999862, "HYPE": 41.36, "LEO": 10.29, "ADA": 0.248532, "BCH": 444.3, "LINK": 9.33, "XMR": 353.63, "M": 3.54, "CC": 0.156479, "XLM": 0.17345, "ZEC": 317.75, "USDE": 0.999923, "DAI": 0.999697, "LTC": 55.16, "USD1": 1.0, "AVAX": 9.32, "HBAR": 0.089578, "SUI": 0.947472, "PYUSD": 0.99977, "RAIN": 0.00756914, "SHIB": 6.02e-06, "TON": 1.33, "CRO": 0.070266, "USYC": 1.12, "XAUT": 4796.43, "WLFI": 0.078791, "BUIDL": 1.0, "TAO": 247.24, "PAXG": 4801.22, "USDG": 0.999948, "DOT": 1.28, "MNT": 0.631193, "UNI": 3.26, "SKY": 0.078687, "USDF": 0.997893, "PI": 0.173163, "OKB": 83.75, "NEAR": 1.36, "ASTER": 0.67998, "HTX": 1.82e-06, "PEPE": 3.8e-06, "JTRSY": 1.1, "RLUSD": 1.0, "AAVE": 90.03, "ICP": 2.47, "BGB": 1.89, "USDY": 1.13, "BFUSD": 1.0, "ETC": 8.43, "USDD": 1.0, "ONDO": 0.255947, "KCS": 8.55, "GT": 7.24, "QNT": 74.83, "PUMP": 0.00183606, "MORPHO": 1.95, "U": 0.999998, "EUTBL": 1.24, "POL": 0.094542, "ENA": 0.113907, "KAS": 0.03506764, "ALGO": 0.104207, "RENDER": 1.79, "ATOM": 1.8, "NEXO": 0.904608, "WLD": 0.267134, "USDTB": 0.999837, "USTB": 11.06, "ARB": 0.127712, "APT": 0.940844, "BCAP": 82.76, "FIL": 0.925784, "FLR": 0.00813238, "TRUMP": 2.89, "DEXE": 14.13, "HASH": 0.01130257, "JST": 0.073123, "BDX": 0.07999, "VET": 0.00714748, "JUP": 0.169835, "XDC": 0.03022531, "OUSG": 114.95, "NIGHT": 0.03581727, "YLDS": 0.999998, "GHO": 0.998955, "STABLE": 0.0255677, "USD0": 0.998243, "BONK": 6.14e-06, "SIREN": 0.703877}}