{"timestamp": 1784349664, "base": "USD", "data": {"BTC": 63907, "ETH": 1841.72, "USDT": 0.999303, "BNB": 566.77, "USDC": 0.999922, "XRP": 1.088, "SOL": 75.07, "TRX": 0.322025, "FIGR_HELOC": 1.026, "HYPE": 59.32, "DOGE": 0.072466, "USDS": 0.999799, "RAIN": 0.01411566, "ZEC": 544.23, "LEO": 9.8, "WBT": 55.74, "XLM": 0.184394, "XMR": 331.15, "ADA": 0.166478, "LINK": 8.25, "CC": 0.126279, "DAI": 0.999765, "BCH": 218.7, "USD1": 0.999232, "GRAM": 1.48, "USDE": 0.999665, "LTC": 45.46, "USDG": 1.003, "USYC": 1.13, "SUI": 0.737688, "HBAR": 0.066176, "PYUSD": 0.999853, "CRO": 0.060246, "AVAX": 6.62, "BUIDL": 1.0, "NEAR": 1.92, "SHIB": 4.18e-06, "XAUT": 4008.27, "UNI": 3.52, "USDY": 1.13, "TAO": 193.14, "WLFI": 0.057651, "ONDO": 0.374213, "PAXG": 4007.03, "OKB": 81.13, "M": 1.27, "DEXE": 35.92, "ASTER": 0.619305, "HTX": 1.81e-06, "RLUSD": 0.999959, "USDD": 0.999221, "DOT": 0.848954, "USDF": 0.995258, "SKY": 0.060736, "MNT": 0.421432, "WLD": 0.38059, "AAVE": 88.51, "BFUSD": 0.998343, "MORPHO": 1.98, "ICP": 2.15, "PEPE": 2.74e-06, "BGB": 1.63, "ETC": 7.04, "U": 0.999803, "USDGO": 1.0, "EUTBL": 1.21, "BCAP": 106.19, "QNT": 64.68, "PI": 0.083458, "KCS": 6.61, "POL": 0.082424, "STABLE": 0.03552962, "JTRSY": 1.11, "EURSAFO": 1.15, "ADI": 6.55, "JST": 0.09736, "ENA": 0.081867, "ATOM": 1.5, "KAS": 0.02784102, "RENDER": 1.47, "USTB": 11.15, "NEXO": 0.75534, "ALGO": 0.082422, "BEAT": 2.39, "GT": 6.68, "\u5e01\u5b89\u4eba\u751f": 0.694325, "JAAA": 1.041, "BDX": 0.085424, "PUMP": 0.00162948, "JUP": 0.196381, "FIL": 0.761329, "GHO": 0.999014, "ARB": 0.089794, "FLR": 0.00650926, "LIT": 2.25, "YLDS": 0.999817, "XDC": 0.02781544, "USD0": 0.998715, "VVV": 11.38, "USX": 0.999821}}