{"timestamp": 1778964603, "base": "USD", "data": {"BTC": 78195, "ETH": 2179.94, "USDT": 0.999531, "BNB": 656.4, "XRP": 1.42, "USDC": 0.999776, "SOL": 86.68, "TRX": 0.354465, "FIGR_HELOC": 1.032, "DOGE": 0.109496, "WBT": 57.59, "USDS": 0.999748, "HYPE": 41.91, "ADA": 0.25506, "LEO": 9.86, "ZEC": 512.49, "BCH": 416.84, "XMR": 387.36, "LINK": 9.74, "CC": 0.152617, "TON": 1.9, "XLM": 0.151752, "USD1": 0.999755, "DAI": 0.999603, "LTC": 56.16, "USDE": 1.0, "SUI": 1.064, "M": 3.14, "AVAX": 9.3, "HBAR": 0.09151, "RAIN": 0.00743956, "SHIB": 5.88e-06, "PYUSD": 0.9997, "CRO": 0.07125, "USDG": 0.999588, "USYC": 1.12, "XAUT": 4535.39, "BUIDL": 1.0, "TAO": 275.19, "UNI": 3.5, "DOT": 1.27, "PAXG": 4534.82, "MNT": 0.64147, "WLFI": 0.061399, "NEAR": 1.49, "USDY": 1.13, "USDF": 0.997993, "HTX": 1.96e-06, "OKB": 83.81, "ASTER": 0.668899, "ONDO": 0.346482, "PI": 0.160048, "SKY": 0.070106, "PEPE": 3.77e-06, "RLUSD": 0.999897, "USDD": 0.999497, "ICP": 2.6, "ETC": 9.07, "BGB": 2.01, "AAVE": 90.41, "BFUSD": 0.999203, "QNT": 81.65, "MORPHO": 1.79, "KCS": 8.09, "USDTB": 0.999129, "JTRSY": 1.1, "ATOM": 2.03, "U": 0.999546, "EUTBL": 1.22, "USTB": 11.08, "ALGO": 0.11076, "ENA": 0.107652, "POL": 0.090847, "BCAP": 105.87, "RENDER": 1.84, "KAS": 0.03401883, "NEXO": 0.874985, "STABLE": 0.03629577, "WLD": 0.240607, "FLR": 0.00920774, "APT": 0.950442, "JST": 0.091029, "FIL": 0.974057, "GT": 7.14, "ARB": 0.119919, "JUP": 0.199761, "XDC": 0.03213256, "PUMP": 0.00174911, "VVV": 13.4, "BDX": 0.079032, "DEXE": 12.96, "VET": 0.00683072, "GHO": 0.999374, "HASH": 0.01062817, "USD0": 0.99811, "OUSG": 115.25, "BONK": 6.26e-06, "PENGU": 0.00848757, "NIGHT": 0.03192698, "YLDS": 0.9998}}