{"timestamp": 1779638268, "base": "USD", "data": {"BTC": 76308, "ETH": 2093.56, "USDT": 0.998761, "BNB": 654.98, "XRP": 1.35, "USDC": 0.999744, "SOL": 85.24, "TRX": 0.365184, "FIGR_HELOC": 1.03, "DOGE": 0.101891, "HYPE": 63.69, "USDS": 0.999474, "ZEC": 660.85, "LEO": 10.03, "ADA": 0.242728, "XMR": 390.27, "BCH": 349.0, "LINK": 9.42, "WBT": 56.29, "CC": 0.165957, "XLM": 0.146692, "USD1": 0.998921, "TON": 1.74, "USDE": 0.998773, "DAI": 0.999521, "SUI": 1.043, "LTC": 52.74, "AVAX": 9.23, "HBAR": 0.088743, "M": 2.9, "PYUSD": 0.999982, "RAIN": 0.00741811, "SHIB": 5.58e-06, "NEAR": 2.44, "CRO": 0.068875, "USYC": 1.13, "USDG": 0.999745, "XAUT": 4504.06, "TAO": 275.4, "BUIDL": 1.0, "ONDO": 0.444254, "MNT": 0.651708, "UNI": 3.39, "USDY": 1.14, "DOT": 1.26, "PAXG": 4517.43, "WLFI": 0.061554, "ASTER": 0.709404, "HTX": 2.01e-06, "USDF": 0.996576, "RLUSD": 1.0, "OKB": 82.39, "SKY": 0.069787, "PI": 0.149647, "USDD": 0.9983, "PEPE": 3.58e-06, "ICP": 2.55, "MORPHO": 2.22, "ETC": 8.94, "BGB": 1.97, "BFUSD": 0.998508, "AAVE": 85.81, "QNT": 79.85, "USDTB": 0.999315, "KCS": 8.04, "EUTBL": 1.22, "ATOM": 2.05, "WLD": 0.302732, "U": 0.99908, "RENDER": 1.97, "ALGO": 0.112141, "USTB": 11.09, "BCAP": 105.74, "POL": 0.09046, "JTRSY": 1.1, "VVV": 20.09, "KAS": 0.03327524, "ENA": 0.099003, "NEXO": 0.855962, "JST": 0.093489, "APT": 0.948774, "STABLE": 0.03361258, "FIL": 0.953472, "GT": 7.0, "FLR": 0.00832491, "DEXE": 14.98, "JUP": 0.202624, "ARB": 0.105818, "PUMP": 0.00174158, "XDC": 0.03081214, "BDX": 0.078847, "GHO": 0.998811, "DASH": 45.6, "VET": 0.00663576, "HASH": 0.01059736, "PENGU": 0.00898024, "NIGHT": 0.03390798, "USD0": 0.998489, "OUSG": 115.33, "BONK": 6e-06}}