{"timestamp": 1783727473, "base": "USD", "data": {"BTC": 64097, "ETH": 1794.49, "USDT": 0.999326, "BNB": 575.1, "USDC": 0.999898, "XRP": 1.1, "SOL": 78.04, "TRX": 0.330221, "FIGR_HELOC": 1.033, "HYPE": 67.49, "DOGE": 0.074039, "USDS": 0.999763, "RAIN": 0.01441073, "LEO": 9.47, "ZEC": 499.1, "WBT": 56.1, "XLM": 0.190592, "ADA": 0.166554, "XMR": 321.9, "LINK": 7.96, "CC": 0.134391, "BCH": 245.58, "DAI": 0.999801, "GRAM": 1.64, "USD1": 0.999341, "USDE": 0.999627, "LTC": 44.78, "USDG": 0.999268, "HBAR": 0.070273, "USYC": 1.13, "SUI": 0.738137, "AVAX": 6.74, "BUIDL": 1.0, "PYUSD": 0.999771, "SHIB": 4.39e-06, "CRO": 0.05579, "XAUT": 4106.78, "NEAR": 1.89, "UNI": 3.53, "USDY": 1.13, "TAO": 213.35, "WLFI": 0.058122, "PAXG": 4111.01, "M": 1.32, "OKB": 80.43, "ASTER": 0.629208, "HTX": 1.84e-06, "DEXE": 35.1, "ONDO": 0.327824, "USDD": 0.999179, "RLUSD": 1.0, "DOT": 0.876394, "AAVE": 95.79, "MORPHO": 2.19, "USDF": 0.996993, "MNT": 0.429503, "SKY": 0.059759, "WLD": 0.381179, "BFUSD": 0.99862, "ICP": 2.3, "PEPE": 2.8e-06, "BGB": 1.67, "ETC": 7.07, "PI": 0.099564, "U": 0.99998, "EUTBL": 1.2, "QNT": 68.1, "BCAP": 106.63, "KCS": 7.06, "USDGO": 1.0, "JST": 0.102271, "JTRSY": 1.11, "STABLE": 0.03512677, "POL": 0.079518, "BEAT": 2.68, "ATOM": 1.59, "RENDER": 1.57, "KAS": 0.0294958, "ADI": 6.31, "USTB": 11.14, "ENA": 0.081159, "EURSAFO": 1.15, "ALGO": 0.085709, "NEXO": 0.759462, "USDTB": 1.0, "GT": 6.75, "BDX": 0.087712, "JAAA": 1.041, "LIT": 2.72, "JUP": 0.20327, "\u5e01\u5b89\u4eba\u751f": 0.674458, "FIL": 0.788174, "GHO": 0.998484, "ARB": 0.092697, "PUMP": 0.0014599, "FLR": 0.00665559, "USD0": 0.999161, "XDC": 0.02726234, "YLDS": 0.9998, "VVV": 11.19}}