{"timestamp": 1783700157, "base": "USD", "data": {"BTC": 64004, "ETH": 1791.24, "USDT": 0.99925, "BNB": 574.46, "USDC": 0.99982, "XRP": 1.1, "SOL": 77.99, "TRX": 0.330598, "FIGR_HELOC": 1.002, "HYPE": 67.64, "DOGE": 0.07398, "USDS": 0.999686, "RAIN": 0.0144683, "LEO": 9.38, "ZEC": 501.78, "WBT": 55.98, "XLM": 0.188378, "ADA": 0.166348, "XMR": 325.09, "LINK": 7.92, "CC": 0.133952, "BCH": 248.82, "DAI": 0.999803, "GRAM": 1.68, "USD1": 0.999125, "USDE": 0.999622, "LTC": 44.69, "USDG": 1.0, "HBAR": 0.070376, "USYC": 1.13, "SUI": 0.736116, "AVAX": 6.75, "PYUSD": 0.999661, "CRO": 0.056372, "SHIB": 4.35e-06, "XAUT": 4098.87, "NEAR": 1.9, "BUIDL": 1.0, "UNI": 3.55, "USDY": 1.14, "TAO": 211.53, "WLFI": 0.058966, "PAXG": 4101.06, "M": 1.36, "OKB": 80.7, "ASTER": 0.631522, "DEXE": 35.98, "HTX": 1.84e-06, "ONDO": 0.326193, "USDD": 0.999242, "RLUSD": 0.999931, "DOT": 0.873733, "MORPHO": 2.26, "AAVE": 95.17, "USDF": 0.997067, "MNT": 0.429094, "WLD": 0.385285, "SKY": 0.05775, "BFUSD": 0.998859, "ICP": 2.3, "BGB": 1.66, "PEPE": 2.75e-06, "ETC": 7.08, "PI": 0.098583, "U": 0.999996, "EUTBL": 1.21, "QNT": 68.69, "BCAP": 106.63, "KCS": 6.89, "USDGO": 0.999823, "JST": 0.102289, "JTRSY": 1.11, "STABLE": 0.03526427, "POL": 0.078113, "KAS": 0.02993579, "ATOM": 1.58, "USTB": 11.14, "RENDER": 1.55, "BEAT": 2.56, "ADI": 6.26, "EURSAFO": 1.15, "ALGO": 0.08586, "ENA": 0.079234, "NEXO": 0.758614, "USDTB": 1.0, "GT": 6.7, "BDX": 0.087333, "JAAA": 1.041, "\u5e01\u5b89\u4eba\u751f": 0.680549, "JUP": 0.201382, "FIL": 0.797935, "LIT": 2.5, "GHO": 0.998477, "PUMP": 0.00144871, "ARB": 0.090985, "FLR": 0.00666211, "USD0": 0.998497, "XDC": 0.0273464, "YLDS": 0.999801, "VVV": 11.21}}