{"timestamp": 1781046788, "base": "USD", "data": {"BTC": 61659, "ETH": 1636.77, "USDT": 0.999353, "BNB": 592.38, "USDC": 0.99984, "XRP": 1.14, "SOL": 64.9, "TRX": 0.322601, "FIGR_HELOC": 1.033, "DOGE": 0.084552, "HYPE": 57.51, "USDS": 0.99974, "LEO": 9.52, "RAIN": 0.01268991, "ZEC": 425.4, "XLM": 0.192342, "CC": 0.161928, "ADA": 0.165096, "WBT": 50.93, "XMR": 310.24, "LINK": 7.82, "TON": 1.7, "USD1": 0.999244, "USDE": 0.99908, "DAI": 0.99963, "BCH": 203.03, "M": 2.91, "HBAR": 0.079383, "LTC": 42.97, "SUI": 0.746019, "LAB": 9.35, "USYC": 1.13, "AVAX": 6.62, "PYUSD": 0.999682, "NEAR": 2.15, "SHIB": 4.66e-06, "CRO": 0.059592, "XAUT": 4227.62, "USDG": 0.999643, "BUIDL": 1.0, "USDY": 1.12, "TAO": 205.22, "PAXG": 4237.15, "MNT": 0.534123, "WLFI": 0.054707, "ONDO": 0.356375, "WLD": 0.506996, "ASTER": 0.620066, "RLUSD": 1.0, "DOT": 0.95577, "HTX": 1.72e-06, "UNI": 2.47, "OKB": 71.73, "USDF": 0.994924, "BEAT": 4.75, "PI": 0.127242, "USDD": 0.99932, "BFUSD": 0.9991, "SKY": 0.055173, "ICP": 2.27, "BGB": 1.77, "MORPHO": 1.89, "PEPE": 2.76e-06, "ETC": 6.99, "U": 0.999806, "USDTB": 0.999674, "EUTBL": 1.21, "BCAP": 106.96, "QNT": 65.56, "AAVE": 61.97, "USTB": 11.11, "ATOM": 1.77, "DEXE": 19.26, "JTRSY": 1.11, "KCS": 6.26, "RENDER": 1.61, "KAS": 0.03023151, "ALGO": 0.091018, "STABLE": 0.03447088, "POL": 0.075413, "NEXO": 0.766392, "ENA": 0.080108, "VVV": 15.25, "JST": 0.081788, "JAAA": 1.037, "\u5e01\u5b89\u4eba\u751f": 0.679512, "GT": 6.34, "SIREN": 0.922783, "XDC": 0.03158643, "BDX": 0.078859, "FIL": 0.761146, "FLR": 0.0069649, "GHO": 0.999142, "USD0": 0.998769, "INJ": 5.51, "APT": 0.662547, "HASH": 0.00992071, "YLDS": 0.99971, "PUMP": 0.00151811, "NIGHT": 0.03119235}}