{"timestamp": 1784202079, "base": "USD", "data": {"BTC": 64130, "ETH": 1882.65, "USDT": 0.999155, "BNB": 576.54, "USDC": 0.999899, "XRP": 1.11, "SOL": 76.05, "TRX": 0.323452, "FIGR_HELOC": 1.037, "HYPE": 65.75, "DOGE": 0.073094, "USDS": 0.999803, "RAIN": 0.01431291, "ZEC": 546.64, "LEO": 9.82, "WBT": 56.13, "XLM": 0.188834, "LINK": 8.43, "XMR": 332.66, "ADA": 0.162215, "CC": 0.133073, "DAI": 0.999779, "BCH": 221.78, "USD1": 0.998755, "GRAM": 1.55, "USDE": 0.999761, "LTC": 44.54, "USDG": 1.001, "USYC": 1.13, "SUI": 0.74123, "HBAR": 0.067253, "PYUSD": 0.99967, "AVAX": 6.57, "NEAR": 2.03, "BUIDL": 1.0, "CRO": 0.056262, "XAUT": 4023.65, "SHIB": 4.15e-06, "UNI": 3.71, "USDY": 1.14, "TAO": 196.16, "WLFI": 0.05815, "ONDO": 0.371483, "PAXG": 4021.24, "OKB": 81.12, "ASTER": 0.624252, "DEXE": 35.72, "HTX": 1.8e-06, "M": 1.21, "RLUSD": 1.0, "SKY": 0.062575, "USDD": 0.999143, "MNT": 0.435291, "AAVE": 94.16, "DOT": 0.838291, "USDF": 0.995584, "WLD": 0.396701, "MORPHO": 2.13, "BFUSD": 0.998381, "ICP": 2.16, "BGB": 1.66, "PEPE": 2.72e-06, "ETC": 6.96, "U": 0.999691, "EUTBL": 1.21, "USDGO": 0.999997, "BCAP": 106.19, "STABLE": 0.03843064, "QNT": 64.77, "KCS": 6.81, "POL": 0.083339, "ADI": 7.01, "JTRSY": 1.11, "EURSAFO": 1.16, "JST": 0.099228, "PI": 0.077211, "ATOM": 1.53, "BEAT": 2.57, "ENA": 0.082033, "KAS": 0.02847441, "RENDER": 1.5, "USTB": 11.15, "NEXO": 0.748386, "ALGO": 0.083246, "\u5e01\u5b89\u4eba\u751f": 0.720439, "GT": 6.69, "BDX": 0.088762, "JAAA": 1.041, "JUP": 0.202304, "PUMP": 0.00160878, "FIL": 0.77371, "GHO": 0.998183, "LIT": 2.38, "FLR": 0.00659296, "USD0": 0.998659, "ARB": 0.086779, "YLDS": 0.999939, "XDC": 0.02731871, "USX": 0.999717, "APT": 0.609306}}