{"timestamp": 1781650151, "base": "USD", "data": {"BTC": 65637, "ETH": 1790.29, "USDT": 0.999074, "BNB": 605.23, "XRP": 1.22, "USDC": 0.999808, "SOL": 73.62, "TRX": 0.316482, "FIGR_HELOC": 1.035, "HYPE": 72.99, "DOGE": 0.087218, "USDS": 0.999666, "LEO": 9.74, "RAIN": 0.01415395, "ZEC": 506.98, "XLM": 0.218597, "XMR": 347.41, "ADA": 0.172803, "WBT": 53.92, "CC": 0.161947, "LINK": 8.29, "USD1": 0.999964, "USDE": 0.999486, "GRAM": 1.66, "BCH": 220.03, "DAI": 0.999852, "M": 3.16, "LAB": 12.94, "LTC": 45.8, "HBAR": 0.080868, "SUI": 0.796674, "USYC": 1.13, "NEAR": 2.32, "AVAX": 6.89, "SHIB": 4.98e-06, "PYUSD": 0.999922, "USDG": 1.0, "CRO": 0.060234, "XAUT": 4309.96, "TAO": 255.08, "BUIDL": 1.0, "WLD": 0.66192, "USDY": 1.13, "UNI": 3.27, "PAXG": 4321.47, "WLFI": 0.059986, "MNT": 0.557343, "ONDO": 0.370341, "ASTER": 0.660407, "DOT": 1.014, "RLUSD": 1.0, "OKB": 76.51, "HTX": 1.69e-06, "PI": 0.135774, "USDF": 0.993217, "USDD": 0.999124, "SKY": 0.057228, "BFUSD": 0.999225, "ICP": 2.37, "BGB": 1.83, "MORPHO": 1.95, "PEPE": 2.96e-06, "AAVE": 76.37, "ETC": 7.39, "QNT": 70.76, "ATOM": 1.99, "USTB": 11.12, "U": 0.99961, "BCAP": 107.07, "KCS": 7.22, "EUTBL": 1.22, "USDTB": 0.999712, "RENDER": 1.74, "KAS": 0.03250004, "DEXE": 18.63, "JTRSY": 1.11, "ALGO": 0.094691, "STABLE": 0.03555204, "NEXO": 0.820192, "POL": 0.076401, "ENA": 0.086119, "VVV": 15.56, "GT": 6.86, "BEAT": 2.51, "JST": 0.081897, "JAAA": 1.038, "\u5e01\u5b89\u4eba\u751f": 0.67674, "FLR": 0.00773614, "JUP": 0.192754, "FIL": 0.807901, "BDX": 0.079719, "XDC": 0.03035008, "GHO": 0.998874, "INJ": 5.59, "APT": 0.669006, "USD0": 0.998846, "YLDS": 0.999961, "H": 0.301279, "NIGHT": 0.03278982, "EURSAFO": 1.17}}