{"timestamp": 1780359119, "base": "USD", "data": {"BTC": 71200, "ETH": 2001.7, "USDT": 0.998653, "BNB": 692.25, "XRP": 1.29, "USDC": 0.999697, "SOL": 81.02, "TRX": 0.343083, "FIGR_HELOC": 1.042, "HYPE": 73.59, "DOGE": 0.100962, "USDS": 0.999656, "LEO": 10.01, "ZEC": 542.27, "ADA": 0.230622, "RAIN": 0.01351955, "XLM": 0.241447, "LINK": 9.05, "XMR": 342.47, "WBT": 52.41, "CC": 0.153657, "BCH": 292.76, "TON": 2.08, "LAB": 16.12, "USD1": 0.998427, "USDE": 0.998767, "DAI": 0.999476, "M": 3.22, "HBAR": 0.092054, "LTC": 50.7, "AVAX": 8.91, "SUI": 0.876904, "NEAR": 2.63, "SHIB": 5.53e-06, "PYUSD": 0.999828, "USYC": 1.13, "CRO": 0.065568, "XAUT": 4459.52, "USDG": 0.999794, "BUIDL": 1.0, "TAO": 252.3, "USDY": 1.13, "MNT": 0.635547, "PAXG": 4472.51, "DOT": 1.16, "WLFI": 0.059332, "OKB": 89.01, "UNI": 2.98, "RLUSD": 0.999887, "ASTER": 0.690428, "ONDO": 0.353361, "USDF": 0.995392, "HTX": 1.83e-06, "ICP": 2.94, "SKY": 0.067191, "PI": 0.144869, "WLD": 0.435742, "PEPE": 3.41e-06, "USDD": 0.999951, "BGB": 2.03, "BFUSD": 0.998508, "MORPHO": 2.07, "ETC": 8.08, "H": 0.693117, "AAVE": 80.12, "RENDER": 2.11, "ALGO": 0.119819, "USDTB": 0.998478, "KCS": 7.85, "QNT": 71.5, "EUTBL": 1.22, "POL": 0.093786, "BCAP": 107.16, "ATOM": 1.9, "U": 0.999506, "USTB": 11.1, "STABLE": 0.03902146, "JTRSY": 1.11, "VVV": 18.38, "DEXE": 18.24, "NEXO": 0.839646, "KAS": 0.0304166, "JST": 0.095277, "ENA": 0.088584, "APT": 0.939835, "FIL": 0.952287, "GT": 7.0, "INJ": 6.96, "JUP": 0.202386, "XDC": 0.03279192, "FLR": 0.00751654, "NIGHT": 0.03904841, "PUMP": 0.00183167, "ARB": 0.10238, "FET": 0.273012, "BDX": 0.079278, "\u5e01\u5b89\u4eba\u751f": 0.604768, "GHO": 0.999537, "USD0": 0.998416, "APXUSD": 0.999521}}