{"timestamp": 1778081033, "base": "USD", "data": {"BTC": 81742, "ETH": 2364.45, "USDT": 0.999831, "XRP": 1.43, "BNB": 649.21, "USDC": 0.999828, "SOL": 88.89, "TRX": 0.344027, "FIGR_HELOC": 1.033, "DOGE": 0.113381, "WBT": 59.74, "USDS": 0.999844, "HYPE": 43.53, "ADA": 0.266985, "ZEC": 582.5, "LEO": 10.35, "BCH": 466.04, "XMR": 425.3, "LINK": 10.01, "TON": 2.26, "CC": 0.147518, "XLM": 0.162046, "M": 3.66, "USD1": 0.999541, "DAI": 0.999781, "LTC": 56.99, "AVAX": 9.58, "HBAR": 0.091463, "SUI": 0.989999, "USDE": 0.999072, "SHIB": 6.38e-06, "RAIN": 0.00737682, "PYUSD": 0.999878, "CRO": 0.070831, "TAO": 317.02, "USYC": 1.12, "XAUT": 4684.64, "USDG": 0.999885, "BUIDL": 1.0, "PAXG": 4687.51, "MNT": 0.669556, "DOT": 1.3, "UNI": 3.45, "WLFI": 0.068194, "PI": 0.185973, "NEAR": 1.48, "SKY": 0.081051, "OKB": 87.95, "USDF": 0.998399, "HTX": 1.95e-06, "ASTER": 0.681275, "PEPE": 4.15e-06, "ONDO": 0.331787, "ICP": 2.84, "RLUSD": 0.999883, "BGB": 2.16, "USDD": 0.99981, "ETC": 9.33, "MORPHO": 2.35, "AAVE": 93.53, "USDY": 1.13, "BFUSD": 0.9992, "JTRSY": 1.1, "KCS": 8.48, "ALGO": 0.121142, "ENA": 0.11806, "POL": 0.098944, "QNT": 71.22, "U": 1.0, "USTB": 11.07, "RENDER": 1.94, "KAS": 0.03610913, "ATOM": 1.95, "EUTBL": 1.24, "BCAP": 105.77, "NEXO": 0.901662, "WLD": 0.254435, "GT": 7.42, "FIL": 1.066, "APT": 1.018, "SKYAI": 0.80048, "STABLE": 0.03439186, "ARB": 0.124603, "JST": 0.084375, "DASH": 55.57, "PUMP": 0.0019582, "PENGU": 0.01090324, "JUP": 0.205007, "FLR": 0.00777279, "VET": 0.0076391, "USDTB": 0.999816, "BDX": 0.079866, "OUSG": 115.14, "BONK": 6.76e-06, "XDC": 0.02963785, "HASH": 0.01110524, "LUNC": 0.00010625, "SIREN": 0.807641, "GHO": 0.999759, "USDM": 0.998688}}