{"timestamp": 1777185053, "base": "USD", "data": {"BTC": 77973, "ETH": 2330.11, "USDT": 1.0, "XRP": 1.43, "BNB": 631.79, "USDC": 0.999895, "SOL": 86.43, "TRX": 0.323686, "FIGR_HELOC": 1.02, "DOGE": 0.098422, "WBT": 55.17, "USDS": 0.999737, "HYPE": 41.27, "LEO": 10.28, "ADA": 0.251332, "BCH": 453.32, "XMR": 377.7, "LINK": 9.4, "ZEC": 355.39, "CC": 0.15036, "XLM": 0.169145, "M": 4.28, "DAI": 0.999717, "USD1": 1.0, "LTC": 56.17, "AVAX": 9.4, "HBAR": 0.092441, "USDE": 0.99931, "SUI": 0.94221, "SHIB": 6.21e-06, "PYUSD": 0.999745, "TON": 1.32, "RAIN": 0.00689103, "CRO": 0.070161, "USYC": 1.12, "XAUT": 4690.82, "USDG": 0.999845, "WLFI": 0.075448, "TAO": 247.58, "BUIDL": 1.0, "PAXG": 4691.39, "MNT": 0.655838, "DOT": 1.26, "UNI": 3.28, "SKY": 0.088024, "PI": 0.178274, "NEAR": 1.41, "USDF": 0.996258, "OKB": 84.33, "HTX": 1.82e-06, "PEPE": 3.88e-06, "ASTER": 0.658264, "RLUSD": 0.999887, "AAVE": 94.65, "USDD": 1.0, "JTRSY": 1.1, "BGB": 1.98, "ICP": 2.45, "ETC": 8.47, "USDY": 1.13, "BFUSD": 0.999701, "ONDO": 0.262304, "KCS": 8.45, "GT": 7.37, "MORPHO": 1.88, "EUTBL": 1.23, "ALGO": 0.115915, "QNT": 70.99, "PUMP": 0.00174857, "U": 0.999949, "ATOM": 2.02, "USTB": 11.06, "POL": 0.092029, "ENA": 0.107755, "RENDER": 1.82, "KAS": 0.03379087, "NEXO": 0.906902, "WLD": 0.260515, "ARB": 0.131235, "APT": 0.973255, "BCAP": 82.76, "STABLE": 0.03352144, "FIL": 0.949007, "JST": 0.080088, "FLR": 0.00784778, "DEXE": 13.72, "VET": 0.00738259, "JUP": 0.178661, "BDX": 0.079982, "TRUMP": 2.67, "XDC": 0.030083, "NIGHT": 0.03607191, "OUSG": 115.03, "HASH": 0.01029102, "USDTB": 0.999846, "GHO": 0.999146, "USD0": 0.998269, "BONK": 6.29e-06, "PENGU": 0.00873168, "YLDS": 1.0}}