{"timestamp": 1781535455, "base": "USD", "data": {"BTC": 66599, "ETH": 1814.78, "USDT": 0.999329, "BNB": 628.31, "XRP": 1.24, "USDC": 0.999852, "SOL": 73.77, "TRX": 0.318831, "FIGR_HELOC": 1.014, "HYPE": 67.7, "DOGE": 0.089588, "USDS": 0.999683, "LEO": 9.75, "ZEC": 531.33, "RAIN": 0.01359066, "XLM": 0.213938, "ADA": 0.187508, "CC": 0.167012, "XMR": 343.6, "WBT": 54.48, "LINK": 8.45, "GRAM": 1.8, "BCH": 227.69, "USDE": 0.999438, "USD1": 1.0, "DAI": 0.999825, "M": 3.01, "HBAR": 0.083125, "LTC": 45.8, "SUI": 0.81642, "NEAR": 2.51, "LAB": 9.91, "USYC": 1.13, "SHIB": 5.12e-06, "AVAX": 6.95, "CRO": 0.06267, "PYUSD": 1.0, "USDG": 0.99996, "XAUT": 4340.08, "TAO": 273.63, "BUIDL": 1.0, "USDY": 1.13, "WLD": 0.610956, "PAXG": 4350.53, "WLFI": 0.061334, "ONDO": 0.39024, "MNT": 0.574414, "ASTER": 0.651528, "DOT": 1.031, "UNI": 2.7, "RLUSD": 1.0, "OKB": 76.45, "HTX": 1.71e-06, "PI": 0.135548, "USDF": 0.99499, "ICP": 2.53, "USDD": 0.999528, "SKY": 0.057639, "BFUSD": 0.999056, "MORPHO": 1.98, "BGB": 1.82, "PEPE": 3e-06, "ETC": 7.48, "AAVE": 76.02, "BEAT": 3.96, "QNT": 70.94, "ATOM": 2.0, "U": 0.999711, "KCS": 7.37, "BCAP": 106.96, "RENDER": 1.84, "EUTBL": 1.22, "USDTB": 0.999875, "KAS": 0.03319112, "USTB": 11.11, "DEXE": 18.62, "JTRSY": 1.11, "ALGO": 0.09554, "POL": 0.078468, "NEXO": 0.830001, "STABLE": 0.03511942, "ENA": 0.088608, "VVV": 16.65, "GT": 6.89, "\u5e01\u5b89\u4eba\u751f": 0.696779, "FLR": 0.00812421, "JAAA": 1.038, "JST": 0.077885, "JUP": 0.195036, "FIL": 0.813892, "BDX": 0.081987, "XDC": 0.0307712, "GHO": 0.998867, "H": 0.338943, "APT": 0.705918, "NIGHT": 0.03401985, "INJ": 5.64, "PUMP": 0.00161832, "ARB": 0.089235, "YLDS": 0.999814}}