{"timestamp": 1779879217, "base": "USD", "data": {"BTC": 75821, "ETH": 2077.23, "USDT": 0.998514, "BNB": 653.93, "XRP": 1.33, "USDC": 0.999692, "SOL": 83.79, "TRX": 0.372688, "FIGR_HELOC": 1.026, "DOGE": 0.101532, "HYPE": 62.79, "USDS": 0.999557, "ZEC": 568.39, "LEO": 10.05, "ADA": 0.239353, "RAIN": 0.01311715, "XMR": 394.89, "BCH": 343.05, "LINK": 9.33, "WBT": 55.75, "CC": 0.15968, "TON": 1.89, "XLM": 0.146895, "USD1": 0.99808, "USDE": 0.998887, "DAI": 0.999803, "LTC": 52.23, "M": 3.06, "SUI": 0.996003, "AVAX": 9.14, "HBAR": 0.085711, "PYUSD": 0.999667, "SHIB": 5.5e-06, "NEAR": 2.46, "CRO": 0.067285, "USYC": 1.12, "USDG": 0.999651, "TAO": 275.8, "XAUT": 4439.72, "BUIDL": 1.0, "USDY": 1.13, "DOT": 1.26, "MNT": 0.636657, "PAXG": 4447.25, "UNI": 3.26, "ONDO": 0.399972, "OKB": 89.73, "WLFI": 0.058481, "HTX": 1.99e-06, "ASTER": 0.696293, "RLUSD": 1.0, "USDF": 0.995991, "ICP": 2.91, "SKY": 0.068698, "PI": 0.142662, "PEPE": 3.52e-06, "USDD": 0.998385, "MORPHO": 2.28, "BGB": 2.04, "ETC": 8.6, "BFUSD": 0.9984, "AAVE": 84.96, "WLD": 0.355221, "RENDER": 2.21, "ATOM": 2.22, "USDTB": 0.9999, "QNT": 74.85, "KCS": 8.06, "EUTBL": 1.22, "U": 0.999705, "BCAP": 107.16, "POL": 0.091086, "ALGO": 0.10831, "JTRSY": 1.1, "KAS": 0.03278541, "USTB": 11.09, "STABLE": 0.037501, "ENA": 0.095041, "NEXO": 0.830246, "FIL": 1.046, "JST": 0.09477, "VVV": 17.23, "DEXE": 17.01, "APT": 0.965145, "GT": 6.94, "FLR": 0.0081629, "ARB": 0.108449, "JUP": 0.193118, "PUMP": 0.00179966, "XDC": 0.03137418, "BDX": 0.078639, "GHO": 0.99868, "NIGHT": 0.03424554, "INJ": 5.65, "HASH": 0.01039562, "USD0": 0.998667, "DASH": 43.17, "FET": 0.240229, "OUSG": 115.37, "VET": 0.00620098}}