{"timestamp": 1783217567, "base": "USD", "data": {"BTC": 62750, "ETH": 1761.71, "USDT": 0.999177, "BNB": 570.52, "USDC": 0.999839, "XRP": 1.14, "SOL": 80.57, "TRX": 0.324574, "FIGR_HELOC": 1.009, "HYPE": 68.65, "DOGE": 0.076461, "RAIN": 0.01535457, "USDS": 0.999774, "LEO": 9.15, "ZEC": 456.5, "ADA": 0.190465, "XLM": 0.203483, "WBT": 56.63, "XMR": 326.7, "LINK": 7.92, "CC": 0.138607, "LAB": 16.13, "BCH": 237.18, "GRAM": 1.75, "DAI": 0.999886, "USD1": 0.99887, "USDE": 0.998655, "LTC": 44.25, "HBAR": 0.075314, "USYC": 1.13, "USDG": 0.999876, "SUI": 0.739775, "AVAX": 6.88, "PYUSD": 0.999919, "CRO": 0.060037, "SHIB": 4.38e-06, "NEAR": 1.98, "XAUT": 4161.62, "BUIDL": 1.0, "USDY": 1.14, "TAO": 213.23, "UNI": 3.18, "PAXG": 4164.44, "M": 1.39, "WLFI": 0.057423, "ASTER": 0.638902, "OKB": 80.38, "ONDO": 0.32962, "RLUSD": 0.999878, "HTX": 1.7e-06, "MNT": 0.44832, "DOT": 0.87479, "WLD": 0.415743, "USDF": 0.996235, "USDD": 1.004, "AAVE": 87.9, "BFUSD": 0.9987, "SKY": 0.055912, "MORPHO": 1.95, "PI": 0.114968, "ICP": 2.22, "BGB": 1.71, "PEPE": 2.72e-06, "ETC": 7.23, "DEXE": 23.26, "U": 1.0, "QNT": 67.66, "EUTBL": 1.21, "BCAP": 106.97, "KCS": 7.1, "USDGO": 0.999903, "JTRSY": 1.11, "USTB": 11.13, "BEAT": 2.78, "KAS": 0.03078957, "RENDER": 1.6, "STABLE": 0.03380999, "ATOM": 1.57, "ALGO": 0.089515, "JUP": 0.236398, "POL": 0.0731, "NEXO": 0.778119, "JST": 0.090393, "\u5e01\u5b89\u4eba\u751f": 0.762021, "ENA": 0.078194, "GT": 6.75, "ADI": 5.8, "USDTB": 1.0, "BDX": 0.088406, "EURSAFO": 1.15, "JAAA": 1.04, "FIL": 0.789161, "PUMP": 0.00153349, "FLR": 0.00699258, "GHO": 0.99834, "XDC": 0.02858771, "NIGHT": 0.03400601, "AERO": 0.582574, "USD0": 0.998641, "YLDS": 0.999801}}