{"timestamp": 1781975821, "base": "USD", "data": {"BTC": 63872, "ETH": 1728.57, "USDT": 0.999014, "BNB": 585.3, "USDC": 0.999835, "XRP": 1.15, "SOL": 71.39, "TRX": 0.324626, "FIGR_HELOC": 1.034, "HYPE": 69.74, "DOGE": 0.083272, "USDS": 0.999742, "RAIN": 0.014467, "LEO": 9.62, "ZEC": 469.3, "XLM": 0.212386, "WBT": 52.59, "ADA": 0.161476, "XMR": 318.2, "LINK": 7.94, "CC": 0.150932, "USD1": 1.0, "USDE": 0.998877, "GRAM": 1.62, "DAI": 0.99968, "LAB": 13.37, "BCH": 199.06, "M": 2.83, "HBAR": 0.08024, "LTC": 44.17, "USYC": 1.13, "SUI": 0.705466, "NEAR": 2.17, "USDG": 0.999904, "PYUSD": 0.999792, "SHIB": 4.7e-06, "CRO": 0.05869, "AVAX": 6.11, "XAUT": 4141.56, "BUIDL": 1.0, "TAO": 229.71, "USDY": 1.14, "WLD": 0.612605, "PAXG": 4148.79, "UNI": 3.02, "WLFI": 0.057899, "MNT": 0.531695, "ASTER": 0.646012, "ONDO": 0.339794, "DOT": 0.963793, "RLUSD": 0.999886, "OKB": 75.64, "HTX": 1.72e-06, "USDF": 0.994272, "PI": 0.134081, "USDD": 0.999001, "SKY": 0.058024, "BFUSD": 0.998914, "ICP": 2.28, "BGB": 1.76, "MORPHO": 1.84, "PEPE": 2.82e-06, "ETC": 7.52, "AAVE": 74.75, "QNT": 70.8, "U": 0.999842, "USTB": 11.12, "BCAP": 107.07, "KCS": 7.16, "EUTBL": 1.21, "ATOM": 1.78, "USDTB": 0.999829, "RENDER": 1.73, "JTRSY": 1.11, "POL": 0.08095, "ALGO": 0.093106, "KAS": 0.03010128, "ENA": 0.088014, "NEXO": 0.795082, "STABLE": 0.03281468, "JAAA": 1.039, "DEXE": 15.52, "JST": 0.083766, "GT": 6.69, "\u5e01\u5b89\u4eba\u751f": 0.691984, "JUP": 0.205443, "VVV": 14.45, "FLR": 0.00737638, "BDX": 0.08043, "FIL": 0.785343, "GHO": 0.998262, "XDC": 0.02963555, "YLDS": 0.999747, "EURSAFO": 1.15, "USD0": 0.99918, "NIGHT": 0.03213287, "ARB": 0.083249, "APT": 0.632652, "HASH": 0.00966844, "BEAT": 1.8}}