{"timestamp": 1778317808, "base": "USD", "data": {"BTC": 80393, "ETH": 2316.27, "USDT": 0.999845, "XRP": 1.42, "BNB": 650.55, "USDC": 0.999773, "SOL": 93.67, "TRX": 0.351295, "FIGR_HELOC": 1.028, "DOGE": 0.110262, "WBT": 59.28, "HYPE": 43.93, "ZEC": 617.52, "USDS": 0.999743, "ADA": 0.275219, "LEO": 10.3, "BCH": 450.39, "XMR": 412.7, "LINK": 10.46, "TON": 2.53, "CC": 0.156361, "XLM": 0.165219, "LTC": 58.65, "M": 3.41, "DAI": 0.999441, "USD1": 0.999281, "SUI": 1.075, "AVAX": 9.96, "HBAR": 0.093231, "USDE": 0.99931, "SHIB": 6.43e-06, "RAIN": 0.00747465, "PYUSD": 0.999648, "CRO": 0.071244, "TAO": 313.27, "USYC": 1.12, "XAUT": 4699.38, "USDG": 0.999903, "BUIDL": 1.0, "WLFI": 0.075188, "UNI": 3.67, "DOT": 1.37, "MNT": 0.686667, "PAXG": 4704.91, "ONDO": 0.425642, "ICP": 3.75, "NEAR": 1.58, "SKY": 0.081749, "OKB": 88.15, "PI": 0.174968, "PEPE": 4.32e-06, "ASTER": 0.697877, "HTX": 1.97e-06, "USDF": 0.998796, "RLUSD": 0.999856, "ETC": 9.72, "BGB": 2.14, "AAVE": 96.6, "USDD": 0.999994, "MORPHO": 2.13, "USDY": 1.13, "BFUSD": 0.9992, "JTRSY": 1.1, "ENA": 0.130917, "ALGO": 0.130641, "KCS": 8.39, "QNT": 75.93, "POL": 0.102014, "RENDER": 2.01, "U": 0.99939, "ATOM": 1.97, "KAS": 0.03637322, "EUTBL": 1.24, "FIL": 1.27, "USTB": 11.08, "BCAP": 105.77, "SIREN": 1.26, "WLD": 0.27252, "NEXO": 0.902761, "APT": 1.12, "ARB": 0.145062, "GT": 7.39, "JUP": 0.242833, "STABLE": 0.03479937, "PUMP": 0.00216604, "VVV": 15.46, "JST": 0.082087, "FLR": 0.00802784, "SKYAI": 0.683051, "PENGU": 0.01069382, "VET": 0.00768881, "DASH": 50.48, "BONK": 7.23e-06, "XDC": 0.03160708, "USDTB": 0.999448, "BDX": 0.079867, "VIRTUAL": 0.935659, "OUSG": 115.18, "GHO": 0.999673, "TRUMP": 2.48}}