{"timestamp": 1779132410, "base": "USD", "data": {"BTC": 76578, "ETH": 2104.05, "USDT": 0.999167, "BNB": 641.42, "XRP": 1.38, "USDC": 0.999719, "SOL": 84.42, "TRX": 0.355516, "FIGR_HELOC": 1.037, "DOGE": 0.103803, "WBT": 56.49, "USDS": 0.999664, "HYPE": 45.31, "LEO": 10.04, "ADA": 0.249567, "ZEC": 548.14, "BCH": 375.49, "XMR": 386.48, "LINK": 9.42, "CC": 0.1512, "TON": 1.95, "XLM": 0.145853, "USD1": 0.999722, "DAI": 0.999639, "USDE": 0.999606, "SUI": 1.04, "LTC": 53.97, "M": 3.19, "AVAX": 9.12, "HBAR": 0.088683, "RAIN": 0.00734098, "PYUSD": 0.99991, "SHIB": 5.7e-06, "CRO": 0.069205, "USYC": 1.12, "USDG": 0.999778, "XAUT": 4546.77, "BUIDL": 1.0, "TAO": 256.91, "UNI": 3.41, "PAXG": 4548.38, "DOT": 1.23, "MNT": 0.623112, "NEAR": 1.55, "WLFI": 0.060428, "USDY": 1.13, "HTX": 1.98e-06, "USDF": 0.998014, "OKB": 81.37, "ASTER": 0.651184, "ONDO": 0.343314, "SKY": 0.068938, "PI": 0.151331, "RLUSD": 0.999873, "PEPE": 3.65e-06, "USDD": 0.999855, "BGB": 1.99, "ETC": 8.81, "ICP": 2.49, "AAVE": 88.14, "BFUSD": 0.998601, "QNT": 75.18, "USDTB": 0.999265, "MORPHO": 1.7, "KCS": 7.96, "JTRSY": 1.1, "ATOM": 2.03, "U": 0.999477, "EUTBL": 1.23, "USTB": 11.08, "BCAP": 105.87, "POL": 0.090175, "ALGO": 0.106439, "ENA": 0.103485, "KAS": 0.03395917, "RENDER": 1.77, "NEXO": 0.867157, "STABLE": 0.03513664, "WLD": 0.235258, "APT": 0.930616, "JST": 0.089233, "GT": 7.0, "FIL": 0.947685, "FLR": 0.00842518, "ARB": 0.115848, "VVV": 14.3, "DEXE": 13.89, "JUP": 0.193947, "XDC": 0.03059945, "BDX": 0.078798, "PUMP": 0.00168805, "GHO": 0.99912, "VET": 0.00669012, "HASH": 0.01045584, "USD0": 0.998127, "OUSG": 115.25, "DASH": 41.95, "YLDS": 0.999909, "KITE": 0.230609, "NIGHT": 0.03159025}}