{"timestamp": 1780474253, "base": "USD", "data": {"BTC": 67065, "ETH": 1873.67, "USDT": 0.998708, "BNB": 642.57, "XRP": 1.24, "USDC": 0.999788, "SOL": 75.05, "TRX": 0.333192, "FIGR_HELOC": 1.035, "HYPE": 72.96, "DOGE": 0.093902, "USDS": 0.999712, "ZEC": 619.34, "LEO": 10.08, "RAIN": 0.01400519, "ADA": 0.216468, "XLM": 0.231251, "XMR": 336.02, "LINK": 8.52, "CC": 0.150756, "WBT": 49.09, "TON": 2.02, "LAB": 16.59, "BCH": 250.91, "USD1": 0.998706, "USDE": 0.998863, "DAI": 0.999711, "M": 3.31, "HBAR": 0.088223, "LTC": 48.33, "NEAR": 2.86, "AVAX": 8.3, "SUI": 0.83292, "SHIB": 5.29e-06, "PYUSD": 0.999794, "USYC": 1.13, "CRO": 0.063556, "XAUT": 4430.55, "USDG": 0.999695, "BUIDL": 1.0, "TAO": 233.9, "USDY": 1.13, "PAXG": 4447.45, "MNT": 0.61177, "ONDO": 0.41107, "WLFI": 0.059888, "DOT": 1.11, "RLUSD": 0.999708, "UNI": 2.87, "OKB": 84.17, "ASTER": 0.676149, "ICP": 3.08, "USDF": 0.994569, "HTX": 1.76e-06, "SKY": 0.067692, "WLD": 0.446324, "PI": 0.138859, "USDD": 0.998808, "BGB": 1.93, "PEPE": 3.2e-06, "BFUSD": 0.998103, "MORPHO": 1.98, "ETC": 7.88, "AAVE": 75.94, "RENDER": 2.2, "QNT": 75.13, "H": 0.594657, "KCS": 7.64, "DEXE": 21.86, "ALGO": 0.113195, "USDTB": 0.99927, "EUTBL": 1.22, "POL": 0.093026, "BCAP": 107.16, "ATOM": 1.87, "USTB": 11.1, "ENA": 0.102533, "U": 0.999799, "VVV": 19.3, "STABLE": 0.03788005, "JTRSY": 1.11, "KAS": 0.03067059, "NEXO": 0.806447, "JST": 0.087915, "GT": 6.76, "FIL": 0.896187, "APT": 0.851974, "INJ": 6.89, "JUP": 0.202919, "XDC": 0.03173937, "\u5e01\u5b89\u4eba\u751f": 0.631075, "NIGHT": 0.03780226, "FLR": 0.00726469, "PUMP": 0.00174326, "BDX": 0.078219, "ARB": 0.095559, "FET": 0.262485, "GHO": 0.999296, "HASH": 0.01066174, "USD0": 0.99856}}