{"timestamp": 1783795648, "base": "USD", "data": {"BTC": 64295, "ETH": 1826.82, "USDT": 0.999261, "BNB": 580.64, "USDC": 0.999873, "XRP": 1.12, "SOL": 78.08, "TRX": 0.330962, "FIGR_HELOC": 1.032, "HYPE": 67.64, "DOGE": 0.075141, "USDS": 0.999756, "RAIN": 0.01430672, "LEO": 9.49, "ZEC": 513.01, "WBT": 56.41, "XLM": 0.191213, "ADA": 0.171896, "XMR": 322.64, "LINK": 8.09, "CC": 0.135539, "BCH": 247.67, "DAI": 0.999752, "GRAM": 1.67, "USD1": 0.999314, "USDE": 0.999895, "LTC": 45.22, "USDG": 0.999699, "USYC": 1.13, "HBAR": 0.06981, "SUI": 0.747999, "AVAX": 6.76, "BUIDL": 1.0, "PYUSD": 0.999763, "CRO": 0.056595, "SHIB": 4.41e-06, "XAUT": 4100.72, "NEAR": 1.9, "UNI": 3.74, "USDY": 1.13, "TAO": 214.21, "WLFI": 0.058399, "PAXG": 4103.5, "DEXE": 38.24, "OKB": 80.76, "ASTER": 0.630669, "HTX": 1.85e-06, "M": 1.24, "ONDO": 0.334688, "USDD": 0.999127, "RLUSD": 1.0, "AAVE": 100.69, "DOT": 0.88079, "WLD": 0.413304, "SKY": 0.061755, "USDF": 0.99644, "MNT": 0.42732, "MORPHO": 2.15, "BFUSD": 0.998831, "ICP": 2.29, "PEPE": 2.81e-06, "BGB": 1.65, "ETC": 7.1, "PI": 0.098269, "U": 0.999979, "EUTBL": 1.2, "BCAP": 106.63, "KCS": 7.06, "QNT": 66.5, "USDGO": 0.999989, "JTRSY": 1.11, "JST": 0.101283, "STABLE": 0.03544212, "POL": 0.079944, "ATOM": 1.6, "RENDER": 1.57, "KAS": 0.02965282, "ADI": 6.48, "ENA": 0.083536, "USTB": 11.14, "ALGO": 0.08694, "EURSAFO": 1.15, "NEXO": 0.756547, "USDTB": 1.001, "GT": 6.66, "BEAT": 2.29, "JUP": 0.208985, "\u5e01\u5b89\u4eba\u751f": 0.691019, "JAAA": 1.041, "BDX": 0.086869, "LIT": 2.66, "FIL": 0.794097, "ARB": 0.098098, "GHO": 0.998587, "FLR": 0.00666467, "PUMP": 0.00143728, "USD0": 0.998734, "XDC": 0.02729912, "APT": 0.643403, "YLDS": 0.999799}}