{"timestamp": 1780226924, "base": "USD", "data": {"BTC": 73819, "ETH": 2019.06, "USDT": 0.998482, "BNB": 721.11, "XRP": 1.34, "USDC": 0.999545, "SOL": 82.64, "TRX": 0.348759, "FIGR_HELOC": 1.017, "DOGE": 0.100606, "HYPE": 67.64, "USDS": 0.999525, "LEO": 10.07, "ZEC": 545.44, "RAIN": 0.01428837, "ADA": 0.236519, "XLM": 0.254772, "XMR": 361.1, "LINK": 9.18, "WBT": 54.1, "BCH": 304.61, "CC": 0.154529, "TON": 1.88, "USD1": 0.998017, "USDE": 0.998772, "DAI": 0.999513, "HBAR": 0.097461, "LTC": 52.27, "M": 3.04, "AVAX": 8.99, "SUI": 0.901957, "SHIB": 5.5e-06, "PYUSD": 0.999576, "LAB": 7.49, "CRO": 0.067893, "USYC": 1.13, "NEAR": 2.27, "XAUT": 4513.58, "USDG": 0.999836, "TAO": 257.53, "BUIDL": 1.0, "MNT": 0.670162, "USDY": 1.14, "PAXG": 4524.64, "DOT": 1.19, "OKB": 93.21, "UNI": 3.03, "ASTER": 0.736525, "WLFI": 0.059082, "ONDO": 0.359779, "RLUSD": 0.999759, "HTX": 1.85e-06, "USDF": 0.995888, "PI": 0.148089, "SKY": 0.066017, "ICP": 2.68, "BGB": 2.11, "PEPE": 3.43e-06, "USDD": 1.0, "MORPHO": 2.14, "BFUSD": 0.998224, "ETC": 8.21, "AAVE": 82.61, "ALGO": 0.130715, "WLD": 0.331677, "RENDER": 2.09, "KCS": 7.98, "U": 0.9996, "USDTB": 0.99893, "QNT": 71.2, "EUTBL": 1.23, "ATOM": 1.99, "BCAP": 107.16, "POL": 0.090796, "USTB": 11.1, "DEXE": 18.82, "JTRSY": 1.1, "NEXO": 0.85713, "STABLE": 0.03682066, "VVV": 18.24, "KAS": 0.0304498, "ENA": 0.089774, "JST": 0.092763, "GT": 7.3, "APT": 0.937008, "FIL": 0.959536, "H": 0.37401, "NIGHT": 0.04084927, "FLR": 0.00769406, "XDC": 0.03325838, "INJ": 6.55, "ARB": 0.102581, "PUMP": 0.00177659, "BDX": 0.080373, "JUP": 0.18417, "FET": 0.270212, "GHO": 0.998962, "HASH": 0.01070875, "USD0": 0.998441, "APXUSD": 0.99974}}