{"timestamp": 1781642615, "base": "USD", "data": {"BTC": 65758, "ETH": 1795.46, "USDT": 0.999118, "BNB": 607.57, "XRP": 1.22, "USDC": 0.999742, "SOL": 74.06, "TRX": 0.316238, "FIGR_HELOC": 1.036, "HYPE": 72.99, "DOGE": 0.087532, "USDS": 0.999604, "LEO": 9.74, "RAIN": 0.01413824, "ZEC": 498.96, "XLM": 0.220209, "XMR": 353.24, "ADA": 0.174845, "WBT": 53.99, "CC": 0.161801, "LINK": 8.3, "USD1": 1.0, "USDE": 0.999376, "GRAM": 1.65, "BCH": 219.46, "DAI": 0.999683, "M": 3.12, "LAB": 12.52, "HBAR": 0.081359, "LTC": 45.61, "SUI": 0.801146, "USYC": 1.13, "NEAR": 2.35, "AVAX": 6.89, "SHIB": 5e-06, "PYUSD": 0.999893, "USDG": 1.0, "CRO": 0.060177, "XAUT": 4313.53, "TAO": 254.96, "BUIDL": 1.0, "WLD": 0.666027, "USDY": 1.13, "UNI": 3.29, "PAXG": 4324.07, "WLFI": 0.060095, "MNT": 0.557057, "ONDO": 0.371664, "ASTER": 0.658391, "DOT": 1.018, "RLUSD": 1.0, "OKB": 76.78, "HTX": 1.68e-06, "PI": 0.13555, "USDF": 0.993576, "USDD": 0.999285, "SKY": 0.057304, "BFUSD": 0.999211, "ICP": 2.38, "BGB": 1.83, "MORPHO": 1.95, "PEPE": 2.97e-06, "ETC": 7.42, "AAVE": 76.32, "QNT": 71.55, "ATOM": 2.01, "U": 0.999601, "USTB": 11.12, "BCAP": 107.07, "KCS": 7.21, "EUTBL": 1.22, "USDTB": 0.999484, "KAS": 0.03282122, "RENDER": 1.74, "JTRSY": 1.11, "DEXE": 18.42, "ALGO": 0.094934, "STABLE": 0.0356627, "POL": 0.07678, "ENA": 0.088035, "NEXO": 0.81372, "BEAT": 2.63, "GT": 6.86, "VVV": 15.55, "JST": 0.081374, "JAAA": 1.038, "\u5e01\u5b89\u4eba\u751f": 0.67448, "FLR": 0.00777743, "FIL": 0.814679, "JUP": 0.192888, "BDX": 0.07984, "XDC": 0.0301788, "GHO": 0.998802, "INJ": 5.7, "APT": 0.672819, "USD0": 0.998837, "NIGHT": 0.0332571, "YLDS": 0.999974, "ARB": 0.085901, "EURSAFO": 1.17}}