{"timestamp": 1783943606, "base": "USD", "data": {"BTC": 62898, "ETH": 1781.8, "USDT": 0.999102, "BNB": 569.46, "USDC": 0.999836, "XRP": 1.078, "SOL": 76.41, "TRX": 0.327461, "FIGR_HELOC": 1.041, "HYPE": 65.05, "DOGE": 0.072296, "USDS": 0.999737, "RAIN": 0.0144684, "LEO": 9.53, "ZEC": 513.04, "WBT": 55.14, "XLM": 0.184076, "XMR": 325.81, "ADA": 0.159598, "LINK": 7.94, "CC": 0.133907, "BCH": 237.82, "DAI": 0.999668, "USD1": 0.999024, "GRAM": 1.6, "USDE": 0.999685, "LTC": 43.53, "USDG": 1.0, "USYC": 1.13, "SUI": 0.731465, "HBAR": 0.066805, "BUIDL": 1.0, "AVAX": 6.64, "PYUSD": 0.999689, "CRO": 0.054695, "NEAR": 1.91, "XAUT": 4053.69, "SHIB": 4.21e-06, "UNI": 3.52, "USDY": 1.13, "DEXE": 44.57, "TAO": 207.87, "WLFI": 0.057633, "PAXG": 4055.8, "OKB": 80.27, "ASTER": 0.622415, "M": 1.25, "HTX": 1.83e-06, "USDD": 0.999058, "ONDO": 0.319678, "RLUSD": 0.999856, "WLD": 0.430882, "AAVE": 95.69, "USDF": 0.995938, "DOT": 0.831636, "MNT": 0.424333, "SKY": 0.058986, "BFUSD": 0.998316, "MORPHO": 1.95, "ICP": 2.21, "PEPE": 2.75e-06, "BGB": 1.63, "ETC": 6.98, "U": 0.999599, "EUTBL": 1.21, "BCAP": 106.63, "QNT": 66.06, "KCS": 6.85, "USDGO": 0.999897, "STABLE": 0.03740204, "PI": 0.081941, "POL": 0.08256, "JTRSY": 1.11, "ADI": 6.87, "JST": 0.09902, "ATOM": 1.55, "BEAT": 2.58, "RENDER": 1.52, "USTB": 11.14, "KAS": 0.02840096, "EURSAFO": 1.15, "ENA": 0.079491, "ALGO": 0.083034, "NEXO": 0.735265, "USDTB": 1.0, "BDX": 0.091378, "GT": 6.64, "\u5e01\u5b89\u4eba\u751f": 0.702093, "JAAA": 1.041, "JUP": 0.204229, "FIL": 0.760681, "PUMP": 0.00150975, "LIT": 2.4, "GHO": 0.998393, "ARB": 0.092908, "FLR": 0.00645036, "USD0": 0.998285, "XDC": 0.02703017, "YLDS": 0.999801, "USX": 0.999897}}