{"timestamp": 1781131690, "base": "USD", "data": {"BTC": 61426, "ETH": 1617.28, "USDT": 0.999118, "BNB": 584.58, "USDC": 0.999887, "XRP": 1.097, "SOL": 62.86, "TRX": 0.321219, "FIGR_HELOC": 1.024, "DOGE": 0.08243, "HYPE": 53.33, "USDS": 0.999742, "LEO": 9.58, "RAIN": 0.01305254, "ZEC": 410.01, "CC": 0.163645, "XMR": 334.56, "XLM": 0.183774, "ADA": 0.160641, "WBT": 50.31, "LINK": 7.55, "USDE": 0.998922, "USD1": 0.999141, "TON": 1.58, "DAI": 0.999598, "BCH": 193.48, "M": 2.83, "HBAR": 0.077623, "LTC": 41.6, "USYC": 1.13, "SUI": 0.722029, "PYUSD": 0.999977, "AVAX": 6.37, "SHIB": 4.6e-06, "CRO": 0.059102, "USDG": 1.0, "NEAR": 1.97, "XAUT": 4054.66, "LAB": 7.91, "BUIDL": 1.0, "USDY": 1.13, "BEAT": 6.85, "TAO": 200.67, "WLFI": 0.059122, "PAXG": 4064.38, "MNT": 0.527083, "ASTER": 0.616853, "RLUSD": 0.999993, "ONDO": 0.33238, "HTX": 1.71e-06, "DOT": 0.911981, "UNI": 2.38, "WLD": 0.436398, "OKB": 70.18, "USDF": 0.994705, "USDD": 0.99956, "PI": 0.124374, "BFUSD": 0.998802, "MORPHO": 2.02, "SKY": 0.054704, "BGB": 1.77, "ICP": 2.2, "PEPE": 2.67e-06, "ETC": 6.91, "U": 0.999896, "USDTB": 0.999451, "EUTBL": 1.21, "BCAP": 106.96, "QNT": 64.59, "AAVE": 60.86, "USTB": 11.11, "ATOM": 1.76, "KCS": 6.46, "JTRSY": 1.11, "KAS": 0.03022125, "DEXE": 17.76, "NEXO": 0.784197, "STABLE": 0.03339481, "RENDER": 1.5, "ALGO": 0.087277, "POL": 0.0722, "\u5e01\u5b89\u4eba\u751f": 0.706308, "JAAA": 1.037, "JST": 0.078845, "GT": 6.27, "ENA": 0.071849, "VVV": 13.19, "XDC": 0.03101175, "BDX": 0.079044, "HASH": 0.01107958, "GHO": 0.999101, "FLR": 0.00684388, "FIL": 0.729749, "USD0": 0.998888, "SIREN": 0.755292, "YLDS": 0.999736, "NIGHT": 0.03079463, "USX": 0.999484, "APT": 0.617994, "EURSAFO": 1.16}}