{"timestamp": 1783745809, "base": "USD", "data": {"BTC": 64077, "ETH": 1794.74, "USDT": 0.999266, "BNB": 574.81, "USDC": 0.99988, "XRP": 1.1, "SOL": 77.65, "TRX": 0.329778, "FIGR_HELOC": 1.033, "HYPE": 66.62, "DOGE": 0.074235, "USDS": 0.999704, "RAIN": 0.01442758, "LEO": 9.52, "ZEC": 500.8, "WBT": 56.08, "XLM": 0.189738, "ADA": 0.166169, "XMR": 323.09, "LINK": 7.99, "CC": 0.133514, "BCH": 244.47, "DAI": 0.999801, "USD1": 0.999136, "GRAM": 1.64, "USDE": 0.999715, "LTC": 44.74, "USDG": 0.998918, "USYC": 1.13, "HBAR": 0.069947, "SUI": 0.740629, "AVAX": 6.72, "BUIDL": 1.0, "PYUSD": 0.999723, "SHIB": 4.39e-06, "CRO": 0.055585, "XAUT": 4105.3, "NEAR": 1.9, "UNI": 3.48, "USDY": 1.13, "TAO": 211.97, "PAXG": 4108.45, "WLFI": 0.058037, "M": 1.32, "OKB": 80.73, "DEXE": 35.95, "ASTER": 0.625468, "HTX": 1.85e-06, "ONDO": 0.327589, "USDD": 0.999292, "RLUSD": 1.0, "DOT": 0.877874, "AAVE": 94.75, "USDF": 0.996688, "MNT": 0.430377, "SKY": 0.059968, "MORPHO": 2.1, "WLD": 0.385386, "BFUSD": 0.99872, "ICP": 2.28, "BGB": 1.66, "PEPE": 2.77e-06, "ETC": 7.11, "PI": 0.099123, "U": 0.999716, "EUTBL": 1.2, "QNT": 67.67, "BCAP": 106.63, "KCS": 7.01, "USDGO": 1.0, "JST": 0.103045, "JTRSY": 1.11, "STABLE": 0.03526554, "POL": 0.080003, "ATOM": 1.59, "RENDER": 1.58, "KAS": 0.02966508, "BEAT": 2.62, "ADI": 6.33, "USTB": 11.14, "ENA": 0.081741, "EURSAFO": 1.15, "ALGO": 0.086054, "NEXO": 0.766232, "USDTB": 1.0, "GT": 6.73, "BDX": 0.089344, "JAAA": 1.041, "JUP": 0.204449, "\u5e01\u5b89\u4eba\u751f": 0.674596, "LIT": 2.65, "FIL": 0.78556, "GHO": 0.998493, "PUMP": 0.00143793, "ARB": 0.090447, "FLR": 0.00662142, "USD0": 0.999104, "XDC": 0.02734956, "YLDS": 0.999704, "APT": 0.625951}}