{"timestamp": 1784465846, "base": "USD", "data": {"BTC": 64394, "ETH": 1869.86, "USDT": 0.999248, "BNB": 567.45, "USDC": 0.99998, "XRP": 1.095, "SOL": 75.92, "TRX": 0.326981, "FIGR_HELOC": 1.042, "HYPE": 60.96, "DOGE": 0.072409, "USDS": 0.999834, "RAIN": 0.01457066, "ZEC": 556.34, "LEO": 9.81, "WBT": 56.21, "XLM": 0.190251, "XMR": 335.06, "LINK": 8.35, "ADA": 0.165, "CC": 0.125716, "DAI": 0.999695, "BCH": 216.73, "USD1": 0.998965, "USDE": 0.999787, "GRAM": 1.44, "LTC": 47.08, "USDG": 1.001, "SUI": 0.751055, "USYC": 1.13, "HBAR": 0.0666, "PYUSD": 0.999764, "CRO": 0.059069, "AVAX": 6.42, "BUIDL": 1.0, "NEAR": 1.92, "XAUT": 4004.89, "SHIB": 4.14e-06, "UNI": 3.52, "USDY": 1.14, "TAO": 197.35, "WLFI": 0.05694, "PAXG": 4001.6, "ONDO": 0.349554, "OKB": 80.32, "ASTER": 0.621191, "HTX": 1.85e-06, "M": 1.2, "DEXE": 34.02, "RLUSD": 1.0, "USDD": 0.999229, "USDF": 0.99585, "SKY": 0.06077, "DOT": 0.827338, "MNT": 0.420092, "AAVE": 89.45, "BFUSD": 0.998485, "WLD": 0.371664, "MORPHO": 1.99, "PEPE": 2.85e-06, "ICP": 2.15, "BGB": 1.64, "ETC": 6.93, "U": 0.999942, "PI": 0.09232, "USDGO": 0.999803, "EUTBL": 1.21, "BCAP": 106.19, "QNT": 64.09, "KCS": 6.64, "STABLE": 0.03596081, "JTRSY": 1.11, "POL": 0.081339, "EURSAFO": 1.15, "JST": 0.097838, "ADI": 6.25, "ATOM": 1.49, "RENDER": 1.48, "ENA": 0.080205, "USTB": 11.15, "KAS": 0.02776476, "NEXO": 0.750285, "ALGO": 0.081978, "BEAT": 2.33, "GT": 6.68, "\u5e01\u5b89\u4eba\u751f": 0.69059, "JAAA": 1.041, "PUMP": 0.00164839, "GHO": 0.998882, "BDX": 0.082009, "JUP": 0.191044, "FIL": 0.726355, "FLR": 0.00653239, "XDC": 0.02836371, "ARB": 0.088579, "YLDS": 0.999809, "VVV": 11.73, "LIT": 2.21, "USD0": 0.998786, "USX": 0.999848}}