{"timestamp": 1784674325, "base": "USD", "data": {"BTC": 66227, "ETH": 1918.31, "USDT": 0.999382, "BNB": 572.13, "USDC": 0.999931, "XRP": 1.14, "SOL": 77.86, "TRX": 0.329013, "FIGR_HELOC": 1.005, "HYPE": 60.81, "DOGE": 0.073088, "RAIN": 0.01507947, "USDS": 0.999892, "ZEC": 532.45, "LEO": 9.71, "WBT": 57.63, "XMR": 354.31, "XLM": 0.191676, "LINK": 8.62, "ADA": 0.172825, "CC": 0.126533, "DAI": 0.99981, "BCH": 223.48, "GRAM": 1.53, "USD1": 0.99918, "USDE": 0.999876, "LTC": 46.78, "USDG": 0.999773, "SUI": 0.767243, "HBAR": 0.069416, "USYC": 1.13, "AVAX": 6.55, "PYUSD": 0.999823, "CRO": 0.058425, "BUIDL": 1.0, "NEAR": 1.93, "SHIB": 4.26e-06, "XAUT": 4076.22, "UNI": 3.7, "USDY": 1.14, "ONDO": 0.396578, "TAO": 199.2, "PAXG": 4073.19, "WLFI": 0.056445, "OKB": 82.18, "ASTER": 0.627137, "HTX": 1.85e-06, "M": 1.19, "RLUSD": 1.0, "USDD": 0.999596, "SKY": 0.063141, "AAVE": 94.91, "DOT": 0.846167, "USDF": 0.995491, "MNT": 0.429188, "MORPHO": 2.06, "WLD": 0.375028, "BFUSD": 0.998614, "ICP": 2.21, "PEPE": 2.87e-06, "BGB": 1.7, "ETC": 6.98, "U": 0.999847, "EUTBL": 1.2, "PI": 0.092462, "USDGO": 0.999732, "BCAP": 106.2, "QNT": 64.42, "KCS": 6.69, "STABLE": 0.03673362, "JTRSY": 1.11, "POL": 0.079953, "EURSAFO": 1.15, "ADI": 6.66, "ENA": 0.086383, "JST": 0.10074, "PUMP": 0.00201155, "RENDER": 1.53, "BEAT": 2.55, "KAS": 0.02841254, "USTB": 11.15, "ATOM": 1.48, "NEXO": 0.763931, "ALGO": 0.084354, "GT": 6.76, "JAAA": 1.042, "JUP": 0.200121, "BDX": 0.082959, "GHO": 0.998944, "FIL": 0.770087, "\u5e01\u5b89\u4eba\u751f": 0.607919, "VVV": 12.53, "LIT": 2.35, "FLR": 0.00674909, "ARB": 0.088386, "XDC": 0.02922239, "YLDS": 0.99984, "USD0": 0.99928, "INJ": 5.31, "USX": 0.999851}}