{"timestamp": 1784636589, "base": "USD", "data": {"BTC": 66399, "ETH": 1940.74, "USDT": 0.999216, "BNB": 576.81, "USDC": 0.999878, "XRP": 1.14, "SOL": 78.39, "TRX": 0.327431, "FIGR_HELOC": 1.001, "HYPE": 62.72, "DOGE": 0.073584, "USDS": 0.999794, "RAIN": 0.01414306, "ZEC": 543.46, "LEO": 9.71, "WBT": 57.88, "XLM": 0.19224, "ADA": 0.175246, "LINK": 8.7, "XMR": 343.55, "CC": 0.12661, "DAI": 0.999711, "BCH": 225.05, "USD1": 0.998807, "USDE": 0.999752, "GRAM": 1.45, "LTC": 47.48, "USDG": 1.001, "SUI": 0.769014, "HBAR": 0.068543, "USYC": 1.13, "AVAX": 6.64, "PYUSD": 0.999753, "CRO": 0.058257, "NEAR": 1.99, "BUIDL": 1.0, "SHIB": 4.27e-06, "XAUT": 4055.17, "UNI": 3.68, "USDY": 1.14, "ONDO": 0.402377, "TAO": 201.94, "PAXG": 4052.05, "WLFI": 0.056684, "OKB": 82.14, "ASTER": 0.631088, "HTX": 1.84e-06, "RLUSD": 1.0, "M": 1.19, "USDD": 0.999699, "SKY": 0.063485, "DOT": 0.857152, "AAVE": 94.11, "USDF": 0.996056, "MNT": 0.428782, "WLD": 0.384199, "BFUSD": 0.998381, "MORPHO": 1.98, "ICP": 2.22, "PEPE": 2.93e-06, "BGB": 1.68, "ETC": 7.06, "U": 1.0, "EUTBL": 1.2, "PI": 0.093748, "USDGO": 1.0, "BCAP": 106.2, "QNT": 63.93, "STABLE": 0.03761052, "KCS": 6.76, "JTRSY": 1.11, "POL": 0.080855, "ADI": 6.74, "EURSAFO": 1.15, "ENA": 0.08708, "JST": 0.100198, "RENDER": 1.55, "PUMP": 0.00197642, "ATOM": 1.5, "KAS": 0.02828521, "NEXO": 0.770968, "USTB": 11.15, "ALGO": 0.084596, "GT": 6.76, "BEAT": 2.29, "JAAA": 1.042, "DEXE": 14.47, "JUP": 0.199961, "BDX": 0.08376, "GHO": 0.99886, "VVV": 12.93, "FIL": 0.748978, "ARB": 0.090196, "LIT": 2.33, "XDC": 0.02919874, "\u5e01\u5b89\u4eba\u751f": 0.582863, "FLR": 0.0065484, "YLDS": 0.999894, "USD0": 0.999246, "INJ": 5.38}}