{"timestamp": 1784631473, "base": "USD", "data": {"BTC": 66145, "ETH": 1931.67, "USDT": 0.999201, "BNB": 577.08, "USDC": 0.999923, "XRP": 1.13, "SOL": 78.07, "TRX": 0.326598, "FIGR_HELOC": 1.001, "HYPE": 62.61, "DOGE": 0.073288, "USDS": 0.999858, "RAIN": 0.0139688, "ZEC": 535.02, "LEO": 9.72, "WBT": 57.73, "XLM": 0.191614, "LINK": 8.7, "ADA": 0.17454, "XMR": 346.01, "CC": 0.125788, "DAI": 0.999855, "BCH": 224.35, "USD1": 0.999002, "USDE": 0.999716, "GRAM": 1.46, "LTC": 47.37, "USDG": 0.999802, "SUI": 0.771231, "HBAR": 0.068261, "USYC": 1.13, "AVAX": 6.62, "PYUSD": 0.999843, "CRO": 0.057917, "NEAR": 1.99, "BUIDL": 1.0, "SHIB": 4.27e-06, "XAUT": 4059.18, "UNI": 3.69, "USDY": 1.14, "ONDO": 0.403239, "TAO": 199.93, "PAXG": 4056.8, "WLFI": 0.056616, "OKB": 81.87, "ASTER": 0.629696, "HTX": 1.85e-06, "RLUSD": 1.0, "M": 1.17, "USDD": 0.999086, "SKY": 0.063037, "AAVE": 94.43, "DOT": 0.858378, "USDF": 0.995453, "MNT": 0.429409, "WLD": 0.382498, "BFUSD": 0.9984, "MORPHO": 2.0, "PEPE": 2.95e-06, "ICP": 2.2, "BGB": 1.67, "ETC": 7.05, "U": 0.999837, "EUTBL": 1.21, "PI": 0.093526, "USDGO": 0.999945, "BCAP": 106.2, "DEXE": 20.51, "QNT": 64.01, "KCS": 6.75, "STABLE": 0.03734072, "JTRSY": 1.11, "POL": 0.080834, "ADI": 6.74, "EURSAFO": 1.15, "ENA": 0.087024, "JST": 0.100945, "RENDER": 1.55, "PUMP": 0.0019962, "ATOM": 1.5, "KAS": 0.02835921, "NEXO": 0.774601, "USTB": 11.15, "ALGO": 0.084599, "GT": 6.76, "BEAT": 2.29, "JAAA": 1.041, "JUP": 0.199561, "BDX": 0.083746, "GHO": 0.999064, "\u5e01\u5b89\u4eba\u751f": 0.63392, "VVV": 12.81, "FIL": 0.75139, "ARB": 0.090303, "LIT": 2.35, "XDC": 0.02907443, "FLR": 0.0065084, "YLDS": 0.999891, "USD0": 0.999343, "INJ": 5.39}}