{"timestamp": 1778438994, "base": "USD", "data": {"BTC": 81253, "ETH": 2357.89, "USDT": 0.999777, "XRP": 1.49, "BNB": 660.76, "USDC": 0.999827, "SOL": 96.68, "TRX": 0.351502, "FIGR_HELOC": 1.0, "DOGE": 0.110945, "WBT": 59.98, "USDS": 0.999755, "ADA": 0.287102, "HYPE": 43.37, "ZEC": 589.04, "LEO": 10.14, "BCH": 460.79, "LINK": 10.78, "XMR": 413.76, "TON": 2.43, "CC": 0.158633, "XLM": 0.171208, "SUI": 1.37, "LTC": 59.87, "AVAX": 10.4, "DAI": 0.999641, "USD1": 0.99905, "M": 3.32, "HBAR": 0.098773, "USDE": 0.999619, "SHIB": 6.65e-06, "RAIN": 0.00760844, "PYUSD": 0.999783, "CRO": 0.07464, "TAO": 328.26, "USYC": 1.12, "XAUT": 4716.97, "USDG": 0.999792, "UNI": 4.04, "BUIDL": 1.0, "DOT": 1.41, "MNT": 0.707169, "PAXG": 4718.13, "WLFI": 0.068879, "NEAR": 1.6, "ONDO": 0.412761, "PEPE": 4.52e-06, "ICP": 3.42, "OKB": 89.22, "ASTER": 0.720763, "SKY": 0.079986, "PI": 0.175698, "HTX": 1.97e-06, "USDF": 0.996916, "ETC": 9.95, "RLUSD": 0.999928, "AAVE": 100.06, "BGB": 2.16, "USDD": 0.99989, "MORPHO": 2.15, "BFUSD": 0.999198, "JTRSY": 1.1, "USDY": 1.11, "ENA": 0.136372, "ALGO": 0.129759, "KCS": 8.54, "POL": 0.10389, "QNT": 75.37, "RENDER": 2.07, "KAS": 0.03835915, "ATOM": 2.04, "U": 1.0, "EUTBL": 1.24, "USTB": 11.08, "BCAP": 105.77, "APT": 1.19, "WLD": 0.285896, "FIL": 1.19, "NEXO": 0.920743, "ARB": 0.145259, "JUP": 0.256128, "GT": 7.54, "SIREN": 1.14, "PUMP": 0.00221828, "STABLE": 0.03410005, "FLR": 0.00883644, "JST": 0.084241, "BONK": 8.17e-06, "VET": 0.00802131, "PENGU": 0.01095767, "VVV": 14.45, "USDTB": 0.999093, "DASH": 49.08, "BDX": 0.07968, "XDC": 0.0307022, "OUSG": 115.18, "VIRTUAL": 0.919108, "TRUMP": 2.55, "DEXE": 12.49, "GHO": 0.999725}}