{"timestamp": 1779161550, "base": "USD", "data": {"BTC": 76722, "ETH": 2127.76, "USDT": 0.999205, "BNB": 643.03, "XRP": 1.38, "USDC": 0.999702, "SOL": 84.97, "TRX": 0.356372, "FIGR_HELOC": 1.036, "DOGE": 0.10431, "WBT": 56.65, "HYPE": 47.45, "USDS": 0.999634, "ZEC": 564.13, "ADA": 0.251453, "LEO": 10.09, "BCH": 379.21, "XMR": 386.83, "LINK": 9.68, "CC": 0.149626, "TON": 1.98, "XLM": 0.146661, "USD1": 0.999411, "DAI": 0.999703, "USDE": 0.999743, "M": 3.26, "SUI": 1.058, "LTC": 54.32, "AVAX": 9.22, "HBAR": 0.08993, "RAIN": 0.00739782, "PYUSD": 0.999506, "SHIB": 5.76e-06, "CRO": 0.069883, "USYC": 1.12, "USDG": 0.999752, "XAUT": 4543.06, "BUIDL": 1.0, "TAO": 260.9, "UNI": 3.53, "USDY": 1.14, "PAXG": 4543.69, "DOT": 1.25, "NEAR": 1.61, "MNT": 0.625899, "WLFI": 0.062033, "ONDO": 0.391308, "HTX": 1.99e-06, "USDF": 0.997907, "OKB": 81.73, "ASTER": 0.654001, "PI": 0.152033, "RLUSD": 0.999943, "SKY": 0.068838, "PEPE": 3.68e-06, "USDD": 0.999116, "ICP": 2.57, "BGB": 2.0, "ETC": 8.9, "AAVE": 88.89, "BFUSD": 0.9986, "QNT": 75.05, "MORPHO": 1.72, "KCS": 8.03, "USDTB": 0.998905, "ATOM": 2.05, "JTRSY": 1.1, "USTB": 11.08, "U": 1.0, "EUTBL": 1.22, "POL": 0.090607, "BCAP": 105.74, "ALGO": 0.1074, "KAS": 0.03472199, "ENA": 0.104989, "RENDER": 1.82, "NEXO": 0.873127, "WLD": 0.2407, "STABLE": 0.03537727, "JST": 0.090757, "APT": 0.943, "GT": 7.09, "FIL": 0.959656, "FLR": 0.00834514, "ARB": 0.116862, "VVV": 14.58, "JUP": 0.197368, "DEXE": 13.75, "XDC": 0.03079233, "BDX": 0.078641, "PUMP": 0.00170574, "GHO": 0.999302, "VET": 0.00672359, "USD0": 0.997823, "HASH": 0.01039094, "OUSG": 115.28, "PENGU": 0.00861099, "DASH": 42.39, "BONK": 5.98e-06, "NIGHT": 0.03154956}}