{"timestamp": 1784339052, "base": "USD", "data": {"BTC": 63899, "ETH": 1839.54, "USDT": 0.999364, "BNB": 566.35, "USDC": 0.999936, "XRP": 1.088, "SOL": 75.09, "TRX": 0.322572, "FIGR_HELOC": 1.026, "HYPE": 59.63, "DOGE": 0.072472, "USDS": 0.999835, "RAIN": 0.0140923, "ZEC": 546.41, "LEO": 9.81, "WBT": 55.71, "XLM": 0.185, "ADA": 0.167477, "XMR": 330.64, "LINK": 8.25, "CC": 0.127942, "DAI": 0.999944, "BCH": 218.87, "USD1": 0.999455, "GRAM": 1.5, "USDE": 0.99977, "LTC": 45.19, "USDG": 1.002, "USYC": 1.13, "SUI": 0.738822, "CRO": 0.062196, "PYUSD": 0.999913, "HBAR": 0.065753, "AVAX": 6.61, "BUIDL": 1.0, "NEAR": 1.93, "XAUT": 4005.71, "SHIB": 4.15e-06, "UNI": 3.58, "USDY": 1.13, "TAO": 194.3, "ONDO": 0.37957, "WLFI": 0.057267, "PAXG": 4005.23, "OKB": 81.02, "DEXE": 36.3, "ASTER": 0.622538, "M": 1.25, "HTX": 1.82e-06, "RLUSD": 1.0, "USDD": 0.999277, "DOT": 0.847893, "USDF": 0.995982, "MNT": 0.424312, "SKY": 0.059528, "WLD": 0.386946, "AAVE": 89.73, "BFUSD": 0.998671, "MORPHO": 1.96, "ICP": 2.15, "PEPE": 2.74e-06, "BGB": 1.64, "ETC": 7.03, "U": 1.0, "USDGO": 0.999905, "EUTBL": 1.21, "BCAP": 106.19, "QNT": 64.77, "PI": 0.082901, "KCS": 6.61, "POL": 0.082316, "STABLE": 0.0354937, "JTRSY": 1.11, "EURSAFO": 1.15, "ADI": 6.55, "JST": 0.097564, "ENA": 0.082195, "ATOM": 1.51, "RENDER": 1.48, "KAS": 0.02784297, "USTB": 11.15, "NEXO": 0.750252, "ALGO": 0.083227, "BEAT": 2.4, "GT": 6.68, "\u5e01\u5b89\u4eba\u751f": 0.698044, "JAAA": 1.041, "BDX": 0.084762, "JUP": 0.197766, "PUMP": 0.00163452, "FIL": 0.764107, "GHO": 0.998897, "ARB": 0.092371, "LIT": 2.31, "FLR": 0.00653248, "YLDS": 0.999906, "XDC": 0.02779952, "USD0": 0.998818, "VVV": 11.31, "APT": 0.624855}}