{"timestamp": 1777154084, "base": "USD", "data": {"BTC": 77517, "ETH": 2315.84, "USDT": 1.0, "XRP": 1.42, "BNB": 629.58, "USDC": 0.999865, "SOL": 85.9, "TRX": 0.324009, "FIGR_HELOC": 1.02, "DOGE": 0.098048, "WBT": 54.87, "USDS": 0.999753, "HYPE": 41.44, "LEO": 10.25, "ADA": 0.249315, "BCH": 452.29, "XMR": 372.34, "LINK": 9.33, "ZEC": 358.26, "CC": 0.151638, "XLM": 0.17031, "M": 4.34, "DAI": 0.999591, "USD1": 0.999867, "LTC": 56.01, "AVAX": 9.33, "HBAR": 0.090977, "USDE": 0.999388, "SUI": 0.935559, "SHIB": 6.15e-06, "PYUSD": 0.999725, "RAIN": 0.00705993, "TON": 1.32, "CRO": 0.069935, "USYC": 1.12, "XAUT": 4692.59, "USDG": 0.999796, "WLFI": 0.075031, "TAO": 246.89, "BUIDL": 1.0, "PAXG": 4695.17, "MNT": 0.657637, "DOT": 1.24, "UNI": 3.25, "SKY": 0.083938, "NEAR": 1.4, "USDF": 0.996909, "OKB": 84.29, "PI": 0.171441, "HTX": 1.81e-06, "PEPE": 3.83e-06, "RLUSD": 1.0, "ASTER": 0.648747, "AAVE": 94.31, "USDD": 1.001, "JTRSY": 1.1, "BGB": 1.96, "ICP": 2.43, "USDY": 1.13, "BFUSD": 0.999701, "ETC": 8.43, "ONDO": 0.260136, "GT": 7.36, "KCS": 8.38, "MORPHO": 1.85, "EUTBL": 1.23, "PUMP": 0.00175028, "ALGO": 0.115618, "U": 1.0, "QNT": 70.51, "ATOM": 2.02, "USTB": 11.06, "POL": 0.091778, "ENA": 0.106827, "RENDER": 1.79, "KAS": 0.03350154, "NEXO": 0.907163, "WLD": 0.256709, "ARB": 0.128205, "APT": 0.963973, "BCAP": 82.76, "STABLE": 0.03396529, "FIL": 0.935542, "JST": 0.079952, "FLR": 0.00795914, "DEXE": 13.81, "VET": 0.00733507, "BDX": 0.080405, "JUP": 0.1716, "OUSG": 115.03, "XDC": 0.02997964, "TRUMP": 2.57, "NIGHT": 0.03580055, "HASH": 0.01032946, "USDTB": 0.999808, "GHO": 0.999195, "USD0": 0.998256, "BONK": 6.19e-06, "PENGU": 0.00857984, "YLDS": 0.999992}}