{"timestamp": 1777915421, "base": "USD", "data": {"BTC": 80460, "ETH": 2368.21, "USDT": 0.999799, "XRP": 1.41, "BNB": 627.42, "USDC": 0.999838, "SOL": 84.91, "TRX": 0.340579, "FIGR_HELOC": 1.035, "DOGE": 0.111069, "WBT": 59.82, "USDS": 0.999772, "HYPE": 41.69, "LEO": 10.31, "ADA": 0.25164, "BCH": 443.66, "XMR": 396.44, "LINK": 9.46, "ZEC": 411.69, "CC": 0.146086, "XLM": 0.15813, "USD1": 0.999924, "DAI": 0.999693, "LTC": 55.33, "AVAX": 9.23, "USDE": 0.999133, "TON": 1.43, "HBAR": 0.088198, "SUI": 0.936269, "SHIB": 6.22e-06, "RAIN": 0.0075209, "M": 2.67, "PYUSD": 0.999653, "CRO": 0.068687, "USYC": 1.12, "TAO": 282.06, "XAUT": 4527.77, "USDG": 0.99982, "BUIDL": 1.0, "PAXG": 4524.86, "MNT": 0.642932, "UNI": 3.32, "DOT": 1.23, "WLFI": 0.065041, "SKY": 0.080532, "PI": 0.179, "OKB": 85.46, "USDF": 0.997213, "ASTER": 0.672071, "HTX": 1.91e-06, "PEPE": 4.04e-06, "NEAR": 1.27, "RLUSD": 0.999923, "ONDO": 0.311533, "USDD": 1.002, "BGB": 2.05, "AAVE": 93.38, "ETC": 8.71, "BFUSD": 0.998906, "JTRSY": 1.1, "ICP": 2.38, "USDY": 1.11, "MORPHO": 2.0, "KCS": 8.4, "POL": 0.097507, "U": 1.001, "ALGO": 0.114177, "USTB": 11.07, "QNT": 68.08, "EUTBL": 1.23, "BCAP": 105.75, "ATOM": 1.88, "RENDER": 1.83, "KAS": 0.03375783, "NEXO": 0.904836, "ENA": 0.102842, "GT": 7.33, "WLD": 0.239239, "APT": 0.977314, "STABLE": 0.03287918, "FIL": 0.938722, "SKYAI": 0.708095, "ARB": 0.115568, "JST": 0.082386, "PUMP": 0.00183331, "FLR": 0.00756371, "PENGU": 0.01003543, "VET": 0.00722023, "BDX": 0.079679, "OUSG": 115.1, "HASH": 0.01143398, "JUP": 0.180763, "DASH": 47.04, "GHO": 0.999794, "XDC": 0.02923767, "USDTB": 0.999901, "SIREN": 0.773379, "USD0": 0.998444, "BONK": 6.28e-06, "TRUMP": 2.33}}