{"timestamp": 1784677776, "base": "USD", "data": {"BTC": 66400, "ETH": 1922.78, "USDT": 0.999319, "BNB": 572.93, "USDC": 0.999899, "XRP": 1.14, "SOL": 78.01, "TRX": 0.329417, "FIGR_HELOC": 1.005, "HYPE": 60.72, "DOGE": 0.073203, "RAIN": 0.01515753, "USDS": 0.999838, "LEO": 9.71, "ZEC": 531.48, "WBT": 57.77, "XMR": 357.17, "XLM": 0.191787, "LINK": 8.64, "ADA": 0.173222, "CC": 0.126593, "DAI": 0.999926, "BCH": 223.71, "GRAM": 1.54, "USD1": 0.999111, "USDE": 0.999849, "LTC": 46.77, "USDG": 0.999843, "SUI": 0.770033, "HBAR": 0.069334, "USYC": 1.13, "AVAX": 6.56, "PYUSD": 0.999799, "CRO": 0.058558, "BUIDL": 1.0, "NEAR": 1.93, "SHIB": 4.26e-06, "XAUT": 4075.44, "UNI": 3.72, "USDY": 1.14, "ONDO": 0.398173, "TAO": 200.5, "PAXG": 4072.12, "WLFI": 0.056797, "OKB": 82.19, "ASTER": 0.627205, "HTX": 1.85e-06, "M": 1.2, "RLUSD": 1.0, "USDD": 0.999519, "AAVE": 95.52, "SKY": 0.063022, "DOT": 0.845688, "USDF": 0.996926, "MNT": 0.42901, "MORPHO": 2.06, "WLD": 0.376763, "BFUSD": 0.99857, "ICP": 2.22, "PEPE": 2.87e-06, "BGB": 1.7, "ETC": 6.98, "U": 0.999852, "EUTBL": 1.2, "PI": 0.09272, "USDGO": 1.0, "BCAP": 106.2, "QNT": 64.4, "KCS": 6.7, "STABLE": 0.03658047, "JTRSY": 1.11, "POL": 0.080015, "EURSAFO": 1.15, "ADI": 6.69, "ENA": 0.086678, "JST": 0.100806, "PUMP": 0.00200288, "RENDER": 1.53, "KAS": 0.02847445, "BEAT": 2.52, "USTB": 11.15, "ATOM": 1.48, "NEXO": 0.764336, "ALGO": 0.084428, "GT": 6.75, "JAAA": 1.042, "JUP": 0.199928, "BDX": 0.0829, "GHO": 0.998921, "FIL": 0.768475, "\u5e01\u5b89\u4eba\u751f": 0.603046, "VVV": 12.68, "FLR": 0.00677416, "ARB": 0.088622, "LIT": 2.34, "XDC": 0.02928629, "YLDS": 0.99984, "USD0": 0.999371, "INJ": 5.31, "USX": 0.999861}}