{"timestamp": 1777295338, "base": "USD", "data": {"BTC": 77672, "ETH": 2314.27, "USDT": 0.999995, "XRP": 1.41, "BNB": 625.97, "USDC": 0.999863, "SOL": 85.09, "TRX": 0.325528, "FIGR_HELOC": 1.018, "DOGE": 0.098189, "WBT": 54.79, "USDS": 0.999676, "HYPE": 42.26, "LEO": 10.33, "ADA": 0.247792, "BCH": 449.87, "XMR": 390.63, "LINK": 9.31, "ZEC": 354.45, "CC": 0.148772, "XLM": 0.167559, "M": 4.03, "DAI": 0.999753, "USD1": 0.999716, "LTC": 55.47, "AVAX": 9.25, "HBAR": 0.091049, "USDE": 0.999233, "SUI": 0.929329, "SHIB": 6.12e-06, "RAIN": 0.00748039, "PYUSD": 0.999749, "TON": 1.3, "CRO": 0.06991, "USYC": 1.12, "XAUT": 4681.94, "TAO": 250.3, "USDG": 0.999751, "WLFI": 0.073675, "BUIDL": 1.0, "PAXG": 4684.26, "MNT": 0.640151, "DOT": 1.24, "UNI": 3.26, "SKY": 0.087129, "PI": 0.182105, "USDF": 0.997812, "NEAR": 1.37, "OKB": 83.68, "HTX": 1.82e-06, "PEPE": 3.84e-06, "RLUSD": 0.999891, "ASTER": 0.650628, "AAVE": 96.23, "USDD": 0.999729, "JTRSY": 1.1, "BGB": 1.98, "ICP": 2.43, "USDY": 1.12, "BFUSD": 0.999403, "ETC": 8.37, "ONDO": 0.261994, "MORPHO": 1.94, "KCS": 8.42, "GT": 7.35, "PUMP": 0.00176528, "USTB": 11.06, "EUTBL": 1.23, "ALGO": 0.115916, "U": 0.999662, "QNT": 69.97, "ATOM": 1.99, "POL": 0.092095, "RENDER": 1.8, "ENA": 0.105309, "KAS": 0.03347654, "NEXO": 0.894959, "WLD": 0.253968, "STABLE": 0.03582761, "ARB": 0.125798, "APT": 0.957861, "BCAP": 82.76, "FIL": 0.924721, "JUP": 0.194636, "JST": 0.081833, "DEXE": 14.78, "FLR": 0.00780349, "VET": 0.00727526, "BDX": 0.080166, "PENGU": 0.00981619, "HASH": 0.01065016, "XDC": 0.03030469, "OUSG": 115.03, "TRUMP": 2.54, "USDTB": 1.0, "GHO": 0.999257, "NIGHT": 0.03476626, "USD0": 0.998129, "BONK": 6.24e-06, "YLDS": 0.999973}}