{"timestamp": 1783523460, "base": "USD", "data": {"BTC": 61732, "ETH": 1722.21, "USDT": 0.99906, "BNB": 562.2, "USDC": 0.999875, "XRP": 1.075, "SOL": 76.92, "TRX": 0.328451, "FIGR_HELOC": 1.025, "HYPE": 67.11, "DOGE": 0.071676, "USDS": 0.999858, "RAIN": 0.01461081, "LEO": 9.45, "ZEC": 457.62, "WBT": 54.75, "ADA": 0.166209, "XLM": 0.181166, "XMR": 319.81, "LINK": 7.56, "CC": 0.126865, "BCH": 232.39, "DAI": 0.999902, "USD1": 0.998969, "USDE": 0.9984, "GRAM": 1.58, "LTC": 43.46, "USDG": 0.999909, "USYC": 1.13, "HBAR": 0.069313, "SUI": 0.702769, "PYUSD": 1.0, "AVAX": 6.39, "CRO": 0.056529, "XAUT": 4033.45, "SHIB": 4.19e-06, "NEAR": 1.86, "BUIDL": 1.0, "USDY": 1.13, "UNI": 3.3, "TAO": 202.68, "WLFI": 0.059224, "PAXG": 4034.4, "M": 1.28, "ASTER": 0.620588, "HTX": 1.84e-06, "OKB": 77.33, "RLUSD": 0.999832, "ONDO": 0.310799, "USDD": 0.999125, "USDF": 0.996461, "DOT": 0.820063, "DEXE": 29.43, "MNT": 0.413513, "MORPHO": 2.07, "BFUSD": 0.998212, "WLD": 0.373822, "AAVE": 86.64, "SKY": 0.053347, "ICP": 2.17, "BGB": 1.64, "PI": 0.101583, "PEPE": 2.57e-06, "ETC": 6.91, "U": 0.999599, "EUTBL": 1.2, "BCAP": 106.63, "QNT": 64.36, "KCS": 6.73, "JTRSY": 1.11, "USDGO": 1.0, "STABLE": 0.03518007, "USTB": 11.14, "JST": 0.095781, "ATOM": 1.56, "POL": 0.075365, "KAS": 0.02883794, "RENDER": 1.52, "ALGO": 0.084275, "ADI": 5.91, "USDTB": 0.999919, "BDX": 0.091933, "NEXO": 0.723128, "JUP": 0.21528, "EURSAFO": 1.15, "\u5e01\u5b89\u4eba\u751f": 0.70666, "ENA": 0.073675, "GT": 6.6, "JAAA": 1.04, "BEAT": 2.07, "FIL": 0.756294, "GHO": 0.998135, "PUMP": 0.00147841, "LIT": 2.29, "FLR": 0.00653878, "USD0": 0.998597, "XDC": 0.02699525, "YLDS": 0.999813, "NIGHT": 0.03192799, "HASH": 0.00941302}}