{"timestamp": 1779283975, "base": "USD", "data": {"BTC": 77231, "ETH": 2125.12, "USDT": 0.999071, "BNB": 642.89, "XRP": 1.37, "USDC": 0.999656, "SOL": 84.7, "TRX": 0.35742, "FIGR_HELOC": 1.032, "DOGE": 0.103662, "WBT": 56.98, "HYPE": 50.54, "USDS": 0.999732, "ZEC": 586.66, "LEO": 10.03, "ADA": 0.248628, "XMR": 399.01, "BCH": 365.08, "LINK": 9.55, "CC": 0.149477, "TON": 1.94, "XLM": 0.142979, "USD1": 0.999523, "USDE": 0.999619, "DAI": 0.999778, "M": 3.32, "SUI": 1.046, "LTC": 53.93, "AVAX": 9.21, "HBAR": 0.088551, "RAIN": 0.00750081, "PYUSD": 0.999784, "SHIB": 5.74e-06, "CRO": 0.068397, "USYC": 1.12, "USDG": 0.999709, "XAUT": 4487.19, "BUIDL": 1.0, "TAO": 264.63, "UNI": 3.59, "NEAR": 1.65, "USDY": 1.13, "PAXG": 4489.38, "DOT": 1.23, "MNT": 0.624756, "WLFI": 0.061755, "ONDO": 0.382424, "RLUSD": 0.999957, "HTX": 2e-06, "USDF": 0.997904, "ASTER": 0.666872, "OKB": 80.57, "SKY": 0.06931, "PI": 0.151157, "PEPE": 3.68e-06, "USDD": 0.999201, "ETC": 8.95, "BGB": 2.0, "ICP": 2.5, "AAVE": 87.46, "BFUSD": 0.998401, "MORPHO": 1.83, "USDTB": 0.999357, "KCS": 7.95, "QNT": 73.14, "EUTBL": 1.22, "U": 0.999112, "ALGO": 0.114997, "ATOM": 2.0, "JTRSY": 1.1, "RENDER": 1.87, "USTB": 11.09, "BCAP": 105.74, "POL": 0.089472, "ENA": 0.105465, "KAS": 0.03424593, "NEXO": 0.892963, "VVV": 18.04, "WLD": 0.238645, "JST": 0.094032, "STABLE": 0.0342398, "APT": 0.937028, "GT": 6.99, "FIL": 0.94959, "FLR": 0.00831156, "XDC": 0.03558354, "ARB": 0.112518, "JUP": 0.20951, "DEXE": 14.17, "PUMP": 0.00172505, "BDX": 0.078992, "DASH": 47.71, "GHO": 0.998907, "VET": 0.00656254, "HASH": 0.01051734, "PENGU": 0.00886346, "USD0": 0.998155, "OUSG": 115.29, "BONK": 6e-06, "KITE": 0.230794}}