{"timestamp": 1783177108, "base": "USD", "data": {"BTC": 62614, "ETH": 1769.01, "USDT": 0.999183, "BNB": 573.89, "USDC": 0.999836, "XRP": 1.17, "SOL": 81.65, "TRX": 0.325366, "FIGR_HELOC": 1.009, "HYPE": 70.62, "DOGE": 0.077459, "RAIN": 0.01542733, "USDS": 0.999766, "LEO": 9.16, "ZEC": 464.54, "XLM": 0.205624, "ADA": 0.181787, "WBT": 56.64, "XMR": 332.34, "LINK": 7.98, "CC": 0.138065, "GRAM": 1.81, "DAI": 0.999686, "BCH": 229.35, "USD1": 0.99902, "LAB": 14.5, "USDE": 0.998804, "LTC": 44.58, "HBAR": 0.074121, "USYC": 1.13, "SUI": 0.762109, "USDG": 1.0, "AVAX": 6.92, "PYUSD": 0.999927, "CRO": 0.060975, "NEAR": 2.02, "SHIB": 4.42e-06, "XAUT": 4156.3, "BUIDL": 1.0, "USDY": 1.13, "TAO": 213.39, "UNI": 3.22, "M": 1.47, "PAXG": 4162.91, "WLFI": 0.056405, "ASTER": 0.644208, "OKB": 81.31, "ONDO": 0.332402, "RLUSD": 1.0, "HTX": 1.7e-06, "WLD": 0.426577, "DOT": 0.872971, "MNT": 0.446335, "USDF": 0.996436, "USDD": 1.0, "AAVE": 88.86, "SKY": 0.057668, "BFUSD": 0.998688, "PI": 0.115744, "MORPHO": 1.92, "ICP": 2.24, "BGB": 1.72, "ETC": 7.29, "PEPE": 2.7e-06, "DEXE": 23.64, "U": 0.9999, "QNT": 68.69, "EUTBL": 1.21, "BCAP": 106.97, "KCS": 7.1, "BEAT": 3.03, "USDGO": 0.999938, "JTRSY": 1.11, "USTB": 11.13, "KAS": 0.03114502, "RENDER": 1.59, "ATOM": 1.59, "STABLE": 0.03363986, "ALGO": 0.089459, "POL": 0.073535, "JUP": 0.235036, "NEXO": 0.771802, "JST": 0.089349, "\u5e01\u5b89\u4eba\u751f": 0.743173, "ENA": 0.078978, "USDTB": 1.001, "GT": 6.77, "ADI": 5.75, "BDX": 0.088504, "EURSAFO": 1.15, "JAAA": 1.04, "FIL": 0.799701, "PUMP": 0.00156797, "FLR": 0.00711659, "GHO": 0.998352, "XDC": 0.02878678, "VVV": 12.12, "AERO": 0.577977, "USD0": 0.998621, "LIT": 2.2}}