{"timestamp": 1778783416, "base": "USD", "data": {"BTC": 81889, "ETH": 2315.0, "USDT": 0.999775, "XRP": 1.53, "BNB": 684.31, "USDC": 0.999692, "SOL": 93.58, "TRX": 0.354308, "FIGR_HELOC": 1.034, "DOGE": 0.117871, "WBT": 60.48, "USDS": 0.999962, "HYPE": 44.31, "ADA": 0.275692, "LEO": 10.16, "ZEC": 533.63, "BCH": 438.04, "LINK": 10.7, "XMR": 401.34, "CC": 0.162931, "TON": 2.16, "XLM": 0.165983, "SUI": 1.22, "LTC": 58.85, "USD1": 0.999819, "DAI": 0.999676, "AVAX": 10.07, "M": 3.29, "HBAR": 0.097081, "USDE": 1.0, "SHIB": 6.45e-06, "RAIN": 0.00757558, "PYUSD": 0.999984, "CRO": 0.076168, "USDG": 0.999306, "USYC": 1.12, "TAO": 307.11, "XAUT": 4670.17, "UNI": 3.8, "DOT": 1.41, "BUIDL": 1.0, "MNT": 0.690773, "PAXG": 4669.92, "WLFI": 0.069014, "NEAR": 1.6, "ONDO": 0.40112, "USDY": 1.13, "OKB": 85.46, "PI": 0.170778, "HTX": 1.97e-06, "USDF": 0.998671, "PEPE": 4.19e-06, "ASTER": 0.679344, "SKY": 0.073686, "ICP": 2.9, "RLUSD": 0.999864, "AAVE": 100.51, "ETC": 9.55, "USDD": 0.9999, "BGB": 2.1, "BFUSD": 0.999399, "MORPHO": 1.97, "KCS": 8.44, "QNT": 77.71, "ENA": 0.124259, "JTRSY": 1.1, "ALGO": 0.12116, "KAS": 0.03818804, "ATOM": 2.05, "U": 1.0, "POL": 0.094814, "RENDER": 1.94, "USTB": 11.08, "EUTBL": 1.23, "BCAP": 105.87, "STABLE": 0.04230655, "NEXO": 0.917582, "WLD": 0.268696, "APT": 1.071, "FIL": 1.064, "ARB": 0.134433, "USDTB": 0.999376, "FLR": 0.00908323, "GT": 7.34, "JST": 0.090053, "JUP": 0.227209, "PUMP": 0.00194209, "XDC": 0.03431866, "VVV": 14.54, "VET": 0.00748842, "BONK": 7.06e-06, "BDX": 0.079254, "DEXE": 12.89, "HASH": 0.01129783, "OUSG": 115.23, "GHO": 0.999501, "PENGU": 0.00928773, "DASH": 45.53, "TRUMP": 2.43, "USD0": 0.998198}}