{"timestamp": 1779466605, "base": "USD", "data": {"BTC": 76758, "ETH": 2117.06, "USDT": 0.998868, "BNB": 658.14, "XRP": 1.35, "USDC": 0.999774, "SOL": 86.67, "TRX": 0.362492, "FIGR_HELOC": 1.031, "DOGE": 0.105967, "HYPE": 57.4, "USDS": 0.999613, "ZEC": 626.58, "ADA": 0.249023, "LEO": 9.99, "BCH": 380.19, "LINK": 9.8, "XMR": 382.33, "WBT": 56.6, "CC": 0.153831, "TON": 1.96, "XLM": 0.147297, "USD1": 0.999294, "USDE": 0.998952, "SUI": 1.097, "DAI": 0.99956, "LTC": 53.96, "AVAX": 9.42, "HBAR": 0.089264, "M": 2.79, "RAIN": 0.00746993, "PYUSD": 0.999708, "SHIB": 5.82e-06, "CRO": 0.069249, "USYC": 1.12, "NEAR": 2.2, "TAO": 280.22, "XAUT": 4509.34, "USDG": 0.999895, "BUIDL": 1.0, "UNI": 3.6, "DOT": 1.32, "MNT": 0.65737, "ONDO": 0.441043, "USDY": 1.14, "PAXG": 4509.94, "WLFI": 0.059955, "HTX": 2.02e-06, "USDF": 0.997699, "ASTER": 0.684726, "OKB": 83.81, "RLUSD": 1.0, "SKY": 0.070517, "PI": 0.153755, "PEPE": 3.77e-06, "USDD": 0.998923, "ICP": 2.67, "ETC": 9.13, "BGB": 1.98, "AAVE": 87.87, "BFUSD": 0.998699, "MORPHO": 2.0, "QNT": 81.18, "ATOM": 2.14, "USDTB": 0.99908, "KCS": 7.96, "EUTBL": 1.22, "ALGO": 0.117052, "RENDER": 1.99, "U": 0.999014, "WLD": 0.294016, "POL": 0.091667, "BCAP": 105.74, "USTB": 11.09, "ENA": 0.106052, "KAS": 0.03478354, "JTRSY": 1.1, "NEXO": 0.877106, "VVV": 18.29, "APT": 0.979916, "FIL": 1.024, "JST": 0.092738, "GT": 7.04, "FLR": 0.00838502, "JUP": 0.213532, "STABLE": 0.03079555, "ARB": 0.112553, "XDC": 0.03348271, "PUMP": 0.00180512, "DEXE": 13.53, "BDX": 0.080031, "PENGU": 0.00928823, "GHO": 0.998962, "VET": 0.00669054, "DASH": 44.9, "HASH": 0.01050208, "USD0": 0.998358, "OUSG": 115.32, "BONK": 6.21e-06, "NIGHT": 0.03263723}}