{"timestamp": 1777874177, "base": "USD", "data": {"BTC": 79993, "ETH": 2375.9, "USDT": 0.999772, "XRP": 1.41, "BNB": 633.62, "USDC": 0.999796, "SOL": 85.35, "TRX": 0.338919, "FIGR_HELOC": 1.04, "DOGE": 0.112447, "WBT": 59.66, "USDS": 0.999808, "HYPE": 42.11, "LEO": 10.32, "ADA": 0.253201, "BCH": 447.71, "XMR": 396.89, "ZEC": 414.44, "LINK": 9.33, "CC": 0.149088, "XLM": 0.160565, "USD1": 0.999698, "DAI": 0.999616, "LTC": 56.12, "AVAX": 9.31, "M": 3.03, "USDE": 0.999255, "HBAR": 0.089416, "SUI": 0.944147, "SHIB": 6.29e-06, "TON": 1.39, "RAIN": 0.00751056, "PYUSD": 0.999965, "CRO": 0.069026, "USYC": 1.12, "TAO": 288.19, "XAUT": 4590.61, "USDG": 0.999854, "BUIDL": 1.0, "PAXG": 4590.48, "UNI": 3.43, "MNT": 0.641685, "DOT": 1.25, "WLFI": 0.060111, "SKY": 0.081014, "PI": 0.177988, "OKB": 86.51, "USDF": 0.996473, "ASTER": 0.678635, "HTX": 1.91e-06, "PEPE": 4.05e-06, "NEAR": 1.3, "RLUSD": 0.999928, "ONDO": 0.307973, "USDD": 0.999398, "BGB": 2.06, "AAVE": 94.65, "ETC": 8.68, "USDY": 1.13, "ICP": 2.4, "JTRSY": 1.1, "BFUSD": 0.998872, "MORPHO": 1.98, "KCS": 8.54, "POL": 0.097242, "ALGO": 0.115922, "U": 0.999727, "QNT": 70.25, "USTB": 11.07, "EUTBL": 1.23, "ATOM": 1.92, "RENDER": 1.87, "BCAP": 105.75, "KAS": 0.03426289, "ENA": 0.10699, "NEXO": 0.910967, "GT": 7.36, "APT": 1.006, "WLD": 0.242734, "FIL": 0.959454, "STABLE": 0.03291964, "ARB": 0.119214, "JST": 0.083824, "PUMP": 0.00187014, "FLR": 0.00760368, "PENGU": 0.01016886, "VET": 0.0073601, "BDX": 0.079908, "OUSG": 115.1, "SIREN": 0.836508, "JUP": 0.181528, "XDC": 0.03010939, "HASH": 0.01136573, "DASH": 47.13, "CAKE": 1.52, "GHO": 0.999745, "SKYAI": 0.585204, "USDTB": 0.999515, "BONK": 6.37e-06, "USD0": 0.998892}}