{"timestamp": 1783882391, "base": "USD", "data": {"BTC": 64094, "ETH": 1820.56, "USDT": 0.999343, "BNB": 579.3, "USDC": 0.999749, "XRP": 1.099, "SOL": 77.56, "TRX": 0.331332, "FIGR_HELOC": 1.041, "HYPE": 68.09, "DOGE": 0.073585, "USDS": 0.99977, "RAIN": 0.01452081, "ZEC": 544.28, "LEO": 9.57, "WBT": 56.23, "XLM": 0.189527, "XMR": 329.43, "ADA": 0.164315, "LINK": 8.04, "CC": 0.135703, "BCH": 245.69, "DAI": 0.999694, "GRAM": 1.64, "USD1": 0.999076, "USDE": 0.999746, "LTC": 44.6, "USDG": 0.999727, "USYC": 1.13, "SUI": 0.737975, "HBAR": 0.067589, "BUIDL": 1.0, "PYUSD": 0.999727, "AVAX": 6.45, "CRO": 0.055928, "SHIB": 4.28e-06, "XAUT": 4091.51, "NEAR": 1.9, "UNI": 3.67, "DEXE": 47.03, "USDY": 1.14, "TAO": 212.3, "WLFI": 0.057856, "PAXG": 4093.55, "OKB": 80.54, "HTX": 1.86e-06, "ASTER": 0.623967, "M": 1.22, "USDD": 0.999224, "ONDO": 0.324318, "RLUSD": 0.999924, "WLD": 0.423147, "AAVE": 98.19, "SKY": 0.061159, "DOT": 0.842059, "USDF": 0.996569, "MNT": 0.421192, "BFUSD": 0.998749, "MORPHO": 2.0, "ICP": 2.26, "BGB": 1.69, "PEPE": 2.8e-06, "ETC": 6.92, "PI": 0.096792, "U": 0.999902, "EUTBL": 1.21, "BCAP": 106.63, "KCS": 7.02, "QNT": 65.64, "USDGO": 0.999904, "STABLE": 0.03689904, "JTRSY": 1.11, "ADI": 6.91, "POL": 0.080555, "JST": 0.100628, "BEAT": 2.74, "ATOM": 1.58, "RENDER": 1.55, "KAS": 0.02868857, "USTB": 11.14, "EURSAFO": 1.15, "ENA": 0.080742, "ALGO": 0.083942, "NEXO": 0.746349, "USDTB": 1.001, "GT": 6.71, "\u5e01\u5b89\u4eba\u751f": 0.713131, "BDX": 0.086902, "JAAA": 1.041, "JUP": 0.203015, "LIT": 2.63, "FIL": 0.774976, "GHO": 0.998505, "ARB": 0.093688, "PUMP": 0.00145426, "FLR": 0.00652696, "USD0": 0.998767, "XDC": 0.02714151, "YLDS": 0.999762, "USX": 0.999765}}