{"timestamp": 1780394837, "base": "USD", "data": {"BTC": 69401, "ETH": 1972.18, "USDT": 0.998453, "BNB": 676.12, "XRP": 1.26, "USDC": 0.999656, "SOL": 78.97, "TRX": 0.340485, "FIGR_HELOC": 1.042, "HYPE": 70.86, "DOGE": 0.098619, "USDS": 0.999592, "ZEC": 555.35, "LEO": 10.03, "RAIN": 0.01401663, "ADA": 0.222813, "XLM": 0.229406, "XMR": 344.46, "LINK": 8.79, "WBT": 51.13, "CC": 0.153626, "LAB": 18.99, "BCH": 282.36, "TON": 2.01, "USD1": 0.998066, "USDE": 0.998589, "DAI": 0.999601, "M": 3.31, "HBAR": 0.089922, "LTC": 49.25, "AVAX": 8.66, "NEAR": 2.62, "SUI": 0.838652, "SHIB": 5.42e-06, "PYUSD": 0.999551, "USYC": 1.13, "CRO": 0.064667, "XAUT": 4502.66, "USDG": 0.999766, "BUIDL": 1.0, "TAO": 245.88, "USDY": 1.13, "PAXG": 4516.51, "MNT": 0.62696, "DOT": 1.13, "WLFI": 0.059003, "OKB": 86.99, "RLUSD": 0.99991, "UNI": 2.9, "ASTER": 0.681143, "ONDO": 0.351711, "USDF": 0.995287, "HTX": 1.8e-06, "ICP": 2.95, "SKY": 0.067483, "PI": 0.142884, "USDD": 1.001, "BGB": 2.01, "H": 0.767085, "PEPE": 3.32e-06, "WLD": 0.408584, "BFUSD": 0.998309, "MORPHO": 1.98, "ETC": 7.94, "AAVE": 77.31, "RENDER": 2.17, "QNT": 73.16, "USDTB": 0.999193, "ALGO": 0.1174, "KCS": 7.71, "EUTBL": 1.23, "POL": 0.091831, "BCAP": 107.16, "U": 0.999301, "ATOM": 1.86, "USTB": 11.1, "STABLE": 0.03733326, "JTRSY": 1.11, "VVV": 17.66, "DEXE": 17.56, "JST": 0.095446, "NEXO": 0.815095, "KAS": 0.0293333, "ENA": 0.085436, "GT": 6.97, "APT": 0.900226, "FIL": 0.926887, "INJ": 7.27, "JUP": 0.200301, "NIGHT": 0.03926713, "XDC": 0.03271597, "FLR": 0.00744507, "PUMP": 0.00179641, "\u5e01\u5b89\u4eba\u751f": 0.620621, "BDX": 0.079297, "ARB": 0.097207, "FET": 0.268159, "GHO": 0.999177, "USD0": 0.998397, "APXUSD": 0.999568}}