{"timestamp": 1780308739, "base": "USD", "data": {"BTC": 72739, "ETH": 1984.65, "USDT": 0.998708, "BNB": 706.25, "XRP": 1.3, "USDC": 0.999571, "SOL": 80.93, "TRX": 0.351266, "FIGR_HELOC": 1.017, "HYPE": 72.39, "DOGE": 0.099867, "USDS": 0.999789, "LEO": 9.98, "ZEC": 545.41, "RAIN": 0.01416205, "ADA": 0.230982, "XLM": 0.254524, "XMR": 364.02, "LINK": 9.0, "WBT": 53.3, "LAB": 14.81, "CC": 0.153697, "BCH": 288.67, "TON": 1.95, "USD1": 0.998065, "USDE": 0.998526, "DAI": 0.999463, "HBAR": 0.094664, "LTC": 51.21, "M": 2.92, "AVAX": 8.84, "SUI": 0.879332, "SHIB": 5.45e-06, "PYUSD": 0.999895, "NEAR": 2.32, "USYC": 1.13, "CRO": 0.06591, "XAUT": 4481.64, "USDG": 0.999818, "BUIDL": 1.0, "TAO": 250.92, "USDY": 1.14, "MNT": 0.646612, "PAXG": 4492.11, "DOT": 1.17, "OKB": 91.54, "WLFI": 0.059411, "UNI": 2.97, "ASTER": 0.708109, "ONDO": 0.361857, "RLUSD": 0.999847, "HTX": 1.86e-06, "USDF": 0.995006, "SKY": 0.069687, "PI": 0.147102, "ICP": 2.74, "BGB": 2.06, "USDD": 0.999628, "PEPE": 3.35e-06, "H": 0.757013, "BFUSD": 0.998492, "WLD": 0.375239, "MORPHO": 1.98, "ETC": 8.06, "AAVE": 81.19, "ALGO": 0.120095, "RENDER": 2.04, "USDTB": 0.998546, "KCS": 7.82, "QNT": 70.59, "U": 0.999505, "EUTBL": 1.23, "ATOM": 1.94, "POL": 0.092277, "BCAP": 107.16, "USTB": 11.1, "STABLE": 0.03978567, "DEXE": 18.84, "JTRSY": 1.1, "VVV": 18.18, "NEXO": 0.838284, "JST": 0.095938, "KAS": 0.02982145, "ENA": 0.086327, "GT": 7.12, "APT": 0.923453, "FIL": 0.91961, "XDC": 0.0335739, "INJ": 6.61, "\u5e01\u5b89\u4eba\u751f": 0.664001, "FLR": 0.00756009, "NIGHT": 0.03844526, "FET": 0.279457, "ARB": 0.100908, "JUP": 0.190056, "PUMP": 0.00175458, "BDX": 0.078019, "HASH": 0.01119375, "GHO": 0.999468, "USD0": 0.998322}}