{"timestamp": 1779407661, "base": "USD", "data": {"BTC": 77650, "ETH": 2133.93, "USDT": 0.999031, "BNB": 657.71, "XRP": 1.37, "USDC": 0.999749, "SOL": 87.23, "TRX": 0.365006, "FIGR_HELOC": 1.022, "DOGE": 0.105534, "HYPE": 58.67, "WBT": 57.23, "ZEC": 664.65, "USDS": 0.999737, "ADA": 0.250442, "LEO": 9.88, "BCH": 380.66, "XMR": 391.8, "LINK": 9.75, "CC": 0.157448, "TON": 2.06, "XLM": 0.146574, "USD1": 0.999811, "SUI": 1.12, "USDE": 0.998987, "DAI": 0.999842, "LTC": 54.17, "AVAX": 9.45, "HBAR": 0.089815, "M": 2.88, "PYUSD": 0.999725, "RAIN": 0.0075205, "SHIB": 5.83e-06, "CRO": 0.06967, "USYC": 1.12, "TAO": 280.15, "USDG": 0.999883, "XAUT": 4524.06, "BUIDL": 1.0, "NEAR": 1.93, "UNI": 3.6, "MNT": 0.67785, "DOT": 1.29, "USDY": 1.13, "PAXG": 4525.77, "ONDO": 0.415302, "WLFI": 0.062539, "HTX": 2.03e-06, "ASTER": 0.693702, "USDF": 0.997464, "RLUSD": 1.0, "OKB": 80.75, "SKY": 0.070714, "PI": 0.152588, "PEPE": 3.8e-06, "USDD": 0.999575, "ICP": 2.57, "ETC": 8.97, "BGB": 2.0, "AAVE": 88.03, "BFUSD": 0.9988, "MORPHO": 2.0, "USDTB": 0.998826, "KCS": 8.0, "QNT": 73.51, "EUTBL": 1.22, "ATOM": 2.05, "U": 0.99971, "ALGO": 0.11452, "RENDER": 1.93, "POL": 0.09154, "KAS": 0.03526983, "JTRSY": 1.1, "BCAP": 105.74, "ENA": 0.1067, "USTB": 11.09, "WLD": 0.268613, "NEXO": 0.875619, "VVV": 17.95, "APT": 0.973157, "FIL": 1.006, "STABLE": 0.03396255, "JST": 0.091128, "GT": 7.0, "FLR": 0.00842652, "JUP": 0.213611, "ARB": 0.112884, "XDC": 0.03444807, "DEXE": 14.04, "PUMP": 0.00181531, "DASH": 49.23, "BDX": 0.078813, "PENGU": 0.00947302, "HASH": 0.01115723, "GHO": 0.998978, "VET": 0.00669994, "OUSG": 115.32, "USD0": 0.998455, "BONK": 6.24e-06, "EDGE": 1.52}}