{"timestamp": 1777468229, "base": "USD", "data": {"BTC": 77073, "ETH": 2313.38, "USDT": 0.999786, "XRP": 1.38, "BNB": 623.6, "USDC": 0.99979, "SOL": 84.18, "TRX": 0.323491, "FIGR_HELOC": 1.033, "DOGE": 0.107163, "WBT": 54.57, "USDS": 0.999791, "HYPE": 39.97, "LEO": 10.32, "ADA": 0.248904, "BCH": 452.56, "XMR": 383.02, "LINK": 9.27, "CC": 0.149593, "ZEC": 331.63, "XLM": 0.16175, "M": 3.54, "USD1": 0.999883, "DAI": 0.999441, "LTC": 56.99, "AVAX": 9.26, "HBAR": 0.089493, "RAIN": 0.00795052, "USDE": 0.999308, "SHIB": 6.32e-06, "SUI": 0.922795, "PYUSD": 0.999899, "TON": 1.33, "CRO": 0.069002, "USYC": 1.12, "XAUT": 4548.47, "TAO": 256.91, "USDG": 0.999804, "WLFI": 0.071751, "BUIDL": 1.0, "PAXG": 4542.23, "MNT": 0.634544, "DOT": 1.23, "UNI": 3.26, "SKY": 0.08498, "PI": 0.190105, "USDF": 0.996554, "OKB": 83.44, "NEAR": 1.35, "ASTER": 0.673496, "PEPE": 3.95e-06, "HTX": 1.82e-06, "RLUSD": 0.999878, "USDD": 0.999624, "AAVE": 95.69, "BGB": 1.98, "ICP": 2.43, "ETC": 8.47, "USDY": 1.13, "BFUSD": 0.9993, "JTRSY": 1.1, "ONDO": 0.267127, "MORPHO": 2.02, "KCS": 8.53, "GT": 7.28, "U": 0.999589, "QNT": 70.16, "ALGO": 0.11216, "EUTBL": 1.23, "ATOM": 1.95, "POL": 0.091824, "BCAP": 105.75, "USTB": 11.06, "ENA": 0.106662, "RENDER": 1.75, "KAS": 0.03293917, "NEXO": 0.896595, "WLD": 0.252498, "APT": 0.990766, "ARB": 0.128116, "FIL": 0.957796, "STABLE": 0.03339909, "JST": 0.084786, "HASH": 0.01239655, "FLR": 0.00762722, "PUMP": 0.00181353, "JUP": 0.188446, "BDX": 0.080659, "VET": 0.00714994, "PENGU": 0.00972104, "XDC": 0.03012209, "OUSG": 115.07, "USDTB": 1.0, "GHO": 0.999356, "TRUMP": 2.43, "DEXE": 12.09, "NIGHT": 0.03379831, "BONK": 6.35e-06, "USD0": 0.998278, "YLDS": 0.999937}}