{"timestamp": 1780541449, "base": "USD", "data": {"BTC": 63461, "ETH": 1774.44, "USDT": 0.998879, "BNB": 608.07, "USDC": 0.999764, "XRP": 1.18, "SOL": 70.09, "TRX": 0.331448, "FIGR_HELOC": 1.001, "HYPE": 73.1, "DOGE": 0.089526, "USDS": 0.999509, "ZEC": 594.4, "LEO": 9.94, "RAIN": 0.01404372, "ADA": 0.195302, "XLM": 0.212159, "XMR": 355.66, "LINK": 8.11, "CC": 0.152223, "WBT": 46.01, "LAB": 17.18, "BCH": 241.56, "TON": 1.79, "USD1": 0.997597, "USDE": 0.998626, "M": 3.38, "DAI": 0.999591, "HBAR": 0.084383, "NEAR": 2.73, "LTC": 45.66, "AVAX": 7.85, "SUI": 0.79363, "SHIB": 5.04e-06, "PYUSD": 0.999789, "USYC": 1.13, "CRO": 0.061047, "XAUT": 4438.11, "USDG": 1.0, "BUIDL": 1.0, "USDY": 1.14, "TAO": 217.42, "PAXG": 4454.69, "ONDO": 0.402036, "MNT": 0.583785, "WLFI": 0.060325, "DOT": 1.057, "WLD": 0.51674, "RLUSD": 0.999686, "ASTER": 0.670995, "UNI": 2.69, "OKB": 76.56, "ICP": 2.87, "USDF": 0.994895, "HTX": 1.73e-06, "SKY": 0.066796, "USDD": 0.999232, "PI": 0.128737, "BFUSD": 0.998201, "BGB": 1.88, "PEPE": 3e-06, "MORPHO": 1.82, "ETC": 7.52, "AAVE": 71.54, "RENDER": 2.07, "USDTB": 0.999329, "QNT": 69.54, "H": 0.550659, "EUTBL": 1.22, "BCAP": 107.16, "ENA": 0.107092, "POL": 0.090684, "U": 0.999602, "USTB": 11.1, "ALGO": 0.104822, "ATOM": 1.81, "VVV": 19.81, "KCS": 6.68, "JTRSY": 1.11, "STABLE": 0.03717091, "DEXE": 18.15, "KAS": 0.03003039, "NEXO": 0.776652, "GT": 6.65, "FIL": 0.87379, "\u5e01\u5b89\u4eba\u751f": 0.652142, "APT": 0.774556, "INJ": 6.33, "NIGHT": 0.03744312, "JST": 0.072315, "FLR": 0.00708711, "XDC": 0.03051112, "BDX": 0.078464, "JUP": 0.182524, "PUMP": 0.00171143, "GHO": 0.99945, "ARB": 0.090105, "FET": 0.246912, "USD0": 0.998599, "HASH": 0.00954902}}