{"timestamp": 1777844078, "base": "USD", "data": {"BTC": 78908, "ETH": 2331.56, "USDT": 0.999827, "XRP": 1.39, "BNB": 619.51, "USDC": 0.9999, "SOL": 84.34, "TRX": 0.338424, "FIGR_HELOC": 1.04, "DOGE": 0.108514, "WBT": 58.9, "USDS": 0.999856, "HYPE": 41.2, "LEO": 10.32, "ADA": 0.249975, "BCH": 444.21, "XMR": 391.39, "ZEC": 407.61, "LINK": 9.15, "CC": 0.147892, "XLM": 0.158643, "USD1": 0.99989, "DAI": 0.99944, "LTC": 55.47, "AVAX": 9.12, "USDE": 0.999336, "M": 2.99, "HBAR": 0.087986, "SUI": 0.92476, "SHIB": 6.18e-06, "RAIN": 0.0075105, "TON": 1.35, "PYUSD": 0.999965, "CRO": 0.068242, "USYC": 1.12, "TAO": 292.83, "XAUT": 4626.3, "USDG": 0.999927, "BUIDL": 1.0, "PAXG": 4630.89, "MNT": 0.632054, "UNI": 3.25, "DOT": 1.22, "WLFI": 0.059089, "SKY": 0.079848, "PI": 0.175378, "OKB": 85.72, "USDF": 0.996734, "ASTER": 0.669059, "HTX": 1.9e-06, "PEPE": 3.95e-06, "NEAR": 1.28, "RLUSD": 0.999944, "USDD": 1.0, "AAVE": 93.0, "ONDO": 0.289512, "BGB": 2.0, "ETC": 8.49, "USDY": 1.12, "BFUSD": 0.999212, "JTRSY": 1.1, "ICP": 2.34, "MORPHO": 1.93, "KCS": 8.5, "U": 0.999675, "POL": 0.096143, "ALGO": 0.114714, "USTB": 11.07, "QNT": 68.2, "EUTBL": 1.23, "BCAP": 105.75, "RENDER": 1.85, "ATOM": 1.89, "KAS": 0.03374637, "NEXO": 0.903075, "ENA": 0.101446, "GT": 7.37, "APT": 0.99245, "WLD": 0.239909, "STABLE": 0.03298847, "JST": 0.085086, "ARB": 0.118066, "FIL": 0.92752, "PUMP": 0.00181246, "FLR": 0.00753795, "VET": 0.00723011, "PENGU": 0.00985627, "BDX": 0.079972, "OUSG": 115.1, "JUP": 0.178468, "GHO": 0.999716, "XDC": 0.029165, "USDTB": 0.999371, "HASH": 0.01101936, "USD0": 0.998996, "BONK": 6.25e-06, "SIREN": 0.749833, "TRUMP": 2.34, "YLDS": 0.999979, "NIGHT": 0.03074039}}