{"timestamp": 1779198716, "base": "USD", "data": {"BTC": 76797, "ETH": 2117.83, "USDT": 0.999128, "BNB": 639.86, "XRP": 1.37, "USDC": 0.999743, "SOL": 84.71, "TRX": 0.356236, "FIGR_HELOC": 1.036, "DOGE": 0.104192, "WBT": 56.61, "HYPE": 48.23, "USDS": 0.999633, "ZEC": 563.51, "ADA": 0.250074, "LEO": 10.08, "BCH": 381.33, "XMR": 393.53, "LINK": 9.57, "CC": 0.149555, "TON": 2.01, "XLM": 0.145524, "USD1": 0.999876, "M": 3.48, "DAI": 0.999754, "USDE": 0.999501, "SUI": 1.072, "LTC": 54.18, "AVAX": 9.12, "HBAR": 0.089488, "RAIN": 0.00735104, "PYUSD": 0.999807, "SHIB": 5.75e-06, "CRO": 0.069634, "USYC": 1.12, "USDG": 0.999683, "XAUT": 4481.3, "BUIDL": 1.0, "TAO": 260.8, "UNI": 3.49, "USDY": 1.13, "PAXG": 4480.24, "NEAR": 1.62, "DOT": 1.24, "MNT": 0.627831, "WLFI": 0.060572, "ONDO": 0.368644, "HTX": 1.97e-06, "USDF": 0.997737, "OKB": 81.49, "ASTER": 0.653854, "RLUSD": 0.999957, "SKY": 0.069232, "PI": 0.149484, "PEPE": 3.68e-06, "USDD": 0.999517, "BGB": 2.0, "ICP": 2.53, "ETC": 8.88, "AAVE": 88.44, "BFUSD": 0.998899, "MORPHO": 1.76, "QNT": 74.49, "USDTB": 0.998845, "KCS": 7.94, "JTRSY": 1.1, "ATOM": 2.04, "USTB": 11.09, "EUTBL": 1.22, "U": 0.999713, "ALGO": 0.113895, "BCAP": 105.74, "POL": 0.090262, "ENA": 0.104848, "RENDER": 1.81, "KAS": 0.03420535, "NEXO": 0.888079, "WLD": 0.244069, "STABLE": 0.03557629, "JST": 0.091019, "APT": 0.943268, "GT": 7.11, "FIL": 0.953229, "FLR": 0.00836004, "ARB": 0.115805, "VVV": 14.94, "DEXE": 14.03, "JUP": 0.197583, "XDC": 0.03278331, "BDX": 0.078506, "PUMP": 0.00170151, "GHO": 0.999056, "VET": 0.00671959, "USD0": 0.99822, "OUSG": 115.28, "PENGU": 0.00859182, "DASH": 42.44, "HASH": 0.01006151, "KITE": 0.234181, "BONK": 5.96e-06}}