{"timestamp": 1779766267, "base": "USD", "data": {"BTC": 76495, "ETH": 2086.14, "USDT": 0.998974, "BNB": 657.06, "XRP": 1.33, "USDC": 0.999642, "SOL": 83.87, "TRX": 0.374008, "FIGR_HELOC": 1.03, "DOGE": 0.100555, "HYPE": 59.03, "USDS": 0.99942, "ZEC": 619.79, "LEO": 10.0, "ADA": 0.239553, "XMR": 379.15, "BCH": 344.3, "LINK": 9.37, "WBT": 56.27, "CC": 0.164288, "TON": 1.89, "XLM": 0.147573, "USD1": 0.998519, "USDE": 0.999023, "DAI": 0.999735, "SUI": 1.018, "LTC": 52.12, "AVAX": 9.18, "M": 2.97, "RAIN": 0.00803514, "HBAR": 0.086877, "PYUSD": 0.999604, "NEAR": 2.73, "SHIB": 5.5e-06, "CRO": 0.067934, "USYC": 1.13, "USDG": 0.999596, "XAUT": 4523.73, "TAO": 274.47, "BUIDL": 1.0, "USDY": 1.13, "PAXG": 4531.73, "MNT": 0.643369, "DOT": 1.24, "UNI": 3.27, "ONDO": 0.41212, "WLFI": 0.060554, "HTX": 2.03e-06, "OKB": 85.85, "ASTER": 0.683684, "USDF": 0.997182, "RLUSD": 0.999989, "SKY": 0.069672, "PI": 0.146305, "USDD": 0.999004, "PEPE": 3.52e-06, "ICP": 2.61, "BGB": 1.99, "MORPHO": 2.18, "ETC": 8.79, "BFUSD": 0.998601, "AAVE": 85.14, "QNT": 79.24, "RENDER": 2.2, "WLD": 0.327673, "ATOM": 2.14, "USDTB": 0.999107, "KCS": 8.03, "EUTBL": 1.22, "U": 0.998848, "ALGO": 0.110872, "USTB": 11.09, "POL": 0.091871, "BCAP": 105.74, "JTRSY": 1.1, "KAS": 0.03312299, "ENA": 0.097334, "STABLE": 0.03727345, "NEXO": 0.845873, "DEXE": 17.42, "VVV": 17.35, "JST": 0.093633, "APT": 0.952943, "FIL": 0.969003, "GT": 7.07, "FLR": 0.00821268, "ARB": 0.106949, "JUP": 0.198815, "XDC": 0.03190431, "PUMP": 0.00174098, "BDX": 0.078361, "GHO": 0.99882, "VET": 0.00661078, "HASH": 0.01060248, "INJ": 5.55, "USD0": 0.99843, "DASH": 43.53, "OUSG": 115.33, "PENGU": 0.00858033, "NIGHT": 0.03191955}}