{"timestamp": 1784159513, "base": "USD", "data": {"BTC": 64703, "ETH": 1915.37, "USDT": 0.999317, "BNB": 579.7, "USDC": 0.999835, "XRP": 1.11, "SOL": 77.23, "TRX": 0.324364, "FIGR_HELOC": 1.037, "HYPE": 66.75, "DOGE": 0.073952, "USDS": 0.999749, "RAIN": 0.014581, "ZEC": 572.09, "LEO": 9.82, "WBT": 56.74, "XLM": 0.188636, "LINK": 8.52, "XMR": 329.13, "ADA": 0.165027, "CC": 0.137302, "DAI": 0.999887, "BCH": 223.31, "USD1": 0.998841, "GRAM": 1.58, "USDE": 0.99976, "LTC": 45.05, "USDG": 1.002, "SUI": 0.754742, "USYC": 1.13, "HBAR": 0.067882, "AVAX": 6.69, "PYUSD": 0.999742, "NEAR": 2.06, "BUIDL": 1.0, "CRO": 0.055642, "SHIB": 4.23e-06, "XAUT": 4050.03, "UNI": 3.6, "USDY": 1.14, "TAO": 198.96, "WLFI": 0.057397, "PAXG": 4048.53, "ONDO": 0.364032, "DEXE": 37.67, "OKB": 81.52, "ASTER": 0.628319, "M": 1.24, "HTX": 1.8e-06, "RLUSD": 0.999902, "SKY": 0.062889, "AAVE": 95.73, "USDD": 0.99913, "WLD": 0.405128, "DOT": 0.84565, "USDF": 0.995959, "MNT": 0.425319, "MORPHO": 2.02, "BFUSD": 0.998584, "ICP": 2.18, "BGB": 1.68, "PEPE": 2.78e-06, "ETC": 7.08, "U": 0.999611, "EUTBL": 1.21, "USDGO": 0.999666, "BCAP": 106.19, "KCS": 6.94, "QNT": 65.15, "STABLE": 0.03705787, "POL": 0.082941, "ADI": 6.99, "JTRSY": 1.11, "PI": 0.078758, "EURSAFO": 1.16, "JST": 0.09852, "BEAT": 2.63, "ATOM": 1.55, "ENA": 0.083418, "KAS": 0.028897, "RENDER": 1.52, "USTB": 11.15, "ALGO": 0.084973, "NEXO": 0.761312, "\u5e01\u5b89\u4eba\u751f": 0.727482, "GT": 6.72, "JUP": 0.206701, "JAAA": 1.041, "PUMP": 0.00168565, "BDX": 0.082761, "FIL": 0.788639, "LIT": 2.41, "GHO": 0.998593, "FLR": 0.00660629, "ARB": 0.088159, "USD0": 0.998632, "XDC": 0.02742416, "YLDS": 0.999863, "APT": 0.622863, "USX": 0.999886}}