{"timestamp": 1782000579, "base": "USD", "data": {"BTC": 64200, "ETH": 1736.87, "USDT": 0.998887, "BNB": 587.66, "USDC": 0.999848, "XRP": 1.15, "SOL": 73.13, "TRX": 0.326398, "FIGR_HELOC": 1.034, "HYPE": 70.62, "DOGE": 0.083619, "USDS": 0.999661, "RAIN": 0.01443925, "LEO": 9.58, "ZEC": 470.01, "XLM": 0.215635, "WBT": 52.72, "ADA": 0.163054, "XMR": 320.16, "LINK": 7.98, "CC": 0.152611, "USD1": 1.0, "USDE": 0.998898, "GRAM": 1.63, "DAI": 0.999743, "LAB": 13.5, "BCH": 199.85, "M": 2.85, "HBAR": 0.080569, "LTC": 44.45, "USYC": 1.13, "SUI": 0.712822, "NEAR": 2.19, "USDG": 0.999726, "SHIB": 4.74e-06, "PYUSD": 0.999821, "CRO": 0.058875, "AVAX": 6.23, "XAUT": 4140.77, "BUIDL": 1.0, "TAO": 231.03, "USDY": 1.14, "WLD": 0.606265, "PAXG": 4149.45, "UNI": 3.0, "WLFI": 0.057933, "MNT": 0.535739, "ASTER": 0.64648, "ONDO": 0.341852, "DOT": 0.96897, "RLUSD": 0.999921, "OKB": 75.2, "HTX": 1.72e-06, "USDF": 0.994189, "PI": 0.134508, "USDD": 0.999122, "SKY": 0.057997, "BFUSD": 0.999008, "ICP": 2.3, "BGB": 1.77, "PEPE": 2.83e-06, "MORPHO": 1.82, "ETC": 7.45, "AAVE": 75.91, "QNT": 70.21, "U": 0.9999, "USTB": 11.12, "BCAP": 107.07, "KCS": 7.22, "EUTBL": 1.21, "ATOM": 1.8, "USDTB": 0.999641, "RENDER": 1.69, "JTRSY": 1.11, "POL": 0.079456, "ALGO": 0.09368, "ENA": 0.089073, "KAS": 0.02975956, "STABLE": 0.03427637, "NEXO": 0.7962, "JAAA": 1.039, "DEXE": 15.43, "\u5e01\u5b89\u4eba\u751f": 0.716666, "JST": 0.083499, "GT": 6.7, "JUP": 0.210087, "VVV": 14.55, "FLR": 0.00740017, "BDX": 0.081236, "FIL": 0.786063, "GHO": 0.998175, "XDC": 0.02963915, "YLDS": 0.999694, "EURSAFO": 1.15, "USD0": 0.999218, "HASH": 0.00996808, "ARB": 0.084405, "APT": 0.644994, "NIGHT": 0.03207478, "AERO": 0.551938}}