{"timestamp": 1784813230, "base": "USD", "data": {"BTC": 65027, "ETH": 1899.9, "USDT": 0.999461, "BNB": 568.4, "USDC": 0.999741, "XRP": 1.11, "SOL": 76.75, "TRX": 0.326323, "FIGR_HELOC": 1.003, "WBT": 56.75, "HYPE": 59.57, "DOGE": 0.070872, "USDS": 0.999862, "RAIN": 0.01419885, "LEO": 9.72, "ZEC": 512.21, "XMR": 350.13, "ADA": 0.171787, "LINK": 8.51, "XLM": 0.182498, "CC": 0.119772, "DAI": 1.0, "BCH": 214.88, "USD1": 0.999131, "GRAM": 1.5, "USDE": 0.999739, "LTC": 46.78, "USDG": 1.0, "HBAR": 0.072002, "SUI": 0.757843, "USYC": 1.13, "AVAX": 6.45, "PYUSD": 0.999723, "CRO": 0.057907, "BUIDL": 1.0, "XAUT": 4050.25, "SHIB": 4.17e-06, "NEAR": 1.88, "UNI": 3.77, "USDY": 1.14, "ONDO": 0.399409, "WLFI": 0.059655, "TAO": 194.67, "PAXG": 4048.38, "OKB": 83.17, "ASTER": 0.627547, "HTX": 1.84e-06, "RLUSD": 1.0, "M": 1.17, "USDD": 0.999445, "AAVE": 95.77, "USDF": 0.996821, "SKY": 0.060748, "DOT": 0.81528, "MNT": 0.409581, "WLD": 0.37717, "BFUSD": 0.998564, "MORPHO": 1.94, "ICP": 2.17, "PEPE": 2.8e-06, "BGB": 1.67, "ETC": 6.94, "USDGO": 0.999937, "U": 0.999765, "PI": 0.089882, "STABLE": 0.03971781, "BCAP": 106.2, "QNT": 62.96, "KCS": 6.62, "JTRSY": 1.11, "BEAT": 2.79, "ENA": 0.089565, "POL": 0.07797, "JST": 0.101037, "USTB": 11.15, "KAS": 0.02826091, "RENDER": 1.5, "PUMP": 0.00193675, "ATOM": 1.44, "NEXO": 0.740217, "ALGO": 0.082213, "GT": 6.64, "JAAA": 1.042, "\u5e01\u5b89\u4eba\u751f": 0.658672, "BDX": 0.083456, "GHO": 0.998761, "JUP": 0.191031, "FIL": 0.734045, "VVV": 12.3, "ARB": 0.086967, "YLDS": 0.999639, "FLR": 0.00650431, "XDC": 0.02799883, "LIT": 2.22, "USD0": 0.999491, "EUTBL": 1.23, "USX": 0.999526, "APT": 0.614573, "INJ": 5.15, "TUSD": 0.996705}}