{"timestamp": 1784072588, "base": "USD", "data": {"BTC": 64952, "ETH": 1886.5, "USDT": 0.999354, "BNB": 581.44, "USDC": 0.999908, "XRP": 1.11, "SOL": 77.67, "TRX": 0.325821, "FIGR_HELOC": 1.036, "HYPE": 65.47, "DOGE": 0.074303, "USDS": 0.999798, "RAIN": 0.01485222, "ZEC": 558.01, "LEO": 9.69, "WBT": 56.73, "XLM": 0.184616, "LINK": 8.32, "XMR": 331.26, "ADA": 0.164519, "CC": 0.138061, "BCH": 236.38, "DAI": 0.999754, "GRAM": 1.61, "USD1": 0.998784, "USDE": 0.999883, "LTC": 45.38, "USDG": 1.0, "SUI": 0.760423, "USYC": 1.13, "HBAR": 0.06725, "BUIDL": 1.0, "AVAX": 6.65, "PYUSD": 0.999875, "NEAR": 2.0, "CRO": 0.055724, "SHIB": 4.22e-06, "XAUT": 4047.75, "UNI": 3.66, "USDY": 1.13, "DEXE": 41.86, "TAO": 200.07, "WLFI": 0.057404, "PAXG": 4046.7, "OKB": 81.19, "ASTER": 0.629582, "HTX": 1.82e-06, "M": 1.23, "USDD": 1.0, "ONDO": 0.3144, "RLUSD": 1.0, "AAVE": 98.66, "WLD": 0.414625, "DOT": 0.850697, "SKY": 0.060995, "USDF": 0.995683, "MNT": 0.422012, "MORPHO": 2.06, "BFUSD": 0.998781, "ICP": 2.22, "BGB": 1.7, "PEPE": 2.81e-06, "ETC": 7.09, "U": 0.999806, "EUTBL": 1.21, "BCAP": 106.19, "KCS": 7.03, "QNT": 65.74, "USDGO": 1.0, "STABLE": 0.03751144, "POL": 0.084548, "ADI": 7.01, "PI": 0.079339, "JTRSY": 1.11, "JST": 0.100108, "EURSAFO": 1.15, "ATOM": 1.56, "ENA": 0.084083, "RENDER": 1.52, "KAS": 0.02866353, "USTB": 11.14, "BEAT": 2.5, "NEXO": 0.760034, "ALGO": 0.084459, "\u5e01\u5b89\u4eba\u751f": 0.754647, "USDTB": 1.0, "GT": 6.75, "JUP": 0.211293, "JAAA": 1.041, "BDX": 0.084353, "LIT": 2.59, "FIL": 0.783701, "PUMP": 0.00151301, "GHO": 0.99822, "ARB": 0.091503, "FLR": 0.00661907, "USD0": 0.998658, "XDC": 0.02722638, "YLDS": 0.999902, "VVV": 11.09}}