{"timestamp": 1780529238, "base": "USD", "data": {"BTC": 64320, "ETH": 1815.66, "USDT": 0.998631, "BNB": 620.47, "USDC": 0.999575, "XRP": 1.2, "SOL": 71.64, "TRX": 0.33299, "FIGR_HELOC": 1.002, "HYPE": 74.43, "DOGE": 0.091207, "USDS": 0.999563, "ZEC": 629.73, "LEO": 9.97, "RAIN": 0.01423386, "ADA": 0.200437, "XLM": 0.209613, "XMR": 356.94, "LINK": 8.32, "CC": 0.15362, "WBT": 47.25, "LAB": 16.14, "TON": 1.9, "BCH": 240.05, "USD1": 0.998634, "USDE": 0.998562, "M": 3.37, "DAI": 0.999751, "HBAR": 0.085395, "LTC": 47.18, "NEAR": 2.81, "AVAX": 8.05, "SUI": 0.826992, "SHIB": 5.19e-06, "PYUSD": 0.999709, "USYC": 1.13, "CRO": 0.061762, "XAUT": 4420.69, "USDG": 0.999729, "BUIDL": 1.0, "TAO": 225.32, "USDY": 1.13, "PAXG": 4438.54, "ONDO": 0.416915, "WLFI": 0.062388, "MNT": 0.596062, "DOT": 1.1, "WLD": 0.529074, "ASTER": 0.685581, "RLUSD": 0.999839, "UNI": 2.8, "ICP": 3.09, "OKB": 78.87, "HTX": 1.76e-06, "USDF": 0.994518, "SKY": 0.06779, "PI": 0.138083, "USDD": 0.998757, "BGB": 1.89, "BFUSD": 0.998101, "PEPE": 3.12e-06, "ETC": 7.72, "MORPHO": 1.87, "AAVE": 74.43, "RENDER": 2.16, "H": 0.58797, "QNT": 71.76, "USDTB": 0.999288, "ENA": 0.111711, "EUTBL": 1.22, "POL": 0.093511, "BCAP": 107.16, "KCS": 7.24, "VVV": 20.48, "ATOM": 1.85, "ALGO": 0.106399, "U": 0.999602, "USTB": 11.1, "STABLE": 0.03841221, "KAS": 0.03207878, "JTRSY": 1.11, "DEXE": 17.64, "NEXO": 0.793997, "FIL": 0.928287, "GT": 6.73, "JUP": 0.200862, "APT": 0.810845, "INJ": 6.54, "JST": 0.075241, "\u5e01\u5b89\u4eba\u751f": 0.638422, "NIGHT": 0.03809682, "FLR": 0.00719367, "PUMP": 0.00176329, "XDC": 0.03090371, "BDX": 0.078449, "GHO": 0.999104, "ARB": 0.093083, "FET": 0.255944, "USD0": 0.998473, "A7A5": 0.01332316}}