{"timestamp": 1776855118, "base": "USD", "data": {"BTC": 78126, "ETH": 2390.56, "USDT": 1.0, "XRP": 1.45, "BNB": 643.03, "USDC": 0.999793, "SOL": 88.33, "TRX": 0.333527, "FIGR_HELOC": 1.034, "DOGE": 0.098212, "WBT": 56.17, "USDS": 0.999453, "HYPE": 40.93, "LEO": 10.37, "ADA": 0.255929, "BCH": 471.03, "XMR": 379.45, "LINK": 9.52, "XLM": 0.17974, "CC": 0.152867, "M": 4.31, "ZEC": 317.57, "USDE": 0.999156, "DAI": 0.999688, "LTC": 56.18, "USD1": 0.999753, "AVAX": 9.59, "HBAR": 0.091119, "SUI": 0.972244, "RAIN": 0.00778527, "SHIB": 6.26e-06, "PYUSD": 0.999858, "TON": 1.38, "CRO": 0.07078, "USYC": 1.12, "XAUT": 4743.01, "WLFI": 0.079874, "BUIDL": 1.0, "TAO": 246.92, "USDG": 0.999821, "PAXG": 4745.28, "DOT": 1.31, "UNI": 3.39, "MNT": 0.639667, "SKY": 0.08456, "NEAR": 1.42, "USDF": 0.997515, "OKB": 84.59, "PI": 0.16935, "ASTER": 0.688906, "HTX": 1.84e-06, "PEPE": 3.93e-06, "JTRSY": 1.1, "RLUSD": 1.0, "AAVE": 93.57, "ICP": 2.55, "BGB": 1.95, "ETC": 8.72, "USDD": 1.0, "USDY": 1.13, "BFUSD": 0.999803, "ONDO": 0.269252, "KCS": 8.68, "GT": 7.38, "PUMP": 0.00192196, "MORPHO": 1.98, "QNT": 74.88, "U": 0.9995, "EUTBL": 1.23, "POL": 0.094464, "ENA": 0.111027, "RENDER": 1.86, "ATOM": 1.9, "KAS": 0.0346499, "ALGO": 0.10586, "NEXO": 0.915877, "WLD": 0.26819, "USDTB": 0.999514, "USTB": 11.06, "APT": 0.993704, "ARB": 0.128317, "BCAP": 82.76, "FIL": 0.951881, "JST": 0.082307, "TRUMP": 3.01, "FLR": 0.00809534, "HASH": 0.0111618, "JUP": 0.179475, "VET": 0.00729256, "BDX": 0.080014, "XDC": 0.03096109, "NIGHT": 0.03714923, "OUSG": 115.0, "YLDS": 0.999755, "GHO": 0.998922, "BONK": 6.5e-06, "STABLE": 0.02586771, "DEXE": 11.99, "USD0": 0.998243, "PENGU": 0.00881569}}