{"timestamp": 1784186259, "base": "USD", "data": {"BTC": 64587, "ETH": 1918.91, "USDT": 0.99918, "BNB": 581.91, "USDC": 0.999867, "XRP": 1.11, "SOL": 77.21, "TRX": 0.32442, "FIGR_HELOC": 1.037, "HYPE": 66.75, "DOGE": 0.074033, "USDS": 0.999727, "RAIN": 0.0145191, "ZEC": 567.36, "LEO": 9.84, "WBT": 56.7, "XLM": 0.188571, "LINK": 8.53, "XMR": 333.79, "ADA": 0.163865, "CC": 0.133347, "DAI": 0.999691, "BCH": 223.45, "USD1": 0.998716, "GRAM": 1.57, "USDE": 0.999691, "LTC": 45.08, "USDG": 0.999731, "SUI": 0.753167, "USYC": 1.13, "HBAR": 0.067329, "AVAX": 6.67, "PYUSD": 0.99962, "NEAR": 2.05, "BUIDL": 1.0, "CRO": 0.05568, "SHIB": 4.21e-06, "XAUT": 4023.11, "UNI": 3.7, "USDY": 1.14, "TAO": 200.35, "WLFI": 0.057943, "ONDO": 0.374881, "PAXG": 4019.9, "OKB": 82.11, "DEXE": 36.19, "ASTER": 0.629932, "M": 1.24, "HTX": 1.8e-06, "RLUSD": 1.0, "SKY": 0.063189, "AAVE": 95.49, "USDD": 0.999135, "DOT": 0.839172, "USDF": 0.995358, "MNT": 0.428432, "WLD": 0.397669, "MORPHO": 2.12, "BFUSD": 0.998375, "ICP": 2.17, "BGB": 1.67, "PEPE": 2.76e-06, "ETC": 7.06, "U": 1.001, "EUTBL": 1.21, "USDGO": 0.999998, "BCAP": 106.19, "QNT": 65.19, "KCS": 6.91, "STABLE": 0.0368017, "POL": 0.082989, "ADI": 6.97, "JTRSY": 1.11, "EURSAFO": 1.16, "JST": 0.098123, "PI": 0.075688, "ENA": 0.084701, "ATOM": 1.55, "KAS": 0.02893623, "RENDER": 1.52, "USTB": 11.15, "BEAT": 2.47, "NEXO": 0.75334, "ALGO": 0.083657, "\u5e01\u5b89\u4eba\u751f": 0.729511, "GT": 6.75, "JAAA": 1.041, "JUP": 0.205398, "BDX": 0.086302, "PUMP": 0.00160599, "FIL": 0.782391, "LIT": 2.41, "GHO": 0.998438, "FLR": 0.00660262, "ARB": 0.087096, "USD0": 0.998564, "YLDS": 0.999871, "XDC": 0.02741132, "USX": 0.999681, "APT": 0.614838}}