{"timestamp": 1776642969, "base": "USD", "data": {"BTC": 73944, "ETH": 2267.39, "USDT": 1.0, "XRP": 1.39, "BNB": 616.73, "USDC": 0.999869, "SOL": 83.62, "TRX": 0.329163, "FIGR_HELOC": 1.035, "DOGE": 0.093023, "WBT": 53.66, "USDS": 0.999793, "HYPE": 40.65, "LEO": 10.15, "ADA": 0.242493, "BCH": 435.44, "LINK": 9.07, "XMR": 347.8, "M": 3.45, "CC": 0.147387, "USDE": 0.99959, "XLM": 0.166692, "ZEC": 301.84, "DAI": 0.99953, "USD1": 1.0, "PYUSD": 0.99977, "LTC": 54.08, "AVAX": 9.01, "HBAR": 0.087404, "SUI": 0.922884, "RAIN": 0.0075568, "SHIB": 5.9e-06, "TON": 1.29, "CRO": 0.068789, "USYC": 1.12, "XAUT": 4730.92, "BUIDL": 1.0, "WLFI": 0.077351, "PAXG": 4736.06, "TAO": 239.56, "USDG": 0.999679, "DOT": 1.24, "UNI": 3.23, "MNT": 0.621649, "USDF": 0.997989, "SKY": 0.075551, "PI": 0.17098, "OKB": 82.54, "NEAR": 1.33, "ASTER": 0.668742, "HTX": 1.8e-06, "PEPE": 3.65e-06, "JTRSY": 1.1, "RLUSD": 0.999829, "USDD": 1.0, "AAVE": 90.26, "ICP": 2.41, "USDY": 1.13, "BFUSD": 0.9999, "BGB": 1.88, "ETC": 8.24, "ONDO": 0.250471, "GT": 7.12, "KCS": 8.4, "QNT": 72.91, "MORPHO": 1.91, "PUMP": 0.00177322, "EUTBL": 1.23, "ENA": 0.11231, "U": 0.999108, "KAS": 0.03415339, "POL": 0.087673, "ALGO": 0.101726, "RENDER": 1.73, "ATOM": 1.76, "NEXO": 0.878115, "USDTB": 1.0, "USTB": 11.05, "WLD": 0.258505, "BCAP": 82.76, "APT": 0.911357, "ARB": 0.121488, "DEXE": 15.4, "FIL": 0.906164, "FLR": 0.00793205, "TRUMP": 2.79, "HASH": 0.01119519, "JST": 0.07261, "BDX": 0.079365, "NIGHT": 0.03642769, "OUSG": 114.95, "JUP": 0.168936, "VET": 0.00694478, "YLDS": 0.999972, "GHO": 0.998984, "XDC": 0.02915126, "STABLE": 0.02563525, "USD0": 0.998186, "BONK": 5.91e-06, "CAKE": 1.51}}