{"timestamp": 1778133225, "base": "USD", "data": {"BTC": 81025, "ETH": 2330.34, "USDT": 0.99984, "XRP": 1.41, "BNB": 646.44, "USDC": 0.999745, "SOL": 88.54, "TRX": 0.344761, "FIGR_HELOC": 1.02, "DOGE": 0.110891, "WBT": 59.25, "USDS": 0.999782, "HYPE": 42.85, "ADA": 0.266407, "LEO": 10.34, "BCH": 461.47, "ZEC": 543.84, "XMR": 411.15, "TON": 2.83, "LINK": 9.99, "CC": 0.14778, "XLM": 0.161002, "M": 3.87, "USD1": 0.999354, "DAI": 0.999557, "LTC": 56.71, "AVAX": 9.58, "USDE": 0.999242, "SUI": 0.984108, "HBAR": 0.090735, "SHIB": 6.33e-06, "PYUSD": 0.999888, "RAIN": 0.00713579, "CRO": 0.070484, "USYC": 1.12, "TAO": 310.34, "XAUT": 4690.95, "USDG": 0.99982, "BUIDL": 1.0, "PAXG": 4691.61, "DOT": 1.32, "UNI": 3.45, "MNT": 0.660776, "WLFI": 0.068086, "NEAR": 1.5, "PI": 0.179693, "SKY": 0.079719, "OKB": 86.58, "USDF": 0.998279, "HTX": 1.96e-06, "PEPE": 4.16e-06, "ASTER": 0.673029, "ICP": 2.97, "ONDO": 0.331632, "RLUSD": 0.999804, "BGB": 2.14, "USDD": 0.999746, "ETC": 9.29, "AAVE": 93.1, "MORPHO": 2.17, "USDY": 1.13, "BFUSD": 0.9991, "JTRSY": 1.1, "KCS": 8.41, "ALGO": 0.12498, "ENA": 0.118602, "POL": 0.099341, "USTB": 11.07, "U": 0.999413, "QNT": 70.13, "RENDER": 1.94, "KAS": 0.0367583, "EUTBL": 1.24, "ATOM": 1.91, "BCAP": 105.77, "NEXO": 0.8993, "FIL": 1.09, "WLD": 0.254286, "GT": 7.38, "APT": 1.025, "ARB": 0.127088, "STABLE": 0.03325925, "JST": 0.085864, "PUMP": 0.00203462, "SKYAI": 0.682811, "FLR": 0.00781075, "VET": 0.00767987, "DASH": 51.87, "JUP": 0.197968, "PENGU": 0.01043931, "USDTB": 0.999925, "BDX": 0.079616, "OUSG": 115.16, "BONK": 6.85e-06, "HASH": 0.01138654, "XDC": 0.02957377, "VIRTUAL": 0.898496, "SIREN": 0.805861, "GHO": 0.99959, "VVV": 12.38}}