{"timestamp": 1782541412, "base": "USD", "data": {"BTC": 60109, "ETH": 1576.19, "USDT": 0.998586, "BNB": 564.15, "USDC": 0.999761, "XRP": 1.054, "SOL": 71.67, "TRX": 0.320319, "FIGR_HELOC": 1.028, "HYPE": 63.36, "DOGE": 0.075462, "RAIN": 0.01566422, "USDS": 0.999469, "LEO": 9.4, "ZEC": 408.12, "LAB": 20.19, "XMR": 316.47, "XLM": 0.174137, "CC": 0.1513, "WBT": 48.48, "LINK": 7.35, "ADA": 0.147213, "USD1": 0.999008, "DAI": 0.99963, "USDE": 0.998002, "GRAM": 1.56, "BCH": 196.71, "LTC": 42.15, "HBAR": 0.072151, "USYC": 1.13, "USDG": 0.999949, "SUI": 0.710716, "AVAX": 6.55, "PYUSD": 0.999699, "CRO": 0.054993, "SHIB": 4.26e-06, "XAUT": 4066.97, "NEAR": 1.8, "BUIDL": 1.0, "USDY": 1.13, "TAO": 212.72, "WLFI": 0.05799, "PAXG": 4072.64, "UNI": 2.93, "ASTER": 0.629569, "OKB": 77.49, "WLD": 0.464544, "RLUSD": 0.999796, "ONDO": 0.317925, "HTX": 1.67e-06, "MNT": 0.435499, "DOT": 0.845552, "AAVE": 93.37, "USDF": 0.992944, "USDD": 0.997817, "PI": 0.127342, "BFUSD": 0.998291, "ICP": 2.18, "BGB": 1.65, "MORPHO": 1.77, "ETC": 7.27, "SKY": 0.04882699, "PEPE": 2.42e-06, "U": 0.999704, "BCAP": 107.03, "DEXE": 20.71, "QNT": 66.09, "EUTBL": 1.2, "KCS": 6.8, "M": 0.693025, "STABLE": 0.0376116, "JTRSY": 1.11, "USDGO": 0.999851, "RENDER": 1.61, "ATOM": 1.59, "USTB": 11.13, "KAS": 0.0279297, "POL": 0.071665, "ALGO": 0.085182, "JUP": 0.223384, "USDTB": 0.999586, "ENA": 0.07875, "\u5e01\u5b89\u4eba\u751f": 0.731637, "NEXO": 0.726477, "JST": 0.08379, "GT": 6.54, "JAAA": 1.039, "BEAT": 2.36, "BDX": 0.082131, "VVV": 13.4, "EURSAFO": 1.15, "ADI": 4.78, "GHO": 0.997768, "FLR": 0.0067852, "FIL": 0.741593, "XDC": 0.02817698, "YLDS": 0.999773, "USD0": 0.998852, "HASH": 0.00995615, "PUMP": 0.00130251}}