{"timestamp": 1780377890, "base": "USD", "data": {"BTC": 70635, "ETH": 1996.16, "USDT": 0.998361, "BNB": 686.48, "XRP": 1.27, "USDC": 0.999485, "SOL": 80.28, "TRX": 0.342049, "FIGR_HELOC": 1.042, "HYPE": 73.8, "DOGE": 0.100042, "USDS": 0.999531, "ZEC": 560.26, "LEO": 10.02, "ADA": 0.225695, "RAIN": 0.01337513, "XLM": 0.230623, "XMR": 348.09, "LINK": 8.94, "WBT": 52.06, "CC": 0.154309, "LAB": 18.74, "BCH": 289.17, "TON": 2.07, "USD1": 0.997915, "USDE": 0.998609, "DAI": 0.999474, "M": 3.32, "HBAR": 0.091545, "LTC": 49.46, "AVAX": 8.8, "SUI": 0.864659, "NEAR": 2.6, "SHIB": 5.48e-06, "PYUSD": 0.99986, "USYC": 1.13, "CRO": 0.064708, "XAUT": 4492.85, "USDG": 0.999846, "TAO": 253.51, "BUIDL": 1.0, "USDY": 1.12, "PAXG": 4506.69, "MNT": 0.632763, "DOT": 1.14, "WLFI": 0.059755, "OKB": 88.51, "UNI": 2.95, "RLUSD": 0.999647, "ASTER": 0.698078, "ONDO": 0.360344, "USDF": 0.995473, "HTX": 1.82e-06, "ICP": 2.92, "WLD": 0.477529, "SKY": 0.067489, "PI": 0.143366, "H": 0.78797, "USDD": 1.0, "BGB": 2.03, "PEPE": 3.37e-06, "BFUSD": 0.997519, "MORPHO": 2.06, "ETC": 8.04, "AAVE": 79.31, "RENDER": 2.2, "ALGO": 0.120766, "USDTB": 0.999156, "KCS": 7.83, "QNT": 71.42, "EUTBL": 1.23, "POL": 0.092658, "BCAP": 107.16, "U": 0.99931, "ATOM": 1.88, "USTB": 11.1, "STABLE": 0.03834163, "JTRSY": 1.11, "VVV": 18.07, "DEXE": 17.92, "NEXO": 0.830796, "JST": 0.095605, "KAS": 0.0297921, "ENA": 0.087404, "APT": 0.924986, "GT": 7.0, "FIL": 0.946326, "INJ": 6.99, "JUP": 0.201103, "XDC": 0.03290568, "PUMP": 0.00184162, "FLR": 0.00746033, "NIGHT": 0.03883174, "\u5e01\u5b89\u4eba\u751f": 0.636227, "FET": 0.281192, "ARB": 0.100421, "BDX": 0.078528, "GHO": 0.999234, "USD0": 0.998412, "HASH": 0.0099219}}