{"timestamp": 1781451816, "base": "USD", "data": {"BTC": 64009, "ETH": 1661.8, "USDT": 0.999435, "BNB": 606.96, "USDC": 0.9998, "XRP": 1.13, "SOL": 67.43, "TRX": 0.317725, "FIGR_HELOC": 1.018, "HYPE": 60.48, "DOGE": 0.086038, "USDS": 0.999659, "LEO": 9.73, "RAIN": 0.01302721, "ZEC": 422.85, "XMR": 340.94, "ADA": 0.16691, "CC": 0.158642, "WBT": 52.06, "XLM": 0.181782, "LINK": 7.83, "TON": 1.73, "USDE": 0.99948, "USD1": 1.0, "DAI": 0.999767, "BCH": 201.23, "M": 2.98, "LTC": 44.01, "HBAR": 0.077555, "LAB": 9.87, "SUI": 0.748341, "USYC": 1.13, "SHIB": 4.89e-06, "AVAX": 6.53, "PYUSD": 0.999964, "CRO": 0.060699, "NEAR": 2.08, "USDG": 1.0, "XAUT": 4214.31, "TAO": 260.89, "BUIDL": 1.0, "USDY": 1.14, "PAXG": 4223.58, "WLFI": 0.05793, "MNT": 0.551811, "WLD": 0.499437, "ONDO": 0.347579, "ASTER": 0.622068, "RLUSD": 0.99981, "DOT": 0.956966, "BEAT": 5.57, "UNI": 2.49, "OKB": 73.59, "HTX": 1.68e-06, "USDF": 0.995933, "PI": 0.130856, "USDD": 0.999378, "ICP": 2.43, "SKY": 0.056826, "BFUSD": 0.9991, "BGB": 1.79, "MORPHO": 1.92, "PEPE": 2.78e-06, "ETC": 7.01, "ATOM": 1.97, "U": 0.999905, "AAVE": 65.54, "BCAP": 106.96, "QNT": 67.0, "EUTBL": 1.22, "USTB": 11.11, "KCS": 6.91, "USDTB": 1.0, "RENDER": 1.73, "JTRSY": 1.11, "KAS": 0.03139556, "STABLE": 0.03589955, "DEXE": 17.86, "ALGO": 0.090143, "POL": 0.0751, "NEXO": 0.790782, "VVV": 16.18, "ENA": 0.081053, "GT": 6.66, "JAAA": 1.038, "\u5e01\u5b89\u4eba\u751f": 0.672998, "FLR": 0.00781904, "JST": 0.076438, "BDX": 0.080078, "FIL": 0.758878, "GHO": 0.998972, "XDC": 0.02980811, "YLDS": 0.999815, "JUP": 0.167713, "USD0": 0.998578, "H": 0.297994, "HASH": 0.01006551, "APT": 0.649854, "PUMP": 0.00151417, "A7A5": 0.01329569}}