{"timestamp": 1778392596, "base": "USD", "data": {"BTC": 80678, "ETH": 2326.38, "USDT": 0.999814, "XRP": 1.42, "BNB": 648.31, "USDC": 0.999842, "SOL": 93.32, "TRX": 0.349179, "FIGR_HELOC": 1.029, "DOGE": 0.108501, "WBT": 59.54, "USDS": 0.999767, "HYPE": 42.9, "ZEC": 607.46, "ADA": 0.269899, "LEO": 10.33, "BCH": 451.81, "LINK": 10.37, "XMR": 404.37, "TON": 2.5, "CC": 0.155566, "XLM": 0.161629, "LTC": 58.04, "DAI": 0.999657, "USD1": 0.999185, "M": 3.38, "SUI": 1.075, "AVAX": 9.93, "HBAR": 0.093367, "USDE": 0.999587, "SHIB": 6.42e-06, "RAIN": 0.00744204, "PYUSD": 0.999759, "CRO": 0.071332, "USYC": 1.12, "TAO": 309.28, "XAUT": 4710.55, "USDG": 0.999854, "UNI": 3.95, "BUIDL": 1.0, "MNT": 0.684046, "DOT": 1.34, "PAXG": 4713.17, "WLFI": 0.068007, "NEAR": 1.55, "ONDO": 0.411208, "ICP": 3.45, "OKB": 87.99, "SKY": 0.079384, "PI": 0.173354, "ASTER": 0.698485, "HTX": 1.97e-06, "USDF": 0.998462, "PEPE": 4.24e-06, "RLUSD": 1.0, "ETC": 9.67, "BGB": 2.13, "USDD": 1.0, "AAVE": 96.4, "MORPHO": 2.13, "USDY": 1.13, "BFUSD": 0.9993, "JTRSY": 1.1, "ENA": 0.128396, "ALGO": 0.127863, "KCS": 8.43, "POL": 0.102139, "QNT": 72.62, "RENDER": 2.0, "U": 1.0, "KAS": 0.03668786, "EUTBL": 1.24, "USTB": 11.08, "ATOM": 1.93, "BCAP": 105.77, "FIL": 1.19, "NEXO": 0.911995, "WLD": 0.267609, "APT": 1.1, "SIREN": 1.22, "ARB": 0.140002, "GT": 7.51, "JUP": 0.247376, "STABLE": 0.03427683, "PUMP": 0.00215394, "FLR": 0.00838846, "JST": 0.084035, "VVV": 15.16, "VET": 0.00773908, "PENGU": 0.01055105, "BONK": 7.21e-06, "USDTB": 0.999362, "DASH": 48.98, "BDX": 0.079635, "OUSG": 115.18, "XDC": 0.03021796, "VIRTUAL": 0.893481, "GHO": 0.999676, "TRUMP": 2.46, "HASH": 0.01069803}}