{"timestamp": 1780627078, "base": "USD", "data": {"BTC": 62820, "ETH": 1738.28, "USDT": 0.998881, "BNB": 598.46, "USDC": 0.999737, "XRP": 1.14, "SOL": 67.89, "TRX": 0.327833, "FIGR_HELOC": 1.019, "HYPE": 64.95, "DOGE": 0.087016, "USDS": 0.999722, "LEO": 9.89, "RAIN": 0.014041, "ZEC": 407.5, "XLM": 0.198548, "XMR": 343.84, "ADA": 0.167973, "LINK": 7.87, "CC": 0.147539, "WBT": 45.26, "BCH": 243.72, "USD1": 0.998592, "USDE": 0.99879, "TON": 1.66, "DAI": 0.99966, "M": 3.3, "HBAR": 0.08265, "LAB": 11.25, "LTC": 45.21, "AVAX": 7.56, "SUI": 0.749045, "PYUSD": 0.999408, "SHIB": 4.88e-06, "NEAR": 2.21, "USYC": 1.13, "XAUT": 4418.34, "CRO": 0.060377, "USDG": 0.999916, "BUIDL": 1.0, "USDY": 1.15, "PAXG": 4435.29, "TAO": 207.59, "WLFI": 0.058995, "WLD": 0.540284, "MNT": 0.551083, "ONDO": 0.369933, "DOT": 1.025, "ASTER": 0.658485, "RLUSD": 0.999786, "UNI": 2.6, "HTX": 1.77e-06, "OKB": 73.97, "USDF": 0.994651, "SKY": 0.063882, "ICP": 2.66, "USDD": 0.998959, "PI": 0.127245, "BFUSD": 0.998636, "BGB": 1.88, "PEPE": 2.91e-06, "MORPHO": 1.76, "ETC": 7.14, "AAVE": 69.98, "H": 0.572794, "USDTB": 0.998794, "EUTBL": 1.22, "QNT": 68.18, "BCAP": 107.06, "DEXE": 20.81, "U": 0.999901, "RENDER": 1.83, "USTB": 11.1, "ATOM": 1.78, "POL": 0.085583, "KCS": 6.75, "ALGO": 0.098825, "STABLE": 0.03778776, "ENA": 0.094366, "JTRSY": 1.11, "KAS": 0.02960916, "NEXO": 0.768656, "VVV": 16.3, "GT": 6.49, "JST": 0.080766, "\u5e01\u5b89\u4eba\u751f": 0.679018, "FIL": 0.846714, "BDX": 0.079607, "FLR": 0.00698777, "APT": 0.736984, "XDC": 0.03009754, "JUP": 0.177995, "NIGHT": 0.03544889, "GHO": 0.99914, "PUMP": 0.00163806, "USD0": 0.998521, "ARB": 0.088019, "YLDS": 0.999724, "SIREN": 0.736874, "INJ": 5.36}}