{"timestamp": 1777979745, "base": "USD", "data": {"BTC": 80817, "ETH": 2375.91, "USDT": 0.99979, "XRP": 1.4, "BNB": 628.67, "USDC": 0.999779, "SOL": 84.86, "TRX": 0.341427, "FIGR_HELOC": 1.029, "DOGE": 0.111618, "WBT": 60.05, "USDS": 0.999643, "HYPE": 43.66, "ADA": 0.258288, "LEO": 10.32, "BCH": 460.57, "XMR": 405.49, "LINK": 9.68, "ZEC": 422.65, "CC": 0.148904, "XLM": 0.159239, "TON": 1.85, "USD1": 0.999915, "M": 3.4, "DAI": 0.999987, "LTC": 55.45, "AVAX": 9.39, "USDE": 0.999133, "HBAR": 0.08956, "SUI": 0.95362, "SHIB": 6.26e-06, "RAIN": 0.00744925, "PYUSD": 0.999949, "CRO": 0.069285, "USYC": 1.12, "TAO": 288.09, "XAUT": 4543.67, "USDG": 0.999953, "BUIDL": 1.0, "PAXG": 4542.88, "UNI": 3.36, "DOT": 1.26, "MNT": 0.642129, "WLFI": 0.063797, "SKY": 0.081119, "PI": 0.179662, "OKB": 85.67, "USDF": 0.997714, "ASTER": 0.678621, "HTX": 1.93e-06, "PEPE": 4.07e-06, "NEAR": 1.28, "ONDO": 0.322144, "RLUSD": 0.999902, "USDD": 0.999642, "BGB": 2.06, "AAVE": 93.03, "ETC": 8.96, "ICP": 2.48, "MORPHO": 2.18, "USDY": 1.13, "BFUSD": 0.999301, "JTRSY": 1.1, "KCS": 8.52, "ALGO": 0.121296, "POL": 0.09824, "U": 0.999924, "USTB": 11.07, "QNT": 67.95, "EUTBL": 1.23, "ENA": 0.106925, "ATOM": 1.9, "BCAP": 105.77, "RENDER": 1.85, "KAS": 0.03379712, "NEXO": 0.905736, "GT": 7.28, "WLD": 0.243853, "APT": 0.986713, "STABLE": 0.03382358, "FIL": 0.953939, "ARB": 0.119467, "JST": 0.084382, "PENGU": 0.01095445, "PUMP": 0.00184358, "FLR": 0.0075725, "VET": 0.00728711, "BDX": 0.079957, "JUP": 0.184653, "OUSG": 115.13, "GHO": 0.999635, "XDC": 0.02928581, "USDTB": 0.999843, "BONK": 6.51e-06, "DASH": 45.01, "USD0": 0.998444, "HASH": 0.01049077, "LUNC": 9.907e-05, "TRUMP": 2.35, "SIREN": 0.754492}}