{"timestamp": 1784314504, "base": "USD", "data": {"BTC": 64258, "ETH": 1845.38, "USDT": 0.999274, "BNB": 567.12, "USDC": 0.999903, "XRP": 1.092, "SOL": 75.19, "TRX": 0.32274, "FIGR_HELOC": 1.009, "HYPE": 60.24, "DOGE": 0.072669, "USDS": 0.999809, "RAIN": 0.01416299, "ZEC": 549.22, "LEO": 9.8, "WBT": 55.88, "XLM": 0.186857, "ADA": 0.166015, "LINK": 8.24, "XMR": 327.19, "CC": 0.127766, "DAI": 0.999887, "BCH": 220.28, "USD1": 0.998976, "GRAM": 1.52, "USDE": 0.999734, "LTC": 45.05, "USDG": 1.002, "USYC": 1.13, "SUI": 0.740432, "HBAR": 0.066179, "AVAX": 6.6, "PYUSD": 0.99982, "CRO": 0.059063, "BUIDL": 1.0, "NEAR": 1.93, "XAUT": 4002.8, "SHIB": 4.15e-06, "UNI": 3.56, "USDY": 1.14, "TAO": 194.13, "ONDO": 0.376737, "WLFI": 0.057055, "PAXG": 3999.99, "OKB": 81.29, "ASTER": 0.619756, "DEXE": 35.27, "M": 1.23, "HTX": 1.82e-06, "RLUSD": 1.0, "USDD": 0.999158, "DOT": 0.855962, "USDF": 0.995744, "MNT": 0.428912, "SKY": 0.059747, "AAVE": 90.86, "WLD": 0.38192, "BFUSD": 0.998491, "ICP": 2.15, "PEPE": 2.75e-06, "BGB": 1.64, "ETC": 7.03, "U": 0.99976, "USDGO": 1.0, "EUTBL": 1.21, "QNT": 66.64, "BCAP": 106.19, "MORPHO": 1.98, "KCS": 6.66, "PI": 0.08052, "POL": 0.082339, "JTRSY": 1.11, "STABLE": 0.03526994, "ADI": 6.63, "EURSAFO": 1.15, "JST": 0.097479, "ATOM": 1.52, "ENA": 0.082539, "RENDER": 1.48, "KAS": 0.0279466, "USTB": 11.15, "BEAT": 2.47, "NEXO": 0.75336, "ALGO": 0.082842, "GT": 6.67, "\u5e01\u5b89\u4eba\u751f": 0.706778, "JAAA": 1.041, "PUMP": 0.00168079, "BDX": 0.0847, "JUP": 0.198095, "FIL": 0.767624, "GHO": 0.99878, "ARB": 0.089607, "FLR": 0.00656365, "LIT": 2.26, "XDC": 0.02807028, "USD0": 0.998819, "YLDS": 0.999908, "VVV": 11.22, "USX": 0.999999}}