{"timestamp": 1783475619, "base": "USD", "data": {"BTC": 63139, "ETH": 1758.27, "USDT": 0.999299, "BNB": 573.08, "USDC": 0.999856, "XRP": 1.1, "SOL": 79.31, "TRX": 0.330627, "FIGR_HELOC": 1.025, "HYPE": 68.13, "DOGE": 0.073284, "USDS": 0.999817, "RAIN": 0.01485995, "LEO": 9.39, "ZEC": 479.24, "WBT": 55.98, "ADA": 0.173444, "XLM": 0.187083, "XMR": 334.39, "LINK": 7.77, "CC": 0.130324, "BCH": 238.53, "DAI": 0.999899, "USD1": 0.998707, "USDE": 0.998716, "GRAM": 1.61, "LTC": 43.9, "USDG": 0.999959, "USYC": 1.13, "HBAR": 0.070398, "SUI": 0.722989, "PYUSD": 1.0, "AVAX": 6.56, "CRO": 0.056509, "SHIB": 4.35e-06, "NEAR": 1.94, "XAUT": 4098.39, "BUIDL": 1.0, "USDY": 1.14, "TAO": 209.19, "UNI": 3.19, "PAXG": 4101.83, "WLFI": 0.058068, "M": 1.35, "HTX": 1.86e-06, "ASTER": 0.621653, "OKB": 78.8, "LAB": 5.35, "ONDO": 0.326935, "RLUSD": 0.999821, "USDD": 0.997432, "DOT": 0.844014, "USDF": 0.996331, "MNT": 0.418558, "AAVE": 89.04, "WLD": 0.377958, "DEXE": 28.26, "BFUSD": 0.998265, "MORPHO": 2.0, "SKY": 0.053387, "ICP": 2.21, "PI": 0.108949, "BGB": 1.67, "PEPE": 2.63e-06, "ETC": 6.93, "U": 0.999699, "EUTBL": 1.2, "BCAP": 106.63, "QNT": 65.59, "KCS": 6.88, "JTRSY": 1.11, "USDGO": 0.999907, "USTB": 11.14, "STABLE": 0.03482886, "POL": 0.076524, "ATOM": 1.57, "RENDER": 1.56, "KAS": 0.02910621, "JST": 0.093377, "JUP": 0.234588, "ALGO": 0.085924, "BEAT": 2.41, "NEXO": 0.736782, "ADI": 5.81, "USDTB": 1.001, "ENA": 0.075459, "GT": 6.75, "BDX": 0.090909, "EURSAFO": 1.15, "\u5e01\u5b89\u4eba\u751f": 0.706515, "JAAA": 1.04, "PUMP": 0.00153687, "FIL": 0.765961, "LIT": 2.41, "GHO": 0.998604, "FLR": 0.00670003, "USD0": 0.998642, "NIGHT": 0.03292827, "XDC": 0.02730468, "YLDS": 0.999821}}