{"timestamp": 1778866037, "base": "USD", "data": {"BTC": 79321, "ETH": 2228.2, "USDT": 0.999514, "BNB": 675.3, "XRP": 1.45, "USDC": 0.999784, "SOL": 89.67, "TRX": 0.35184, "FIGR_HELOC": 1.032, "DOGE": 0.112672, "WBT": 58.52, "USDS": 0.999513, "HYPE": 44.27, "ADA": 0.261672, "LEO": 10.19, "ZEC": 522.8, "BCH": 426.77, "LINK": 10.11, "XMR": 385.9, "CC": 0.165354, "TON": 2.0, "XLM": 0.155552, "USD1": 0.999767, "LTC": 57.35, "SUI": 1.1, "DAI": 0.999795, "USDE": 1.0, "M": 3.2, "AVAX": 9.57, "HBAR": 0.093126, "SHIB": 6.14e-06, "RAIN": 0.00749655, "PYUSD": 0.99972, "CRO": 0.073288, "USYC": 1.12, "USDG": 1.0, "TAO": 288.31, "XAUT": 4562.85, "BUIDL": 1.0, "UNI": 3.62, "DOT": 1.32, "MNT": 0.666314, "PAXG": 4561.39, "WLFI": 0.065578, "NEAR": 1.57, "USDY": 1.13, "ONDO": 0.367996, "OKB": 85.01, "USDF": 0.99805, "HTX": 1.96e-06, "PI": 0.16588, "ASTER": 0.669253, "SKY": 0.071311, "PEPE": 3.92e-06, "RLUSD": 0.999876, "USDD": 0.999487, "ICP": 2.65, "BGB": 2.05, "ETC": 9.15, "AAVE": 93.79, "BFUSD": 0.999192, "MORPHO": 1.82, "QNT": 77.59, "KCS": 8.23, "JTRSY": 1.1, "U": 0.999774, "EUTBL": 1.22, "ENA": 0.112116, "ALGO": 0.113285, "USTB": 11.08, "ATOM": 1.94, "KAS": 0.03559091, "BCAP": 105.87, "POL": 0.090562, "RENDER": 1.85, "NEXO": 0.904102, "WLD": 0.24599, "STABLE": 0.03624152, "APT": 0.995684, "USDTB": 0.999186, "FLR": 0.00939802, "FIL": 1.008, "JST": 0.090873, "ARB": 0.125666, "GT": 7.24, "JUP": 0.211168, "XDC": 0.03441982, "PUMP": 0.00181009, "VVV": 13.34, "BDX": 0.078919, "HASH": 0.01148821, "DEXE": 12.98, "VET": 0.00703866, "OUSG": 115.24, "GHO": 0.999563, "BONK": 6.6e-06, "UB": 0.22568, "DASH": 43.89, "USD0": 0.997982, "PENGU": 0.00883595}}