{"timestamp": 1782375463, "base": "USD", "data": {"BTC": 61695, "ETH": 1651.6, "USDT": 0.998591, "BNB": 569.01, "USDC": 0.999736, "XRP": 1.083, "SOL": 69.16, "TRX": 0.329046, "FIGR_HELOC": 1.027, "HYPE": 63.86, "DOGE": 0.07715, "USDS": 0.999785, "RAIN": 0.01583468, "LEO": 9.44, "ZEC": 418.45, "XLM": 0.186406, "XMR": 317.02, "WBT": 50.22, "CC": 0.152148, "LINK": 7.51, "ADA": 0.149256, "LAB": 17.42, "USD1": 0.999197, "DAI": 0.999502, "USDE": 0.998123, "GRAM": 1.6, "BCH": 194.91, "HBAR": 0.074072, "LTC": 41.65, "USYC": 1.13, "USDG": 0.99977, "SUI": 0.697435, "AVAX": 6.5, "PYUSD": 0.999781, "SHIB": 4.42e-06, "CRO": 0.056568, "NEAR": 1.96, "XAUT": 3983.14, "BUIDL": 1.0, "USDY": 1.13, "TAO": 222.26, "WLFI": 0.061612, "UNI": 2.94, "PAXG": 3983.77, "WLD": 0.517482, "MNT": 0.508959, "ASTER": 0.62657, "OKB": 76.64, "RLUSD": 0.999858, "HTX": 1.71e-06, "ONDO": 0.318476, "DOT": 0.888992, "USDF": 0.993831, "USDD": 0.995162, "PI": 0.127228, "BFUSD": 0.998147, "SKY": 0.054207, "ICP": 2.26, "AAVE": 81.63, "BGB": 1.67, "MORPHO": 1.75, "ETC": 7.12, "DEXE": 23.28, "PEPE": 2.53e-06, "U": 0.9997, "QNT": 68.16, "BCAP": 107.03, "KCS": 7.08, "M": 0.718966, "EUTBL": 1.2, "USDTB": 1.0, "USTB": 11.12, "JTRSY": 1.11, "STABLE": 0.03620719, "ATOM": 1.66, "RENDER": 1.56, "ALGO": 0.08938, "ENA": 0.085769, "POL": 0.07417, "JUP": 0.233958, "KAS": 0.02823367, "NEXO": 0.760194, "\u5e01\u5b89\u4eba\u751f": 0.711871, "JST": 0.081878, "GT": 6.48, "JAAA": 1.039, "BDX": 0.085003, "VVV": 13.41, "FLR": 0.00701488, "FIL": 0.760255, "GHO": 0.99769, "EURSAFO": 1.14, "XDC": 0.02874017, "YLDS": 0.999809, "USD0": 0.998937, "ADI": 4.37, "NIGHT": 0.03222436, "BEAT": 1.86, "APT": 0.635869, "USX": 0.999384}}