{"timestamp": 1782306744, "base": "USD", "data": {"BTC": 62057, "ETH": 1656.64, "USDT": 0.998665, "BNB": 573.47, "USDC": 0.999832, "XRP": 1.084, "SOL": 68.97, "TRX": 0.330647, "FIGR_HELOC": 1.033, "HYPE": 61.24, "DOGE": 0.07794, "USDS": 0.999448, "RAIN": 0.01603877, "LEO": 9.59, "ZEC": 412.35, "XLM": 0.188837, "XMR": 322.51, "WBT": 50.72, "CC": 0.149656, "LINK": 7.54, "ADA": 0.146639, "LAB": 17.18, "USD1": 0.999102, "DAI": 0.99962, "USDE": 0.998307, "GRAM": 1.57, "BCH": 192.26, "M": 2.85, "HBAR": 0.07593, "LTC": 41.95, "USYC": 1.13, "USDG": 0.999566, "SUI": 0.691899, "AVAX": 6.36, "PYUSD": 1.0, "SHIB": 4.52e-06, "CRO": 0.056371, "NEAR": 1.95, "XAUT": 3974.31, "BUIDL": 1.0, "USDY": 1.13, "TAO": 219.09, "WLD": 0.536912, "WLFI": 0.057864, "UNI": 2.9, "PAXG": 3978.07, "MNT": 0.511467, "ASTER": 0.624715, "OKB": 77.44, "RLUSD": 0.999979, "HTX": 1.73e-06, "DOT": 0.895749, "ONDO": 0.301829, "USDF": 0.995119, "PI": 0.127963, "USDD": 0.998872, "BFUSD": 0.99828, "SKY": 0.055075, "ICP": 2.18, "BGB": 1.7, "AAVE": 76.34, "PEPE": 2.63e-06, "ETC": 6.99, "MORPHO": 1.67, "DEXE": 23.07, "U": 0.999799, "QNT": 68.69, "USTB": 11.12, "BCAP": 107.03, "KCS": 7.07, "EUTBL": 1.19, "USDTB": 0.999455, "JTRSY": 1.11, "ATOM": 1.64, "RENDER": 1.58, "POL": 0.076161, "STABLE": 0.03385116, "ALGO": 0.090175, "ENA": 0.084068, "KAS": 0.02811787, "NEXO": 0.768604, "JUP": 0.215781, "JST": 0.083978, "\u5e01\u5b89\u4eba\u751f": 0.707979, "GT": 6.65, "JAAA": 1.039, "BDX": 0.083004, "VVV": 13.45, "FIL": 0.764758, "FLR": 0.00692023, "GHO": 0.997574, "EURSAFO": 1.14, "XDC": 0.02905899, "YLDS": 0.999706, "ADI": 4.42, "USD0": 0.999236, "BEAT": 1.84, "APT": 0.634465, "NIGHT": 0.03139284, "USX": 0.999544}}