{"timestamp": 1780872956, "base": "USD", "data": {"BTC": 63098, "ETH": 1682.13, "USDT": 0.999538, "BNB": 604.74, "USDC": 0.999697, "XRP": 1.16, "SOL": 66.23, "TRX": 0.326226, "FIGR_HELOC": 1.033, "DOGE": 0.085867, "HYPE": 59.61, "USDS": 0.999694, "LEO": 9.58, "RAIN": 0.01342962, "ZEC": 438.33, "XLM": 0.206255, "CC": 0.164348, "ADA": 0.165419, "LINK": 7.9, "XMR": 305.73, "WBT": 45.05, "BCH": 231.21, "USD1": 0.999461, "TON": 1.71, "USDE": 0.999483, "DAI": 0.999533, "M": 3.1, "LAB": 12.98, "HBAR": 0.081945, "LTC": 42.87, "SUI": 0.760634, "AVAX": 6.79, "PYUSD": 1.0, "USYC": 1.13, "SHIB": 4.74e-06, "CRO": 0.060432, "NEAR": 2.04, "XAUT": 4303.79, "USDG": 1.0, "BUIDL": 1.0, "USDY": 1.13, "TAO": 213.11, "PAXG": 4314.92, "WLFI": 0.057214, "MNT": 0.542187, "ONDO": 0.345765, "RLUSD": 0.999818, "DOT": 0.975078, "ASTER": 0.635074, "WLD": 0.476003, "UNI": 2.57, "HTX": 1.76e-06, "OKB": 72.09, "USDF": 0.996251, "PI": 0.130808, "USDD": 0.9996, "SKY": 0.058048, "H": 0.725813, "BFUSD": 0.999313, "ICP": 2.38, "BGB": 1.84, "PEPE": 2.82e-06, "ETC": 7.12, "MORPHO": 1.72, "BEAT": 3.58, "QNT": 69.61, "USDTB": 1.0, "U": 1.0, "EUTBL": 1.21, "BCAP": 107.06, "AAVE": 64.04, "USTB": 11.1, "SIREN": 1.28, "DEXE": 19.69, "KCS": 6.58, "ATOM": 1.72, "RENDER": 1.67, "JTRSY": 1.11, "POL": 0.079839, "ALGO": 0.095197, "KAS": 0.03085985, "ENA": 0.090371, "\u5e01\u5b89\u4eba\u751f": 0.81736, "STABLE": 0.03405084, "NEXO": 0.778429, "VVV": 16.39, "GT": 6.36, "JST": 0.078246, "FIL": 0.774596, "FLR": 0.007136, "BDX": 0.078803, "XDC": 0.02952538, "GHO": 0.999233, "APT": 0.674866, "USD0": 0.998527, "INJ": 5.44, "PUMP": 0.00153037, "HASH": 0.00992629, "YLDS": 0.999981, "JUP": 0.156569}}