{"timestamp": 1784022496, "base": "USD", "data": {"BTC": 62489, "ETH": 1783.2, "USDT": 0.99888, "BNB": 569.28, "USDC": 0.999882, "XRP": 1.067, "SOL": 74.91, "TRX": 0.324535, "FIGR_HELOC": 1.033, "HYPE": 63.5, "DOGE": 0.072071, "USDS": 0.999784, "RAIN": 0.01423768, "LEO": 9.54, "ZEC": 503.01, "WBT": 54.9, "XMR": 326.64, "XLM": 0.177789, "LINK": 7.91, "ADA": 0.158331, "CC": 0.130922, "BCH": 236.01, "DAI": 0.999824, "USD1": 0.998782, "GRAM": 1.58, "USDE": 0.999731, "LTC": 43.62, "USDG": 0.999955, "USYC": 1.13, "SUI": 0.729598, "HBAR": 0.065796, "BUIDL": 1.0, "PYUSD": 0.999999, "AVAX": 6.47, "NEAR": 1.98, "CRO": 0.054176, "XAUT": 4013.24, "SHIB": 4.12e-06, "UNI": 3.61, "USDY": 1.14, "DEXE": 41.61, "TAO": 196.33, "WLFI": 0.057466, "M": 1.37, "PAXG": 4009.57, "ASTER": 0.626862, "OKB": 80.09, "HTX": 1.82e-06, "USDD": 0.998665, "RLUSD": 1.0, "ONDO": 0.308137, "AAVE": 96.1, "DOT": 0.844366, "USDF": 0.994813, "WLD": 0.401806, "SKY": 0.059909, "MNT": 0.421075, "MORPHO": 2.03, "BFUSD": 0.998345, "ICP": 2.2, "PEPE": 2.73e-06, "BGB": 1.63, "ETC": 6.87, "U": 1.0, "EUTBL": 1.2, "BCAP": 106.19, "USDGO": 0.999706, "KCS": 6.83, "QNT": 63.9, "STABLE": 0.03706273, "POL": 0.083746, "ADI": 7.05, "JTRSY": 1.11, "JST": 0.101742, "EURSAFO": 1.15, "BEAT": 2.62, "ATOM": 1.52, "ENA": 0.082377, "PI": 0.071634, "USTB": 11.14, "KAS": 0.02820054, "RENDER": 1.48, "BDX": 0.097605, "\u5e01\u5b89\u4eba\u751f": 0.757976, "ALGO": 0.083791, "USDTB": 1.0, "NEXO": 0.725614, "GT": 6.63, "JAAA": 1.041, "JUP": 0.202281, "LIT": 2.41, "FIL": 0.752064, "GHO": 0.997803, "PUMP": 0.00143986, "ARB": 0.089525, "FLR": 0.00649133, "USD0": 0.999816, "YLDS": 0.99982, "XDC": 0.02696806, "VVV": 11.09}}