{"timestamp": 1779719853, "base": "USD", "data": {"BTC": 77505, "ETH": 2123.42, "USDT": 0.998954, "BNB": 672.17, "XRP": 1.36, "USDC": 0.999631, "SOL": 86.21, "TRX": 0.372333, "FIGR_HELOC": 1.03, "DOGE": 0.103049, "HYPE": 63.06, "ZEC": 677.47, "USDS": 0.999706, "LEO": 10.03, "ADA": 0.245592, "XMR": 389.66, "BCH": 350.32, "LINK": 9.61, "WBT": 57.1, "CC": 0.166586, "XLM": 0.150824, "TON": 1.85, "USD1": 0.998726, "USDE": 0.998952, "DAI": 0.999535, "SUI": 1.055, "AVAX": 9.46, "LTC": 52.83, "HBAR": 0.08937, "RAIN": 0.00797641, "M": 2.91, "PYUSD": 0.999825, "NEAR": 2.66, "SHIB": 5.64e-06, "CRO": 0.069692, "USYC": 1.13, "USDG": 0.999909, "XAUT": 4546.71, "TAO": 279.8, "BUIDL": 1.0, "ONDO": 0.442761, "UNI": 3.39, "MNT": 0.652155, "DOT": 1.28, "PAXG": 4555.96, "USDY": 1.13, "WLFI": 0.06239, "HTX": 2.03e-06, "ASTER": 0.704765, "OKB": 83.55, "USDF": 0.997027, "RLUSD": 1.0, "SKY": 0.070248, "PI": 0.149437, "PEPE": 3.62e-06, "USDD": 0.999998, "ICP": 2.68, "MORPHO": 2.34, "ETC": 9.09, "BGB": 2.0, "BFUSD": 0.99851, "AAVE": 86.78, "QNT": 80.45, "RENDER": 2.18, "ATOM": 2.14, "USDTB": 0.999112, "KCS": 8.04, "EUTBL": 1.22, "WLD": 0.302973, "U": 0.999965, "ALGO": 0.114538, "USTB": 11.09, "POL": 0.092525, "BCAP": 105.74, "JTRSY": 1.1, "KAS": 0.03360411, "ENA": 0.10142, "STABLE": 0.03738051, "VVV": 18.56, "NEXO": 0.85569, "DEXE": 17.29, "APT": 0.976459, "JST": 0.092498, "FIL": 0.981551, "GT": 7.1, "FLR": 0.00832073, "ARB": 0.108863, "JUP": 0.2042, "XDC": 0.0328878, "PUMP": 0.00180377, "BDX": 0.078848, "DASH": 46.09, "GHO": 0.998953, "VET": 0.00673954, "PENGU": 0.00907627, "INJ": 5.69, "USD0": 0.998415, "HASH": 0.01035231, "OUSG": 115.33, "NIGHT": 0.03271444}}