{"timestamp": 1777247979, "base": "USD", "data": {"BTC": 78667, "ETH": 2370.17, "USDT": 1.0, "XRP": 1.43, "BNB": 636.31, "USDC": 0.999892, "SOL": 86.96, "TRX": 0.323441, "FIGR_HELOC": 1.02, "DOGE": 0.099284, "WBT": 55.7, "USDS": 0.999776, "HYPE": 42.53, "LEO": 10.37, "ADA": 0.252385, "BCH": 455.03, "XMR": 391.72, "LINK": 9.49, "ZEC": 355.07, "CC": 0.15026, "XLM": 0.171005, "M": 4.34, "DAI": 0.999648, "USD1": 0.999948, "LTC": 56.31, "AVAX": 9.47, "HBAR": 0.092386, "USDE": 0.999324, "SUI": 0.946599, "SHIB": 6.22e-06, "RAIN": 0.00753573, "PYUSD": 1.0, "TON": 1.32, "CRO": 0.070227, "USYC": 1.12, "XAUT": 4675.06, "TAO": 251.74, "USDG": 0.999926, "WLFI": 0.075128, "BUIDL": 1.0, "PAXG": 4673.92, "MNT": 0.655468, "DOT": 1.26, "UNI": 3.29, "SKY": 0.088296, "PI": 0.181338, "NEAR": 1.4, "USDF": 0.996821, "OKB": 84.61, "PEPE": 3.9e-06, "HTX": 1.81e-06, "ASTER": 0.660048, "RLUSD": 0.999953, "AAVE": 96.71, "USDD": 1.001, "JTRSY": 1.1, "BGB": 1.99, "ICP": 2.45, "ETC": 8.53, "USDY": 1.13, "BFUSD": 0.9998, "ONDO": 0.267177, "MORPHO": 1.96, "KCS": 8.54, "GT": 7.36, "ALGO": 0.120089, "PUMP": 0.00176424, "EUTBL": 1.23, "QNT": 70.88, "USTB": 11.06, "U": 1.001, "ATOM": 2.0, "POL": 0.092399, "ENA": 0.109597, "RENDER": 1.82, "KAS": 0.03386528, "NEXO": 0.918745, "WLD": 0.260351, "ARB": 0.1297, "APT": 0.985141, "BCAP": 82.76, "STABLE": 0.03343005, "FIL": 0.944042, "JST": 0.081044, "FLR": 0.00792337, "JUP": 0.18293, "DEXE": 13.76, "VET": 0.0073758, "BDX": 0.080044, "HASH": 0.01068233, "TRUMP": 2.62, "OUSG": 115.03, "XDC": 0.02989019, "NIGHT": 0.03560247, "USDTB": 1.0, "GHO": 0.999238, "PENGU": 0.00896516, "USD0": 0.99823, "BONK": 6.31e-06, "YLDS": 0.999948}}