{"timestamp": 1778280485, "base": "USD", "data": {"BTC": 80305, "ETH": 2312.31, "USDT": 0.999881, "BNB": 650.86, "XRP": 1.42, "USDC": 0.999826, "SOL": 92.36, "TRX": 0.349798, "FIGR_HELOC": 1.001, "DOGE": 0.109461, "WBT": 59.22, "USDS": 0.999776, "HYPE": 43.36, "ZEC": 612.09, "ADA": 0.274969, "LEO": 10.31, "BCH": 451.22, "LINK": 10.37, "XMR": 400.62, "TON": 2.57, "CC": 0.147449, "XLM": 0.163196, "M": 3.54, "LTC": 58.42, "USD1": 0.99944, "DAI": 0.999731, "AVAX": 9.95, "SUI": 1.023, "HBAR": 0.09279, "USDE": 0.9995, "SHIB": 6.46e-06, "RAIN": 0.00754053, "PYUSD": 0.999789, "CRO": 0.071204, "TAO": 316.71, "USYC": 1.12, "XAUT": 4701.55, "USDG": 0.999917, "BUIDL": 1.0, "WLFI": 0.075231, "UNI": 3.7, "DOT": 1.38, "MNT": 0.683191, "PAXG": 4706.41, "ONDO": 0.447343, "NEAR": 1.58, "ICP": 3.5, "SKY": 0.082347, "OKB": 86.88, "PEPE": 4.33e-06, "PI": 0.171674, "HTX": 1.97e-06, "USDF": 0.997978, "ASTER": 0.689318, "RLUSD": 1.0, "ETC": 9.8, "BGB": 2.15, "AAVE": 95.91, "USDD": 1.0, "MORPHO": 2.11, "USDY": 1.13, "BFUSD": 0.9994, "JTRSY": 1.1, "ENA": 0.134283, "ALGO": 0.133038, "KCS": 8.37, "POL": 0.102049, "QNT": 73.44, "RENDER": 2.04, "U": 1.0, "KAS": 0.0365169, "EUTBL": 1.24, "FIL": 1.27, "USTB": 11.08, "ATOM": 1.94, "BCAP": 105.77, "WLD": 0.273332, "APT": 1.13, "NEXO": 0.906597, "ARB": 0.144688, "GT": 7.4, "SIREN": 1.14, "JUP": 0.245383, "PUMP": 0.0021801, "STABLE": 0.03285062, "JST": 0.082638, "VET": 0.00800874, "FLR": 0.00800254, "PENGU": 0.01051775, "BONK": 7.25e-06, "DASH": 49.81, "USDTB": 0.999486, "VVV": 13.6, "XDC": 0.03107909, "BDX": 0.079834, "OUSG": 115.18, "VIRTUAL": 0.927701, "SKYAI": 0.604748, "GHO": 0.999861, "TRUMP": 2.47}}