{"timestamp": 1783920935, "base": "USD", "data": {"BTC": 62692, "ETH": 1779.69, "USDT": 0.999249, "BNB": 567.89, "USDC": 0.999736, "XRP": 1.073, "SOL": 76.07, "TRX": 0.330431, "FIGR_HELOC": 1.041, "HYPE": 65.14, "DOGE": 0.072119, "USDS": 0.999726, "RAIN": 0.01435284, "LEO": 9.53, "ZEC": 513.98, "WBT": 54.95, "XLM": 0.183034, "XMR": 332.02, "ADA": 0.159263, "LINK": 7.92, "CC": 0.133102, "BCH": 236.14, "DAI": 0.999733, "USD1": 0.998724, "GRAM": 1.59, "USDE": 0.999742, "LTC": 43.63, "USDG": 0.999686, "USYC": 1.13, "SUI": 0.72933, "HBAR": 0.067236, "BUIDL": 1.0, "PYUSD": 0.99971, "AVAX": 6.48, "CRO": 0.05578, "XAUT": 4050.48, "SHIB": 4.19e-06, "NEAR": 1.87, "DEXE": 47.74, "UNI": 3.49, "USDY": 1.14, "TAO": 205.71, "WLFI": 0.057445, "PAXG": 4052.28, "OKB": 79.85, "HTX": 1.85e-06, "ASTER": 0.620522, "M": 1.21, "USDD": 0.999165, "ONDO": 0.317563, "RLUSD": 0.99981, "WLD": 0.416037, "AAVE": 94.37, "USDF": 0.996301, "DOT": 0.830529, "SKY": 0.059934, "MNT": 0.421235, "BFUSD": 0.998401, "MORPHO": 1.99, "ICP": 2.18, "PEPE": 2.73e-06, "BGB": 1.64, "ETC": 6.86, "U": 1.001, "EUTBL": 1.2, "BCAP": 106.63, "PI": 0.087929, "KCS": 6.95, "QNT": 65.23, "USDGO": 0.999817, "STABLE": 0.03645884, "ADI": 7.07, "JTRSY": 1.11, "POL": 0.081076, "JST": 0.098678, "BEAT": 2.59, "ATOM": 1.54, "RENDER": 1.52, "USTB": 11.14, "KAS": 0.02834392, "EURSAFO": 1.15, "ENA": 0.078607, "ALGO": 0.082206, "USDTB": 1.0, "NEXO": 0.724263, "GT": 6.64, "\u5e01\u5b89\u4eba\u751f": 0.702785, "JAAA": 1.041, "BDX": 0.084673, "JUP": 0.199753, "FIL": 0.763825, "LIT": 2.43, "GHO": 0.998445, "PUMP": 0.00148609, "ARB": 0.091734, "FLR": 0.00645024, "USD0": 0.998368, "XDC": 0.02714391, "YLDS": 0.999994, "USX": 0.999766}}