{"timestamp": 1778312708, "base": "USD", "data": {"BTC": 80203, "ETH": 2315.39, "USDT": 0.999853, "XRP": 1.43, "BNB": 650.02, "USDC": 0.999836, "SOL": 93.71, "TRX": 0.35152, "FIGR_HELOC": 1.028, "DOGE": 0.110182, "WBT": 59.25, "HYPE": 43.86, "USDS": 0.999719, "ZEC": 612.82, "ADA": 0.274984, "LEO": 10.3, "BCH": 450.56, "LINK": 10.46, "XMR": 411.81, "TON": 2.53, "CC": 0.154898, "XLM": 0.165166, "LTC": 58.55, "M": 3.47, "DAI": 0.999677, "USD1": 0.999598, "SUI": 1.074, "AVAX": 9.96, "HBAR": 0.093268, "USDE": 0.999303, "SHIB": 6.44e-06, "RAIN": 0.00752488, "PYUSD": 0.999678, "CRO": 0.071125, "TAO": 312.43, "USYC": 1.12, "XAUT": 4699.15, "USDG": 0.999779, "BUIDL": 1.0, "WLFI": 0.075166, "UNI": 3.68, "DOT": 1.37, "MNT": 0.686958, "PAXG": 4705.07, "ONDO": 0.435696, "ICP": 3.74, "NEAR": 1.57, "SKY": 0.08199, "ASTER": 0.720841, "OKB": 88.06, "PI": 0.175042, "PEPE": 4.31e-06, "HTX": 1.98e-06, "USDF": 0.99909, "RLUSD": 0.999997, "ETC": 9.73, "BGB": 2.14, "AAVE": 96.69, "USDD": 0.99981, "MORPHO": 2.14, "USDY": 1.13, "BFUSD": 0.9992, "JTRSY": 1.1, "ENA": 0.131304, "ALGO": 0.130671, "KCS": 8.4, "QNT": 75.26, "POL": 0.102017, "RENDER": 2.01, "U": 0.999993, "ATOM": 1.97, "KAS": 0.03634968, "EUTBL": 1.24, "FIL": 1.26, "USTB": 11.08, "BCAP": 105.77, "WLD": 0.271549, "NEXO": 0.905519, "SIREN": 1.25, "ARB": 0.146616, "APT": 1.11, "GT": 7.37, "JUP": 0.243045, "PUMP": 0.00216547, "STABLE": 0.03434634, "VVV": 15.37, "JST": 0.082285, "FLR": 0.00802431, "SKYAI": 0.683563, "PENGU": 0.0106398, "VET": 0.00770802, "DASH": 50.13, "BONK": 7.23e-06, "USDTB": 0.999426, "XDC": 0.03134008, "BDX": 0.07988, "VIRTUAL": 0.933976, "OUSG": 115.18, "GHO": 0.999733, "TRUMP": 2.47}}