{"timestamp": 1783607689, "base": "USD", "data": {"BTC": 62735, "ETH": 1736.54, "USDT": 0.999089, "BNB": 568.67, "USDC": 0.999853, "XRP": 1.094, "SOL": 77.68, "TRX": 0.330729, "FIGR_HELOC": 1.034, "HYPE": 67.45, "DOGE": 0.072294, "USDS": 0.999692, "RAIN": 0.01446789, "LEO": 9.51, "ZEC": 463.59, "WBT": 55.42, "ADA": 0.168153, "XLM": 0.18148, "XMR": 315.82, "LINK": 7.69, "CC": 0.134094, "BCH": 236.95, "DAI": 0.999552, "USD1": 0.998797, "USDE": 0.999432, "GRAM": 1.59, "LTC": 44.09, "USDG": 0.9997, "USYC": 1.13, "HBAR": 0.070439, "AVAX": 6.73, "SUI": 0.716912, "PYUSD": 0.999882, "CRO": 0.056264, "SHIB": 4.27e-06, "XAUT": 4107.84, "NEAR": 1.92, "BUIDL": 1.0, "USDY": 1.14, "UNI": 3.32, "TAO": 206.53, "PAXG": 4112.63, "WLFI": 0.057813, "HTX": 1.85e-06, "OKB": 79.14, "ASTER": 0.620105, "M": 1.22, "RLUSD": 0.999784, "ONDO": 0.318457, "USDD": 1.0, "USDF": 0.996267, "MNT": 0.428888, "DOT": 0.829154, "AAVE": 90.81, "DEXE": 29.0, "WLD": 0.384582, "MORPHO": 2.07, "SKY": 0.056544, "BFUSD": 0.998151, "ICP": 2.28, "BGB": 1.65, "ETC": 7.0, "PEPE": 2.6e-06, "PI": 0.097022, "U": 0.999982, "EUTBL": 1.21, "BCAP": 106.63, "QNT": 66.18, "KCS": 6.91, "JTRSY": 1.11, "USDGO": 1.0, "STABLE": 0.03522683, "JST": 0.097456, "USTB": 11.14, "POL": 0.076602, "ATOM": 1.56, "RENDER": 1.55, "KAS": 0.02923418, "ALGO": 0.085745, "ADI": 6.03, "BDX": 0.095323, "NEXO": 0.747873, "EURSAFO": 1.15, "USDTB": 0.999248, "ENA": 0.075751, "GT": 6.69, "\u5e01\u5b89\u4eba\u751f": 0.698673, "JUP": 0.208157, "JAAA": 1.041, "BEAT": 2.13, "LIT": 2.48, "FIL": 0.776446, "PUMP": 0.00150655, "GHO": 0.997918, "FLR": 0.00661017, "USD0": 0.998378, "VVV": 11.64, "YLDS": 0.999828, "XDC": 0.02727185, "ARB": 0.085405}}