{"timestamp": 1784357656, "base": "USD", "data": {"BTC": 63933, "ETH": 1843.78, "USDT": 0.99926, "BNB": 566.28, "USDC": 0.999854, "XRP": 1.088, "SOL": 74.99, "TRX": 0.321719, "FIGR_HELOC": 1.026, "HYPE": 59.17, "DOGE": 0.072346, "USDS": 0.999856, "RAIN": 0.01410618, "ZEC": 540.82, "LEO": 9.8, "WBT": 55.75, "XLM": 0.184991, "ADA": 0.166139, "LINK": 8.24, "XMR": 328.26, "CC": 0.126332, "DAI": 0.999857, "BCH": 218.81, "USD1": 0.999201, "GRAM": 1.48, "USDE": 0.999739, "LTC": 45.41, "USDG": 1.001, "USYC": 1.13, "SUI": 0.735252, "HBAR": 0.066129, "PYUSD": 0.999919, "CRO": 0.060843, "AVAX": 6.6, "BUIDL": 1.0, "NEAR": 1.92, "SHIB": 4.17e-06, "XAUT": 4007.87, "UNI": 3.51, "USDY": 1.13, "TAO": 194.28, "WLFI": 0.057777, "ONDO": 0.372184, "PAXG": 4007.67, "OKB": 81.17, "ASTER": 0.621783, "DEXE": 35.61, "M": 1.25, "HTX": 1.81e-06, "RLUSD": 1.0, "USDD": 0.999221, "DOT": 0.845798, "SKY": 0.061132, "USDF": 0.995117, "MNT": 0.420753, "WLD": 0.380656, "AAVE": 88.06, "BFUSD": 0.998412, "MORPHO": 1.98, "ICP": 2.16, "BGB": 1.64, "PEPE": 2.72e-06, "ETC": 7.04, "U": 0.99976, "USDGO": 1.0, "EUTBL": 1.21, "BCAP": 106.19, "QNT": 64.67, "KCS": 6.61, "PI": 0.08207, "STABLE": 0.0355708, "POL": 0.081751, "JTRSY": 1.11, "EURSAFO": 1.15, "ADI": 6.54, "JST": 0.098699, "ATOM": 1.5, "ENA": 0.081336, "KAS": 0.02781015, "RENDER": 1.47, "USTB": 11.15, "NEXO": 0.751253, "ALGO": 0.08239, "BEAT": 2.34, "GT": 6.67, "\u5e01\u5b89\u4eba\u751f": 0.688922, "JAAA": 1.041, "BDX": 0.085459, "PUMP": 0.00163151, "JUP": 0.195204, "FIL": 0.758006, "GHO": 0.998989, "ARB": 0.090312, "FLR": 0.00653044, "LIT": 2.24, "YLDS": 0.999907, "XDC": 0.02792664, "USD0": 0.998815, "VVV": 11.42, "USX": 0.999884}}