{"timestamp": 1779817924, "base": "USD", "data": {"BTC": 75964, "ETH": 2068.62, "USDT": 0.998663, "BNB": 655.76, "XRP": 1.33, "USDC": 0.999814, "SOL": 83.63, "TRX": 0.374464, "FIGR_HELOC": 1.037, "DOGE": 0.101051, "HYPE": 61.56, "USDS": 1.002, "ZEC": 594.79, "LEO": 9.98, "ADA": 0.239684, "XMR": 380.98, "BCH": 344.5, "LINK": 9.4, "WBT": 55.86, "CC": 0.156826, "RAIN": 0.01088921, "TON": 1.9, "XLM": 0.147638, "USD1": 0.998721, "USDE": 0.99883, "DAI": 0.999628, "SUI": 1.013, "LTC": 51.77, "AVAX": 9.17, "M": 2.9, "HBAR": 0.086747, "PYUSD": 1.0, "NEAR": 2.7, "SHIB": 5.5e-06, "CRO": 0.067472, "USYC": 1.12, "USDG": 0.999693, "TAO": 281.84, "XAUT": 4486.86, "BUIDL": 1.0, "USDY": 1.13, "PAXG": 4494.05, "DOT": 1.25, "MNT": 0.635812, "UNI": 3.25, "ONDO": 0.411015, "OKB": 89.06, "WLFI": 0.058695, "HTX": 2.05e-06, "RLUSD": 1.0, "ASTER": 0.680202, "USDF": 0.99577, "SKY": 0.069351, "PI": 0.144091, "USDD": 0.998655, "PEPE": 3.52e-06, "ICP": 2.66, "MORPHO": 2.27, "BGB": 2.01, "ETC": 8.66, "WLD": 0.395267, "BFUSD": 0.9988, "AAVE": 86.01, "RENDER": 2.34, "ATOM": 2.2, "QNT": 76.3, "USDTB": 0.998923, "KCS": 7.97, "EUTBL": 1.22, "U": 1.001, "BCAP": 107.16, "POL": 0.091581, "ALGO": 0.108977, "JTRSY": 1.1, "KAS": 0.03270226, "ENA": 0.09775, "STABLE": 0.03696241, "USTB": 11.09, "NEXO": 0.828244, "VVV": 17.71, "JST": 0.093363, "APT": 0.969763, "FIL": 1.002, "DEXE": 16.16, "GT": 7.0, "FLR": 0.00816441, "ARB": 0.10785, "JUP": 0.199153, "XDC": 0.03160608, "PUMP": 0.00178294, "BDX": 0.078477, "GHO": 0.998785, "INJ": 5.73, "FET": 0.250639, "HASH": 0.01050451, "USD0": 0.998394, "VET": 0.00642546, "DASH": 43.26, "NIGHT": 0.03298992, "OUSG": 115.33}}