{"timestamp": 1780267947, "base": "USD", "data": {"BTC": 73833, "ETH": 2009.35, "USDT": 0.998588, "BNB": 713.34, "XRP": 1.34, "USDC": 0.99965, "SOL": 82.46, "TRX": 0.350432, "FIGR_HELOC": 1.017, "HYPE": 72.49, "DOGE": 0.100364, "USDS": 0.99948, "ZEC": 568.21, "LEO": 10.01, "RAIN": 0.01428494, "ADA": 0.235375, "XLM": 0.256093, "XMR": 365.7, "LINK": 9.14, "WBT": 54.04, "BCH": 302.55, "CC": 0.155802, "TON": 1.89, "USD1": 0.998496, "USDE": 0.99858, "DAI": 0.999227, "HBAR": 0.096456, "LTC": 52.07, "M": 2.98, "AVAX": 8.96, "LAB": 9.5, "SUI": 0.897554, "SHIB": 5.51e-06, "PYUSD": 0.9999, "NEAR": 2.34, "CRO": 0.067486, "USYC": 1.13, "XAUT": 4513.22, "USDG": 0.999841, "TAO": 256.96, "BUIDL": 1.0, "MNT": 0.666729, "USDY": 1.13, "PAXG": 4525.56, "DOT": 1.19, "OKB": 92.51, "UNI": 3.02, "WLFI": 0.059321, "ASTER": 0.726253, "ONDO": 0.365043, "RLUSD": 0.999673, "HTX": 1.85e-06, "USDF": 0.995256, "PI": 0.148121, "SKY": 0.066898, "ICP": 2.73, "BGB": 2.09, "USDD": 0.999132, "PEPE": 3.42e-06, "MORPHO": 2.16, "BFUSD": 0.998349, "ETC": 8.19, "AAVE": 82.17, "WLD": 0.347799, "ALGO": 0.128547, "RENDER": 2.09, "U": 0.999699, "USDTB": 0.998477, "KCS": 7.86, "QNT": 71.76, "EUTBL": 1.23, "ATOM": 1.95, "POL": 0.092753, "BCAP": 107.16, "USTB": 11.1, "STABLE": 0.03864727, "DEXE": 18.97, "JTRSY": 1.1, "VVV": 18.48, "NEXO": 0.850851, "KAS": 0.03052572, "ENA": 0.088329, "JST": 0.093134, "H": 0.448784, "APT": 0.943197, "GT": 7.19, "FIL": 0.936982, "XDC": 0.03369152, "FLR": 0.00772169, "\u5e01\u5b89\u4eba\u751f": 0.657798, "INJ": 6.56, "ARB": 0.103334, "JUP": 0.190976, "PUMP": 0.00179607, "NIGHT": 0.03713691, "BDX": 0.07965, "FET": 0.269888, "HASH": 0.01105515, "GHO": 0.999252, "USD0": 0.998362}}