{"timestamp": 1784470948, "base": "USD", "data": {"BTC": 64435, "ETH": 1869.74, "USDT": 0.999178, "BNB": 567.84, "USDC": 0.999927, "XRP": 1.093, "SOL": 76.13, "TRX": 0.327045, "FIGR_HELOC": 1.042, "HYPE": 60.94, "DOGE": 0.072424, "USDS": 0.999843, "RAIN": 0.01438315, "ZEC": 554.68, "LEO": 9.8, "WBT": 56.26, "XLM": 0.190597, "XMR": 334.77, "LINK": 8.34, "ADA": 0.165379, "CC": 0.126005, "DAI": 0.999715, "BCH": 216.67, "USD1": 0.999105, "USDE": 0.999887, "GRAM": 1.43, "LTC": 47.13, "USDG": 1.001, "SUI": 0.751719, "USYC": 1.13, "HBAR": 0.066623, "PYUSD": 0.999779, "AVAX": 6.44, "CRO": 0.058775, "BUIDL": 1.0, "NEAR": 1.92, "XAUT": 4007.85, "SHIB": 4.14e-06, "UNI": 3.52, "USDY": 1.14, "TAO": 197.88, "WLFI": 0.05711, "PAXG": 4005.36, "ONDO": 0.348324, "OKB": 80.03, "ASTER": 0.621329, "HTX": 1.85e-06, "M": 1.2, "DEXE": 33.55, "RLUSD": 0.999828, "USDD": 0.999179, "USDF": 0.995451, "SKY": 0.060423, "DOT": 0.825662, "MNT": 0.420716, "AAVE": 89.56, "BFUSD": 0.998288, "WLD": 0.371517, "MORPHO": 1.99, "ICP": 2.15, "PEPE": 2.84e-06, "BGB": 1.64, "ETC": 6.91, "PI": 0.098958, "U": 1.0, "USDGO": 0.999815, "EUTBL": 1.21, "BCAP": 106.19, "QNT": 64.16, "KCS": 6.64, "STABLE": 0.03587207, "JTRSY": 1.11, "POL": 0.080769, "EURSAFO": 1.15, "JST": 0.098, "ADI": 6.26, "ATOM": 1.49, "RENDER": 1.48, "ENA": 0.080333, "KAS": 0.02790105, "USTB": 11.15, "NEXO": 0.752471, "ALGO": 0.082094, "BEAT": 2.33, "GT": 6.68, "\u5e01\u5b89\u4eba\u751f": 0.689037, "JAAA": 1.041, "PUMP": 0.00167005, "BDX": 0.082723, "GHO": 0.998866, "JUP": 0.192269, "FIL": 0.725909, "FLR": 0.00654198, "XDC": 0.02838362, "ARB": 0.088649, "YLDS": 0.999806, "LIT": 2.23, "VVV": 11.74, "USD0": 0.998782, "USX": 0.999913}}