{"timestamp": 1778119535, "base": "USD", "data": {"BTC": 81124, "ETH": 2325.23, "USDT": 0.999848, "XRP": 1.41, "BNB": 644.63, "USDC": 0.999832, "SOL": 88.24, "TRX": 0.345816, "FIGR_HELOC": 1.02, "DOGE": 0.110957, "WBT": 59.3, "USDS": 0.999792, "HYPE": 42.65, "ADA": 0.265212, "LEO": 10.33, "BCH": 464.72, "ZEC": 547.91, "XMR": 408.76, "LINK": 9.9, "TON": 2.64, "CC": 0.147015, "XLM": 0.160934, "M": 3.72, "USD1": 0.999456, "DAI": 0.999339, "LTC": 56.27, "AVAX": 9.52, "USDE": 0.999331, "HBAR": 0.090152, "SUI": 0.975563, "SHIB": 6.32e-06, "PYUSD": 0.999897, "RAIN": 0.00713576, "CRO": 0.070097, "USYC": 1.12, "TAO": 305.35, "XAUT": 4702.72, "USDG": 0.999834, "BUIDL": 1.0, "PAXG": 4704.16, "DOT": 1.3, "MNT": 0.659204, "UNI": 3.42, "WLFI": 0.067063, "NEAR": 1.47, "PI": 0.178001, "SKY": 0.079467, "OKB": 86.43, "USDF": 0.998278, "HTX": 1.96e-06, "ASTER": 0.671323, "PEPE": 4.1e-06, "ICP": 2.98, "ONDO": 0.32076, "RLUSD": 0.999899, "BGB": 2.19, "USDD": 0.999823, "ETC": 9.28, "AAVE": 93.09, "MORPHO": 2.22, "USDY": 1.13, "BFUSD": 0.9992, "JTRSY": 1.1, "KCS": 8.38, "ALGO": 0.119357, "ENA": 0.117207, "POL": 0.098366, "USTB": 11.07, "U": 0.999954, "QNT": 70.08, "KAS": 0.03646335, "RENDER": 1.91, "EUTBL": 1.24, "BCAP": 105.77, "ATOM": 1.89, "NEXO": 0.902847, "WLD": 0.251533, "GT": 7.36, "FIL": 1.057, "APT": 1.002, "ARB": 0.124156, "STABLE": 0.03340685, "SKYAI": 0.750925, "JST": 0.08504, "PUMP": 0.00191241, "FLR": 0.0078062, "PENGU": 0.01049122, "DASH": 51.89, "VET": 0.00757166, "JUP": 0.195746, "USDTB": 1.0, "BDX": 0.079876, "OUSG": 115.16, "HASH": 0.01142366, "SIREN": 0.823268, "BONK": 6.71e-06, "XDC": 0.0293649, "GHO": 0.99966, "USD0": 0.998282, "VVV": 12.09}}