{"timestamp": 1782802187, "base": "USD", "data": {"BTC": 59474, "ETH": 1590.72, "USDT": 0.998333, "BNB": 552.4, "USDC": 0.999531, "XRP": 1.048, "SOL": 74.0, "TRX": 0.319182, "FIGR_HELOC": 1.045, "HYPE": 65.4, "DOGE": 0.072334, "RAIN": 0.01587022, "USDS": 0.999434, "LEO": 9.51, "ZEC": 398.79, "XLM": 0.185374, "XMR": 311.57, "WBT": 47.32, "CC": 0.141148, "LINK": 7.3, "ADA": 0.145199, "USD1": 0.998507, "DAI": 0.999474, "LAB": 14.65, "USDE": 0.997941, "GRAM": 1.6, "BCH": 199.17, "LTC": 42.58, "USYC": 1.13, "HBAR": 0.070953, "USDG": 0.999655, "AVAX": 6.6, "SUI": 0.696488, "PYUSD": 0.999634, "SHIB": 4.24e-06, "CRO": 0.053749, "XAUT": 4018.34, "NEAR": 1.86, "BUIDL": 1.0, "USDY": 1.13, "TAO": 206.25, "WLFI": 0.059323, "PAXG": 4020.26, "UNI": 2.88, "OKB": 80.12, "ASTER": 0.622785, "RLUSD": 0.999788, "ONDO": 0.316537, "HTX": 1.67e-06, "WLD": 0.423578, "MNT": 0.429878, "USDF": 0.994813, "AAVE": 91.2, "DOT": 0.815896, "USDD": 0.998584, "BFUSD": 0.997655, "SKY": 0.053444, "MORPHO": 1.91, "PI": 0.113947, "ICP": 2.15, "BGB": 1.61, "ETC": 7.02, "DEXE": 22.89, "U": 0.999405, "PEPE": 2.34e-06, "BCAP": 106.97, "QNT": 66.06, "EUTBL": 1.2, "KCS": 6.93, "STABLE": 0.03873328, "USTB": 11.13, "JTRSY": 1.11, "M": 0.654868, "USDGO": 0.999861, "KAS": 0.03071278, "RENDER": 1.54, "BEAT": 2.74, "ATOM": 1.52, "ALGO": 0.086213, "POL": 0.070349, "USDTB": 0.999767, "JST": 0.08531, "NEXO": 0.709229, "ADI": 5.65, "ENA": 0.075495, "GT": 6.53, "JUP": 0.208979, "BDX": 0.089571, "\u5e01\u5b89\u4eba\u751f": 0.68769, "JAAA": 1.039, "VELVET": 1.58, "VVV": 13.22, "EURSAFO": 1.15, "GHO": 0.99791, "PUMP": 0.00146127, "FIL": 0.72499, "FLR": 0.00651599, "YLDS": 0.999646, "XDC": 0.02779903, "USD0": 0.99833}}