{"timestamp": 1779604178, "base": "USD", "data": {"BTC": 76636, "ETH": 2116.25, "USDT": 0.998783, "BNB": 654.44, "XRP": 1.36, "USDC": 0.999582, "SOL": 85.87, "TRX": 0.362541, "FIGR_HELOC": 1.03, "DOGE": 0.10269, "HYPE": 60.57, "USDS": 0.999697, "ZEC": 633.88, "LEO": 10.06, "ADA": 0.24553, "XMR": 385.28, "BCH": 352.82, "LINK": 9.53, "WBT": 56.57, "CC": 0.162966, "XLM": 0.148109, "TON": 1.79, "USD1": 0.999007, "USDE": 0.999277, "DAI": 0.999419, "SUI": 1.055, "LTC": 53.35, "AVAX": 9.32, "HBAR": 0.089549, "M": 2.88, "PYUSD": 0.999964, "RAIN": 0.00752383, "SHIB": 5.64e-06, "CRO": 0.069532, "NEAR": 2.34, "USYC": 1.13, "USDG": 0.999728, "TAO": 279.46, "XAUT": 4511.99, "BUIDL": 1.0, "UNI": 3.44, "MNT": 0.659544, "DOT": 1.27, "PAXG": 4535.75, "USDY": 1.13, "ONDO": 0.426294, "WLFI": 0.062294, "HTX": 2e-06, "USDF": 0.996257, "RLUSD": 1.0, "ASTER": 0.680395, "OKB": 82.75, "SKY": 0.069942, "PI": 0.150354, "PEPE": 3.61e-06, "USDD": 0.999091, "ICP": 2.59, "ETC": 8.97, "BGB": 1.97, "MORPHO": 2.15, "BFUSD": 0.998501, "AAVE": 86.15, "QNT": 82.03, "KCS": 8.09, "USDTB": 0.999265, "ATOM": 2.09, "EUTBL": 1.22, "WLD": 0.300894, "U": 0.999855, "RENDER": 1.95, "ALGO": 0.112926, "USTB": 11.09, "POL": 0.091013, "BCAP": 105.74, "JTRSY": 1.1, "KAS": 0.03390618, "ENA": 0.099936, "NEXO": 0.87487, "VVV": 18.23, "JST": 0.09337, "STABLE": 0.03423314, "APT": 0.956356, "FIL": 0.96842, "GT": 6.99, "FLR": 0.00838358, "JUP": 0.207015, "ARB": 0.108712, "DEXE": 13.74, "PUMP": 0.00174919, "XDC": 0.03096274, "BDX": 0.078759, "GHO": 0.998874, "HASH": 0.01089662, "DASH": 45.56, "VET": 0.00669584, "PENGU": 0.00904071, "NIGHT": 0.03345054, "USD0": 0.998459, "OUSG": 115.33, "BONK": 6.06e-06}}