{"timestamp": 1782906763, "base": "USD", "data": {"BTC": 58568, "ETH": 1569.73, "USDT": 0.998621, "USDC": 0.999588, "BNB": 542.12, "XRP": 1.037, "SOL": 74.79, "TRX": 0.317065, "FIGR_HELOC": 1.014, "HYPE": 62.58, "DOGE": 0.071084, "RAIN": 0.01556262, "USDS": 0.999494, "LEO": 9.21, "XLM": 0.197358, "ZEC": 393.25, "WBT": 53.52, "XMR": 305.83, "CC": 0.146891, "ADA": 0.150622, "LINK": 7.21, "USD1": 0.999134, "DAI": 0.999576, "USDE": 0.998098, "GRAM": 1.55, "BCH": 204.87, "LTC": 41.84, "USYC": 1.13, "HBAR": 0.069336, "USDG": 0.999713, "AVAX": 6.65, "LAB": 9.07, "SUI": 0.698682, "PYUSD": 0.999907, "SHIB": 4.21e-06, "CRO": 0.053861, "XAUT": 4022.5, "NEAR": 1.79, "BUIDL": 1.0, "USDY": 1.13, "TAO": 197.07, "WLFI": 0.058756, "PAXG": 4023.97, "UNI": 2.74, "OKB": 80.23, "ASTER": 0.625307, "ONDO": 0.310515, "HTX": 1.63e-06, "USDF": 0.995427, "DOT": 0.835385, "RLUSD": 0.999774, "USDD": 0.998792, "WLD": 0.390991, "MNT": 0.404092, "BFUSD": 0.99837, "AAVE": 86.11, "MORPHO": 1.97, "M": 0.970229, "PI": 0.114442, "SKY": 0.052494, "ICP": 2.1, "BGB": 1.6, "ETC": 6.85, "DEXE": 22.57, "U": 0.999304, "BCAP": 106.97, "QNT": 66.01, "PEPE": 2.26e-06, "KCS": 6.73, "EUTBL": 1.2, "STABLE": 0.03755274, "JTRSY": 1.11, "USTB": 11.13, "USDGO": 1.0, "KAS": 0.03084893, "RENDER": 1.5, "ATOM": 1.51, "JUP": 0.233186, "JST": 0.089094, "ALGO": 0.083415, "POL": 0.069696, "ADI": 5.81, "USDTB": 1.0, "NEXO": 0.704272, "BEAT": 2.34, "GT": 6.42, "JAAA": 1.04, "BDX": 0.086537, "ENA": 0.071808, "\u5e01\u5b89\u4eba\u751f": 0.65815, "EURSAFO": 1.15, "VELVET": 1.45, "GHO": 0.997976, "VVV": 12.32, "FIL": 0.727877, "PUMP": 0.0014135, "YLDS": 0.999636, "USD0": 0.998421, "XDC": 0.02775515, "FLR": 0.00635582}}