{"timestamp": 1781333502, "base": "USD", "data": {"BTC": 63659, "ETH": 1667.16, "USDT": 0.999471, "BNB": 601.8, "USDC": 0.999827, "XRP": 1.14, "SOL": 66.98, "TRX": 0.315411, "FIGR_HELOC": 1.031, "DOGE": 0.086624, "HYPE": 58.57, "USDS": 0.999699, "LEO": 9.56, "RAIN": 0.0130063, "ZEC": 413.79, "XMR": 341.24, "ADA": 0.171208, "CC": 0.162575, "XLM": 0.186578, "WBT": 51.95, "LINK": 7.91, "TON": 1.68, "USDE": 0.999578, "USD1": 1.0, "DAI": 0.999833, "BCH": 204.2, "M": 2.94, "HBAR": 0.077357, "LTC": 43.23, "LAB": 9.74, "SUI": 0.752455, "USYC": 1.13, "SHIB": 4.92e-06, "AVAX": 6.61, "PYUSD": 0.999819, "CRO": 0.059641, "USDG": 0.999868, "NEAR": 2.02, "XAUT": 4201.36, "BEAT": 8.59, "BUIDL": 1.0, "USDY": 1.14, "TAO": 217.98, "PAXG": 4212.04, "WLFI": 0.059802, "MNT": 0.541174, "ONDO": 0.355535, "ASTER": 0.637295, "DOT": 0.973762, "RLUSD": 0.99996, "WLD": 0.474392, "OKB": 74.73, "UNI": 2.5, "HTX": 1.69e-06, "USDF": 0.995641, "PI": 0.127367, "USDD": 0.999617, "ICP": 2.41, "BFUSD": 0.999184, "SKY": 0.056286, "MORPHO": 2.0, "BGB": 1.78, "PEPE": 2.81e-06, "ETC": 7.15, "ATOM": 1.99, "U": 1.0, "AAVE": 65.68, "BCAP": 106.96, "EUTBL": 1.22, "QNT": 66.41, "USTB": 11.11, "USDTB": 0.999883, "KCS": 6.73, "DEXE": 19.23, "RENDER": 1.69, "JTRSY": 1.11, "STABLE": 0.03676296, "KAS": 0.03111634, "POL": 0.074617, "NEXO": 0.79284, "ALGO": 0.088234, "VVV": 16.95, "ENA": 0.078909, "GT": 6.67, "JAAA": 1.038, "\u5e01\u5b89\u4eba\u751f": 0.678444, "FLR": 0.00787997, "JST": 0.076869, "XDC": 0.03047527, "FIL": 0.767173, "GHO": 0.999094, "BDX": 0.076791, "NIGHT": 0.03469273, "JUP": 0.173432, "YLDS": 0.999703, "APT": 0.666918, "USD0": 0.998645, "HASH": 0.01006608, "PUMP": 0.00153861, "ARB": 0.08472}}