{"timestamp": 1782762283, "base": "USD", "data": {"BTC": 60283, "ETH": 1620.74, "USDT": 0.998506, "BNB": 560.53, "USDC": 0.999652, "XRP": 1.07, "SOL": 75.74, "TRX": 0.32112, "FIGR_HELOC": 1.034, "HYPE": 66.63, "DOGE": 0.073824, "RAIN": 0.01595903, "USDS": 0.999519, "LEO": 9.52, "ZEC": 406.15, "XLM": 0.177048, "XMR": 313.24, "WBT": 48.05, "CC": 0.145255, "LINK": 7.45, "ADA": 0.147345, "LAB": 15.24, "USD1": 0.99908, "DAI": 0.999486, "USDE": 0.998206, "GRAM": 1.61, "BCH": 202.09, "LTC": 43.29, "HBAR": 0.071759, "USYC": 1.13, "USDG": 0.999975, "AVAX": 6.72, "SUI": 0.703468, "PYUSD": 0.999901, "SHIB": 4.3e-06, "CRO": 0.054422, "NEAR": 1.9, "XAUT": 4007.59, "BUIDL": 1.0, "USDY": 1.14, "TAO": 208.45, "WLFI": 0.058917, "UNI": 2.98, "PAXG": 4010.2, "ASTER": 0.627775, "OKB": 79.41, "RLUSD": 0.999914, "ONDO": 0.31918, "HTX": 1.68e-06, "WLD": 0.429354, "USDF": 0.995071, "AAVE": 93.21, "MNT": 0.425799, "DOT": 0.830933, "USDD": 0.998604, "BFUSD": 0.998291, "PI": 0.117405, "SKY": 0.053022, "ICP": 2.18, "MORPHO": 1.83, "BGB": 1.62, "ETC": 7.14, "DEXE": 22.51, "U": 0.999605, "PEPE": 2.4e-06, "BCAP": 106.97, "QNT": 66.09, "EUTBL": 1.2, "KCS": 6.96, "STABLE": 0.03855721, "JTRSY": 1.11, "USTB": 11.13, "USDGO": 0.999823, "RENDER": 1.58, "KAS": 0.02971657, "ATOM": 1.54, "M": 0.596254, "BEAT": 2.72, "ALGO": 0.086204, "POL": 0.071294, "JST": 0.087306, "NEXO": 0.736283, "USDTB": 0.999649, "ENA": 0.078636, "JUP": 0.219423, "GT": 6.65, "VELVET": 1.67, "\u5e01\u5b89\u4eba\u751f": 0.697462, "BDX": 0.089677, "ADI": 5.48, "JAAA": 1.039, "VVV": 13.67, "EURSAFO": 1.15, "PUMP": 0.00150778, "GHO": 0.997925, "FIL": 0.74093, "FLR": 0.00657782, "YLDS": 0.999657, "XDC": 0.02809629, "USD0": 0.998445}}