{"timestamp": 1783270665, "base": "USD", "data": {"BTC": 62583, "ETH": 1770.59, "USDT": 0.999045, "BNB": 585.54, "USDC": 0.999756, "XRP": 1.13, "SOL": 80.99, "TRX": 0.328384, "FIGR_HELOC": 1.009, "HYPE": 69.2, "DOGE": 0.07693, "USDS": 0.999747, "RAIN": 0.01530754, "LEO": 9.21, "ZEC": 461.11, "ADA": 0.189821, "XLM": 0.199195, "WBT": 56.56, "XMR": 331.27, "LINK": 7.95, "CC": 0.141072, "LAB": 16.1, "GRAM": 1.77, "BCH": 239.37, "DAI": 0.999894, "USD1": 0.998642, "USDE": 0.998524, "LTC": 45.05, "HBAR": 0.074962, "USYC": 1.13, "SUI": 0.753461, "USDG": 0.999878, "AVAX": 6.92, "PYUSD": 0.999977, "CRO": 0.059979, "NEAR": 1.97, "SHIB": 4.33e-06, "XAUT": 4160.79, "BUIDL": 1.0, "USDY": 1.14, "TAO": 211.32, "UNI": 3.15, "WLFI": 0.059591, "PAXG": 4164.01, "M": 1.42, "ASTER": 0.642229, "OKB": 80.0, "HTX": 1.78e-06, "ONDO": 0.326778, "RLUSD": 0.999804, "DOT": 0.875, "MNT": 0.435966, "USDF": 0.996273, "USDD": 1.001, "WLD": 0.401504, "AAVE": 88.94, "BFUSD": 0.9984, "SKY": 0.055226, "MORPHO": 1.92, "PI": 0.113414, "ICP": 2.18, "BGB": 1.71, "DEXE": 24.4, "PEPE": 2.7e-06, "ETC": 7.14, "U": 0.999905, "KCS": 7.2, "EUTBL": 1.21, "BCAP": 106.97, "QNT": 66.93, "USDGO": 0.999769, "JTRSY": 1.11, "USTB": 11.13, "BEAT": 2.78, "KAS": 0.03090963, "STABLE": 0.0347059, "RENDER": 1.59, "JUP": 0.244931, "ATOM": 1.56, "ALGO": 0.08976, "JST": 0.092298, "POL": 0.073021, "NEXO": 0.762432, "ENA": 0.078152, "\u5e01\u5b89\u4eba\u751f": 0.733852, "ADI": 5.81, "USDTB": 1.0, "GT": 6.74, "BDX": 0.089304, "EURSAFO": 1.15, "JAAA": 1.04, "PUMP": 0.00161437, "FIL": 0.784195, "LIT": 2.45, "FLR": 0.00702111, "GHO": 0.998274, "XDC": 0.02825522, "VVV": 11.78, "NIGHT": 0.03350105, "USD0": 0.998527}}