{"timestamp": 1780855132, "base": "USD", "data": {"BTC": 62154, "ETH": 1631.33, "USDT": 0.999577, "BNB": 596.37, "USDC": 0.999751, "XRP": 1.14, "SOL": 65.31, "TRX": 0.326967, "FIGR_HELOC": 1.033, "HYPE": 58.9, "DOGE": 0.084752, "USDS": 0.999735, "LEO": 9.5, "RAIN": 0.01330793, "ZEC": 419.91, "XLM": 0.205729, "CC": 0.166067, "ADA": 0.162933, "XMR": 310.26, "LINK": 7.73, "WBT": 44.4, "USD1": 0.999413, "TON": 1.73, "USDE": 0.999544, "BCH": 224.25, "DAI": 0.999643, "LAB": 13.33, "M": 3.11, "HBAR": 0.081385, "LTC": 41.97, "SUI": 0.749491, "AVAX": 6.68, "PYUSD": 1.0, "USYC": 1.13, "SHIB": 4.7e-06, "CRO": 0.060089, "XAUT": 4303.02, "NEAR": 2.03, "USDG": 1.0, "BUIDL": 1.0, "USDY": 1.13, "TAO": 209.01, "PAXG": 4307.59, "MNT": 0.539439, "WLFI": 0.055083, "RLUSD": 0.999837, "ONDO": 0.342784, "ASTER": 0.635894, "DOT": 0.966595, "WLD": 0.481857, "HTX": 1.76e-06, "UNI": 2.52, "OKB": 71.34, "USDF": 0.996407, "H": 0.780586, "PI": 0.130189, "USDD": 0.999701, "SKY": 0.057343, "BFUSD": 0.999321, "ICP": 2.36, "BGB": 1.84, "PEPE": 2.78e-06, "ETC": 7.05, "MORPHO": 1.7, "USDTB": 1.0, "QNT": 68.93, "U": 1.0, "EUTBL": 1.21, "BCAP": 107.06, "USTB": 11.1, "AAVE": 62.73, "SIREN": 1.26, "DEXE": 19.92, "BEAT": 3.11, "JTRSY": 1.11, "ATOM": 1.69, "RENDER": 1.66, "KCS": 6.34, "POL": 0.079019, "KAS": 0.03056273, "\u5e01\u5b89\u4eba\u751f": 0.831433, "ALGO": 0.092976, "ENA": 0.089376, "STABLE": 0.03461578, "VVV": 16.72, "NEXO": 0.761588, "GT": 6.28, "JST": 0.076856, "BDX": 0.078781, "FLR": 0.00699084, "FIL": 0.757145, "XDC": 0.02966091, "GHO": 0.999213, "USD0": 0.998649, "APT": 0.66909, "INJ": 5.32, "YLDS": 0.99986, "PUMP": 0.00150391, "HASH": 0.00965981, "A7A5": 0.01315529}}