{"timestamp": 1778142000, "base": "USD", "data": {"BTC": 81473, "ETH": 2340.38, "USDT": 0.999874, "BNB": 651.0, "XRP": 1.42, "USDC": 0.99979, "SOL": 89.99, "TRX": 0.344694, "FIGR_HELOC": 1.02, "DOGE": 0.111564, "WBT": 59.6, "USDS": 0.999773, "HYPE": 43.37, "ADA": 0.268135, "LEO": 10.34, "ZEC": 562.91, "BCH": 461.11, "XMR": 417.77, "LINK": 10.09, "TON": 2.7, "CC": 0.147309, "XLM": 0.162139, "M": 3.88, "USD1": 0.9998, "DAI": 0.999299, "LTC": 57.02, "AVAX": 9.66, "SUI": 1.002, "HBAR": 0.091469, "USDE": 0.999318, "SHIB": 6.38e-06, "PYUSD": 0.999806, "RAIN": 0.00714649, "CRO": 0.070861, "USYC": 1.12, "TAO": 310.48, "XAUT": 4725.36, "USDG": 0.999894, "BUIDL": 1.0, "PAXG": 4728.39, "DOT": 1.32, "MNT": 0.670227, "UNI": 3.49, "WLFI": 0.068239, "NEAR": 1.5, "PI": 0.17851, "SKY": 0.08008, "OKB": 87.18, "USDF": 0.998204, "PEPE": 4.24e-06, "HTX": 1.96e-06, "ASTER": 0.676829, "ONDO": 0.352739, "ICP": 3.0, "RLUSD": 0.99995, "BGB": 2.16, "USDD": 0.999902, "ETC": 9.33, "AAVE": 94.24, "MORPHO": 2.16, "USDY": 1.13, "BFUSD": 0.9991, "JTRSY": 1.1, "ALGO": 0.128863, "KCS": 8.44, "ENA": 0.123344, "POL": 0.100019, "RENDER": 2.01, "USTB": 11.07, "U": 0.999908, "QNT": 70.26, "KAS": 0.03719255, "EUTBL": 1.24, "ATOM": 1.94, "BCAP": 105.77, "NEXO": 0.900861, "WLD": 0.260194, "FIL": 1.1, "GT": 7.4, "APT": 1.025, "ARB": 0.128227, "STABLE": 0.03335863, "SIREN": 1.005, "JST": 0.08523, "PUMP": 0.00201605, "FLR": 0.00789465, "JUP": 0.20289, "VET": 0.00775466, "DASH": 52.25, "PENGU": 0.01053476, "SKYAI": 0.634827, "USDTB": 0.999939, "VIRTUAL": 0.95489, "BDX": 0.07994, "OUSG": 115.16, "BONK": 6.88e-06, "HASH": 0.01138684, "XDC": 0.02965762, "GHO": 0.999671, "VVV": 12.61}}