{"timestamp": 1776941892, "base": "USD", "data": {"BTC": 77369, "ETH": 2313.73, "USDT": 1.0, "XRP": 1.41, "BNB": 632.07, "USDC": 0.999707, "SOL": 85.38, "TRX": 0.328292, "FIGR_HELOC": 1.036, "DOGE": 0.095668, "WBT": 54.73, "USDS": 1.0, "HYPE": 40.74, "LEO": 10.29, "ADA": 0.245887, "BCH": 453.49, "XMR": 374.59, "LINK": 9.21, "M": 4.59, "XLM": 0.175238, "CC": 0.15155, "ZEC": 314.74, "DAI": 0.999628, "USD1": 0.999563, "LTC": 55.11, "USDE": 0.999323, "AVAX": 9.22, "HBAR": 0.090015, "SUI": 0.932758, "RAIN": 0.00754986, "SHIB": 6.06e-06, "PYUSD": 0.999987, "TON": 1.33, "CRO": 0.069511, "USYC": 1.12, "XAUT": 4678.98, "BUIDL": 1.0, "WLFI": 0.076779, "USDG": 0.999755, "TAO": 241.49, "PAXG": 4681.44, "DOT": 1.24, "MNT": 0.63134, "UNI": 3.23, "SKY": 0.081483, "USDF": 0.997485, "NEAR": 1.37, "OKB": 83.32, "PI": 0.167679, "HTX": 1.83e-06, "ASTER": 0.669402, "PEPE": 3.75e-06, "JTRSY": 1.1, "RLUSD": 0.999828, "AAVE": 91.45, "USDD": 1.0, "ICP": 2.45, "BGB": 1.93, "USDY": 1.13, "BFUSD": 0.999699, "ETC": 8.4, "ONDO": 0.255832, "GT": 7.34, "KCS": 8.38, "PUMP": 0.0017867, "QNT": 72.16, "MORPHO": 1.87, "U": 0.99974, "EUTBL": 1.23, "POL": 0.093016, "ATOM": 1.85, "RENDER": 1.78, "KAS": 0.03347436, "ENA": 0.104553, "NEXO": 0.899171, "ALGO": 0.100824, "USDTB": 0.999835, "WLD": 0.259653, "USTB": 11.06, "APT": 0.940374, "BCAP": 82.76, "ARB": 0.123957, "JST": 0.083656, "FIL": 0.915137, "FLR": 0.0078935, "TRUMP": 2.85, "STABLE": 0.02980608, "BDX": 0.079864, "VET": 0.00711732, "NIGHT": 0.03674641, "HASH": 0.01064354, "OUSG": 115.01, "JUP": 0.168714, "XDC": 0.03000214, "GHO": 0.999027, "DEXE": 12.43, "USD0": 0.997948, "YLDS": 0.999852, "BONK": 6.26e-06, "PENGU": 0.00831026}}