{"timestamp": 1778665031, "base": "USD", "data": {"BTC": 81194, "ETH": 2319.56, "USDT": 0.999615, "BNB": 684.87, "XRP": 1.46, "USDC": 1.0, "SOL": 95.71, "TRX": 0.350286, "FIGR_HELOC": 1.037, "DOGE": 0.113554, "WBT": 59.67, "USDS": 0.999679, "ADA": 0.276266, "HYPE": 40.1, "ZEC": 555.1, "LEO": 9.99, "BCH": 440.32, "LINK": 10.76, "XMR": 411.01, "TON": 2.27, "CC": 0.15241, "XLM": 0.165086, "SUI": 1.25, "LTC": 58.74, "USD1": 0.999233, "DAI": 0.999837, "AVAX": 10.1, "M": 3.28, "HBAR": 0.095338, "USDE": 0.999461, "SHIB": 6.52e-06, "RAIN": 0.00756041, "USDG": 0.999849, "CRO": 0.080103, "PYUSD": 0.999868, "USYC": 1.12, "TAO": 307.75, "XAUT": 4684.38, "UNI": 3.82, "BUIDL": 1.0, "DOT": 1.42, "MNT": 0.67557, "PAXG": 4683.15, "WLFI": 0.068221, "NEAR": 1.61, "ONDO": 0.401442, "USDY": 1.13, "ICP": 3.31, "OKB": 86.24, "PI": 0.172588, "SKY": 0.076937, "USDF": 0.999864, "HTX": 1.96e-06, "PEPE": 4.23e-06, "ASTER": 0.681933, "RLUSD": 1.0, "AAVE": 99.5, "ETC": 9.54, "USDD": 0.999796, "BGB": 2.09, "MORPHO": 2.1, "BFUSD": 0.999199, "KCS": 8.48, "ENA": 0.124859, "JTRSY": 1.1, "ALGO": 0.12325, "ATOM": 2.14, "QNT": 73.86, "POL": 0.100727, "KAS": 0.03835552, "U": 1.0, "RENDER": 1.95, "USTB": 11.08, "EUTBL": 1.23, "BCAP": 105.87, "WLD": 0.284363, "NEXO": 0.917536, "APT": 1.12, "ARB": 0.142971, "SIREN": 1.2, "FIL": 1.11, "STABLE": 0.03766248, "JUP": 0.238232, "GT": 7.34, "JST": 0.091103, "FLR": 0.00883195, "PUMP": 0.00201304, "B": 0.692323, "VVV": 14.99, "VET": 0.00769209, "XDC": 0.03262406, "BONK": 7.22e-06, "USDTB": 0.999485, "BDX": 0.079679, "DEXE": 13.08, "OUSG": 115.22, "PENGU": 0.00952946, "HASH": 0.01120687, "DASH": 46.3, "TRUMP": 2.46}}