{"timestamp": 1776963270, "base": "USD", "data": {"BTC": 78330, "ETH": 2330.81, "USDT": 1.0, "XRP": 1.43, "BNB": 640.05, "USDC": 0.999869, "SOL": 86.09, "TRX": 0.329727, "FIGR_HELOC": 1.035, "DOGE": 0.09722, "WBT": 55.36, "USDS": 0.999752, "HYPE": 41.64, "LEO": 10.29, "ADA": 0.250049, "BCH": 458.16, "XMR": 377.01, "LINK": 9.33, "XLM": 0.177978, "CC": 0.15021, "M": 4.22, "ZEC": 327.42, "DAI": 0.999757, "USD1": 1.0, "LTC": 55.73, "USDE": 0.999475, "AVAX": 9.38, "HBAR": 0.09078, "SUI": 0.947315, "SHIB": 6.17e-06, "RAIN": 0.00756541, "PYUSD": 0.999899, "TON": 1.33, "CRO": 0.070056, "USYC": 1.12, "XAUT": 4720.89, "BUIDL": 1.0, "WLFI": 0.077885, "TAO": 246.01, "USDG": 0.999933, "PAXG": 4723.72, "MNT": 0.641108, "DOT": 1.25, "UNI": 3.29, "SKY": 0.084829, "NEAR": 1.41, "USDF": 0.996963, "OKB": 84.02, "PI": 0.167992, "HTX": 1.83e-06, "ASTER": 0.674836, "PEPE": 3.82e-06, "JTRSY": 1.1, "RLUSD": 1.0, "AAVE": 93.6, "USDD": 1.0, "ICP": 2.49, "BGB": 1.94, "ETC": 8.51, "USDY": 1.13, "BFUSD": 0.9999, "ONDO": 0.263439, "KCS": 8.47, "GT": 7.37, "PUMP": 0.00181935, "QNT": 73.48, "MORPHO": 1.89, "U": 1.0, "EUTBL": 1.23, "POL": 0.096108, "ATOM": 1.89, "ENA": 0.107394, "RENDER": 1.81, "KAS": 0.03417084, "ALGO": 0.103864, "NEXO": 0.90276, "WLD": 0.262074, "USTB": 11.06, "ARB": 0.128404, "APT": 0.954528, "BCAP": 82.76, "FIL": 0.931946, "JST": 0.081976, "USDTB": 1.0, "FLR": 0.00795938, "TRUMP": 2.87, "STABLE": 0.02934661, "VET": 0.00731606, "BDX": 0.080038, "JUP": 0.173257, "NIGHT": 0.03671432, "OUSG": 115.01, "XDC": 0.02985449, "DEXE": 12.6, "HASH": 0.01022042, "GHO": 0.999087, "BONK": 6.45e-06, "USD0": 0.998268, "YLDS": 0.999805, "PENGU": 0.00863985}}