{"timestamp": 1783886546, "base": "USD", "data": {"BTC": 64198, "ETH": 1820.31, "USDT": 0.999364, "BNB": 579.41, "USDC": 0.999774, "XRP": 1.1, "SOL": 77.65, "TRX": 0.331492, "FIGR_HELOC": 1.041, "HYPE": 68.19, "DOGE": 0.073618, "USDS": 0.999745, "RAIN": 0.01444683, "ZEC": 538.62, "LEO": 9.56, "WBT": 56.29, "XLM": 0.189767, "XMR": 330.2, "ADA": 0.164293, "LINK": 8.07, "CC": 0.134829, "BCH": 246.63, "DAI": 0.999872, "GRAM": 1.64, "USD1": 0.999062, "USDE": 0.999733, "LTC": 44.62, "USDG": 0.999804, "USYC": 1.13, "SUI": 0.74133, "HBAR": 0.067694, "BUIDL": 1.0, "PYUSD": 0.999678, "AVAX": 6.47, "CRO": 0.055954, "SHIB": 4.29e-06, "NEAR": 1.93, "XAUT": 4091.07, "UNI": 3.68, "DEXE": 47.73, "USDY": 1.14, "TAO": 212.91, "PAXG": 4093.57, "WLFI": 0.057797, "OKB": 80.75, "HTX": 1.86e-06, "ASTER": 0.6249, "M": 1.21, "ONDO": 0.325868, "USDD": 0.999185, "WLD": 0.438533, "RLUSD": 1.0, "AAVE": 98.47, "DOT": 0.844397, "USDF": 0.996391, "SKY": 0.060851, "MNT": 0.422565, "MORPHO": 2.02, "BFUSD": 0.998779, "ICP": 2.26, "BGB": 1.7, "PEPE": 2.8e-06, "ETC": 6.91, "PI": 0.097373, "U": 0.999992, "EUTBL": 1.2, "BCAP": 106.63, "KCS": 7.03, "QNT": 65.73, "USDGO": 0.999901, "STABLE": 0.0372019, "JTRSY": 1.11, "JST": 0.10108, "ADI": 6.88, "POL": 0.080823, "ATOM": 1.58, "BEAT": 2.66, "RENDER": 1.55, "KAS": 0.02874306, "USTB": 11.14, "ENA": 0.081306, "EURSAFO": 1.15, "ALGO": 0.08415, "NEXO": 0.744162, "USDTB": 1.001, "GT": 6.73, "\u5e01\u5b89\u4eba\u751f": 0.710561, "JAAA": 1.041, "JUP": 0.203602, "LIT": 2.66, "BDX": 0.083999, "FIL": 0.777652, "GHO": 0.998426, "ARB": 0.093878, "PUMP": 0.00145738, "FLR": 0.00652498, "USD0": 0.998751, "XDC": 0.02715599, "YLDS": 0.999858, "USX": 0.999911}}