{"timestamp": 1778617606, "base": "USD", "data": {"BTC": 80774, "ETH": 2284.96, "USDT": 0.999664, "BNB": 664.95, "XRP": 1.44, "USDC": 0.999887, "SOL": 94.88, "TRX": 0.349553, "FIGR_HELOC": 1.033, "DOGE": 0.109928, "WBT": 59.26, "USDS": 0.999698, "ADA": 0.271745, "HYPE": 40.33, "LEO": 10.18, "ZEC": 550.76, "BCH": 440.17, "XMR": 411.39, "LINK": 10.31, "TON": 2.31, "CC": 0.153151, "XLM": 0.162641, "SUI": 1.25, "LTC": 57.84, "USD1": 0.998944, "DAI": 0.999692, "M": 3.3, "AVAX": 9.86, "HBAR": 0.093676, "USDE": 0.999541, "SHIB": 6.43e-06, "RAIN": 0.00751426, "USDG": 0.999702, "PYUSD": 0.999824, "CRO": 0.078272, "USYC": 1.12, "TAO": 308.97, "XAUT": 4708.07, "BUIDL": 1.0, "UNI": 3.77, "DOT": 1.34, "PAXG": 4707.79, "MNT": 0.669305, "WLFI": 0.066961, "NEAR": 1.61, "ONDO": 0.393967, "USDY": 1.13, "PI": 0.172127, "OKB": 85.29, "HTX": 1.97e-06, "USDF": 0.999178, "ICP": 3.19, "PEPE": 4.16e-06, "SKY": 0.074932, "ASTER": 0.673826, "RLUSD": 0.999983, "USDD": 0.99972, "ETC": 9.39, "AAVE": 96.71, "BGB": 2.09, "BFUSD": 0.999598, "MORPHO": 2.06, "KCS": 8.36, "JTRSY": 1.1, "ATOM": 2.17, "ENA": 0.121508, "ALGO": 0.122697, "QNT": 72.77, "KAS": 0.03835627, "POL": 0.098709, "U": 1.0, "USTB": 11.08, "EUTBL": 1.23, "RENDER": 1.89, "BCAP": 105.87, "NEXO": 0.916945, "WLD": 0.268126, "APT": 1.086, "STABLE": 0.03873976, "FIL": 1.098, "SIREN": 1.17, "ARB": 0.137373, "GT": 7.35, "JUP": 0.233892, "JST": 0.0903, "FLR": 0.00868484, "VVV": 16.12, "PUMP": 0.00196827, "VET": 0.00749454, "B": 0.643796, "XDC": 0.03163543, "USDTB": 0.999171, "BONK": 7.11e-06, "BDX": 0.07966, "DEXE": 13.09, "PENGU": 0.00959016, "OUSG": 115.21, "DASH": 46.14, "GHO": 0.999445, "NIGHT": 0.03392798}}