{"timestamp": 1778897343, "base": "USD", "data": {"BTC": 79143, "ETH": 2229.26, "USDT": 0.999429, "BNB": 670.17, "XRP": 1.44, "USDC": 0.999795, "SOL": 89.22, "TRX": 0.351986, "FIGR_HELOC": 1.031, "DOGE": 0.11266, "WBT": 58.43, "USDS": 0.999764, "HYPE": 43.44, "ADA": 0.261666, "LEO": 10.2, "ZEC": 513.93, "BCH": 425.63, "LINK": 10.08, "XMR": 382.71, "CC": 0.157773, "TON": 1.98, "XLM": 0.155029, "USD1": 0.999706, "LTC": 57.3, "SUI": 1.096, "DAI": 0.999599, "USDE": 0.999708, "M": 3.2, "AVAX": 9.55, "HBAR": 0.092871, "SHIB": 6.13e-06, "RAIN": 0.00748294, "PYUSD": 0.999724, "CRO": 0.073017, "USDG": 0.999637, "USYC": 1.12, "TAO": 282.75, "XAUT": 4539.85, "BUIDL": 1.0, "UNI": 3.6, "DOT": 1.31, "MNT": 0.661746, "PAXG": 4540.02, "WLFI": 0.065496, "NEAR": 1.54, "USDY": 1.13, "OKB": 85.44, "USDF": 0.99778, "HTX": 1.95e-06, "PI": 0.167274, "ONDO": 0.360838, "ASTER": 0.669396, "SKY": 0.071388, "PEPE": 3.91e-06, "RLUSD": 1.0, "USDD": 0.999142, "ICP": 2.62, "BGB": 2.06, "ETC": 9.2, "AAVE": 92.84, "BFUSD": 0.998993, "QNT": 80.37, "MORPHO": 1.83, "KCS": 8.22, "USDTB": 0.999043, "JTRSY": 1.1, "U": 0.999468, "EUTBL": 1.22, "ALGO": 0.113982, "USTB": 11.08, "ENA": 0.111132, "RENDER": 1.91, "ATOM": 1.93, "POL": 0.091578, "BCAP": 105.87, "KAS": 0.03512361, "NEXO": 0.884764, "WLD": 0.246463, "APT": 0.991084, "FLR": 0.00935648, "FIL": 1.015, "JST": 0.09134, "STABLE": 0.03364036, "GT": 7.22, "ARB": 0.124838, "JUP": 0.210598, "XDC": 0.03276152, "PUMP": 0.00179925, "VVV": 13.43, "DEXE": 13.22, "BDX": 0.078627, "VET": 0.00705938, "HASH": 0.01132261, "GHO": 0.999358, "BONK": 6.54e-06, "UB": 0.229595, "OUSG": 115.25, "USD0": 0.997752, "PENGU": 0.00881338, "DASH": 43.05}}