{"timestamp": 1782196862, "base": "USD", "data": {"BTC": 62830, "ETH": 1687.71, "USDT": 0.99876, "BNB": 579.97, "USDC": 0.999689, "XRP": 1.11, "SOL": 70.1, "TRX": 0.331224, "FIGR_HELOC": 1.035, "HYPE": 64.16, "DOGE": 0.080258, "USDS": 0.999674, "RAIN": 0.01590644, "LEO": 9.55, "ZEC": 423.77, "XLM": 0.194841, "WBT": 51.16, "XMR": 320.72, "ADA": 0.154622, "CC": 0.148888, "LINK": 7.68, "LAB": 16.72, "USD1": 0.999027, "DAI": 0.999482, "GRAM": 1.71, "USDE": 0.998659, "M": 2.91, "BCH": 190.45, "LTC": 43.9, "HBAR": 0.07761, "USYC": 1.13, "USDG": 1.0, "SUI": 0.685729, "PYUSD": 0.999898, "SHIB": 4.55e-06, "AVAX": 6.12, "NEAR": 2.03, "CRO": 0.056945, "XAUT": 4101.97, "BUIDL": 1.0, "USDY": 1.14, "TAO": 222.28, "WLD": 0.582782, "PAXG": 4109.56, "WLFI": 0.05751, "UNI": 2.89, "MNT": 0.521275, "ASTER": 0.619176, "OKB": 77.53, "RLUSD": 0.999962, "HTX": 1.73e-06, "DOT": 0.91486, "ONDO": 0.314357, "USDF": 0.995663, "PI": 0.12935, "USDD": 0.998771, "SKY": 0.058227, "BFUSD": 0.99847, "ICP": 2.19, "BGB": 1.73, "PEPE": 2.73e-06, "MORPHO": 1.75, "ETC": 7.03, "AAVE": 71.99, "DEXE": 21.81, "U": 0.999807, "USTB": 11.12, "QNT": 68.26, "BCAP": 107.03, "KCS": 7.09, "EUTBL": 1.2, "USDTB": 0.999354, "ATOM": 1.76, "JTRSY": 1.11, "STABLE": 0.03506105, "POL": 0.077683, "RENDER": 1.58, "ENA": 0.087689, "ALGO": 0.08955, "KAS": 0.02891522, "NEXO": 0.771803, "JAAA": 1.039, "\u5e01\u5b89\u4eba\u751f": 0.711569, "JST": 0.082253, "GT": 6.59, "JUP": 0.208309, "VVV": 14.35, "BDX": 0.081907, "FLR": 0.00716512, "FIL": 0.774811, "GHO": 0.998092, "EURSAFO": 1.15, "XDC": 0.02873644, "HASH": 0.01042986, "USD0": 0.998863, "ADI": 4.4, "YLDS": 0.999723, "NIGHT": 0.03217869, "APT": 0.636691, "ARB": 0.079886}}