{"timestamp": 1779641997, "base": "USD", "data": {"BTC": 76565, "ETH": 2100.67, "USDT": 0.998764, "BNB": 655.91, "XRP": 1.35, "USDC": 0.999821, "SOL": 85.52, "TRX": 0.365331, "FIGR_HELOC": 1.03, "DOGE": 0.102129, "HYPE": 63.41, "USDS": 0.999521, "ZEC": 662.56, "LEO": 10.04, "ADA": 0.242686, "XMR": 391.63, "BCH": 350.28, "LINK": 9.45, "WBT": 56.43, "CC": 0.165958, "XLM": 0.146856, "USD1": 0.998884, "TON": 1.75, "USDE": 0.998742, "DAI": 0.999718, "SUI": 1.044, "LTC": 52.77, "AVAX": 9.24, "HBAR": 0.088762, "M": 2.92, "PYUSD": 0.999787, "RAIN": 0.00744408, "SHIB": 5.57e-06, "NEAR": 2.42, "CRO": 0.069202, "USYC": 1.13, "USDG": 0.999714, "XAUT": 4505.09, "TAO": 277.07, "BUIDL": 1.0, "MNT": 0.65443, "UNI": 3.39, "ONDO": 0.442309, "USDY": 1.13, "PAXG": 4520.22, "DOT": 1.26, "WLFI": 0.061293, "ASTER": 0.709199, "HTX": 2.01e-06, "USDF": 0.996521, "RLUSD": 0.999973, "OKB": 82.84, "SKY": 0.069788, "PI": 0.150103, "USDD": 0.999607, "PEPE": 3.58e-06, "MORPHO": 2.25, "ICP": 2.56, "ETC": 8.93, "BGB": 1.97, "BFUSD": 0.998508, "AAVE": 85.91, "QNT": 81.06, "USDTB": 0.998962, "KCS": 8.04, "EUTBL": 1.22, "ATOM": 2.05, "U": 0.999331, "RENDER": 1.97, "WLD": 0.297414, "ALGO": 0.112267, "USTB": 11.09, "BCAP": 105.74, "POL": 0.090345, "JTRSY": 1.1, "VVV": 19.98, "KAS": 0.03324276, "ENA": 0.099311, "NEXO": 0.857665, "JST": 0.093407, "APT": 0.949427, "STABLE": 0.03352216, "FIL": 0.95628, "GT": 7.01, "FLR": 0.00831484, "DEXE": 15.32, "JUP": 0.202484, "ARB": 0.105746, "XDC": 0.03091514, "PUMP": 0.00174493, "BDX": 0.078756, "GHO": 0.998874, "DASH": 45.5, "VET": 0.00663432, "NIGHT": 0.03427464, "PENGU": 0.00900791, "USD0": 0.998596, "OUSG": 115.33, "HASH": 0.01032494, "BONK": 6e-06}}