{"timestamp": 1780091184, "base": "USD", "data": {"BTC": 73508, "ETH": 2012.72, "USDT": 0.998657, "BNB": 642.01, "XRP": 1.32, "USDC": 0.999651, "SOL": 81.92, "TRX": 0.344192, "FIGR_HELOC": 1.034, "DOGE": 0.099928, "HYPE": 64.69, "USDS": 0.999571, "LEO": 9.95, "RAIN": 0.01446441, "ZEC": 533.11, "ADA": 0.233324, "XLM": 0.243563, "XMR": 376.41, "LINK": 9.0, "WBT": 53.95, "BCH": 303.6, "CC": 0.154322, "TON": 1.76, "USD1": 0.998314, "USDE": 0.998925, "DAI": 0.999611, "HBAR": 0.094264, "LTC": 51.87, "M": 2.98, "AVAX": 8.82, "SUI": 0.898609, "SHIB": 5.42e-06, "NEAR": 2.44, "CRO": 0.067458, "PYUSD": 0.999749, "USYC": 1.13, "XAUT": 4513.89, "USDG": 0.999768, "BUIDL": 1.0, "TAO": 248.95, "USDY": 1.12, "MNT": 0.643044, "PAXG": 4522.88, "DOT": 1.19, "UNI": 3.02, "WLFI": 0.058116, "OKB": 86.9, "ONDO": 0.361332, "ASTER": 0.673046, "RLUSD": 0.999816, "USDF": 0.995667, "HTX": 1.83e-06, "PI": 0.143116, "SKY": 0.065196, "ICP": 2.64, "PEPE": 3.39e-06, "USDD": 0.99962, "BGB": 1.99, "BFUSD": 0.998643, "MORPHO": 2.06, "ETC": 8.21, "AAVE": 82.58, "U": 0.999605, "KCS": 7.9, "ALGO": 0.119531, "USDTB": 0.994572, "ATOM": 2.03, "QNT": 71.3, "RENDER": 1.98, "EUTBL": 1.23, "WLD": 0.297002, "BCAP": 107.16, "POL": 0.089216, "USTB": 11.1, "STABLE": 0.03860653, "JTRSY": 1.1, "DEXE": 18.31, "KAS": 0.03083138, "NEXO": 0.838895, "JST": 0.095357, "ENA": 0.086562, "APT": 0.934288, "FIL": 0.958372, "GT": 6.79, "VVV": 15.46, "FLR": 0.00777459, "INJ": 6.46, "ARB": 0.103149, "XDC": 0.03186357, "PUMP": 0.00172519, "BDX": 0.078389, "JUP": 0.182771, "GHO": 0.998942, "NIGHT": 0.0349293, "HASH": 0.01050639, "FET": 0.245943, "USD0": 0.99834, "APXUSD": 0.999268, "OUSG": 115.4, "A7A5": 0.01304151}}