{"timestamp": 1784141833, "base": "USD", "data": {"BTC": 64877, "ETH": 1923.19, "USDT": 0.999287, "BNB": 579.83, "USDC": 0.99989, "XRP": 1.11, "SOL": 77.65, "TRX": 0.324546, "FIGR_HELOC": 1.036, "HYPE": 67.58, "DOGE": 0.074089, "USDS": 0.999785, "ZEC": 570.12, "RAIN": 0.01446417, "LEO": 9.83, "WBT": 56.9, "XLM": 0.187243, "LINK": 8.51, "XMR": 331.74, "ADA": 0.163827, "CC": 0.140733, "DAI": 0.999819, "BCH": 229.37, "USD1": 0.999109, "GRAM": 1.59, "USDE": 0.999812, "LTC": 45.06, "USDG": 1.002, "SUI": 0.750075, "USYC": 1.13, "HBAR": 0.067341, "AVAX": 6.72, "BUIDL": 1.0, "PYUSD": 0.999733, "NEAR": 2.05, "CRO": 0.055614, "SHIB": 4.23e-06, "XAUT": 4055.71, "UNI": 3.62, "USDY": 1.14, "TAO": 198.64, "PAXG": 4054.87, "WLFI": 0.056906, "OKB": 81.69, "ASTER": 0.631332, "M": 1.24, "HTX": 1.81e-06, "ONDO": 0.334117, "DEXE": 33.69, "RLUSD": 0.999387, "AAVE": 96.65, "SKY": 0.062092, "USDD": 0.999243, "DOT": 0.854228, "WLD": 0.406948, "USDF": 0.996029, "MNT": 0.427908, "MORPHO": 2.05, "BFUSD": 0.998711, "ICP": 2.19, "BGB": 1.68, "PEPE": 2.8e-06, "ETC": 7.1, "U": 0.999564, "EUTBL": 1.21, "USDGO": 0.999997, "BCAP": 106.19, "KCS": 6.98, "QNT": 65.0, "STABLE": 0.03728064, "POL": 0.083466, "ADI": 7.07, "PI": 0.079522, "JTRSY": 1.11, "JST": 0.100679, "EURSAFO": 1.16, "BEAT": 2.67, "ATOM": 1.56, "ENA": 0.083371, "RENDER": 1.53, "KAS": 0.0288635, "USTB": 11.15, "NEXO": 0.764528, "ALGO": 0.084829, "\u5e01\u5b89\u4eba\u751f": 0.723591, "GT": 6.7, "JUP": 0.210084, "JAAA": 1.041, "PUMP": 0.00167404, "BDX": 0.08156, "FIL": 0.794959, "LIT": 2.47, "GHO": 0.998536, "FLR": 0.0066162, "ARB": 0.088351, "USD0": 0.998648, "XDC": 0.02727609, "YLDS": 0.999785, "APT": 0.627389, "VVV": 11.06}}