{"timestamp": 1783112056, "base": "USD", "data": {"BTC": 62743, "ETH": 1766.59, "USDT": 0.999048, "BNB": 572.82, "USDC": 0.999846, "XRP": 1.14, "SOL": 82.69, "TRX": 0.321781, "FIGR_HELOC": 1.04, "HYPE": 70.72, "DOGE": 0.077855, "RAIN": 0.01554574, "USDS": 0.999746, "LEO": 9.16, "ZEC": 464.21, "XLM": 0.205527, "ADA": 0.180975, "WBT": 56.83, "XMR": 324.82, "LINK": 8.01, "CC": 0.140421, "GRAM": 1.71, "DAI": 0.999791, "USD1": 0.998986, "BCH": 228.7, "USDE": 0.998549, "LTC": 45.19, "HBAR": 0.074043, "SUI": 0.773717, "USYC": 1.13, "USDG": 1.0, "AVAX": 6.98, "PYUSD": 0.999945, "CRO": 0.061899, "NEAR": 2.03, "SHIB": 4.43e-06, "XAUT": 4164.41, "BUIDL": 1.0, "USDY": 1.14, "TAO": 216.85, "UNI": 3.27, "M": 1.53, "PAXG": 4169.32, "LAB": 6.0, "WLFI": 0.057183, "ASTER": 0.652787, "OKB": 80.78, "ONDO": 0.337687, "RLUSD": 1.0, "HTX": 1.68e-06, "WLD": 0.433036, "DOT": 0.886772, "MNT": 0.448985, "USDF": 0.997085, "USDD": 0.999011, "SKY": 0.0589, "AAVE": 87.31, "BFUSD": 0.998502, "PI": 0.118245, "MORPHO": 1.96, "ICP": 2.25, "BGB": 1.73, "ETC": 7.28, "PEPE": 2.7e-06, "DEXE": 23.25, "U": 0.999799, "QNT": 68.49, "KCS": 7.22, "EUTBL": 1.21, "BCAP": 106.97, "USDGO": 0.999919, "BEAT": 2.82, "JTRSY": 1.11, "USTB": 11.13, "KAS": 0.03122782, "STABLE": 0.03523931, "RENDER": 1.61, "ATOM": 1.61, "JUP": 0.244925, "ALGO": 0.090159, "POL": 0.073646, "NEXO": 0.769288, "JST": 0.089764, "ENA": 0.079684, "USDTB": 1.0, "ADI": 5.76, "GT": 6.77, "BDX": 0.088873, "EURSAFO": 1.15, "JAAA": 1.04, "\u5e01\u5b89\u4eba\u751f": 0.682521, "PUMP": 0.00164234, "FIL": 0.807962, "VVV": 13.45, "FLR": 0.00699284, "GHO": 0.997898, "XDC": 0.02860018, "NIGHT": 0.03338559, "USD0": 0.998641, "YLDS": 0.9998}}