{"timestamp": 1779272434, "base": "USD", "data": {"BTC": 77507, "ETH": 2129.97, "USDT": 0.998941, "BNB": 643.66, "XRP": 1.37, "USDC": 0.999709, "SOL": 84.88, "TRX": 0.357401, "FIGR_HELOC": 1.032, "DOGE": 0.103753, "WBT": 57.18, "HYPE": 49.04, "USDS": 0.999634, "ZEC": 586.43, "ADA": 0.249385, "LEO": 10.02, "BCH": 368.91, "XMR": 396.58, "LINK": 9.58, "CC": 0.149033, "TON": 1.94, "XLM": 0.142623, "USD1": 0.999741, "USDE": 0.999482, "DAI": 0.99973, "M": 3.34, "SUI": 1.056, "LTC": 54.07, "AVAX": 9.21, "HBAR": 0.089058, "RAIN": 0.00748584, "PYUSD": 0.999667, "SHIB": 5.74e-06, "CRO": 0.068762, "USYC": 1.12, "USDG": 0.999783, "XAUT": 4486.98, "BUIDL": 1.0, "TAO": 262.2, "UNI": 3.65, "USDY": 1.13, "NEAR": 1.64, "PAXG": 4488.53, "DOT": 1.24, "MNT": 0.626036, "WLFI": 0.061694, "ONDO": 0.375188, "HTX": 1.98e-06, "USDF": 0.997681, "ASTER": 0.662983, "OKB": 80.5, "RLUSD": 1.0, "SKY": 0.068942, "PI": 0.150741, "PEPE": 3.69e-06, "USDD": 0.999477, "ETC": 9.03, "BGB": 2.0, "ICP": 2.51, "AAVE": 87.69, "BFUSD": 0.9986, "MORPHO": 1.8, "USDTB": 0.998911, "KCS": 7.94, "USTB": 11.09, "QNT": 72.53, "EUTBL": 1.22, "U": 0.999872, "ATOM": 2.0, "ALGO": 0.114571, "JTRSY": 1.1, "RENDER": 1.87, "BCAP": 105.74, "POL": 0.090034, "ENA": 0.105846, "KAS": 0.03415286, "NEXO": 0.892203, "WLD": 0.239906, "VVV": 17.48, "JST": 0.09372, "STABLE": 0.03428851, "APT": 0.941821, "FIL": 0.956363, "GT": 7.02, "FLR": 0.0083159, "ARB": 0.113019, "XDC": 0.03539005, "JUP": 0.205383, "DEXE": 14.04, "BDX": 0.078471, "PUMP": 0.00170835, "DASH": 46.6, "GHO": 0.998945, "VET": 0.00657659, "HASH": 0.01050277, "USD0": 0.998053, "PENGU": 0.00881601, "OUSG": 115.29, "BONK": 6.01e-06, "KITE": 0.229349}}