{"timestamp": 1783282017, "base": "USD", "data": {"BTC": 62726, "ETH": 1778.91, "USDT": 0.999104, "BNB": 589.22, "USDC": 0.999801, "XRP": 1.14, "SOL": 80.96, "TRX": 0.327969, "FIGR_HELOC": 1.009, "HYPE": 69.91, "DOGE": 0.077216, "USDS": 0.999738, "RAIN": 0.01526981, "LEO": 9.26, "ZEC": 461.38, "ADA": 0.188885, "XLM": 0.200644, "WBT": 56.72, "XMR": 327.56, "LINK": 8.01, "CC": 0.141264, "LAB": 17.01, "BCH": 246.6, "GRAM": 1.81, "DAI": 0.999797, "USD1": 0.998919, "USDE": 0.998526, "LTC": 45.65, "HBAR": 0.075346, "USYC": 1.13, "SUI": 0.754819, "USDG": 0.999933, "AVAX": 6.9, "PYUSD": 0.999883, "CRO": 0.059992, "NEAR": 2.0, "SHIB": 4.36e-06, "XAUT": 4165.14, "BUIDL": 1.0, "USDY": 1.14, "TAO": 213.13, "UNI": 3.15, "PAXG": 4169.24, "WLFI": 0.059152, "M": 1.38, "ASTER": 0.64222, "OKB": 80.05, "HTX": 1.79e-06, "ONDO": 0.329629, "RLUSD": 0.999808, "DOT": 0.881262, "MNT": 0.438837, "WLD": 0.406775, "USDF": 0.996634, "USDD": 0.999018, "AAVE": 88.53, "SKY": 0.056785, "BFUSD": 0.998529, "MORPHO": 1.93, "PI": 0.113367, "ICP": 2.19, "BGB": 1.71, "PEPE": 2.7e-06, "DEXE": 23.97, "ETC": 7.14, "U": 0.999904, "KCS": 7.2, "EUTBL": 1.21, "QNT": 67.01, "BCAP": 106.97, "USDGO": 0.999977, "JTRSY": 1.11, "USTB": 11.13, "KAS": 0.03094799, "BEAT": 2.75, "STABLE": 0.03455546, "RENDER": 1.6, "ATOM": 1.57, "JUP": 0.244566, "ALGO": 0.09065, "JST": 0.092751, "POL": 0.07349, "NEXO": 0.770823, "ENA": 0.079918, "ADI": 5.82, "USDTB": 1.0, "\u5e01\u5b89\u4eba\u751f": 0.725595, "GT": 6.68, "BDX": 0.089343, "EURSAFO": 1.15, "JAAA": 1.04, "PUMP": 0.00161491, "FIL": 0.789514, "LIT": 2.44, "GHO": 0.998139, "FLR": 0.00682796, "VVV": 12.05, "XDC": 0.02823254, "NIGHT": 0.03365217, "USD0": 0.998611}}