{"timestamp": 1783421247, "base": "USD", "data": {"BTC": 63215, "ETH": 1774.98, "USDT": 0.999077, "BNB": 578.3, "USDC": 0.999994, "XRP": 1.12, "SOL": 81.06, "TRX": 0.330343, "FIGR_HELOC": 1.035, "HYPE": 71.5, "DOGE": 0.074749, "USDS": 0.999692, "RAIN": 0.01500306, "LEO": 9.41, "ZEC": 454.29, "WBT": 56.21, "ADA": 0.177481, "XLM": 0.193879, "XMR": 328.16, "LINK": 7.92, "CC": 0.133829, "BCH": 238.99, "DAI": 0.999667, "GRAM": 1.68, "USD1": 0.998935, "LAB": 14.18, "USDE": 0.998481, "LTC": 43.97, "USDG": 0.999899, "HBAR": 0.071181, "USYC": 1.13, "SUI": 0.739628, "AVAX": 6.76, "PYUSD": 1.0, "CRO": 0.058053, "NEAR": 2.01, "SHIB": 4.36e-06, "XAUT": 4125.92, "BUIDL": 1.0, "USDY": 1.13, "TAO": 214.96, "M": 1.54, "UNI": 3.16, "WLFI": 0.060386, "PAXG": 4128.05, "ASTER": 0.637243, "OKB": 79.2, "HTX": 1.83e-06, "ONDO": 0.331116, "RLUSD": 1.0, "USDD": 1.001, "DOT": 0.862129, "MNT": 0.432543, "USDF": 0.996962, "AAVE": 93.15, "WLD": 0.392904, "BFUSD": 0.998262, "SKY": 0.055982, "MORPHO": 2.01, "DEXE": 27.78, "ICP": 2.23, "PI": 0.111901, "BGB": 1.65, "PEPE": 2.71e-06, "ETC": 7.02, "U": 0.999702, "EUTBL": 1.21, "BCAP": 106.63, "KCS": 7.06, "QNT": 66.07, "USTB": 11.13, "USDGO": 1.0, "JTRSY": 1.11, "RENDER": 1.61, "STABLE": 0.0342887, "ATOM": 1.59, "KAS": 0.02941984, "POL": 0.07566, "BEAT": 2.6, "JUP": 0.23955, "JST": 0.092834, "ALGO": 0.08682, "NEXO": 0.742699, "ADI": 5.83, "ENA": 0.076134, "USDTB": 1.0, "BDX": 0.092172, "GT": 6.72, "\u5e01\u5b89\u4eba\u751f": 0.714752, "EURSAFO": 1.15, "JAAA": 1.04, "PUMP": 0.00164937, "LIT": 2.6, "FIL": 0.78134, "GHO": 0.99822, "FLR": 0.00678204, "AERO": 0.590284, "NIGHT": 0.03380517, "XDC": 0.02773994, "USD0": 0.998508}}