{"timestamp": 1783986245, "base": "USD", "data": {"BTC": 62053, "ETH": 1765.42, "USDT": 0.998763, "BNB": 565.58, "USDC": 0.999876, "XRP": 1.063, "SOL": 74.64, "TRX": 0.323882, "FIGR_HELOC": 1.033, "HYPE": 63.34, "DOGE": 0.071592, "USDS": 0.999695, "RAIN": 0.01434352, "LEO": 9.52, "ZEC": 493.19, "WBT": 54.48, "XLM": 0.180091, "XMR": 321.17, "LINK": 7.84, "ADA": 0.15665, "CC": 0.129874, "BCH": 235.3, "DAI": 0.999647, "USD1": 0.998937, "GRAM": 1.59, "USDE": 0.999669, "LTC": 43.38, "USDG": 1.0, "USYC": 1.13, "SUI": 0.718697, "HBAR": 0.066404, "BUIDL": 1.0, "PYUSD": 0.999724, "AVAX": 6.41, "CRO": 0.05455, "NEAR": 1.91, "XAUT": 3989.17, "SHIB": 4.14e-06, "UNI": 3.53, "USDY": 1.14, "DEXE": 42.7, "TAO": 199.73, "WLFI": 0.057623, "PAXG": 3988.89, "OKB": 80.08, "ASTER": 0.625325, "HTX": 1.81e-06, "M": 1.21, "USDD": 0.996785, "RLUSD": 1.0, "ONDO": 0.309241, "AAVE": 93.94, "USDF": 0.995704, "DOT": 0.832217, "SKY": 0.059838, "MNT": 0.419664, "WLD": 0.390788, "BFUSD": 0.998248, "MORPHO": 1.99, "ICP": 2.17, "PEPE": 2.71e-06, "BGB": 1.63, "ETC": 6.87, "U": 0.999736, "EUTBL": 1.2, "BCAP": 106.19, "QNT": 64.82, "USDGO": 0.999794, "KCS": 6.78, "STABLE": 0.03692492, "POL": 0.082155, "ADI": 6.95, "JTRSY": 1.11, "JST": 0.099459, "PI": 0.076725, "EURSAFO": 1.15, "BEAT": 2.61, "ATOM": 1.53, "USTB": 11.14, "KAS": 0.02831297, "RENDER": 1.48, "ENA": 0.07817, "BDX": 0.09477, "ALGO": 0.083099, "NEXO": 0.730346, "USDTB": 1.0, "GT": 6.59, "\u5e01\u5b89\u4eba\u751f": 0.700256, "JAAA": 1.041, "JUP": 0.205623, "GHO": 0.997995, "FIL": 0.745477, "PUMP": 0.0014687, "LIT": 2.29, "ARB": 0.089673, "FLR": 0.00636993, "USD0": 0.998507, "XDC": 0.02691208, "YLDS": 0.999753, "HASH": 0.00943145}}