{"timestamp": 1784890501, "base": "USD", "data": {"BTC": 64905, "ETH": 1881.6, "USDT": 0.999246, "BNB": 566.74, "USDC": 0.999906, "XRP": 1.11, "SOL": 75.47, "TRX": 0.331416, "FIGR_HELOC": 1.039, "HYPE": 58.41, "DOGE": 0.069877, "USDS": 0.999842, "RAIN": 0.01412345, "LEO": 9.6, "ZEC": 500.38, "WBT": 56.59, "XMR": 355.18, "LINK": 8.46, "XLM": 0.182665, "ADA": 0.166477, "CC": 0.120162, "DAI": 0.999884, "BCH": 210.32, "USD1": 0.999004, "GRAM": 1.47, "USDE": 0.999752, "LTC": 46.09, "USDG": 0.999499, "HBAR": 0.070692, "SUI": 0.73218, "USYC": 1.13, "AVAX": 6.26, "CRO": 0.056953, "PYUSD": 0.999833, "BUIDL": 1.0, "XAUT": 4053.82, "NEAR": 1.89, "SHIB": 4.17e-06, "UNI": 3.83, "USDY": 1.14, "ONDO": 0.391603, "TAO": 191.75, "WLFI": 0.056997, "PAXG": 4049.79, "OKB": 82.27, "ASTER": 0.62896, "HTX": 1.83e-06, "RLUSD": 1.0, "M": 1.18, "USDD": 0.99921, "AAVE": 95.54, "USDF": 0.995306, "SKY": 0.058769, "DOT": 0.802493, "MNT": 0.410681, "WLD": 0.375174, "BFUSD": 0.998381, "MORPHO": 1.97, "ICP": 2.15, "PEPE": 2.77e-06, "BGB": 1.65, "USDGO": 0.999966, "U": 1.0, "ETC": 6.72, "EUTBL": 1.2, "BCAP": 106.2, "STABLE": 0.03848953, "BEAT": 3.0, "QNT": 63.61, "PI": 0.08328, "KCS": 6.5, "JTRSY": 1.11, "EURSAFO": 1.15, "ENA": 0.088968, "POL": 0.078766, "JST": 0.102173, "USTB": 11.15, "KAS": 0.02807339, "RENDER": 1.48, "ALGO": 0.082783, "NEXO": 0.739488, "ATOM": 1.4, "PUMP": 0.00181069, "GT": 6.6, "JAAA": 1.042, "\u5e01\u5b89\u4eba\u751f": 0.660065, "BDX": 0.083417, "GHO": 0.999211, "JUP": 0.187967, "FIL": 0.729302, "YLDS": 0.999807, "VVV": 11.87, "ARB": 0.085088, "FLR": 0.00645786, "XDC": 0.02792169, "USD0": 0.999199, "INJ": 5.35, "LIT": 2.11, "USX": 0.999738, "APT": 0.61155}}