{"timestamp": 1777276712, "base": "USD", "data": {"BTC": 77712, "ETH": 2319.44, "USDT": 1.0, "XRP": 1.42, "BNB": 626.79, "USDC": 0.999778, "SOL": 85.49, "TRX": 0.323494, "FIGR_HELOC": 1.02, "DOGE": 0.097966, "WBT": 54.86, "USDS": 0.999665, "HYPE": 42.47, "LEO": 10.37, "ADA": 0.247605, "BCH": 447.35, "XMR": 389.11, "LINK": 9.33, "ZEC": 357.17, "CC": 0.149509, "XLM": 0.167758, "M": 4.2, "DAI": 0.999729, "USD1": 0.999707, "LTC": 55.41, "AVAX": 9.26, "HBAR": 0.090822, "USDE": 0.99924, "SUI": 0.927428, "SHIB": 6.1e-06, "RAIN": 0.0074538, "PYUSD": 0.999689, "TON": 1.3, "CRO": 0.069804, "USYC": 1.12, "XAUT": 4695.26, "USDG": 0.999719, "TAO": 248.58, "WLFI": 0.073088, "PAXG": 4700.46, "BUIDL": 1.0, "MNT": 0.642682, "DOT": 1.24, "UNI": 3.24, "SKY": 0.084774, "PI": 0.177611, "USDF": 0.99766, "NEAR": 1.37, "OKB": 83.79, "HTX": 1.81e-06, "PEPE": 3.84e-06, "RLUSD": 0.999806, "ASTER": 0.646918, "AAVE": 96.11, "USDD": 0.999743, "JTRSY": 1.1, "BGB": 1.97, "ICP": 2.42, "USDY": 1.13, "BFUSD": 0.999701, "ETC": 8.38, "ONDO": 0.262268, "KCS": 8.43, "GT": 7.31, "MORPHO": 1.91, "PUMP": 0.0017748, "EUTBL": 1.23, "USTB": 11.06, "U": 0.999961, "ALGO": 0.115328, "QNT": 69.82, "ATOM": 1.95, "POL": 0.091082, "RENDER": 1.8, "ENA": 0.10669, "KAS": 0.03343222, "NEXO": 0.902473, "WLD": 0.253442, "ARB": 0.126052, "STABLE": 0.03483243, "APT": 0.954751, "BCAP": 82.76, "FIL": 0.924697, "JST": 0.08125, "JUP": 0.186703, "FLR": 0.00781787, "DEXE": 14.21, "VET": 0.00724218, "BDX": 0.079602, "HASH": 0.01060707, "PENGU": 0.00963593, "OUSG": 115.03, "XDC": 0.03001598, "NIGHT": 0.03585872, "TRUMP": 2.55, "USDTB": 0.999852, "CAKE": 1.51, "GHO": 0.999167, "USD0": 0.9982, "BONK": 6.21e-06}}