{"timestamp": 1777028181, "base": "USD", "data": {"BTC": 77723, "ETH": 2317.21, "USDT": 1.0, "XRP": 1.43, "BNB": 635.04, "USDC": 0.999809, "SOL": 85.64, "TRX": 0.32812, "FIGR_HELOC": 1.031, "DOGE": 0.097969, "WBT": 54.99, "USDS": 0.999734, "HYPE": 40.81, "LEO": 10.29, "ADA": 0.250268, "BCH": 455.6, "XMR": 377.39, "LINK": 9.3, "M": 4.72, "CC": 0.153354, "ZEC": 350.42, "XLM": 0.174828, "DAI": 0.99962, "USD1": 0.999944, "LTC": 56.17, "AVAX": 9.4, "HBAR": 0.090884, "USDE": 0.999327, "SUI": 0.94534, "SHIB": 6.18e-06, "RAIN": 0.00756769, "PYUSD": 0.9998, "TON": 1.31, "CRO": 0.069655, "USYC": 1.12, "XAUT": 4668.96, "WLFI": 0.076577, "USDG": 0.999793, "TAO": 247.14, "PAXG": 4670.98, "BUIDL": 1.0, "MNT": 0.650847, "DOT": 1.24, "UNI": 3.26, "SKY": 0.083936, "NEAR": 1.41, "USDF": 0.996751, "OKB": 83.76, "PI": 0.169667, "HTX": 1.84e-06, "ASTER": 0.671812, "PEPE": 3.84e-06, "JTRSY": 1.1, "RLUSD": 0.999962, "AAVE": 94.38, "BGB": 1.99, "USDD": 1.0, "ICP": 2.48, "ETC": 8.52, "USDY": 1.13, "BFUSD": 0.9999, "ONDO": 0.262678, "KCS": 8.46, "GT": 7.38, "PUMP": 0.0017979, "QNT": 71.58, "MORPHO": 1.86, "EUTBL": 1.23, "U": 1.0, "POL": 0.094933, "USTB": 11.06, "ATOM": 1.96, "ALGO": 0.106991, "ENA": 0.108637, "KAS": 0.03413978, "RENDER": 1.8, "NEXO": 0.903577, "WLD": 0.261653, "ARB": 0.129477, "APT": 0.955092, "STABLE": 0.03422961, "BCAP": 82.76, "FIL": 0.936861, "JST": 0.081218, "FLR": 0.00793065, "TRUMP": 2.87, "VET": 0.00731951, "NIGHT": 0.03734393, "BDX": 0.080147, "JUP": 0.174233, "DEXE": 13.01, "XDC": 0.03015536, "OUSG": 115.02, "HASH": 0.01032649, "GHO": 0.999088, "USDTB": 0.99983, "BONK": 6.4e-06, "USD0": 0.998175, "YLDS": 0.999812, "PENGU": 0.00854519}}