{"timestamp": 1784487197, "base": "USD", "data": {"BTC": 64359, "ETH": 1857.81, "USDT": 0.999211, "BNB": 567.07, "USDC": 0.999868, "XRP": 1.091, "SOL": 75.63, "TRX": 0.326839, "FIGR_HELOC": 1.042, "HYPE": 60.58, "DOGE": 0.071935, "USDS": 0.999855, "RAIN": 0.01434691, "ZEC": 547.81, "LEO": 9.77, "WBT": 56.11, "XLM": 0.188926, "LINK": 8.31, "XMR": 330.72, "ADA": 0.164884, "CC": 0.127785, "DAI": 0.999631, "BCH": 216.11, "USD1": 0.999075, "USDE": 0.999733, "GRAM": 1.43, "LTC": 47.45, "USDG": 1.0, "SUI": 0.744506, "USYC": 1.13, "HBAR": 0.066321, "PYUSD": 0.999751, "AVAX": 6.43, "CRO": 0.05864, "BUIDL": 1.0, "NEAR": 1.91, "XAUT": 4011.58, "SHIB": 4.11e-06, "UNI": 3.47, "USDY": 1.13, "TAO": 196.36, "WLFI": 0.057657, "PAXG": 4007.42, "OKB": 80.06, "ONDO": 0.344968, "HTX": 1.86e-06, "ASTER": 0.620317, "DEXE": 34.7, "M": 1.18, "RLUSD": 0.999868, "USDD": 0.999152, "SKY": 0.061034, "USDF": 0.995375, "MNT": 0.421727, "DOT": 0.81171, "AAVE": 88.8, "BFUSD": 0.998359, "MORPHO": 2.0, "WLD": 0.359822, "PEPE": 2.82e-06, "ICP": 2.13, "BGB": 1.64, "ETC": 6.91, "U": 0.99982, "PI": 0.093897, "USDGO": 0.999999, "EUTBL": 1.21, "BCAP": 106.19, "QNT": 64.02, "KCS": 6.62, "STABLE": 0.03579406, "JTRSY": 1.11, "POL": 0.080309, "EURSAFO": 1.15, "ADI": 6.5, "JST": 0.09782, "ATOM": 1.48, "KAS": 0.02788509, "RENDER": 1.48, "USTB": 11.15, "ENA": 0.07989, "NEXO": 0.753749, "ALGO": 0.082119, "BEAT": 2.36, "GT": 6.65, "PUMP": 0.00174595, "JAAA": 1.041, "\u5e01\u5b89\u4eba\u751f": 0.681584, "BDX": 0.082735, "GHO": 0.998782, "JUP": 0.190996, "ARB": 0.088446, "FIL": 0.714871, "XDC": 0.0285152, "FLR": 0.00648126, "YLDS": 0.999814, "USD0": 0.998724, "LIT": 2.2, "VVV": 11.4, "USX": 0.99982}}