{"timestamp": 1784645805, "base": "USD", "data": {"BTC": 66801, "ETH": 1932.85, "USDT": 0.999288, "BNB": 575.48, "USDC": 0.999841, "XRP": 1.15, "SOL": 78.04, "TRX": 0.328469, "FIGR_HELOC": 1.001, "HYPE": 61.92, "DOGE": 0.073238, "USDS": 0.999877, "RAIN": 0.01416788, "ZEC": 542.56, "LEO": 9.71, "WBT": 58.14, "XLM": 0.19409, "ADA": 0.17606, "XMR": 347.7, "LINK": 8.69, "CC": 0.126164, "DAI": 0.999634, "BCH": 226.12, "USD1": 0.999132, "GRAM": 1.5, "USDE": 0.999859, "LTC": 47.78, "USDG": 0.999776, "SUI": 0.766546, "HBAR": 0.068328, "USYC": 1.13, "AVAX": 6.6, "CRO": 0.05862, "PYUSD": 0.999655, "NEAR": 1.97, "BUIDL": 1.0, "SHIB": 4.28e-06, "XAUT": 4064.01, "UNI": 3.65, "USDY": 1.14, "ONDO": 0.407874, "TAO": 201.04, "PAXG": 4060.82, "WLFI": 0.056599, "OKB": 82.27, "ASTER": 0.626248, "HTX": 1.85e-06, "RLUSD": 0.99994, "M": 1.19, "USDD": 0.999533, "SKY": 0.0632, "AAVE": 94.59, "DOT": 0.857871, "MNT": 0.43016, "USDF": 0.995922, "WLD": 0.380805, "MORPHO": 2.02, "BFUSD": 0.998555, "ICP": 2.24, "PEPE": 2.92e-06, "BGB": 1.69, "ETC": 7.0, "U": 1.0, "EUTBL": 1.2, "PI": 0.093127, "USDGO": 1.0, "BCAP": 106.2, "STABLE": 0.03838819, "QNT": 64.72, "KCS": 6.74, "JTRSY": 1.11, "POL": 0.080928, "ADI": 6.78, "EURSAFO": 1.15, "ENA": 0.086156, "JST": 0.100471, "RENDER": 1.56, "PUMP": 0.00197185, "ATOM": 1.5, "KAS": 0.02830123, "NEXO": 0.77167, "USTB": 11.15, "ALGO": 0.084634, "BEAT": 2.34, "GT": 6.76, "JAAA": 1.042, "JUP": 0.19866, "BDX": 0.083104, "GHO": 0.998942, "\u5e01\u5b89\u4eba\u751f": 0.623106, "FIL": 0.753297, "VVV": 12.72, "ARB": 0.089578, "XDC": 0.02918416, "LIT": 2.31, "FLR": 0.00657479, "YLDS": 0.999897, "USD0": 0.999252, "INJ": 5.3, "USX": 0.999828}}