{"timestamp": 1782986004, "base": "USD", "data": {"BTC": 61018, "ETH": 1637.99, "USDT": 0.998574, "BNB": 553.98, "USDC": 0.999697, "XRP": 1.076, "SOL": 79.3, "TRX": 0.316643, "FIGR_HELOC": 1.036, "HYPE": 63.82, "DOGE": 0.073358, "RAIN": 0.01547618, "USDS": 0.999645, "LEO": 9.14, "ZEC": 422.25, "XLM": 0.200368, "WBT": 55.53, "ADA": 0.157225, "XMR": 311.55, "LINK": 7.58, "CC": 0.139875, "USD1": 0.998146, "DAI": 0.999522, "GRAM": 1.68, "USDE": 0.998342, "BCH": 216.29, "LTC": 43.17, "HBAR": 0.073444, "USYC": 1.13, "USDG": 0.999705, "SUI": 0.735425, "AVAX": 6.75, "LAB": 9.07, "PYUSD": 0.999621, "CRO": 0.055669, "SHIB": 4.31e-06, "NEAR": 1.94, "XAUT": 4061.59, "BUIDL": 1.0, "USDY": 1.14, "TAO": 207.68, "WLFI": 0.058437, "PAXG": 4062.67, "UNI": 2.89, "ASTER": 0.633743, "M": 1.28, "OKB": 79.42, "ONDO": 0.333049, "RLUSD": 0.999953, "HTX": 1.66e-06, "DOT": 0.845703, "MNT": 0.431601, "USDF": 0.994943, "USDD": 0.998507, "MORPHO": 2.11, "BFUSD": 0.998373, "WLD": 0.372493, "AAVE": 85.25, "PI": 0.115781, "SKY": 0.053331, "ICP": 2.21, "BGB": 1.69, "ETC": 7.09, "DEXE": 22.42, "U": 0.999403, "PEPE": 2.41e-06, "QNT": 67.61, "BCAP": 106.97, "KCS": 7.05, "EUTBL": 1.2, "USDGO": 1.0, "JTRSY": 1.11, "BEAT": 2.81, "USTB": 11.13, "KAS": 0.03121611, "STABLE": 0.03469362, "RENDER": 1.55, "ATOM": 1.55, "JUP": 0.23352, "POL": 0.072303, "ALGO": 0.08598, "NEXO": 0.756227, "JST": 0.088113, "USDTB": 0.999876, "ENA": 0.077423, "ADI": 5.61, "GT": 6.57, "\u5e01\u5b89\u4eba\u751f": 0.698493, "JAAA": 1.04, "BDX": 0.087978, "EURSAFO": 1.15, "VVV": 13.45, "PUMP": 0.00153304, "FIL": 0.768622, "GHO": 0.997906, "XDC": 0.02831233, "FLR": 0.00648004, "YLDS": 0.99967, "USD0": 0.998437, "LIT": 2.17}}