{"timestamp": 1781091102, "base": "USD", "data": {"BTC": 60923, "ETH": 1616.04, "USDT": 0.99924, "BNB": 581.05, "USDC": 0.999802, "XRP": 1.1, "SOL": 63.2, "TRX": 0.322119, "FIGR_HELOC": 1.033, "DOGE": 0.083087, "HYPE": 55.76, "USDS": 0.999624, "LEO": 9.47, "RAIN": 0.01308613, "ZEC": 413.6, "CC": 0.162808, "XLM": 0.18395, "WBT": 50.28, "ADA": 0.159018, "XMR": 313.47, "LINK": 7.62, "USDE": 0.999267, "USD1": 0.998483, "TON": 1.64, "DAI": 0.999775, "BCH": 195.03, "M": 2.83, "HBAR": 0.077636, "LTC": 41.97, "SUI": 0.733954, "USYC": 1.13, "LAB": 9.06, "PYUSD": 0.999616, "AVAX": 6.43, "SHIB": 4.61e-06, "CRO": 0.059251, "NEAR": 2.04, "USDG": 0.999884, "XAUT": 4149.88, "BUIDL": 1.0, "USDY": 1.13, "TAO": 203.57, "PAXG": 4160.46, "WLFI": 0.059612, "MNT": 0.530158, "WLD": 0.489198, "ONDO": 0.340577, "ASTER": 0.616977, "RLUSD": 0.999979, "DOT": 0.926599, "HTX": 1.72e-06, "BEAT": 5.37, "UNI": 2.43, "OKB": 70.12, "USDF": 0.994777, "USDD": 0.999292, "PI": 0.124664, "BFUSD": 0.998701, "SKY": 0.055085, "MORPHO": 1.96, "BGB": 1.76, "ICP": 2.21, "PEPE": 2.7e-06, "ETC": 6.9, "U": 0.999702, "USDTB": 0.999307, "EUTBL": 1.22, "BCAP": 106.96, "QNT": 64.83, "AAVE": 60.5, "ATOM": 1.78, "USTB": 11.11, "DEXE": 18.88, "JTRSY": 1.11, "KCS": 6.39, "KAS": 0.03127415, "STABLE": 0.03459419, "RENDER": 1.54, "ALGO": 0.089137, "POL": 0.074057, "NEXO": 0.794842, "ENA": 0.077373, "\u5e01\u5b89\u4eba\u751f": 0.698415, "JAAA": 1.037, "JST": 0.078513, "GT": 6.29, "VVV": 13.51, "XDC": 0.03123338, "BDX": 0.079536, "GHO": 0.999109, "FLR": 0.00687801, "FIL": 0.738077, "HASH": 0.01047009, "USD0": 0.998795, "SIREN": 0.753655, "YLDS": 0.99971, "APT": 0.635007, "NIGHT": 0.03065766, "INJ": 5.08, "PUMP": 0.00144245}}