{"timestamp": 1783396485, "base": "USD", "data": {"BTC": 63146, "ETH": 1770.12, "USDT": 0.999355, "BNB": 578.4, "USDC": 0.999978, "XRP": 1.13, "SOL": 81.0, "TRX": 0.329642, "FIGR_HELOC": 1.035, "HYPE": 70.19, "DOGE": 0.075025, "USDS": 0.999777, "RAIN": 0.01504517, "LEO": 9.4, "ZEC": 448.13, "ADA": 0.180826, "WBT": 56.61, "XLM": 0.195813, "XMR": 326.12, "LINK": 7.88, "CC": 0.137491, "BCH": 238.29, "GRAM": 1.72, "DAI": 1.0, "LAB": 14.7, "USD1": 0.998554, "USDE": 0.998698, "LTC": 44.05, "HBAR": 0.072177, "USDG": 0.999607, "USYC": 1.13, "SUI": 0.734065, "AVAX": 6.79, "PYUSD": 1.0, "CRO": 0.057888, "NEAR": 2.02, "SHIB": 4.33e-06, "XAUT": 4118.49, "BUIDL": 1.0, "USDY": 1.14, "TAO": 210.49, "UNI": 3.13, "WLFI": 0.058962, "PAXG": 4120.5, "ASTER": 0.634747, "M": 1.26, "OKB": 79.43, "HTX": 1.78e-06, "ONDO": 0.328136, "RLUSD": 0.999899, "USDD": 0.999354, "DOT": 0.857617, "MNT": 0.436529, "USDF": 0.995364, "WLD": 0.399556, "AAVE": 91.64, "BFUSD": 0.998353, "MORPHO": 2.0, "DEXE": 27.7, "SKY": 0.055108, "PI": 0.111941, "ICP": 2.18, "BGB": 1.65, "PEPE": 2.67e-06, "ETC": 7.02, "U": 0.999795, "EUTBL": 1.21, "BCAP": 106.63, "KCS": 7.0, "QNT": 65.44, "USTB": 11.13, "USDGO": 1.0, "JTRSY": 1.11, "BEAT": 2.69, "STABLE": 0.03419441, "RENDER": 1.6, "ATOM": 1.59, "KAS": 0.02978291, "JST": 0.093566, "POL": 0.074254, "JUP": 0.235726, "ALGO": 0.086309, "NEXO": 0.74699, "BDX": 0.094571, "ADI": 5.88, "ENA": 0.076319, "USDTB": 1.0, "\u5e01\u5b89\u4eba\u751f": 0.717006, "GT": 6.71, "EURSAFO": 1.15, "JAAA": 1.04, "PUMP": 0.00162381, "LIT": 2.55, "FIL": 0.777809, "GHO": 0.998358, "FLR": 0.00679265, "AERO": 0.588301, "NIGHT": 0.03406265, "USD0": 0.998645, "XDC": 0.02762421}}