{"timestamp": 1783274494, "base": "USD", "data": {"BTC": 62577, "ETH": 1778.09, "USDT": 0.999129, "BNB": 584.9, "USDC": 0.999764, "XRP": 1.13, "SOL": 81.05, "TRX": 0.328063, "FIGR_HELOC": 1.009, "HYPE": 69.2, "DOGE": 0.077197, "RAIN": 0.01532524, "USDS": 0.999798, "LEO": 9.26, "ZEC": 461.42, "ADA": 0.190372, "XLM": 0.199469, "WBT": 56.57, "XMR": 329.95, "LINK": 7.97, "CC": 0.140703, "LAB": 16.74, "BCH": 239.25, "GRAM": 1.76, "DAI": 0.999681, "USD1": 0.998787, "USDE": 0.998605, "LTC": 45.37, "HBAR": 0.075117, "USYC": 1.13, "SUI": 0.754293, "USDG": 0.999938, "AVAX": 6.92, "PYUSD": 0.999855, "CRO": 0.059878, "NEAR": 1.97, "SHIB": 4.35e-06, "XAUT": 4162.33, "BUIDL": 1.0, "USDY": 1.14, "TAO": 211.8, "UNI": 3.15, "WLFI": 0.059516, "PAXG": 4165.65, "M": 1.4, "ASTER": 0.642221, "OKB": 79.95, "HTX": 1.79e-06, "ONDO": 0.32698, "RLUSD": 0.99982, "DOT": 0.877213, "MNT": 0.437442, "USDF": 0.996418, "USDD": 1.002, "WLD": 0.402003, "AAVE": 88.57, "BFUSD": 0.998519, "SKY": 0.055843, "MORPHO": 1.91, "PI": 0.1135, "ICP": 2.19, "BGB": 1.71, "DEXE": 24.25, "PEPE": 2.69e-06, "ETC": 7.13, "U": 1.0, "KCS": 7.19, "EUTBL": 1.21, "BCAP": 106.97, "QNT": 66.75, "USDGO": 0.999979, "JTRSY": 1.11, "USTB": 11.13, "KAS": 0.03094296, "STABLE": 0.03494612, "BEAT": 2.73, "RENDER": 1.59, "ALGO": 0.091183, "JUP": 0.24438, "ATOM": 1.56, "JST": 0.092318, "POL": 0.073323, "NEXO": 0.760899, "ENA": 0.078256, "ADI": 5.81, "\u5e01\u5b89\u4eba\u751f": 0.72706, "USDTB": 1.001, "GT": 6.74, "BDX": 0.089395, "EURSAFO": 1.15, "JAAA": 1.04, "PUMP": 0.00161914, "FIL": 0.786915, "FLR": 0.00701661, "LIT": 2.4, "GHO": 0.998303, "XDC": 0.02824479, "VVV": 11.8, "NIGHT": 0.03352966, "USD0": 0.998619}}