{"timestamp": 1779188091, "base": "USD", "data": {"BTC": 76860, "ETH": 2113.2, "USDT": 0.999166, "BNB": 639.07, "XRP": 1.37, "USDC": 0.999762, "SOL": 84.49, "TRX": 0.354919, "FIGR_HELOC": 1.036, "DOGE": 0.103848, "WBT": 56.52, "HYPE": 47.99, "USDS": 0.999534, "ZEC": 557.0, "LEO": 10.08, "ADA": 0.249104, "BCH": 373.12, "XMR": 389.88, "LINK": 9.57, "CC": 0.150527, "TON": 1.99, "XLM": 0.145323, "USD1": 0.999307, "M": 3.47, "DAI": 0.999711, "USDE": 0.999472, "SUI": 1.063, "LTC": 54.07, "AVAX": 9.15, "HBAR": 0.089623, "RAIN": 0.00734862, "PYUSD": 0.998984, "SHIB": 5.73e-06, "CRO": 0.069149, "USYC": 1.12, "USDG": 0.999794, "XAUT": 4529.94, "BUIDL": 1.0, "TAO": 258.6, "UNI": 3.48, "USDY": 1.14, "PAXG": 4528.92, "NEAR": 1.61, "DOT": 1.23, "MNT": 0.6272, "WLFI": 0.059726, "ONDO": 0.374767, "HTX": 1.97e-06, "USDF": 0.997707, "OKB": 81.42, "ASTER": 0.654302, "RLUSD": 1.0, "SKY": 0.068737, "PI": 0.150449, "PEPE": 3.66e-06, "USDD": 0.999246, "BGB": 2.01, "ICP": 2.52, "ETC": 8.87, "AAVE": 88.28, "BFUSD": 0.998899, "MORPHO": 1.75, "KCS": 8.03, "QNT": 74.14, "USDTB": 0.999318, "ATOM": 2.07, "JTRSY": 1.1, "USTB": 11.08, "U": 0.999312, "EUTBL": 1.22, "ALGO": 0.10964, "POL": 0.09073, "BCAP": 105.74, "ENA": 0.103833, "RENDER": 1.8, "KAS": 0.03399002, "NEXO": 0.874299, "STABLE": 0.03633317, "WLD": 0.243315, "JST": 0.091478, "APT": 0.939624, "GT": 7.08, "FIL": 0.951892, "FLR": 0.00829421, "ARB": 0.115585, "VVV": 14.45, "DEXE": 13.93, "JUP": 0.195988, "XDC": 0.03202199, "BDX": 0.078472, "PUMP": 0.00170058, "GHO": 0.999103, "VET": 0.00669501, "HASH": 0.01060773, "USD0": 0.997826, "OUSG": 115.28, "PENGU": 0.00855069, "DASH": 42.01, "BONK": 5.95e-06, "NIGHT": 0.03125319}}