{"timestamp": 1784177591, "base": "USD", "data": {"BTC": 64561, "ETH": 1917.83, "USDT": 0.999169, "BNB": 580.28, "USDC": 0.99984, "XRP": 1.11, "SOL": 76.72, "TRX": 0.323915, "FIGR_HELOC": 1.037, "HYPE": 66.34, "DOGE": 0.073797, "USDS": 0.999719, "RAIN": 0.01456819, "ZEC": 566.83, "LEO": 9.81, "WBT": 56.65, "XLM": 0.188296, "LINK": 8.54, "XMR": 331.32, "ADA": 0.164459, "CC": 0.133033, "DAI": 0.999841, "BCH": 222.31, "USD1": 0.998597, "GRAM": 1.57, "USDE": 0.999668, "LTC": 45.2, "USDG": 1.003, "SUI": 0.754645, "USYC": 1.13, "HBAR": 0.067407, "AVAX": 6.69, "PYUSD": 0.999704, "NEAR": 2.05, "BUIDL": 1.0, "CRO": 0.055548, "SHIB": 4.22e-06, "XAUT": 4028.47, "UNI": 3.68, "USDY": 1.14, "TAO": 201.08, "WLFI": 0.058008, "PAXG": 4025.67, "ONDO": 0.361155, "OKB": 81.88, "ASTER": 0.63109, "M": 1.22, "HTX": 1.8e-06, "DEXE": 34.41, "RLUSD": 1.0, "SKY": 0.063412, "AAVE": 96.17, "USDD": 0.999101, "DOT": 0.841724, "USDF": 0.995701, "WLD": 0.400678, "MNT": 0.427979, "MORPHO": 2.12, "BFUSD": 0.998267, "ICP": 2.17, "PEPE": 2.77e-06, "BGB": 1.66, "ETC": 7.05, "U": 0.999636, "EUTBL": 1.21, "USDGO": 0.999811, "BCAP": 106.19, "KCS": 6.91, "QNT": 64.89, "STABLE": 0.036855, "POL": 0.082646, "ADI": 6.98, "JTRSY": 1.11, "EURSAFO": 1.16, "JST": 0.098401, "PI": 0.074364, "ATOM": 1.55, "ENA": 0.08394, "KAS": 0.02898308, "RENDER": 1.52, "USTB": 11.15, "NEXO": 0.759969, "ALGO": 0.08428, "BEAT": 2.42, "\u5e01\u5b89\u4eba\u751f": 0.740243, "GT": 6.73, "JUP": 0.206886, "JAAA": 1.041, "BDX": 0.085473, "PUMP": 0.00161627, "FIL": 0.783467, "LIT": 2.43, "GHO": 0.998505, "FLR": 0.00659807, "ARB": 0.087474, "USD0": 0.998648, "YLDS": 0.999872, "XDC": 0.02742718, "USX": 0.999751, "APT": 0.618549}}