{"timestamp": 1777819121, "base": "USD", "data": {"BTC": 78683, "ETH": 2324.73, "USDT": 0.999728, "XRP": 1.39, "BNB": 619.59, "USDC": 0.999874, "SOL": 84.3, "TRX": 0.337908, "FIGR_HELOC": 1.04, "DOGE": 0.10859, "WBT": 58.73, "USDS": 0.999797, "HYPE": 41.12, "LEO": 10.32, "ADA": 0.249785, "BCH": 446.5, "XMR": 394.28, "LINK": 9.14, "ZEC": 391.02, "CC": 0.14922, "XLM": 0.159127, "USD1": 0.999715, "DAI": 0.999751, "LTC": 55.18, "AVAX": 9.07, "USDE": 0.999101, "M": 3.01, "HBAR": 0.088006, "SUI": 0.925535, "SHIB": 6.21e-06, "RAIN": 0.00756403, "TON": 1.34, "PYUSD": 0.999817, "CRO": 0.068226, "USYC": 1.12, "TAO": 286.53, "XAUT": 4614.72, "USDG": 0.999818, "BUIDL": 1.0, "PAXG": 4617.1, "MNT": 0.632958, "UNI": 3.24, "DOT": 1.21, "SKY": 0.080638, "PI": 0.176953, "WLFI": 0.056764, "OKB": 85.82, "USDF": 0.997312, "ASTER": 0.671437, "HTX": 1.89e-06, "PEPE": 3.96e-06, "NEAR": 1.27, "RLUSD": 0.999714, "USDD": 1.0, "BGB": 2.01, "AAVE": 92.54, "ONDO": 0.278565, "USDY": 1.13, "ETC": 8.45, "BFUSD": 0.999197, "JTRSY": 1.1, "ICP": 2.35, "MORPHO": 1.96, "KCS": 8.39, "U": 0.999433, "POL": 0.096451, "ALGO": 0.11452, "USTB": 11.07, "QNT": 68.3, "EUTBL": 1.23, "BCAP": 105.75, "ATOM": 1.88, "RENDER": 1.81, "KAS": 0.03395937, "NEXO": 0.901758, "ENA": 0.100654, "GT": 7.19, "APT": 0.989306, "WLD": 0.238484, "STABLE": 0.03319811, "ARB": 0.11769, "FIL": 0.923018, "JST": 0.083564, "PUMP": 0.00180765, "FLR": 0.00751207, "BDX": 0.080086, "VET": 0.00717753, "PENGU": 0.00978159, "OUSG": 115.1, "HASH": 0.01130955, "JUP": 0.178015, "GHO": 0.999847, "USDTB": 0.999496, "XDC": 0.02912927, "USD0": 0.998912, "BONK": 6.24e-06, "TRUMP": 2.34, "YLDS": 0.999963, "NIGHT": 0.03180545, "USDM": 1.001}}