{"timestamp": 1781022406, "base": "USD", "data": {"BTC": 61010, "ETH": 1628.6, "USDT": 0.99919, "BNB": 586.26, "USDC": 0.99977, "XRP": 1.13, "SOL": 64.03, "TRX": 0.321834, "FIGR_HELOC": 1.026, "HYPE": 59.11, "DOGE": 0.083754, "USDS": 0.999676, "LEO": 9.42, "RAIN": 0.01262874, "ZEC": 433.38, "XLM": 0.192099, "CC": 0.161764, "ADA": 0.162033, "WBT": 50.64, "XMR": 308.2, "LINK": 7.69, "USD1": 0.998574, "TON": 1.69, "USDE": 0.998919, "DAI": 0.999755, "BCH": 201.99, "M": 2.92, "HBAR": 0.078868, "LAB": 10.28, "LTC": 41.98, "SUI": 0.734226, "USYC": 1.13, "AVAX": 6.5, "PYUSD": 0.999756, "SHIB": 4.6e-06, "NEAR": 2.09, "CRO": 0.059498, "XAUT": 4243.0, "USDG": 0.999906, "BUIDL": 1.0, "USDY": 1.13, "TAO": 207.41, "PAXG": 4252.07, "WLFI": 0.054808, "MNT": 0.527006, "ONDO": 0.350952, "WLD": 0.499083, "RLUSD": 0.999966, "ASTER": 0.613022, "DOT": 0.937989, "HTX": 1.71e-06, "UNI": 2.46, "OKB": 70.67, "USDF": 0.995363, "PI": 0.12649, "USDD": 0.999087, "BEAT": 4.61, "BFUSD": 0.9988, "SKY": 0.055635, "BGB": 1.79, "ICP": 2.25, "MORPHO": 1.82, "PEPE": 2.72e-06, "ETC": 6.87, "U": 0.999702, "DEXE": 21.15, "EUTBL": 1.22, "USDTB": 0.999598, "BCAP": 106.96, "QNT": 64.68, "USTB": 11.11, "AAVE": 60.1, "ATOM": 1.76, "JTRSY": 1.11, "KCS": 6.26, "KAS": 0.03002388, "RENDER": 1.58, "ALGO": 0.088747, "POL": 0.073921, "SIREN": 1.068, "NEXO": 0.758593, "ENA": 0.079229, "STABLE": 0.03120831, "VVV": 15.24, "JST": 0.081545, "\u5e01\u5b89\u4eba\u751f": 0.69029, "JAAA": 1.037, "GT": 6.33, "XDC": 0.03109269, "BDX": 0.078678, "FLR": 0.00693908, "FIL": 0.747718, "GHO": 0.999045, "USD0": 0.998794, "INJ": 5.47, "HASH": 0.00991329, "YLDS": 0.999709, "APT": 0.647492, "PUMP": 0.00150629, "A7A5": 0.01290399}}