{"timestamp": 1784109138, "base": "USD", "data": {"BTC": 64679, "ETH": 1880.56, "USDT": 0.999248, "BNB": 576.64, "USDC": 0.999859, "XRP": 1.11, "SOL": 77.5, "TRX": 0.327843, "FIGR_HELOC": 1.036, "HYPE": 67.99, "DOGE": 0.073971, "USDS": 0.999716, "RAIN": 0.01469673, "ZEC": 558.56, "LEO": 9.8, "WBT": 56.47, "XLM": 0.183727, "LINK": 8.36, "XMR": 326.82, "ADA": 0.164145, "CC": 0.137243, "BCH": 235.78, "DAI": 0.999808, "GRAM": 1.61, "USD1": 0.998633, "USDE": 0.999681, "LTC": 45.76, "USDG": 1.001, "SUI": 0.753518, "USYC": 1.13, "HBAR": 0.067323, "BUIDL": 1.0, "AVAX": 6.66, "PYUSD": 0.999737, "NEAR": 2.03, "CRO": 0.05553, "SHIB": 4.24e-06, "XAUT": 4024.74, "UNI": 3.6, "USDY": 1.14, "TAO": 197.82, "WLFI": 0.056826, "PAXG": 4020.85, "DEXE": 37.66, "OKB": 81.66, "ASTER": 0.636078, "M": 1.26, "HTX": 1.82e-06, "ONDO": 0.319657, "RLUSD": 0.999851, "USDD": 0.999172, "AAVE": 97.9, "WLD": 0.409154, "DOT": 0.851925, "USDF": 0.995451, "SKY": 0.06072, "MNT": 0.423819, "MORPHO": 2.08, "BFUSD": 0.998372, "ICP": 2.19, "BGB": 1.68, "PEPE": 2.78e-06, "ETC": 7.04, "U": 0.999647, "EUTBL": 1.2, "BCAP": 106.19, "USDGO": 0.999899, "KCS": 6.97, "QNT": 65.27, "PI": 0.083659, "STABLE": 0.03688971, "POL": 0.083398, "ADI": 6.96, "JTRSY": 1.11, "JST": 0.097751, "EURSAFO": 1.15, "BEAT": 2.63, "ATOM": 1.56, "ENA": 0.083161, "RENDER": 1.53, "KAS": 0.02860278, "USTB": 11.14, "ALGO": 0.084714, "\u5e01\u5b89\u4eba\u751f": 0.757648, "NEXO": 0.755697, "USDTB": 1.0, "GT": 6.73, "JUP": 0.208403, "JAAA": 1.041, "BDX": 0.084447, "PUMP": 0.00162746, "LIT": 2.57, "FIL": 0.785299, "GHO": 0.998299, "FLR": 0.0066613, "ARB": 0.088725, "USD0": 0.998489, "XDC": 0.02743292, "YLDS": 0.999814, "USX": 0.999786}}