{"timestamp": 1779036467, "base": "USD", "data": {"BTC": 78121, "ETH": 2185.75, "USDT": 0.999464, "BNB": 652.8, "XRP": 1.42, "USDC": 0.999798, "SOL": 86.52, "TRX": 0.356982, "FIGR_HELOC": 1.039, "DOGE": 0.110424, "WBT": 57.59, "USDS": 0.99963, "HYPE": 43.74, "ADA": 0.254988, "LEO": 10.11, "ZEC": 516.5, "BCH": 412.84, "XMR": 394.89, "LINK": 9.72, "CC": 0.154468, "TON": 1.92, "XLM": 0.150961, "USD1": 0.999934, "DAI": 0.999489, "USDE": 0.999819, "LTC": 56.01, "SUI": 1.067, "M": 3.16, "AVAX": 9.3, "HBAR": 0.090921, "RAIN": 0.00751511, "PYUSD": 0.999801, "SHIB": 5.81e-06, "CRO": 0.071265, "USDG": 0.99968, "USYC": 1.12, "XAUT": 4539.75, "BUIDL": 1.0, "TAO": 270.7, "UNI": 3.56, "DOT": 1.27, "PAXG": 4539.05, "MNT": 0.643275, "NEAR": 1.53, "WLFI": 0.060645, "USDY": 1.13, "HTX": 1.98e-06, "USDF": 0.998416, "OKB": 83.5, "ONDO": 0.351756, "ASTER": 0.662331, "PI": 0.159491, "SKY": 0.069831, "PEPE": 3.74e-06, "RLUSD": 0.999905, "USDD": 0.999562, "ICP": 2.61, "ETC": 9.02, "BGB": 2.0, "AAVE": 90.47, "BFUSD": 0.998999, "QNT": 77.99, "MORPHO": 1.77, "KCS": 8.09, "USDTB": 0.999334, "JTRSY": 1.1, "ATOM": 2.06, "U": 0.999798, "EUTBL": 1.22, "USTB": 11.08, "POL": 0.091847, "ALGO": 0.109066, "BCAP": 105.87, "ENA": 0.106798, "RENDER": 1.83, "KAS": 0.03439316, "NEXO": 0.879839, "WLD": 0.24168, "STABLE": 0.03520763, "FLR": 0.00915827, "APT": 0.943192, "GT": 7.2, "JST": 0.089218, "FIL": 0.964983, "ARB": 0.119149, "JUP": 0.198725, "VVV": 14.26, "XDC": 0.03160487, "DEXE": 13.33, "PUMP": 0.00175037, "BDX": 0.078772, "GHO": 0.99934, "HASH": 0.01098455, "VET": 0.00677665, "USD0": 0.998173, "OUSG": 115.25, "BONK": 6.22e-06, "PENGU": 0.00854747, "NIGHT": 0.03202241, "YLDS": 0.999804}}