{"timestamp": 1776786922, "base": "USD", "data": {"BTC": 75740, "ETH": 2306.57, "USDT": 1.0, "XRP": 1.43, "BNB": 631.53, "USDC": 0.999924, "SOL": 85.85, "TRX": 0.331051, "FIGR_HELOC": 1.031, "DOGE": 0.094713, "WBT": 54.76, "USDS": 0.999818, "HYPE": 40.02, "LEO": 10.36, "ADA": 0.248674, "BCH": 445.48, "M": 4.2, "XMR": 370.73, "LINK": 9.4, "XLM": 0.177008, "CC": 0.149432, "ZEC": 320.41, "USDE": 0.999148, "DAI": 0.999631, "LTC": 55.35, "USD1": 1.0, "AVAX": 9.38, "HBAR": 0.090365, "SUI": 0.945451, "PYUSD": 0.999864, "RAIN": 0.00778346, "SHIB": 6.08e-06, "TON": 1.38, "CRO": 0.069993, "USYC": 1.12, "XAUT": 4733.84, "WLFI": 0.078982, "BUIDL": 1.0, "TAO": 244.61, "USDG": 0.999876, "PAXG": 4735.67, "DOT": 1.27, "MNT": 0.634686, "UNI": 3.24, "SKY": 0.079631, "USDF": 0.996871, "NEAR": 1.37, "OKB": 83.56, "PI": 0.168288, "ASTER": 0.676737, "HTX": 1.81e-06, "PEPE": 3.79e-06, "JTRSY": 1.1, "RLUSD": 1.0, "AAVE": 92.19, "ICP": 2.47, "USDD": 1.0, "USDY": 1.13, "BGB": 1.9, "ETC": 8.47, "BFUSD": 0.999901, "ONDO": 0.256989, "KCS": 8.49, "GT": 7.23, "MORPHO": 1.98, "PUMP": 0.00184207, "QNT": 73.35, "U": 0.999624, "EUTBL": 1.23, "POL": 0.093796, "ENA": 0.112266, "KAS": 0.03476685, "RENDER": 1.79, "ALGO": 0.104044, "ATOM": 1.83, "NEXO": 0.907348, "USTB": 11.06, "USDTB": 0.999189, "WLD": 0.263244, "ARB": 0.127516, "APT": 0.940697, "BCAP": 82.76, "FIL": 0.927876, "FLR": 0.00810776, "JST": 0.079653, "TRUMP": 2.87, "BDX": 0.07997, "NIGHT": 0.03711654, "VET": 0.00714906, "HASH": 0.01067486, "JUP": 0.171211, "OUSG": 114.99, "XDC": 0.03009144, "STABLE": 0.02702114, "YLDS": 0.999931, "GHO": 0.998976, "DEXE": 12.29, "USD0": 0.998195, "BONK": 6.16e-06, "CAKE": 1.54}}