{"timestamp": 1779912172, "base": "USD", "data": {"BTC": 74941, "ETH": 2054.19, "USDT": 0.998255, "BNB": 652.49, "XRP": 1.33, "USDC": 0.999735, "SOL": 83.76, "TRX": 0.368999, "FIGR_HELOC": 1.025, "DOGE": 0.101971, "HYPE": 60.01, "USDS": 0.999412, "ZEC": 553.5, "LEO": 10.04, "RAIN": 0.014703, "ADA": 0.240517, "XMR": 394.07, "BCH": 343.05, "LINK": 9.3, "WBT": 55.11, "CC": 0.155789, "XLM": 0.163864, "TON": 1.9, "USD1": 0.998019, "USDE": 0.998645, "DAI": 0.99948, "LTC": 52.35, "AVAX": 9.17, "M": 3.03, "SUI": 0.980333, "HBAR": 0.085893, "NEAR": 2.67, "PYUSD": 0.999713, "SHIB": 5.48e-06, "CRO": 0.067235, "USYC": 1.12, "USDG": 0.999719, "XAUT": 4439.21, "TAO": 272.92, "BUIDL": 1.0, "USDY": 1.13, "DOT": 1.26, "MNT": 0.635961, "PAXG": 4447.99, "UNI": 3.27, "ONDO": 0.396327, "WLFI": 0.059841, "OKB": 87.92, "ASTER": 0.685194, "RLUSD": 1.0, "HTX": 1.93e-06, "USDF": 0.995254, "ICP": 2.94, "SKY": 0.066517, "PI": 0.144536, "PEPE": 3.53e-06, "USDD": 0.998117, "BGB": 2.01, "MORPHO": 2.18, "ETC": 8.59, "BFUSD": 0.998128, "AAVE": 85.04, "WLD": 0.348234, "RENDER": 2.2, "ATOM": 2.16, "QNT": 73.48, "KCS": 7.93, "USDTB": 0.998758, "EUTBL": 1.22, "U": 0.999701, "BCAP": 107.16, "POL": 0.090206, "ALGO": 0.107138, "JTRSY": 1.1, "KAS": 0.03241283, "USTB": 11.09, "STABLE": 0.03780092, "ENA": 0.096014, "NEXO": 0.84536, "FIL": 1.058, "JST": 0.095404, "APT": 0.973387, "VVV": 17.14, "DEXE": 16.51, "GT": 6.88, "FLR": 0.00806901, "ARB": 0.109121, "PUMP": 0.00183956, "JUP": 0.195628, "XDC": 0.03168081, "BDX": 0.078838, "GHO": 0.998503, "NIGHT": 0.03486484, "INJ": 5.69, "HASH": 0.01048336, "DASH": 43.78, "FET": 0.245691, "USD0": 0.998505, "UB": 0.216866, "APXUSD": 0.999463}}