{"timestamp": 1779676794, "base": "USD", "data": {"BTC": 77051, "ETH": 2096.65, "USDT": 0.99877, "BNB": 656.72, "XRP": 1.35, "USDC": 0.99976, "SOL": 85.02, "TRX": 0.364777, "FIGR_HELOC": 1.03, "DOGE": 0.102063, "HYPE": 61.3, "USDS": 0.99943, "ZEC": 648.15, "LEO": 10.04, "ADA": 0.241206, "XMR": 398.6, "BCH": 345.64, "LINK": 9.4, "WBT": 56.71, "CC": 0.164857, "XLM": 0.147162, "USD1": 0.998888, "TON": 1.77, "USDE": 0.998774, "DAI": 0.999513, "SUI": 1.026, "LTC": 52.62, "AVAX": 9.18, "HBAR": 0.088217, "M": 2.89, "RAIN": 0.00759735, "PYUSD": 0.999519, "SHIB": 5.56e-06, "CRO": 0.068841, "NEAR": 2.37, "USYC": 1.13, "USDG": 0.99985, "XAUT": 4544.59, "TAO": 272.94, "BUIDL": 1.0, "ONDO": 0.442041, "MNT": 0.649006, "PAXG": 4552.03, "UNI": 3.37, "USDY": 1.13, "DOT": 1.24, "WLFI": 0.060294, "HTX": 2.01e-06, "ASTER": 0.700637, "USDF": 0.996862, "OKB": 83.38, "RLUSD": 1.0, "SKY": 0.069913, "PI": 0.148797, "USDD": 0.998889, "PEPE": 3.56e-06, "MORPHO": 2.24, "ICP": 2.54, "ETC": 8.89, "BGB": 1.97, "BFUSD": 0.998504, "AAVE": 85.52, "QNT": 80.05, "USDTB": 0.999, "KCS": 8.06, "EUTBL": 1.22, "ATOM": 2.06, "RENDER": 1.99, "U": 0.999721, "WLD": 0.29168, "ALGO": 0.111767, "USTB": 11.09, "BCAP": 105.74, "POL": 0.09028, "JTRSY": 1.1, "KAS": 0.03342432, "VVV": 19.25, "ENA": 0.098481, "STABLE": 0.03801105, "NEXO": 0.849905, "JST": 0.093017, "APT": 0.942996, "GT": 7.07, "FIL": 0.952079, "FLR": 0.00829078, "DEXE": 15.11, "JUP": 0.20057, "ARB": 0.105197, "BDX": 0.079981, "XDC": 0.03069774, "PUMP": 0.00173097, "HASH": 0.01139512, "DASH": 45.91, "GHO": 0.99878, "VET": 0.00664301, "PENGU": 0.00893862, "USD0": 0.998572, "OUSG": 115.33, "NIGHT": 0.03316725, "BONK": 6.02e-06}}