{"timestamp": 1783982818, "base": "USD", "data": {"BTC": 62000, "ETH": 1762.18, "USDT": 0.999032, "BNB": 565.48, "USDC": 0.999836, "XRP": 1.059, "SOL": 74.52, "TRX": 0.324422, "FIGR_HELOC": 1.033, "HYPE": 63.09, "DOGE": 0.071513, "USDS": 0.999724, "RAIN": 0.01432607, "LEO": 9.52, "ZEC": 493.03, "WBT": 54.4, "XLM": 0.180007, "XMR": 320.5, "LINK": 7.84, "ADA": 0.156403, "CC": 0.130421, "BCH": 234.1, "DAI": 0.999689, "USD1": 0.998606, "GRAM": 1.59, "USDE": 0.999695, "LTC": 43.34, "USDG": 1.001, "USYC": 1.13, "HBAR": 0.066252, "SUI": 0.715228, "BUIDL": 1.0, "PYUSD": 0.999789, "AVAX": 6.41, "CRO": 0.054381, "NEAR": 1.89, "XAUT": 3997.44, "SHIB": 4.12e-06, "UNI": 3.52, "USDY": 1.14, "DEXE": 41.76, "TAO": 199.82, "WLFI": 0.057484, "PAXG": 3997.78, "OKB": 80.42, "ASTER": 0.625101, "HTX": 1.81e-06, "M": 1.2, "USDD": 0.99863, "RLUSD": 1.0, "ONDO": 0.309593, "AAVE": 93.85, "USDF": 0.995511, "SKY": 0.060713, "DOT": 0.831348, "MNT": 0.419291, "WLD": 0.389619, "BFUSD": 0.998174, "MORPHO": 1.99, "ICP": 2.17, "BGB": 1.63, "PEPE": 2.69e-06, "ETC": 6.84, "U": 0.999582, "EUTBL": 1.2, "BCAP": 106.19, "QNT": 64.71, "USDGO": 0.999906, "KCS": 6.77, "STABLE": 0.03675036, "POL": 0.082146, "ADI": 6.97, "JTRSY": 1.11, "JST": 0.099553, "PI": 0.07561, "EURSAFO": 1.15, "ATOM": 1.53, "BEAT": 2.55, "KAS": 0.02826002, "USTB": 11.14, "RENDER": 1.48, "ENA": 0.077835, "ALGO": 0.083001, "BDX": 0.094506, "NEXO": 0.731136, "USDTB": 1.0, "GT": 6.59, "\u5e01\u5b89\u4eba\u751f": 0.698505, "JUP": 0.207369, "JAAA": 1.041, "GHO": 0.998111, "FIL": 0.742384, "PUMP": 0.00147422, "LIT": 2.32, "ARB": 0.089336, "FLR": 0.00636971, "USD0": 0.998588, "XDC": 0.02695065, "YLDS": 0.999836, "USX": 0.999936}}