{"timestamp": 1778445567, "base": "USD", "data": {"BTC": 81016, "ETH": 2345.26, "USDT": 0.999778, "XRP": 1.47, "BNB": 656.47, "USDC": 0.999725, "SOL": 95.4, "TRX": 0.351198, "FIGR_HELOC": 1.0, "DOGE": 0.109511, "WBT": 59.72, "USDS": 0.999745, "ADA": 0.282966, "HYPE": 42.98, "ZEC": 570.99, "LEO": 10.06, "BCH": 461.12, "LINK": 10.69, "XMR": 407.8, "TON": 2.37, "CC": 0.155209, "XLM": 0.169354, "SUI": 1.34, "LTC": 59.3, "AVAX": 10.26, "DAI": 0.999658, "USD1": 0.999172, "M": 3.24, "HBAR": 0.097143, "USDE": 0.999605, "SHIB": 6.55e-06, "RAIN": 0.0075848, "PYUSD": 0.999638, "CRO": 0.073849, "TAO": 323.94, "USYC": 1.12, "XAUT": 4704.46, "USDG": 0.999775, "UNI": 3.99, "BUIDL": 1.0, "MNT": 0.70933, "DOT": 1.39, "PAXG": 4707.1, "WLFI": 0.068796, "NEAR": 1.58, "ONDO": 0.41194, "OKB": 88.37, "PEPE": 4.4e-06, "ICP": 3.35, "SKY": 0.079436, "ASTER": 0.710943, "PI": 0.17481, "HTX": 1.97e-06, "USDF": 0.9966, "AAVE": 101.98, "RLUSD": 0.999931, "ETC": 9.86, "BGB": 2.15, "USDD": 0.999769, "MORPHO": 2.14, "USDY": 1.13, "BFUSD": 0.999101, "JTRSY": 1.1, "ENA": 0.132904, "ALGO": 0.129412, "KCS": 8.51, "POL": 0.103379, "QNT": 75.16, "RENDER": 2.03, "KAS": 0.03830001, "U": 1.001, "ATOM": 2.01, "EUTBL": 1.24, "USTB": 11.08, "APT": 1.22, "BCAP": 105.77, "WLD": 0.282387, "NEXO": 0.916801, "JUP": 0.272745, "FIL": 1.15, "ARB": 0.142953, "GT": 7.53, "SIREN": 1.12, "PUMP": 0.00220162, "STABLE": 0.03422182, "FLR": 0.00874008, "JST": 0.084354, "BONK": 7.71e-06, "VET": 0.00789151, "PENGU": 0.01062921, "VVV": 14.53, "USDTB": 0.999106, "BDX": 0.079583, "OUSG": 115.18, "XDC": 0.03038746, "DASH": 47.66, "VIRTUAL": 0.904415, "GHO": 0.999704, "TRUMP": 2.5, "DEXE": 12.39}}