{"timestamp": 1783572177, "base": "USD", "data": {"BTC": 62218, "ETH": 1738.15, "USDT": 0.99917, "BNB": 568.96, "USDC": 0.999847, "XRP": 1.09, "SOL": 77.61, "TRX": 0.330043, "FIGR_HELOC": 1.034, "HYPE": 67.55, "DOGE": 0.072425, "USDS": 0.999697, "RAIN": 0.01455804, "LEO": 9.47, "ZEC": 461.18, "WBT": 55.05, "XLM": 0.183515, "ADA": 0.167099, "XMR": 320.28, "LINK": 7.65, "CC": 0.127537, "BCH": 234.72, "DAI": 0.999939, "USD1": 0.998878, "USDE": 0.998473, "GRAM": 1.58, "LTC": 43.85, "USDG": 0.99983, "USYC": 1.13, "HBAR": 0.070039, "SUI": 0.722517, "PYUSD": 0.99979, "AVAX": 6.51, "CRO": 0.056025, "SHIB": 4.26e-06, "XAUT": 4053.51, "NEAR": 1.91, "BUIDL": 1.0, "USDY": 1.14, "UNI": 3.28, "TAO": 204.28, "WLFI": 0.058298, "PAXG": 4056.2, "M": 1.32, "HTX": 1.85e-06, "ASTER": 0.621614, "OKB": 78.61, "RLUSD": 0.999897, "ONDO": 0.314988, "USDD": 0.999112, "USDF": 0.99686, "DOT": 0.831119, "MNT": 0.425131, "DEXE": 28.79, "WLD": 0.381054, "AAVE": 87.49, "MORPHO": 2.03, "BFUSD": 0.998253, "SKY": 0.054836, "ICP": 2.22, "BGB": 1.64, "PI": 0.101463, "ETC": 6.98, "PEPE": 2.59e-06, "U": 0.999898, "EUTBL": 1.2, "BCAP": 106.63, "QNT": 65.6, "KCS": 6.89, "JTRSY": 1.11, "USDGO": 0.999944, "STABLE": 0.035417, "USTB": 11.14, "ATOM": 1.57, "POL": 0.076165, "JST": 0.0949, "RENDER": 1.54, "KAS": 0.02904828, "ALGO": 0.085585, "ADI": 6.0, "NEXO": 0.744127, "EURSAFO": 1.15, "BDX": 0.094073, "USDTB": 1.0, "ENA": 0.075079, "GT": 6.67, "\u5e01\u5b89\u4eba\u751f": 0.706317, "JUP": 0.211544, "BEAT": 2.24, "JAAA": 1.04, "FIL": 0.772997, "PUMP": 0.00149659, "LIT": 2.4, "GHO": 0.998251, "FLR": 0.00655931, "USD0": 0.998714, "YLDS": 0.999836, "VVV": 11.48, "XDC": 0.02702459, "NIGHT": 0.03189709}}