{"timestamp": 1782479059, "base": "USD", "data": {"BTC": 59137, "USDT": 0.998594, "ETH": 1535.27, "BNB": 555.77, "USDC": 0.999749, "XRP": 1.019, "SOL": 68.83, "TRX": 0.320349, "FIGR_HELOC": 1.033, "HYPE": 61.51, "DOGE": 0.073299, "USDS": 0.999943, "RAIN": 0.01562071, "LEO": 9.26, "ZEC": 396.3, "LAB": 19.2, "XLM": 0.172595, "CC": 0.148614, "XMR": 307.24, "WBT": 47.79, "LINK": 7.12, "ADA": 0.142666, "USD1": 0.999518, "DAI": 0.999494, "USDE": 0.997994, "GRAM": 1.54, "BCH": 192.81, "HBAR": 0.072251, "LTC": 40.48, "USYC": 1.13, "USDG": 0.999437, "PYUSD": 0.999591, "SUI": 0.674669, "AVAX": 6.1, "CRO": 0.054214, "XAUT": 4042.07, "SHIB": 4.14e-06, "BUIDL": 1.0, "NEAR": 1.78, "USDY": 1.14, "TAO": 208.47, "PAXG": 4042.95, "WLFI": 0.057068, "UNI": 2.84, "ASTER": 0.618118, "WLD": 0.455347, "RLUSD": 0.999947, "OKB": 73.99, "HTX": 1.67e-06, "ONDO": 0.306401, "USDF": 0.993199, "DOT": 0.828769, "MNT": 0.420214, "USDD": 0.998398, "PI": 0.126713, "BFUSD": 0.998356, "AAVE": 86.12, "SKY": 0.050126, "ICP": 2.11, "M": 0.872187, "BGB": 1.62, "DEXE": 23.3, "ETC": 6.92, "MORPHO": 1.67, "U": 0.999699, "BCAP": 107.03, "PEPE": 2.31e-06, "EUTBL": 1.2, "QNT": 64.18, "USDTB": 1.0, "KCS": 6.67, "JTRSY": 1.11, "STABLE": 0.03605458, "USDGO": 0.999999, "ATOM": 1.59, "USTB": 11.13, "RENDER": 1.48, "POL": 0.071368, "KAS": 0.02740893, "BDX": 0.085063, "ALGO": 0.081888, "\u5e01\u5b89\u4eba\u751f": 0.72671, "ENA": 0.077385, "NEXO": 0.718839, "JUP": 0.215086, "JST": 0.082686, "BEAT": 2.38, "JAAA": 1.039, "GT": 6.4, "VVV": 13.28, "EURSAFO": 1.15, "GHO": 0.997773, "FLR": 0.00669583, "ADI": 4.55, "FIL": 0.715621, "YLDS": 0.999838, "XDC": 0.02800894, "USD0": 0.998805, "USX": 0.999555, "NIGHT": 0.03033998}}