{"timestamp": 1784215629, "base": "USD", "data": {"BTC": 64589, "ETH": 1879.17, "USDT": 0.999162, "BNB": 578.63, "USDC": 0.999883, "XRP": 1.11, "SOL": 76.18, "TRX": 0.323449, "FIGR_HELOC": 1.037, "HYPE": 65.23, "DOGE": 0.073371, "USDS": 0.999843, "ZEC": 555.03, "RAIN": 0.01404785, "LEO": 9.82, "WBT": 56.3, "XLM": 0.190039, "XMR": 335.02, "LINK": 8.4, "ADA": 0.163064, "CC": 0.134437, "DAI": 0.999769, "BCH": 222.66, "USD1": 0.998554, "GRAM": 1.55, "USDE": 0.999731, "LTC": 44.95, "USDG": 1.002, "SUI": 0.748694, "USYC": 1.13, "HBAR": 0.067582, "AVAX": 6.61, "PYUSD": 0.999857, "NEAR": 2.07, "CRO": 0.057452, "BUIDL": 1.0, "XAUT": 4002.79, "SHIB": 4.14e-06, "UNI": 3.64, "USDY": 1.14, "TAO": 196.29, "ONDO": 0.383659, "WLFI": 0.058106, "PAXG": 3998.69, "OKB": 80.93, "ASTER": 0.625103, "HTX": 1.81e-06, "M": 1.21, "DEXE": 33.51, "RLUSD": 0.999834, "MNT": 0.449254, "USDD": 0.999051, "DOT": 0.847244, "USDF": 0.995773, "WLD": 0.397974, "AAVE": 92.76, "SKY": 0.06024, "MORPHO": 2.03, "BFUSD": 0.998403, "ICP": 2.16, "BGB": 1.66, "PEPE": 2.74e-06, "ETC": 7.01, "U": 0.999654, "EUTBL": 1.21, "USDGO": 0.999902, "BCAP": 106.19, "STABLE": 0.03893607, "QNT": 64.81, "KCS": 6.84, "POL": 0.083495, "ADI": 7.0, "JTRSY": 1.11, "EURSAFO": 1.15, "JST": 0.098578, "PI": 0.075047, "ENA": 0.085012, "BEAT": 2.61, "ATOM": 1.53, "KAS": 0.02864588, "RENDER": 1.51, "USTB": 11.15, "ALGO": 0.083994, "NEXO": 0.746346, "\u5e01\u5b89\u4eba\u751f": 0.71845, "GT": 6.74, "BDX": 0.088904, "JAAA": 1.041, "JUP": 0.202832, "PUMP": 0.00167406, "FIL": 0.779145, "LIT": 2.46, "GHO": 0.998456, "FLR": 0.00656802, "ARB": 0.088119, "USD0": 0.99876, "YLDS": 0.999889, "XDC": 0.02720103, "USX": 0.999949, "APT": 0.612481}}