{"timestamp": 1784048682, "base": "USD", "data": {"BTC": 64647, "ETH": 1869.66, "USDT": 0.999241, "BNB": 581.13, "USDC": 0.999758, "XRP": 1.1, "SOL": 77.24, "TRX": 0.324939, "FIGR_HELOC": 1.034, "HYPE": 64.73, "DOGE": 0.074498, "USDS": 0.99979, "RAIN": 0.01459787, "ZEC": 549.1, "LEO": 9.56, "WBT": 56.88, "XLM": 0.184515, "LINK": 8.26, "XMR": 329.11, "ADA": 0.165278, "CC": 0.131986, "BCH": 237.78, "DAI": 0.99987, "GRAM": 1.63, "USD1": 0.998866, "USDE": 0.999808, "LTC": 44.53, "USDG": 0.999917, "SUI": 0.754729, "USYC": 1.13, "HBAR": 0.06679, "BUIDL": 1.0, "AVAX": 6.64, "PYUSD": 0.999858, "NEAR": 2.04, "CRO": 0.055798, "SHIB": 4.22e-06, "XAUT": 4054.44, "UNI": 3.69, "USDY": 1.14, "TAO": 203.04, "DEXE": 40.84, "WLFI": 0.05782, "PAXG": 4053.67, "OKB": 81.4, "ASTER": 0.627249, "M": 1.24, "HTX": 1.81e-06, "USDD": 0.998952, "ONDO": 0.31523, "RLUSD": 0.999961, "AAVE": 99.83, "WLD": 0.410576, "DOT": 0.855151, "USDF": 0.995174, "MNT": 0.425283, "SKY": 0.060095, "MORPHO": 2.02, "BFUSD": 0.998464, "ICP": 2.23, "PEPE": 2.84e-06, "BGB": 1.68, "ETC": 7.06, "U": 1.0, "EUTBL": 1.21, "BCAP": 106.19, "KCS": 7.01, "QNT": 64.77, "USDGO": 1.0, "POL": 0.084305, "STABLE": 0.03657651, "ADI": 6.99, "JTRSY": 1.11, "PI": 0.078062, "JST": 0.099425, "EURSAFO": 1.15, "BEAT": 2.62, "ATOM": 1.55, "ENA": 0.083725, "\u5e01\u5b89\u4eba\u751f": 0.800826, "KAS": 0.02882625, "RENDER": 1.52, "USTB": 11.14, "ALGO": 0.084864, "NEXO": 0.755292, "USDTB": 1.0, "GT": 6.75, "JUP": 0.20908, "JAAA": 1.041, "BDX": 0.086715, "LIT": 2.57, "FIL": 0.778267, "GHO": 0.99784, "PUMP": 0.00149477, "FLR": 0.00679776, "ARB": 0.091964, "USD0": 0.998326, "XDC": 0.02730917, "YLDS": 0.9998, "VVV": 11.1}}