{"timestamp": 1783156463, "base": "USD", "data": {"BTC": 62484, "ETH": 1759.61, "USDT": 0.999119, "BNB": 573.32, "USDC": 0.999881, "XRP": 1.14, "SOL": 82.01, "TRX": 0.323852, "FIGR_HELOC": 1.009, "HYPE": 70.93, "DOGE": 0.076974, "RAIN": 0.01546642, "USDS": 0.999663, "LEO": 9.14, "ZEC": 458.72, "XLM": 0.207476, "WBT": 56.58, "ADA": 0.176353, "XMR": 328.38, "LINK": 7.92, "CC": 0.137898, "GRAM": 1.81, "DAI": 0.999791, "USD1": 0.998991, "BCH": 225.3, "USDE": 0.998729, "LTC": 44.42, "HBAR": 0.072336, "USYC": 1.13, "SUI": 0.755825, "LAB": 9.7, "USDG": 1.0, "AVAX": 6.85, "PYUSD": 1.0, "CRO": 0.060642, "SHIB": 4.39e-06, "NEAR": 1.97, "XAUT": 4157.73, "BUIDL": 1.0, "USDY": 1.14, "M": 1.61, "TAO": 213.22, "UNI": 3.19, "PAXG": 4163.92, "WLFI": 0.055718, "OKB": 81.7, "ASTER": 0.639865, "ONDO": 0.333051, "RLUSD": 0.999739, "HTX": 1.69e-06, "WLD": 0.424861, "DOT": 0.873318, "MNT": 0.441579, "USDF": 0.996088, "USDD": 0.999128, "SKY": 0.058194, "AAVE": 87.81, "BFUSD": 0.998375, "MORPHO": 1.94, "PI": 0.115541, "ICP": 2.21, "BGB": 1.71, "PEPE": 2.73e-06, "ETC": 7.19, "DEXE": 23.2, "U": 1.0, "QNT": 67.76, "EUTBL": 1.21, "BCAP": 106.97, "KCS": 7.09, "BEAT": 2.94, "USDGO": 0.999732, "JTRSY": 1.11, "USTB": 11.13, "KAS": 0.03143229, "STABLE": 0.03451618, "RENDER": 1.59, "ATOM": 1.58, "ALGO": 0.089077, "JUP": 0.236046, "POL": 0.073185, "JST": 0.090077, "NEXO": 0.764191, "USDTB": 1.0, "ENA": 0.078057, "GT": 6.78, "ADI": 5.75, "BDX": 0.088409, "\u5e01\u5b89\u4eba\u751f": 0.689004, "EURSAFO": 1.15, "JAAA": 1.04, "PUMP": 0.00160278, "FIL": 0.801115, "VVV": 12.91, "FLR": 0.00698544, "GHO": 0.998044, "XDC": 0.0286043, "USD0": 0.99861, "YLDS": 0.999826, "LIT": 2.17}}