{"timestamp": 1784723178, "base": "USD", "data": {"BTC": 65818, "ETH": 1922.13, "USDT": 0.999238, "BNB": 569.92, "USDC": 0.999914, "XRP": 1.14, "SOL": 77.25, "TRX": 0.329588, "FIGR_HELOC": 1.005, "HYPE": 58.26, "DOGE": 0.072367, "RAIN": 0.01468514, "USDS": 0.999873, "LEO": 9.72, "ZEC": 512.59, "WBT": 57.39, "XMR": 348.34, "XLM": 0.188949, "LINK": 8.61, "ADA": 0.172385, "CC": 0.123778, "DAI": 0.999939, "BCH": 221.41, "USD1": 0.99898, "GRAM": 1.5, "USDE": 0.999781, "LTC": 46.53, "USDG": 0.999994, "HBAR": 0.070844, "SUI": 0.75747, "USYC": 1.13, "AVAX": 6.5, "PYUSD": 0.999692, "CRO": 0.057784, "BUIDL": 1.0, "XAUT": 4118.53, "SHIB": 4.24e-06, "NEAR": 1.88, "UNI": 3.79, "USDY": 1.14, "ONDO": 0.405988, "TAO": 196.4, "PAXG": 4116.42, "WLFI": 0.056526, "OKB": 81.75, "ASTER": 0.623898, "HTX": 1.85e-06, "RLUSD": 1.0, "M": 1.17, "USDD": 0.999116, "SKY": 0.063779, "AAVE": 96.05, "USDF": 0.995303, "DOT": 0.835787, "MNT": 0.424187, "WLD": 0.378671, "BFUSD": 0.998572, "MORPHO": 2.01, "ICP": 2.18, "PEPE": 2.83e-06, "BGB": 1.69, "ETC": 6.94, "U": 0.999891, "EUTBL": 1.2, "USDGO": 1.0, "PI": 0.09103, "BCAP": 106.2, "QNT": 64.32, "KCS": 6.68, "STABLE": 0.03574872, "JTRSY": 1.11, "ADI": 6.86, "EURSAFO": 1.15, "ENA": 0.088521, "POL": 0.079147, "JST": 0.101324, "BEAT": 2.62, "RENDER": 1.51, "PUMP": 0.00195312, "USTB": 11.15, "KAS": 0.02796965, "ATOM": 1.46, "NEXO": 0.75042, "ALGO": 0.083648, "GT": 6.66, "JAAA": 1.042, "BDX": 0.083005, "GHO": 0.998772, "JUP": 0.193978, "FIL": 0.766516, "\u5e01\u5b89\u4eba\u751f": 0.603372, "VVV": 12.59, "ARB": 0.089077, "HASH": 0.01042315, "FLR": 0.00663472, "XDC": 0.02841595, "LIT": 2.26, "YLDS": 0.999968, "USD0": 0.999259, "USX": 0.999764}}