{"timestamp": 1781718360, "base": "USD", "data": {"BTC": 65808, "ETH": 1773.57, "USDT": 0.999185, "BNB": 606.2, "XRP": 1.21, "USDC": 0.999822, "SOL": 73.61, "TRX": 0.321359, "FIGR_HELOC": 1.021, "HYPE": 74.29, "DOGE": 0.087043, "USDS": 0.99978, "RAIN": 0.01460919, "LEO": 9.68, "ZEC": 495.6, "XLM": 0.225198, "WBT": 54.3, "CC": 0.164764, "ADA": 0.170884, "XMR": 336.56, "LINK": 8.25, "USD1": 1.0, "USDE": 0.99912, "GRAM": 1.66, "BCH": 215.78, "DAI": 0.999593, "LAB": 12.94, "M": 2.98, "LTC": 45.6, "HBAR": 0.081049, "SUI": 0.79946, "USYC": 1.13, "NEAR": 2.33, "AVAX": 6.9, "SHIB": 4.99e-06, "CRO": 0.060005, "USDG": 1.0, "PYUSD": 1.0, "XAUT": 4354.33, "TAO": 256.04, "BUIDL": 1.0, "WLD": 0.666158, "USDY": 1.13, "UNI": 3.28, "PAXG": 4365.97, "WLFI": 0.061923, "ASTER": 0.732687, "ONDO": 0.378574, "MNT": 0.553976, "DOT": 1.027, "RLUSD": 0.999998, "OKB": 74.95, "HTX": 1.72e-06, "USDF": 0.994563, "PI": 0.132464, "USDD": 0.999241, "SKY": 0.058761, "ICP": 2.41, "BFUSD": 0.999148, "MORPHO": 1.97, "BGB": 1.82, "PEPE": 2.98e-06, "AAVE": 76.85, "ETC": 7.39, "QNT": 71.29, "ATOM": 1.97, "U": 0.999515, "KCS": 7.32, "USTB": 11.12, "BCAP": 107.07, "EUTBL": 1.22, "USDTB": 1.0, "RENDER": 1.74, "ALGO": 0.099376, "KAS": 0.03214118, "ENA": 0.093982, "JTRSY": 1.11, "POL": 0.077888, "NEXO": 0.827528, "STABLE": 0.03340201, "VVV": 16.51, "GT": 6.79, "DEXE": 15.31, "JST": 0.082586, "JAAA": 1.038, "\u5e01\u5b89\u4eba\u751f": 0.675701, "FLR": 0.00772436, "JUP": 0.194684, "FIL": 0.811754, "BDX": 0.079897, "XDC": 0.03024307, "GHO": 0.998872, "APT": 0.682371, "ARB": 0.087372, "YLDS": 0.999968, "USD0": 0.998736, "INJ": 5.48, "EURSAFO": 1.17, "PUMP": 0.00152685, "NIGHT": 0.03119098}}