{"timestamp": 1781318232, "base": "USD", "data": {"BTC": 63667, "ETH": 1668.97, "USDT": 0.999448, "BNB": 604.6, "USDC": 0.999857, "XRP": 1.13, "SOL": 67.09, "TRX": 0.315097, "FIGR_HELOC": 1.035, "DOGE": 0.086555, "HYPE": 59.56, "USDS": 0.999689, "LEO": 9.6, "RAIN": 0.01305128, "ZEC": 415.83, "XMR": 345.26, "ADA": 0.171975, "CC": 0.162805, "XLM": 0.185236, "WBT": 51.96, "LINK": 7.91, "TON": 1.68, "USDE": 0.999598, "USD1": 1.0, "DAI": 0.999683, "BCH": 203.12, "M": 3.0, "HBAR": 0.077845, "LTC": 43.27, "LAB": 10.03, "SUI": 0.752333, "USYC": 1.13, "SHIB": 4.87e-06, "AVAX": 6.6, "PYUSD": 0.999881, "CRO": 0.059247, "USDG": 0.999837, "NEAR": 2.01, "XAUT": 4200.69, "BUIDL": 1.0, "BEAT": 7.88, "USDY": 1.14, "TAO": 213.82, "PAXG": 4208.72, "WLFI": 0.05945, "MNT": 0.538853, "ONDO": 0.355846, "ASTER": 0.630498, "RLUSD": 1.0, "DOT": 0.965299, "WLD": 0.478951, "UNI": 2.51, "OKB": 73.85, "HTX": 1.7e-06, "USDF": 0.995653, "PI": 0.127051, "USDD": 0.999525, "BFUSD": 0.999182, "SKY": 0.056301, "ICP": 2.36, "MORPHO": 1.98, "BGB": 1.79, "PEPE": 2.82e-06, "ETC": 7.16, "ATOM": 2.0, "U": 1.0, "AAVE": 65.34, "BCAP": 106.96, "EUTBL": 1.22, "QNT": 66.73, "USTB": 11.11, "USDTB": 0.999916, "KCS": 6.71, "DEXE": 18.98, "RENDER": 1.68, "JTRSY": 1.11, "KAS": 0.0309675, "STABLE": 0.03562766, "NEXO": 0.798157, "POL": 0.074768, "ALGO": 0.086843, "VVV": 16.13, "ENA": 0.077568, "GT": 6.56, "JAAA": 1.038, "\u5e01\u5b89\u4eba\u751f": 0.684466, "FLR": 0.00790831, "JST": 0.076489, "XDC": 0.0304684, "FIL": 0.758517, "GHO": 0.999037, "BDX": 0.076209, "NIGHT": 0.03529611, "JUP": 0.169261, "USD0": 0.99857, "YLDS": 0.999605, "HASH": 0.01008278, "TRUMP": 2.29, "APT": 0.648305, "PUMP": 0.00151623}}