{"timestamp": 1776925207, "base": "USD", "data": {"BTC": 78243, "ETH": 2353.34, "USDT": 1.0, "XRP": 1.42, "BNB": 637.69, "USDC": 0.999784, "SOL": 86.1, "TRX": 0.327275, "FIGR_HELOC": 1.036, "DOGE": 0.096159, "WBT": 55.58, "USDS": 0.99963, "HYPE": 41.17, "LEO": 10.22, "ADA": 0.247873, "BCH": 457.15, "XMR": 369.37, "LINK": 9.24, "M": 4.56, "XLM": 0.176846, "CC": 0.150375, "ZEC": 315.75, "DAI": 0.999668, "USD1": 0.999973, "LTC": 55.29, "USDE": 0.999338, "AVAX": 9.29, "HBAR": 0.090831, "SUI": 0.942062, "RAIN": 0.00755996, "PYUSD": 0.999978, "SHIB": 6.11e-06, "TON": 1.35, "CRO": 0.069858, "USYC": 1.12, "XAUT": 4696.47, "BUIDL": 1.0, "WLFI": 0.077143, "TAO": 243.05, "USDG": 0.999842, "PAXG": 4699.41, "DOT": 1.26, "MNT": 0.639123, "UNI": 3.3, "SKY": 0.08305, "NEAR": 1.39, "USDF": 0.99629, "OKB": 83.98, "PI": 0.168588, "HTX": 1.82e-06, "ASTER": 0.672764, "PEPE": 3.8e-06, "JTRSY": 1.1, "RLUSD": 0.999878, "AAVE": 92.31, "USDD": 1.0, "ICP": 2.47, "BGB": 1.94, "ETC": 8.47, "BFUSD": 1.0, "USDY": 1.12, "ONDO": 0.259028, "KCS": 8.45, "GT": 7.37, "PUMP": 0.00181974, "QNT": 73.4, "MORPHO": 1.91, "U": 1.0, "EUTBL": 1.23, "POL": 0.09315, "KAS": 0.03471505, "RENDER": 1.81, "ATOM": 1.85, "ENA": 0.106005, "ALGO": 0.102108, "NEXO": 0.9039, "USDTB": 1.0, "WLD": 0.264792, "USTB": 11.06, "APT": 0.954338, "ARB": 0.125788, "BCAP": 82.76, "JST": 0.08389, "FIL": 0.923821, "FLR": 0.00792507, "TRUMP": 2.87, "BDX": 0.07996, "HASH": 0.01077362, "VET": 0.00711621, "NIGHT": 0.03674888, "JUP": 0.170743, "XDC": 0.03025887, "OUSG": 115.01, "STABLE": 0.0273243, "GHO": 0.99898, "DEXE": 12.38, "USD0": 0.997895, "BONK": 6.32e-06, "YLDS": 0.999787, "PENGU": 0.00864225}}