{"timestamp": 1782940777, "base": "USD", "data": {"BTC": 60384, "ETH": 1621.1, "USDT": 0.998861, "BNB": 553.51, "USDC": 0.999656, "XRP": 1.061, "SOL": 77.77, "TRX": 0.317074, "FIGR_HELOC": 1.039, "HYPE": 62.85, "DOGE": 0.073099, "RAIN": 0.01555751, "USDS": 0.999491, "LEO": 9.25, "ZEC": 415.14, "XLM": 0.200367, "WBT": 55.08, "XMR": 308.95, "ADA": 0.155012, "LINK": 7.43, "CC": 0.140845, "DAI": 0.9995, "USD1": 0.998745, "USDE": 0.99844, "BCH": 215.35, "GRAM": 1.56, "LTC": 42.72, "HBAR": 0.072262, "USYC": 1.13, "USDG": 0.999665, "SUI": 0.72142, "AVAX": 6.73, "LAB": 9.03, "PYUSD": 0.999648, "SHIB": 4.32e-06, "CRO": 0.054843, "XAUT": 4028.44, "NEAR": 1.85, "BUIDL": 1.0, "USDY": 1.14, "TAO": 205.2, "WLFI": 0.058501, "PAXG": 4030.48, "UNI": 2.82, "ASTER": 0.627797, "M": 1.27, "OKB": 79.72, "ONDO": 0.322429, "RLUSD": 1.0, "HTX": 1.64e-06, "DOT": 0.840311, "USDF": 0.995389, "MNT": 0.421509, "USDD": 0.998861, "MORPHO": 2.07, "BFUSD": 0.998304, "AAVE": 86.04, "WLD": 0.370851, "PI": 0.11487, "SKY": 0.053016, "ICP": 2.16, "BGB": 1.6, "ETC": 7.01, "DEXE": 22.96, "U": 0.999506, "PEPE": 2.34e-06, "QNT": 67.21, "BCAP": 106.97, "KCS": 6.85, "BEAT": 2.94, "EUTBL": 1.2, "JTRSY": 1.11, "USTB": 11.13, "USDGO": 1.0, "KAS": 0.03111937, "STABLE": 0.03419817, "ATOM": 1.55, "RENDER": 1.53, "JUP": 0.237291, "ALGO": 0.085853, "NEXO": 0.760314, "POL": 0.071134, "JST": 0.08854, "USDTB": 1.0, "ADI": 5.77, "GT": 6.55, "\u5e01\u5b89\u4eba\u751f": 0.689568, "JAAA": 1.04, "BDX": 0.087742, "ENA": 0.072449, "EURSAFO": 1.15, "VVV": 13.5, "VELVET": 1.49, "GHO": 0.998068, "PUMP": 0.00146101, "FIL": 0.742769, "YLDS": 0.999626, "FLR": 0.00643779, "XDC": 0.02783687, "USD0": 0.998425}}