{"timestamp": 1784456366, "base": "USD", "data": {"BTC": 64538, "ETH": 1865.19, "USDT": 0.999265, "BNB": 567.47, "USDC": 0.99991, "XRP": 1.095, "SOL": 75.96, "TRX": 0.326781, "FIGR_HELOC": 1.042, "HYPE": 61.02, "DOGE": 0.07248, "USDS": 0.999868, "RAIN": 0.01455781, "ZEC": 559.93, "LEO": 9.8, "WBT": 56.26, "XLM": 0.187094, "XMR": 337.04, "LINK": 8.33, "ADA": 0.164834, "CC": 0.125549, "DAI": 0.99986, "BCH": 217.58, "USD1": 0.999077, "USDE": 0.999898, "GRAM": 1.45, "LTC": 46.93, "USDG": 1.001, "SUI": 0.747195, "USYC": 1.13, "HBAR": 0.066725, "PYUSD": 0.999822, "AVAX": 6.48, "CRO": 0.058841, "BUIDL": 1.0, "NEAR": 1.93, "XAUT": 4005.77, "SHIB": 4.16e-06, "UNI": 3.53, "USDY": 1.14, "TAO": 198.54, "WLFI": 0.057004, "PAXG": 4005.22, "ONDO": 0.351389, "OKB": 80.65, "ASTER": 0.621073, "HTX": 1.84e-06, "M": 1.23, "DEXE": 34.02, "RLUSD": 1.0, "USDD": 0.999274, "USDF": 0.995424, "DOT": 0.832053, "SKY": 0.060179, "AAVE": 90.08, "MNT": 0.419312, "WLD": 0.375306, "BFUSD": 0.998461, "MORPHO": 2.0, "ICP": 2.16, "PEPE": 2.84e-06, "BGB": 1.64, "ETC": 6.97, "U": 0.999865, "USDGO": 0.999809, "EUTBL": 1.21, "PI": 0.088775, "BCAP": 106.19, "QNT": 64.46, "KCS": 6.66, "STABLE": 0.03595822, "JTRSY": 1.11, "POL": 0.081174, "EURSAFO": 1.15, "JST": 0.098041, "ADI": 6.27, "ATOM": 1.49, "ENA": 0.080685, "RENDER": 1.48, "USTB": 11.15, "KAS": 0.0277148, "NEXO": 0.746726, "ALGO": 0.082329, "BEAT": 2.33, "GT": 6.72, "\u5e01\u5b89\u4eba\u751f": 0.691341, "JAAA": 1.041, "PUMP": 0.00165418, "GHO": 0.998963, "BDX": 0.081478, "JUP": 0.19135, "FIL": 0.731375, "ARB": 0.089315, "FLR": 0.00650305, "VVV": 11.83, "XDC": 0.02809303, "YLDS": 0.9999, "LIT": 2.23, "USD0": 0.998788, "USX": 0.999928}}