{"timestamp": 1780739698, "base": "USD", "data": {"BTC": 60910, "ETH": 1567.33, "USDT": 0.999441, "BNB": 575.57, "USDC": 0.999689, "XRP": 1.091, "SOL": 62.58, "TRX": 0.319644, "FIGR_HELOC": 1.029, "HYPE": 59.37, "DOGE": 0.081383, "USDS": 0.999657, "LEO": 9.62, "RAIN": 0.01303506, "XLM": 0.200079, "ZEC": 365.96, "CC": 0.152653, "ADA": 0.156887, "XMR": 301.24, "LINK": 7.35, "WBT": 43.41, "USD1": 0.99927, "USDE": 0.999407, "BCH": 222.58, "DAI": 0.999699, "TON": 1.56, "M": 2.82, "HBAR": 0.079154, "LTC": 42.99, "LAB": 9.43, "AVAX": 6.73, "PYUSD": 1.0, "SUI": 0.703199, "USYC": 1.13, "SHIB": 4.49e-06, "XAUT": 4288.99, "CRO": 0.057827, "USDG": 1.0, "NEAR": 1.9, "BUIDL": 1.0, "USDY": 1.13, "PAXG": 4300.56, "TAO": 193.99, "WLFI": 0.055646, "MNT": 0.515166, "RLUSD": 0.99979, "ONDO": 0.330084, "DOT": 0.942453, "ASTER": 0.612619, "HTX": 1.73e-06, "UNI": 2.44, "USDF": 0.995392, "OKB": 68.73, "WLD": 0.408895, "USDD": 0.999508, "SKY": 0.058524, "BFUSD": 0.998901, "PI": 0.122415, "BGB": 1.83, "ICP": 2.31, "PEPE": 2.69e-06, "MORPHO": 1.66, "ETC": 6.78, "H": 0.582261, "USDTB": 1.0, "U": 0.999908, "EUTBL": 1.21, "BCAP": 107.06, "USTB": 11.1, "AAVE": 61.53, "QNT": 64.07, "DEXE": 19.47, "JTRSY": 1.11, "ENA": 0.091493, "RENDER": 1.63, "KCS": 6.21, "KAS": 0.03028187, "ATOM": 1.62, "ALGO": 0.092582, "POL": 0.075788, "STABLE": 0.03253548, "VVV": 16.01, "NEXO": 0.738722, "JST": 0.082586, "\u5e01\u5b89\u4eba\u751f": 0.677203, "GT": 6.19, "BDX": 0.078508, "SIREN": 0.802027, "GHO": 0.999177, "XDC": 0.02916508, "FIL": 0.724468, "FLR": 0.00666938, "USD0": 0.99845, "BEAT": 1.91, "APT": 0.655108, "YLDS": 0.999851, "INJ": 5.23, "JUP": 0.156244, "NIGHT": 0.03084683, "A7A5": 0.01305422}}