{"timestamp": 1779753476, "base": "USD", "data": {"BTC": 77264, "ETH": 2110.46, "USDT": 0.99904, "BNB": 662.34, "XRP": 1.35, "USDC": 0.999822, "SOL": 84.98, "TRX": 0.371722, "FIGR_HELOC": 1.03, "DOGE": 0.102009, "HYPE": 61.24, "USDS": 0.999632, "ZEC": 652.71, "LEO": 9.99, "ADA": 0.243485, "XMR": 385.88, "BCH": 351.11, "LINK": 9.49, "WBT": 56.83, "CC": 0.166219, "TON": 1.94, "XLM": 0.149739, "USD1": 0.998841, "USDE": 0.999129, "DAI": 0.999481, "SUI": 1.042, "LTC": 52.59, "M": 3.1, "AVAX": 9.3, "RAIN": 0.00804982, "HBAR": 0.088068, "NEAR": 2.78, "PYUSD": 0.999795, "SHIB": 5.55e-06, "CRO": 0.068836, "USYC": 1.13, "USDG": 0.99971, "XAUT": 4540.98, "TAO": 279.06, "BUIDL": 1.0, "MNT": 0.652914, "PAXG": 4548.06, "USDY": 1.13, "DOT": 1.26, "UNI": 3.32, "ONDO": 0.426994, "WLFI": 0.061075, "HTX": 2.02e-06, "ASTER": 0.690548, "USDF": 0.996574, "OKB": 83.06, "RLUSD": 1.0, "SKY": 0.069912, "PI": 0.148211, "USDD": 0.999386, "PEPE": 3.59e-06, "ICP": 2.67, "MORPHO": 2.24, "BGB": 2.0, "ETC": 8.93, "BFUSD": 0.999158, "AAVE": 86.24, "QNT": 79.83, "RENDER": 2.18, "WLD": 0.330928, "ATOM": 2.14, "USDTB": 0.99911, "KCS": 8.07, "EUTBL": 1.22, "U": 1.0, "ALGO": 0.112648, "POL": 0.092722, "USTB": 11.09, "BCAP": 105.74, "JTRSY": 1.1, "KAS": 0.03366007, "ENA": 0.100071, "STABLE": 0.03769345, "NEXO": 0.852893, "DEXE": 17.4, "VVV": 17.43, "JST": 0.093043, "APT": 0.966849, "FIL": 0.982025, "GT": 7.04, "FLR": 0.00828737, "ARB": 0.108264, "JUP": 0.202029, "XDC": 0.03218947, "PUMP": 0.00178803, "BDX": 0.078639, "GHO": 0.998902, "VET": 0.0066506, "HASH": 0.01066328, "DASH": 44.77, "INJ": 5.68, "PENGU": 0.00882869, "USD0": 0.998405, "OUSG": 115.33, "NIGHT": 0.03260637}}