{"timestamp": 1778369930, "base": "USD", "data": {"BTC": 80671, "ETH": 2326.27, "USDT": 0.999828, "XRP": 1.42, "BNB": 649.71, "USDC": 0.999832, "SOL": 93.12, "TRX": 0.349991, "FIGR_HELOC": 1.029, "DOGE": 0.108715, "WBT": 59.51, "USDS": 0.999835, "HYPE": 42.95, "ADA": 0.270846, "ZEC": 595.32, "LEO": 10.31, "BCH": 449.41, "XMR": 409.86, "LINK": 10.37, "TON": 2.44, "CC": 0.156846, "XLM": 0.162628, "LTC": 58.03, "M": 3.41, "USD1": 0.999529, "DAI": 0.999752, "AVAX": 9.94, "SUI": 1.068, "HBAR": 0.092786, "USDE": 0.999353, "SHIB": 6.37e-06, "RAIN": 0.00743692, "PYUSD": 0.999772, "CRO": 0.070776, "USYC": 1.12, "TAO": 308.22, "XAUT": 4707.89, "USDG": 0.999871, "BUIDL": 1.0, "UNI": 3.77, "DOT": 1.35, "MNT": 0.68459, "PAXG": 4711.28, "WLFI": 0.069965, "ONDO": 0.421006, "NEAR": 1.56, "ICP": 3.53, "SKY": 0.079685, "OKB": 87.93, "PI": 0.173534, "ASTER": 0.697497, "PEPE": 4.24e-06, "USDF": 0.9978, "HTX": 1.96e-06, "RLUSD": 0.999861, "ETC": 9.56, "BGB": 2.12, "USDD": 0.999766, "AAVE": 95.74, "MORPHO": 2.12, "USDY": 1.13, "BFUSD": 0.9992, "JTRSY": 1.1, "ENA": 0.129649, "ALGO": 0.129218, "KCS": 8.42, "POL": 0.101047, "QNT": 73.77, "RENDER": 2.0, "U": 0.999845, "KAS": 0.0372177, "EUTBL": 1.24, "USTB": 11.08, "ATOM": 1.93, "BCAP": 105.77, "SIREN": 1.3, "FIL": 1.21, "NEXO": 0.914785, "WLD": 0.270266, "APT": 1.11, "ARB": 0.142116, "GT": 7.49, "JUP": 0.24957, "PUMP": 0.00214698, "STABLE": 0.03394947, "VVV": 16.37, "JST": 0.083636, "FLR": 0.00816701, "PENGU": 0.01067102, "VET": 0.00758198, "BONK": 7.23e-06, "USDTB": 0.99944, "DASH": 49.33, "BDX": 0.07978, "VIRTUAL": 0.930623, "OUSG": 115.18, "SKYAI": 0.608747, "XDC": 0.03034157, "GHO": 0.999713, "TRUMP": 2.46}}