{"timestamp": 1778575474, "base": "USD", "data": {"BTC": 80892, "ETH": 2289.78, "USDT": 0.999545, "XRP": 1.47, "BNB": 659.38, "USDC": 0.99973, "SOL": 95.65, "TRX": 0.348901, "FIGR_HELOC": 1.03, "DOGE": 0.110067, "WBT": 59.38, "USDS": 0.999791, "ADA": 0.276203, "HYPE": 41.29, "LEO": 10.19, "ZEC": 559.06, "BCH": 445.18, "LINK": 10.39, "XMR": 405.64, "TON": 2.41, "CC": 0.159924, "XLM": 0.16632, "SUI": 1.27, "LTC": 58.34, "USD1": 0.998794, "DAI": 0.999674, "AVAX": 9.98, "M": 3.23, "HBAR": 0.095581, "USDE": 0.999474, "SHIB": 6.55e-06, "RAIN": 0.00752131, "USDG": 0.999834, "CRO": 0.080833, "PYUSD": 1.0, "TAO": 317.58, "USYC": 1.12, "XAUT": 4691.04, "UNI": 3.81, "BUIDL": 1.0, "DOT": 1.35, "MNT": 0.680584, "PAXG": 4691.54, "WLFI": 0.067369, "ONDO": 0.418062, "NEAR": 1.56, "USDY": 1.13, "ICP": 3.32, "OKB": 86.49, "PEPE": 4.24e-06, "PI": 0.170749, "USDF": 0.999316, "HTX": 1.96e-06, "ASTER": 0.684396, "SKY": 0.075305, "RLUSD": 0.999858, "AAVE": 99.17, "ETC": 9.54, "BGB": 2.12, "USDD": 0.999561, "MORPHO": 2.09, "BFUSD": 0.99911, "JTRSY": 1.1, "KCS": 8.43, "ENA": 0.125123, "ALGO": 0.124003, "POL": 0.10186, "KAS": 0.03888723, "QNT": 72.04, "ATOM": 2.06, "U": 0.99939, "USTB": 11.08, "RENDER": 1.93, "EUTBL": 1.23, "BCAP": 105.87, "WLD": 0.273749, "NEXO": 0.910289, "APT": 1.11, "SIREN": 1.19, "FIL": 1.11, "ARB": 0.138435, "STABLE": 0.03729998, "JUP": 0.237654, "GT": 7.39, "VVV": 16.88, "JST": 0.089135, "FLR": 0.0088309, "PUMP": 0.0020297, "VET": 0.00767591, "XDC": 0.03276076, "BONK": 7.32e-06, "B": 0.635961, "PENGU": 0.01006543, "BDX": 0.079669, "OUSG": 115.21, "NIGHT": 0.03590086, "DEXE": 12.67, "GHO": 0.999289, "DASH": 45.77, "LUNC": 0.00010265}}