{"timestamp": 1778885140, "base": "USD", "data": {"BTC": 79095, "ETH": 2222.03, "USDT": 0.999448, "BNB": 672.25, "XRP": 1.43, "USDC": 0.999888, "SOL": 89.18, "TRX": 0.351688, "FIGR_HELOC": 1.03, "DOGE": 0.113285, "WBT": 58.34, "USDS": 0.999617, "HYPE": 43.98, "ADA": 0.26138, "LEO": 10.13, "ZEC": 515.38, "BCH": 425.51, "LINK": 10.07, "XMR": 379.64, "CC": 0.15693, "TON": 1.95, "XLM": 0.154491, "USD1": 0.999507, "LTC": 57.38, "SUI": 1.094, "DAI": 0.999758, "USDE": 0.999957, "M": 3.24, "AVAX": 9.54, "HBAR": 0.092824, "SHIB": 6.12e-06, "RAIN": 0.00749149, "PYUSD": 0.999661, "CRO": 0.072884, "USDG": 0.999716, "USYC": 1.12, "TAO": 285.13, "XAUT": 4539.42, "BUIDL": 1.0, "UNI": 3.6, "DOT": 1.31, "MNT": 0.663438, "PAXG": 4541.81, "WLFI": 0.065983, "NEAR": 1.54, "USDY": 1.13, "OKB": 85.1, "USDF": 0.997987, "HTX": 1.96e-06, "ONDO": 0.362876, "PI": 0.166694, "ASTER": 0.669902, "SKY": 0.071181, "PEPE": 3.9e-06, "RLUSD": 1.0, "USDD": 0.999326, "ICP": 2.62, "ETC": 9.24, "BGB": 2.06, "AAVE": 92.83, "BFUSD": 0.999197, "MORPHO": 1.84, "QNT": 78.03, "KCS": 8.21, "USDTB": 0.999717, "JTRSY": 1.1, "U": 0.999342, "EUTBL": 1.22, "USTB": 11.08, "ALGO": 0.112498, "ENA": 0.110772, "ATOM": 1.93, "RENDER": 1.87, "POL": 0.090694, "BCAP": 105.87, "KAS": 0.03513566, "NEXO": 0.892001, "WLD": 0.244396, "APT": 0.988226, "FLR": 0.00936548, "STABLE": 0.03511112, "FIL": 1.007, "JST": 0.091157, "GT": 7.22, "ARB": 0.124782, "JUP": 0.210239, "XDC": 0.03330465, "VVV": 13.84, "PUMP": 0.00178942, "DEXE": 13.34, "BDX": 0.078815, "VET": 0.00701809, "HASH": 0.01130674, "UB": 0.237366, "GHO": 0.9994, "BONK": 6.52e-06, "USD0": 0.998222, "OUSG": 115.25, "PENGU": 0.00879675, "DASH": 43.34}}