{"timestamp": 1783288410, "base": "USD", "data": {"BTC": 62907, "ETH": 1780.15, "USDT": 0.999151, "BNB": 588.32, "USDC": 0.999807, "XRP": 1.14, "SOL": 81.48, "TRX": 0.327948, "FIGR_HELOC": 1.009, "HYPE": 70.91, "DOGE": 0.077476, "USDS": 0.999753, "RAIN": 0.01525984, "LEO": 9.26, "ZEC": 463.07, "ADA": 0.190795, "XLM": 0.201819, "WBT": 56.9, "XMR": 328.66, "LINK": 8.02, "CC": 0.140962, "LAB": 16.97, "BCH": 244.88, "GRAM": 1.78, "DAI": 0.999856, "USD1": 0.998912, "USDE": 0.998583, "LTC": 45.68, "HBAR": 0.075606, "USYC": 1.13, "SUI": 0.760536, "USDG": 0.999953, "AVAX": 6.93, "PYUSD": 0.999704, "CRO": 0.059951, "NEAR": 2.03, "SHIB": 4.39e-06, "XAUT": 4164.75, "BUIDL": 1.0, "USDY": 1.13, "TAO": 214.34, "UNI": 3.16, "WLFI": 0.059415, "PAXG": 4170.7, "M": 1.4, "ASTER": 0.643562, "OKB": 80.05, "ONDO": 0.333102, "HTX": 1.79e-06, "RLUSD": 0.999813, "DOT": 0.879551, "WLD": 0.414175, "MNT": 0.438081, "USDF": 0.996687, "USDD": 1.002, "AAVE": 88.82, "BFUSD": 0.998539, "SKY": 0.056119, "MORPHO": 1.92, "PI": 0.113683, "ICP": 2.2, "BGB": 1.72, "PEPE": 2.71e-06, "DEXE": 24.06, "ETC": 7.16, "U": 0.999997, "KCS": 7.26, "EUTBL": 1.21, "QNT": 67.58, "BCAP": 106.97, "USDGO": 0.999925, "BEAT": 2.84, "JTRSY": 1.11, "USTB": 11.13, "KAS": 0.03091963, "STABLE": 0.03460733, "RENDER": 1.61, "ATOM": 1.58, "JUP": 0.245177, "ALGO": 0.090547, "POL": 0.073943, "JST": 0.09217, "NEXO": 0.772394, "ENA": 0.080279, "ADI": 5.81, "USDTB": 1.0, "\u5e01\u5b89\u4eba\u751f": 0.725195, "GT": 6.68, "BDX": 0.08949, "EURSAFO": 1.15, "JAAA": 1.04, "PUMP": 0.00163915, "FIL": 0.796799, "LIT": 2.43, "FLR": 0.0069453, "GHO": 0.998218, "VVV": 12.03, "XDC": 0.02813971, "NIGHT": 0.03367884, "USD0": 0.998614}}