{"timestamp": 1783244137, "base": "USD", "data": {"BTC": 62685, "ETH": 1760.0, "USDT": 0.999096, "BNB": 575.56, "USDC": 0.999778, "XRP": 1.13, "SOL": 80.12, "TRX": 0.324726, "FIGR_HELOC": 1.009, "HYPE": 68.58, "DOGE": 0.075687, "USDS": 0.999715, "RAIN": 0.01530896, "LEO": 9.16, "ZEC": 454.28, "ADA": 0.190331, "XLM": 0.199325, "WBT": 56.54, "XMR": 326.57, "LINK": 7.89, "CC": 0.141057, "LAB": 16.21, "BCH": 239.11, "GRAM": 1.75, "DAI": 0.999621, "USD1": 0.999106, "USDE": 0.99854, "LTC": 44.34, "HBAR": 0.075103, "USYC": 1.13, "USDG": 0.999902, "SUI": 0.742896, "AVAX": 6.79, "PYUSD": 1.0, "CRO": 0.059623, "XAUT": 4161.65, "SHIB": 4.31e-06, "NEAR": 1.95, "BUIDL": 1.0, "USDY": 1.14, "TAO": 211.95, "UNI": 3.18, "PAXG": 4162.99, "M": 1.42, "WLFI": 0.058152, "ASTER": 0.639529, "OKB": 80.01, "ONDO": 0.325949, "RLUSD": 1.0, "HTX": 1.72e-06, "DOT": 0.865554, "MNT": 0.439317, "WLD": 0.410265, "USDF": 0.996274, "USDD": 1.002, "AAVE": 87.82, "BFUSD": 0.998789, "MORPHO": 2.0, "SKY": 0.055237, "PI": 0.113209, "ICP": 2.21, "BGB": 1.72, "DEXE": 24.18, "PEPE": 2.66e-06, "ETC": 7.08, "U": 0.999802, "EUTBL": 1.21, "QNT": 67.18, "KCS": 7.11, "BCAP": 106.97, "USDGO": 0.999982, "JTRSY": 1.11, "USTB": 11.13, "BEAT": 2.79, "KAS": 0.03097784, "STABLE": 0.03482642, "RENDER": 1.59, "ATOM": 1.55, "ALGO": 0.089748, "JST": 0.09281, "JUP": 0.237498, "POL": 0.072934, "NEXO": 0.769425, "\u5e01\u5b89\u4eba\u751f": 0.756717, "ENA": 0.077709, "USDTB": 1.0, "ADI": 5.79, "GT": 6.72, "BDX": 0.088329, "EURSAFO": 1.15, "JAAA": 1.04, "FIL": 0.784565, "PUMP": 0.00152416, "FLR": 0.0069433, "GHO": 0.998152, "XDC": 0.0283119, "LIT": 2.25, "NIGHT": 0.03358676, "USD0": 0.998534, "YLDS": 0.999706}}