{"timestamp": 1782153672, "base": "USD", "data": {"BTC": 64486, "ETH": 1738.79, "USDT": 0.998968, "BNB": 595.3, "USDC": 0.999773, "XRP": 1.14, "SOL": 73.25, "TRX": 0.332175, "FIGR_HELOC": 1.034, "HYPE": 68.79, "DOGE": 0.083081, "USDS": 0.999648, "RAIN": 0.01511381, "LEO": 9.58, "ZEC": 454.3, "XLM": 0.208368, "WBT": 52.68, "XMR": 328.04, "LINK": 7.94, "ADA": 0.159421, "CC": 0.150082, "LAB": 15.85, "USD1": 0.999415, "DAI": 0.999682, "GRAM": 1.7, "USDE": 0.998897, "BCH": 198.96, "M": 2.95, "LTC": 44.85, "HBAR": 0.079415, "USYC": 1.13, "SUI": 0.721489, "USDG": 0.999807, "NEAR": 2.13, "SHIB": 4.69e-06, "PYUSD": 1.0, "AVAX": 6.31, "CRO": 0.05901, "XAUT": 4171.36, "BUIDL": 1.0, "TAO": 231.01, "WLD": 0.631062, "USDY": 1.13, "PAXG": 4178.35, "UNI": 3.03, "WLFI": 0.058089, "MNT": 0.53408, "OKB": 81.5, "ASTER": 0.639035, "RLUSD": 0.999876, "ONDO": 0.332336, "DOT": 0.952017, "HTX": 1.75e-06, "PI": 0.135898, "USDF": 0.995324, "SKY": 0.059343, "USDD": 0.999537, "BFUSD": 0.998746, "ICP": 2.27, "BGB": 1.76, "PEPE": 2.83e-06, "MORPHO": 1.81, "AAVE": 75.74, "ETC": 7.27, "QNT": 70.72, "U": 0.999901, "USTB": 11.12, "BCAP": 107.07, "KCS": 7.24, "EUTBL": 1.2, "ATOM": 1.8, "USDTB": 0.999517, "ENA": 0.094108, "RENDER": 1.68, "JTRSY": 1.11, "STABLE": 0.03622975, "POL": 0.079798, "DEXE": 17.88, "KAS": 0.02982389, "ALGO": 0.089966, "NEXO": 0.794581, "JAAA": 1.039, "GT": 6.78, "VVV": 15.39, "JST": 0.083176, "\u5e01\u5b89\u4eba\u751f": 0.70385, "JUP": 0.208924, "FLR": 0.00733237, "FIL": 0.800052, "BDX": 0.080913, "GHO": 0.998109, "EURSAFO": 1.15, "XDC": 0.02917543, "YLDS": 0.999818, "APT": 0.668748, "USD0": 0.999064, "NIGHT": 0.03266263, "ADI": 4.3, "ARB": 0.084469, "PUMP": 0.00151049}}