{"timestamp": 1778759135, "base": "USD", "data": {"BTC": 79293, "ETH": 2254.42, "USDT": 0.999516, "BNB": 671.93, "XRP": 1.43, "USDC": 0.99975, "SOL": 90.66, "TRX": 0.354324, "FIGR_HELOC": 1.034, "DOGE": 0.113275, "WBT": 58.39, "USDS": 0.999694, "ADA": 0.263773, "LEO": 10.17, "HYPE": 38.97, "ZEC": 519.67, "BCH": 432.31, "LINK": 10.24, "XMR": 395.82, "CC": 0.163958, "TON": 2.12, "XLM": 0.158696, "SUI": 1.19, "USD1": 0.999487, "LTC": 56.9, "DAI": 0.999625, "M": 3.33, "AVAX": 9.67, "USDE": 1.0, "HBAR": 0.0929, "SHIB": 6.25e-06, "RAIN": 0.00752848, "PYUSD": 0.999745, "USDG": 0.999563, "CRO": 0.074091, "USYC": 1.12, "TAO": 296.01, "XAUT": 4686.47, "BUIDL": 1.0, "UNI": 3.58, "MNT": 0.677293, "DOT": 1.32, "PAXG": 4685.86, "WLFI": 0.067403, "NEAR": 1.56, "USDY": 1.13, "ONDO": 0.381716, "HTX": 1.97e-06, "USDF": 0.997565, "PI": 0.169341, "OKB": 84.37, "ASTER": 0.668946, "PEPE": 4.01e-06, "SKY": 0.072347, "ICP": 2.92, "RLUSD": 1.0, "USDD": 0.999513, "BGB": 2.09, "AAVE": 96.21, "ETC": 9.22, "BFUSD": 0.9995, "MORPHO": 1.94, "QNT": 77.92, "JTRSY": 1.1, "KCS": 8.26, "ENA": 0.115751, "ALGO": 0.117187, "U": 0.999695, "ATOM": 2.0, "USTB": 11.08, "KAS": 0.03661451, "POL": 0.093751, "EUTBL": 1.23, "BCAP": 105.87, "RENDER": 1.86, "NEXO": 0.898397, "STABLE": 0.03914047, "WLD": 0.254836, "APT": 1.029, "USDTB": 0.999393, "FIL": 1.036, "ARB": 0.129304, "GT": 7.28, "JST": 0.089972, "FLR": 0.00863164, "JUP": 0.220481, "XDC": 0.03414533, "PUMP": 0.00185951, "VVV": 13.83, "VET": 0.00723394, "DEXE": 13.11, "BDX": 0.078686, "OUSG": 115.23, "BONK": 6.75e-06, "GHO": 0.999329, "HASH": 0.01083479, "PENGU": 0.00888889, "DASH": 44.03, "TRUMP": 2.35, "USD0": 0.997973}}