{"timestamp": 1780667407, "base": "USD", "data": {"BTC": 61699, "ETH": 1649.13, "USDT": 0.999234, "BNB": 590.2, "USDC": 0.999601, "XRP": 1.12, "SOL": 65.75, "TRX": 0.32605, "FIGR_HELOC": 1.019, "HYPE": 61.92, "DOGE": 0.083664, "USDS": 0.999662, "LEO": 9.82, "RAIN": 0.01378417, "XLM": 0.189177, "XMR": 326.97, "ADA": 0.161839, "CC": 0.147397, "LINK": 7.56, "WBT": 44.24, "ZEC": 310.34, "USD1": 0.998599, "USDE": 0.999339, "BCH": 221.54, "DAI": 0.99965, "TON": 1.54, "M": 3.06, "HBAR": 0.081958, "LTC": 44.14, "LAB": 11.02, "AVAX": 7.11, "PYUSD": 0.999702, "SUI": 0.716165, "USYC": 1.13, "SHIB": 4.7e-06, "XAUT": 4367.5, "NEAR": 2.05, "CRO": 0.058737, "USDG": 1.0, "BUIDL": 1.0, "USDY": 1.11, "PAXG": 4384.69, "TAO": 198.32, "WLFI": 0.056291, "WLD": 0.528912, "MNT": 0.530666, "ONDO": 0.356345, "ASTER": 0.662368, "RLUSD": 0.99973, "DOT": 0.989172, "HTX": 1.76e-06, "UNI": 2.51, "OKB": 72.08, "USDF": 0.995095, "SKY": 0.060045, "USDD": 0.999233, "PI": 0.124724, "ICP": 2.39, "BFUSD": 0.998734, "BGB": 1.86, "PEPE": 2.78e-06, "MORPHO": 1.69, "ETC": 6.95, "H": 0.586379, "USDTB": 0.999615, "U": 0.999998, "QNT": 67.7, "EUTBL": 1.22, "AAVE": 63.99, "BCAP": 107.06, "DEXE": 20.4, "USTB": 11.1, "RENDER": 1.72, "ATOM": 1.73, "KCS": 6.57, "JTRSY": 1.11, "POL": 0.078067, "ENA": 0.088968, "ALGO": 0.092206, "KAS": 0.02951969, "STABLE": 0.03459428, "VVV": 16.27, "NEXO": 0.741287, "JST": 0.080796, "\u5e01\u5b89\u4eba\u751f": 0.674565, "GT": 6.36, "FIL": 0.789707, "BDX": 0.079427, "XDC": 0.03008852, "FLR": 0.00689684, "GHO": 0.999153, "APT": 0.694803, "USD0": 0.998516, "JUP": 0.163409, "YLDS": 0.999718, "PUMP": 0.00153015, "NIGHT": 0.03198495, "ARB": 0.08308, "INJ": 5.2, "A7A5": 0.01309232}}