{"timestamp": 1781913725, "base": "USD", "data": {"BTC": 63509, "ETH": 1709.7, "USDT": 0.999066, "BNB": 580.75, "USDC": 0.999742, "XRP": 1.13, "SOL": 69.63, "TRX": 0.323551, "FIGR_HELOC": 1.036, "HYPE": 70.12, "DOGE": 0.083376, "USDS": 0.999713, "RAIN": 0.01443659, "LEO": 9.52, "ZEC": 476.37, "XLM": 0.217695, "WBT": 52.18, "ADA": 0.161879, "CC": 0.153705, "LINK": 7.93, "XMR": 314.84, "USD1": 1.0, "USDE": 0.998938, "GRAM": 1.6, "DAI": 0.999718, "LAB": 12.8, "BCH": 198.23, "M": 2.89, "HBAR": 0.080387, "LTC": 44.02, "USYC": 1.13, "SUI": 0.715876, "NEAR": 2.18, "USDG": 0.999893, "SHIB": 4.75e-06, "PYUSD": 1.0, "CRO": 0.058527, "AVAX": 5.89, "XAUT": 4146.26, "BUIDL": 1.0, "TAO": 228.7, "USDY": 1.13, "WLD": 0.621007, "UNI": 3.08, "PAXG": 4151.37, "WLFI": 0.058993, "MNT": 0.5293, "ONDO": 0.354567, "ASTER": 0.633728, "RLUSD": 1.0, "OKB": 77.17, "DOT": 0.958892, "HTX": 1.72e-06, "PI": 0.135579, "USDF": 0.995891, "USDD": 0.999179, "SKY": 0.058142, "BFUSD": 0.999001, "ICP": 2.26, "MORPHO": 1.93, "BGB": 1.77, "PEPE": 2.83e-06, "ETC": 7.6, "AAVE": 73.46, "QNT": 71.85, "U": 0.999807, "USTB": 11.12, "BCAP": 107.07, "KCS": 7.22, "EUTBL": 1.21, "ATOM": 1.81, "USDTB": 0.999959, "RENDER": 1.76, "JTRSY": 1.11, "POL": 0.080797, "ALGO": 0.095375, "KAS": 0.02990172, "ENA": 0.087843, "NEXO": 0.793944, "STABLE": 0.03324479, "DEXE": 16.85, "JAAA": 1.039, "\u5e01\u5b89\u4eba\u751f": 0.710393, "GT": 6.62, "JST": 0.081373, "VVV": 14.33, "FLR": 0.0073784, "JUP": 0.19069, "FIL": 0.790991, "BDX": 0.080507, "GHO": 0.998541, "XDC": 0.02966684, "YLDS": 0.999419, "EURSAFO": 1.16, "USD0": 0.999272, "HASH": 0.01015538, "ARB": 0.083752, "BEAT": 1.84, "APT": 0.633114, "NIGHT": 0.03098155}}