{"timestamp": 1783046081, "base": "USD", "data": {"BTC": 61293, "ETH": 1697.28, "USDT": 0.998777, "BNB": 559.11, "USDC": 0.999799, "XRP": 1.088, "SOL": 81.01, "TRX": 0.316853, "FIGR_HELOC": 1.039, "HYPE": 66.62, "DOGE": 0.074513, "RAIN": 0.01550263, "USDS": 0.999719, "LEO": 9.13, "ZEC": 431.73, "XLM": 0.197866, "WBT": 55.4, "ADA": 0.166262, "XMR": 315.82, "LINK": 7.75, "CC": 0.139742, "DAI": 0.999709, "USD1": 0.998619, "BCH": 222.6, "GRAM": 1.65, "USDE": 0.998347, "LAB": 11.51, "LTC": 43.59, "HBAR": 0.071297, "USYC": 1.13, "USDG": 0.999941, "SUI": 0.736875, "AVAX": 6.84, "PYUSD": 0.999744, "CRO": 0.056035, "XAUT": 4163.58, "NEAR": 1.95, "SHIB": 4.28e-06, "BUIDL": 1.0, "USDY": 1.13, "M": 1.6, "TAO": 212.88, "UNI": 3.21, "PAXG": 4168.4, "WLFI": 0.057944, "ASTER": 0.637093, "OKB": 80.52, "RLUSD": 1.0, "ONDO": 0.331379, "HTX": 1.66e-06, "WLD": 0.42017, "MNT": 0.436726, "DOT": 0.847313, "USDF": 0.995098, "SKY": 0.059783, "USDD": 0.997903, "MORPHO": 2.04, "BFUSD": 0.998401, "AAVE": 85.95, "PI": 0.117882, "ICP": 2.21, "BGB": 1.7, "ETC": 7.07, "DEXE": 22.69, "PEPE": 2.45e-06, "U": 0.999602, "BEAT": 3.17, "QNT": 67.22, "EUTBL": 1.21, "BCAP": 106.97, "KCS": 7.07, "USDGO": 1.0, "JTRSY": 1.11, "KAS": 0.0311386, "USTB": 11.13, "STABLE": 0.03459761, "RENDER": 1.6, "ATOM": 1.56, "JUP": 0.24283, "POL": 0.07332, "ALGO": 0.086776, "NEXO": 0.76529, "JST": 0.088116, "USDTB": 1.0, "ENA": 0.076619, "ADI": 5.65, "GT": 6.62, "BDX": 0.087804, "JAAA": 1.04, "\u5e01\u5b89\u4eba\u751f": 0.676559, "EURSAFO": 1.15, "VVV": 13.73, "PUMP": 0.00153744, "FIL": 0.780081, "GHO": 0.997945, "FLR": 0.00664756, "XDC": 0.02827071, "USD0": 0.998533, "YLDS": 0.999658, "NIGHT": 0.03225748}}