{"timestamp": 1784697117, "base": "USD", "data": {"BTC": 66237, "ETH": 1931.92, "USDT": 0.999248, "BNB": 571.21, "USDC": 0.999884, "XRP": 1.14, "SOL": 77.87, "TRX": 0.328841, "FIGR_HELOC": 1.005, "HYPE": 60.07, "DOGE": 0.073248, "RAIN": 0.01571264, "USDS": 0.999891, "LEO": 9.74, "ZEC": 522.32, "WBT": 57.75, "XMR": 351.24, "XLM": 0.190913, "LINK": 8.71, "ADA": 0.174021, "CC": 0.125232, "DAI": 0.999948, "BCH": 224.03, "GRAM": 1.55, "USD1": 0.999005, "USDE": 0.999843, "LTC": 46.56, "USDG": 0.999534, "SUI": 0.763456, "HBAR": 0.069962, "USYC": 1.13, "AVAX": 6.55, "PYUSD": 0.999821, "CRO": 0.058339, "BUIDL": 1.0, "XAUT": 4117.44, "SHIB": 4.25e-06, "NEAR": 1.92, "UNI": 3.7, "USDY": 1.14, "ONDO": 0.399472, "TAO": 200.62, "PAXG": 4115.69, "WLFI": 0.056569, "OKB": 82.06, "ASTER": 0.624298, "HTX": 1.84e-06, "RLUSD": 1.0, "M": 1.19, "USDD": 0.999336, "AAVE": 97.57, "SKY": 0.063511, "DOT": 0.852187, "USDF": 0.995369, "MNT": 0.426576, "WLD": 0.380841, "MORPHO": 2.03, "BFUSD": 0.998319, "ICP": 2.19, "PEPE": 2.87e-06, "BGB": 1.7, "ETC": 6.99, "U": 0.999601, "EUTBL": 1.2, "USDGO": 1.0, "PI": 0.090662, "BCAP": 106.2, "QNT": 63.97, "KCS": 6.73, "STABLE": 0.03618082, "JTRSY": 1.11, "POL": 0.079851, "EURSAFO": 1.15, "ADI": 6.76, "ENA": 0.087138, "JST": 0.101762, "PUMP": 0.00202289, "BEAT": 2.57, "RENDER": 1.51, "KAS": 0.02842912, "USTB": 11.15, "NEXO": 0.771912, "ATOM": 1.48, "ALGO": 0.084216, "GT": 6.74, "JAAA": 1.042, "JUP": 0.198421, "BDX": 0.082883, "GHO": 0.999025, "FIL": 0.772454, "\u5e01\u5b89\u4eba\u751f": 0.603885, "ARB": 0.09076, "VVV": 12.51, "XDC": 0.02950871, "FLR": 0.00672486, "HASH": 0.01044306, "LIT": 2.3, "YLDS": 0.999963, "USD0": 0.999367, "INJ": 5.33}}