{"timestamp": 1784242484, "base": "USD", "data": {"BTC": 63936, "ETH": 1869.36, "USDT": 0.999265, "BNB": 573.92, "USDC": 0.999901, "XRP": 1.09, "SOL": 75.47, "TRX": 0.323264, "FIGR_HELOC": 1.002, "HYPE": 61.69, "DOGE": 0.072709, "USDS": 0.999766, "RAIN": 0.01481961, "LEO": 9.82, "ZEC": 537.63, "WBT": 55.97, "XLM": 0.188196, "XMR": 335.78, "LINK": 8.38, "ADA": 0.161027, "CC": 0.130307, "DAI": 0.99979, "BCH": 221.73, "USD1": 0.998937, "GRAM": 1.52, "USDE": 0.99971, "LTC": 45.06, "USDG": 1.001, "SUI": 0.743556, "USYC": 1.13, "HBAR": 0.066448, "AVAX": 6.56, "PYUSD": 0.999776, "CRO": 0.06075, "BUIDL": 1.0, "NEAR": 2.0, "XAUT": 3976.15, "SHIB": 4.13e-06, "UNI": 3.62, "USDY": 1.14, "TAO": 192.68, "WLFI": 0.057418, "PAXG": 3971.7, "ONDO": 0.361674, "OKB": 80.51, "DEXE": 35.87, "ASTER": 0.620054, "M": 1.23, "HTX": 1.81e-06, "RLUSD": 1.0, "MNT": 0.442551, "DOT": 0.856971, "USDD": 0.999156, "SKY": 0.061481, "USDF": 0.995467, "AAVE": 91.4, "WLD": 0.39045, "MORPHO": 2.05, "BFUSD": 0.9986, "ICP": 2.13, "BGB": 1.65, "PEPE": 2.73e-06, "ETC": 6.96, "U": 1.0, "EUTBL": 1.21, "USDGO": 0.999898, "BCAP": 106.19, "STABLE": 0.03924442, "QNT": 63.85, "KCS": 6.74, "ADI": 7.02, "POL": 0.081682, "JTRSY": 1.11, "PI": 0.076235, "JST": 0.097292, "EURSAFO": 1.15, "ENA": 0.082648, "BEAT": 2.55, "ATOM": 1.51, "KAS": 0.02838042, "USTB": 11.15, "RENDER": 1.48, "NEXO": 0.753823, "ALGO": 0.082774, "\u5e01\u5b89\u4eba\u751f": 0.717544, "GT": 6.66, "JAAA": 1.041, "PUMP": 0.00170481, "BDX": 0.085917, "JUP": 0.198166, "FIL": 0.772055, "GHO": 0.998255, "LIT": 2.33, "FLR": 0.00664256, "ARB": 0.088785, "USD0": 0.998644, "YLDS": 0.999913, "XDC": 0.02699594, "USX": 1.0, "APT": 0.613246}}