{"timestamp": 1780570557, "base": "USD", "data": {"BTC": 62305, "ETH": 1731.41, "USDT": 0.998793, "BNB": 588.36, "USDC": 0.999326, "XRP": 1.15, "SOL": 67.64, "TRX": 0.326378, "FIGR_HELOC": 1.001, "HYPE": 65.14, "DOGE": 0.086829, "USDS": 0.999604, "LEO": 9.94, "ZEC": 533.02, "RAIN": 0.01402176, "ADA": 0.187386, "XLM": 0.206413, "XMR": 345.8, "LAB": 19.56, "CC": 0.150658, "LINK": 7.83, "WBT": 45.16, "BCH": 240.61, "USD1": 0.998588, "TON": 1.71, "USDE": 0.998612, "DAI": 0.999616, "M": 3.32, "HBAR": 0.083034, "LTC": 45.22, "AVAX": 7.56, "NEAR": 2.39, "SUI": 0.764082, "PYUSD": 0.999851, "USYC": 1.13, "SHIB": 4.89e-06, "XAUT": 4441.31, "CRO": 0.059675, "USDG": 1.0, "BUIDL": 1.0, "USDY": 1.13, "PAXG": 4459.61, "TAO": 212.26, "WLFI": 0.057716, "MNT": 0.549361, "ONDO": 0.353018, "RLUSD": 0.999892, "DOT": 1.014, "ASTER": 0.654056, "WLD": 0.490368, "UNI": 2.62, "HTX": 1.74e-06, "OKB": 74.08, "USDF": 0.99524, "SKY": 0.065085, "ICP": 2.67, "USDD": 0.99856, "PI": 0.127223, "BGB": 1.88, "BFUSD": 0.998101, "PEPE": 2.91e-06, "MORPHO": 1.79, "ETC": 7.22, "AAVE": 69.83, "H": 0.577376, "EUTBL": 1.22, "USDTB": 0.99345, "QNT": 68.81, "BCAP": 107.16, "RENDER": 1.85, "U": 0.999605, "POL": 0.089009, "USTB": 11.1, "KCS": 6.75, "ALGO": 0.100341, "ATOM": 1.74, "DEXE": 18.68, "ENA": 0.09659, "JTRSY": 1.11, "STABLE": 0.03700124, "VVV": 17.13, "KAS": 0.02881671, "NEXO": 0.76161, "GT": 6.56, "\u5e01\u5b89\u4eba\u751f": 0.678522, "FIL": 0.836214, "JST": 0.07448, "BDX": 0.079242, "APT": 0.736469, "FLR": 0.00697069, "INJ": 6.01, "NIGHT": 0.0361369, "XDC": 0.02974256, "GHO": 0.999445, "PUMP": 0.00163383, "JUP": 0.17257, "USD0": 0.998442, "YLDS": 0.999454, "ARB": 0.086518, "SIREN": 0.725983}}