{"timestamp": 1783857088, "base": "USD", "data": {"BTC": 63977, "ETH": 1804.12, "USDT": 0.999316, "BNB": 579.35, "USDC": 0.999797, "XRP": 1.097, "SOL": 77.02, "TRX": 0.331544, "FIGR_HELOC": 1.041, "HYPE": 67.08, "DOGE": 0.073154, "USDS": 0.99977, "RAIN": 0.01460455, "LEO": 9.53, "ZEC": 521.9, "WBT": 56.04, "XLM": 0.186086, "XMR": 330.64, "ADA": 0.164676, "LINK": 8.02, "CC": 0.136167, "BCH": 245.59, "DAI": 0.999812, "GRAM": 1.64, "USD1": 0.998982, "USDE": 0.999779, "LTC": 44.63, "USDG": 0.999855, "USYC": 1.13, "SUI": 0.74117, "HBAR": 0.067788, "BUIDL": 1.0, "PYUSD": 0.999747, "AVAX": 6.43, "CRO": 0.0558, "SHIB": 4.3e-06, "XAUT": 4093.42, "NEAR": 1.89, "UNI": 3.63, "USDY": 1.14, "DEXE": 44.47, "TAO": 209.88, "PAXG": 4097.93, "WLFI": 0.057674, "OKB": 80.84, "HTX": 1.85e-06, "ASTER": 0.620825, "M": 1.22, "ONDO": 0.328064, "USDD": 0.999342, "RLUSD": 0.999983, "AAVE": 97.89, "WLD": 0.420079, "SKY": 0.062384, "DOT": 0.848797, "USDF": 0.996157, "MNT": 0.421396, "BFUSD": 0.998779, "MORPHO": 1.99, "ICP": 2.25, "BGB": 1.68, "PEPE": 2.73e-06, "ETC": 6.89, "PI": 0.096918, "U": 0.999849, "EUTBL": 1.2, "BCAP": 106.63, "KCS": 7.01, "QNT": 65.77, "USDGO": 1.0, "STABLE": 0.0367395, "JTRSY": 1.11, "JST": 0.101164, "POL": 0.079362, "ATOM": 1.57, "ADI": 6.46, "RENDER": 1.55, "BEAT": 2.58, "KAS": 0.02868919, "USTB": 11.14, "ENA": 0.081621, "EURSAFO": 1.15, "ALGO": 0.083856, "NEXO": 0.742686, "USDTB": 1.0, "GT": 6.68, "\u5e01\u5b89\u4eba\u751f": 0.707467, "BDX": 0.087292, "JAAA": 1.041, "JUP": 0.202743, "LIT": 2.61, "FIL": 0.785424, "ARB": 0.095257, "GHO": 0.998388, "FLR": 0.00654397, "PUMP": 0.00140432, "USD0": 0.998484, "XDC": 0.02704507, "YLDS": 0.999721, "USX": 0.999879}}