{"timestamp": 1782021274, "base": "USD", "data": {"BTC": 64174, "ETH": 1730.54, "USDT": 0.998788, "BNB": 589.17, "USDC": 0.999765, "XRP": 1.14, "SOL": 72.97, "TRX": 0.325935, "FIGR_HELOC": 1.034, "HYPE": 69.37, "DOGE": 0.083133, "USDS": 0.999645, "RAIN": 0.01441859, "LEO": 9.58, "ZEC": 466.54, "XLM": 0.212455, "WBT": 52.7, "CC": 0.156673, "XMR": 320.25, "ADA": 0.160269, "LINK": 7.92, "USD1": 1.0, "USDE": 0.998858, "LAB": 14.33, "GRAM": 1.65, "DAI": 0.999828, "BCH": 198.58, "M": 2.86, "HBAR": 0.079892, "LTC": 44.43, "USYC": 1.13, "NEAR": 2.2, "SUI": 0.705506, "USDG": 0.99953, "PYUSD": 0.999884, "SHIB": 4.69e-06, "CRO": 0.058618, "AVAX": 6.22, "XAUT": 4144.2, "BUIDL": 1.0, "TAO": 236.27, "USDY": 1.14, "WLD": 0.600477, "PAXG": 4152.8, "WLFI": 0.058468, "UNI": 2.96, "MNT": 0.533703, "ASTER": 0.65388, "ONDO": 0.336831, "DOT": 0.965653, "RLUSD": 0.999647, "OKB": 75.98, "HTX": 1.73e-06, "USDF": 0.994207, "PI": 0.135013, "USDD": 0.999264, "SKY": 0.058233, "BFUSD": 0.999013, "ICP": 2.26, "BGB": 1.77, "PEPE": 2.81e-06, "MORPHO": 1.82, "ETC": 7.41, "AAVE": 75.63, "QNT": 70.99, "U": 0.999732, "USTB": 11.12, "BCAP": 107.07, "KCS": 7.24, "EUTBL": 1.21, "ATOM": 1.78, "USDTB": 0.999556, "RENDER": 1.7, "JTRSY": 1.11, "POL": 0.079103, "ALGO": 0.093167, "ENA": 0.089112, "STABLE": 0.0346651, "KAS": 0.02951837, "NEXO": 0.798109, "JAAA": 1.039, "JUP": 0.214436, "GT": 6.69, "JST": 0.082661, "\u5e01\u5b89\u4eba\u751f": 0.704986, "DEXE": 14.59, "VVV": 14.4, "FLR": 0.00739822, "FIL": 0.78786, "BDX": 0.079266, "GHO": 0.99818, "XDC": 0.02960027, "YLDS": 0.999703, "EURSAFO": 1.15, "USD0": 0.999144, "NIGHT": 0.0327563, "HASH": 0.00999474, "APT": 0.646355, "ARB": 0.083005, "AERO": 0.552023}}