{"timestamp": 1780581334, "base": "USD", "data": {"BTC": 63721, "ETH": 1776.82, "USDT": 0.998935, "BNB": 601.4, "USDC": 0.999694, "XRP": 1.17, "SOL": 69.9, "TRX": 0.328639, "FIGR_HELOC": 1.001, "HYPE": 66.53, "DOGE": 0.08893, "USDS": 0.999736, "LEO": 9.92, "RAIN": 0.01429033, "ZEC": 521.47, "XLM": 0.209866, "ADA": 0.188278, "XMR": 351.64, "LINK": 8.05, "CC": 0.150876, "LAB": 18.32, "WBT": 46.04, "BCH": 249.71, "TON": 1.77, "USD1": 0.99895, "USDE": 0.998731, "M": 3.35, "DAI": 0.999652, "HBAR": 0.085541, "LTC": 46.54, "AVAX": 7.75, "SUI": 0.792074, "NEAR": 2.37, "PYUSD": 0.999913, "SHIB": 5e-06, "USYC": 1.13, "XAUT": 4477.99, "CRO": 0.060983, "USDG": 0.999893, "BUIDL": 1.0, "USDY": 1.14, "TAO": 216.63, "PAXG": 4500.63, "WLFI": 0.060933, "MNT": 0.557712, "ONDO": 0.376644, "DOT": 1.049, "RLUSD": 0.999876, "ASTER": 0.665581, "WLD": 0.498139, "UNI": 2.67, "OKB": 75.76, "HTX": 1.74e-06, "SKY": 0.066037, "USDF": 0.994415, "ICP": 2.7, "USDD": 1.0, "PI": 0.130143, "BFUSD": 0.998799, "BGB": 1.88, "PEPE": 2.98e-06, "MORPHO": 1.84, "ETC": 7.43, "AAVE": 71.79, "H": 0.585947, "QNT": 69.7, "USDTB": 0.99969, "EUTBL": 1.23, "RENDER": 1.92, "BCAP": 107.16, "POL": 0.090567, "U": 0.999708, "USTB": 11.1, "ALGO": 0.105273, "ATOM": 1.8, "DEXE": 19.75, "KCS": 6.79, "STABLE": 0.0377323, "JTRSY": 1.11, "ENA": 0.09485, "VVV": 17.5, "KAS": 0.02960561, "NEXO": 0.779071, "GT": 6.57, "\u5e01\u5b89\u4eba\u751f": 0.688565, "FIL": 0.868545, "JST": 0.077031, "FLR": 0.00723309, "APT": 0.76071, "BDX": 0.08054, "NIGHT": 0.03693815, "JUP": 0.184091, "XDC": 0.0303878, "GHO": 0.999363, "PUMP": 0.00165698, "INJ": 5.82, "ARB": 0.090843, "USD0": 0.998507, "YLDS": 0.99963, "HASH": 0.0096907}}