{"timestamp": 1779541516, "base": "USD", "data": {"BTC": 74827, "ETH": 2034.33, "USDT": 0.998857, "BNB": 640.37, "XRP": 1.33, "USDC": 0.9998, "SOL": 82.64, "TRX": 0.358855, "FIGR_HELOC": 1.021, "DOGE": 0.099307, "HYPE": 55.34, "USDS": 0.999669, "ZEC": 585.2, "LEO": 9.92, "ADA": 0.238506, "BCH": 345.06, "XMR": 376.06, "LINK": 9.19, "WBT": 54.95, "CC": 0.156196, "USD1": 0.999144, "XLM": 0.142264, "TON": 1.76, "USDE": 0.99908, "DAI": 0.999566, "LTC": 52.21, "SUI": 1.009, "AVAX": 8.94, "HBAR": 0.086358, "PYUSD": 0.99969, "M": 2.77, "RAIN": 0.00724829, "SHIB": 5.52e-06, "CRO": 0.06833, "USYC": 1.13, "USDG": 0.999772, "NEAR": 2.11, "XAUT": 4491.42, "BUIDL": 1.0, "TAO": 260.07, "USDY": 1.14, "PAXG": 4495.31, "MNT": 0.638294, "UNI": 3.31, "DOT": 1.22, "WLFI": 0.062063, "ONDO": 0.40011, "HTX": 2e-06, "USDF": 0.997234, "RLUSD": 1.0, "ASTER": 0.674861, "OKB": 80.86, "SKY": 0.069702, "PI": 0.149619, "USDD": 0.999147, "PEPE": 3.48e-06, "ICP": 2.49, "BGB": 1.95, "ETC": 8.69, "BFUSD": 0.998503, "AAVE": 83.57, "MORPHO": 1.95, "QNT": 76.66, "USDTB": 0.998967, "EUTBL": 1.22, "KCS": 7.82, "ATOM": 2.03, "U": 0.99981, "ALGO": 0.11082, "USTB": 11.09, "BCAP": 105.74, "RENDER": 1.82, "POL": 0.088366, "JTRSY": 1.1, "WLD": 0.271122, "KAS": 0.0326511, "ENA": 0.095434, "NEXO": 0.857626, "VVV": 17.28, "JST": 0.091988, "STABLE": 0.03334637, "APT": 0.91751, "GT": 6.91, "FIL": 0.935846, "FLR": 0.00825173, "ARB": 0.104882, "DEXE": 13.86, "JUP": 0.192836, "HASH": 0.01189179, "XDC": 0.03128589, "BDX": 0.078907, "PUMP": 0.00165592, "GHO": 0.998806, "USD0": 0.998637, "VET": 0.00643738, "OUSG": 115.33, "DASH": 42.83, "NIGHT": 0.03259935, "PENGU": 0.00855454, "APXUSD": 0.999815}}