{"timestamp": 1779692728, "base": "USD", "data": {"BTC": 77361, "ETH": 2107.79, "USDT": 0.99879, "BNB": 660.61, "XRP": 1.36, "USDC": 0.999718, "SOL": 85.9, "TRX": 0.36655, "FIGR_HELOC": 1.03, "DOGE": 0.102867, "HYPE": 62.0, "USDS": 0.999604, "ZEC": 656.82, "LEO": 10.06, "ADA": 0.243808, "XMR": 389.76, "BCH": 350.64, "LINK": 9.5, "WBT": 56.96, "CC": 0.165378, "XLM": 0.150375, "TON": 1.81, "USD1": 0.999012, "USDE": 0.998748, "DAI": 0.999674, "SUI": 1.043, "LTC": 52.86, "AVAX": 9.31, "M": 2.97, "HBAR": 0.089371, "RAIN": 0.00759155, "PYUSD": 0.999732, "SHIB": 5.63e-06, "CRO": 0.06921, "NEAR": 2.37, "USYC": 1.13, "USDG": 0.999803, "XAUT": 4540.75, "TAO": 276.91, "BUIDL": 1.0, "UNI": 3.41, "PAXG": 4549.21, "ONDO": 0.437734, "USDY": 1.13, "MNT": 0.646831, "DOT": 1.26, "WLFI": 0.061285, "ASTER": 0.714561, "HTX": 2.01e-06, "USDF": 0.997236, "OKB": 83.28, "RLUSD": 1.0, "SKY": 0.070308, "PI": 0.149706, "USDD": 0.999548, "PEPE": 3.6e-06, "MORPHO": 2.3, "ICP": 2.59, "ETC": 9.0, "BGB": 1.97, "BFUSD": 0.998502, "AAVE": 86.48, "QNT": 81.43, "ATOM": 2.18, "KCS": 8.11, "USDTB": 0.999002, "EUTBL": 1.23, "RENDER": 2.02, "U": 1.0, "ALGO": 0.115489, "WLD": 0.293262, "USTB": 11.09, "POL": 0.091849, "BCAP": 105.74, "JTRSY": 1.1, "KAS": 0.03348948, "ENA": 0.100251, "STABLE": 0.03918582, "VVV": 18.75, "NEXO": 0.852627, "DEXE": 17.6, "JST": 0.092752, "APT": 0.960438, "FIL": 0.970181, "GT": 7.08, "FLR": 0.00834523, "JUP": 0.203609, "XDC": 0.03377215, "ARB": 0.107367, "PUMP": 0.0017591, "BDX": 0.079084, "GHO": 0.998731, "DASH": 45.58, "VET": 0.00670397, "HASH": 0.01072088, "PENGU": 0.00900507, "USD0": 0.998614, "OUSG": 115.33, "NIGHT": 0.03330805, "BONK": 6.13e-06}}