{"timestamp": 1780195229, "base": "USD", "data": {"BTC": 73827, "ETH": 2025.9, "USDT": 0.998544, "BNB": 734.48, "XRP": 1.34, "USDC": 0.999635, "SOL": 82.85, "TRX": 0.345268, "FIGR_HELOC": 1.018, "DOGE": 0.100769, "HYPE": 68.25, "USDS": 0.999487, "LEO": 10.07, "ZEC": 535.54, "RAIN": 0.01433536, "ADA": 0.236473, "XLM": 0.238946, "XMR": 371.31, "LINK": 9.22, "WBT": 54.26, "BCH": 302.19, "CC": 0.154614, "TON": 1.84, "USD1": 0.998022, "USDE": 0.99891, "DAI": 0.999428, "HBAR": 0.094787, "LTC": 52.5, "AVAX": 8.97, "M": 2.91, "SUI": 0.911978, "LAB": 8.52, "SHIB": 5.51e-06, "PYUSD": 0.999498, "CRO": 0.067981, "USYC": 1.13, "NEAR": 2.25, "XAUT": 4503.35, "USDG": 0.999762, "TAO": 256.97, "BUIDL": 1.0, "MNT": 0.680492, "USDY": 1.13, "PAXG": 4515.79, "DOT": 1.19, "OKB": 93.29, "UNI": 3.04, "ASTER": 0.7463, "WLFI": 0.059048, "ONDO": 0.365022, "RLUSD": 0.999894, "USDF": 0.994457, "HTX": 1.81e-06, "BGB": 2.24, "PI": 0.145622, "SKY": 0.064109, "ICP": 2.65, "PEPE": 3.42e-06, "USDD": 1.0, "MORPHO": 2.18, "BFUSD": 0.998275, "ETC": 8.23, "AAVE": 82.88, "WLD": 0.341188, "ALGO": 0.126333, "RENDER": 2.07, "KCS": 7.97, "U": 0.999599, "USDTB": 0.998899, "QNT": 71.18, "ATOM": 2.0, "EUTBL": 1.23, "BCAP": 107.16, "POL": 0.090697, "USTB": 11.1, "NEXO": 0.866524, "JTRSY": 1.1, "DEXE": 18.31, "STABLE": 0.03676273, "KAS": 0.0307361, "ENA": 0.088782, "VVV": 16.97, "JST": 0.091886, "GT": 7.3, "APT": 0.940707, "FIL": 0.969433, "XDC": 0.03369976, "FLR": 0.00772411, "H": 0.360633, "INJ": 6.53, "ARB": 0.103798, "NIGHT": 0.03834829, "PUMP": 0.0017978, "BDX": 0.080033, "JUP": 0.185941, "FET": 0.272493, "GHO": 0.998833, "HASH": 0.01075555, "USD0": 0.998429, "APXUSD": 0.999548}}