{"timestamp": 1780240401, "base": "USD", "data": {"BTC": 73545, "ETH": 2007.06, "USDT": 0.998511, "BNB": 720.25, "XRP": 1.33, "USDC": 0.999625, "SOL": 81.87, "TRX": 0.348337, "FIGR_HELOC": 1.017, "DOGE": 0.099924, "HYPE": 68.01, "USDS": 0.999579, "LEO": 10.01, "ZEC": 545.71, "RAIN": 0.0142857, "ADA": 0.233723, "XLM": 0.251269, "XMR": 363.65, "LINK": 9.09, "WBT": 53.84, "BCH": 299.12, "CC": 0.154909, "TON": 1.89, "USD1": 0.998278, "USDE": 0.998747, "DAI": 0.999325, "HBAR": 0.095503, "M": 3.08, "LTC": 51.96, "AVAX": 8.87, "SUI": 0.876571, "LAB": 8.03, "SHIB": 5.46e-06, "PYUSD": 0.999773, "CRO": 0.06759, "USYC": 1.13, "NEAR": 2.28, "XAUT": 4516.1, "USDG": 0.999858, "BUIDL": 1.0, "TAO": 252.86, "MNT": 0.674367, "USDY": 1.13, "PAXG": 4525.83, "DOT": 1.17, "OKB": 91.67, "UNI": 2.99, "WLFI": 0.058896, "ASTER": 0.724773, "ONDO": 0.357453, "RLUSD": 0.999757, "HTX": 1.84e-06, "USDF": 0.99479, "PI": 0.147576, "SKY": 0.066288, "BGB": 2.1, "ICP": 2.65, "USDD": 0.999106, "PEPE": 3.38e-06, "MORPHO": 2.11, "BFUSD": 0.998242, "ETC": 8.1, "AAVE": 81.62, "ALGO": 0.127185, "U": 0.999402, "WLD": 0.318748, "KCS": 7.88, "USDTB": 0.99894, "RENDER": 2.02, "QNT": 70.54, "EUTBL": 1.23, "ATOM": 1.95, "BCAP": 107.16, "POL": 0.090075, "USTB": 11.1, "DEXE": 18.97, "JTRSY": 1.1, "NEXO": 0.855619, "STABLE": 0.03677544, "KAS": 0.03006895, "VVV": 17.82, "JST": 0.093383, "ENA": 0.087745, "GT": 7.24, "APT": 0.920163, "FIL": 0.940297, "H": 0.384238, "FLR": 0.00768697, "NIGHT": 0.03996846, "XDC": 0.03323077, "INJ": 6.38, "ARB": 0.101144, "PUMP": 0.00176267, "BDX": 0.08014, "JUP": 0.182314, "FET": 0.266206, "\u5e01\u5b89\u4eba\u751f": 0.58512, "GHO": 0.998914, "HASH": 0.01066941, "USD0": 0.998403}}