{"timestamp": 1778682329, "base": "USD", "data": {"BTC": 79732, "ETH": 2266.16, "USDT": 0.999574, "BNB": 671.45, "XRP": 1.43, "USDC": 0.999782, "SOL": 92.01, "TRX": 0.349495, "FIGR_HELOC": 1.037, "DOGE": 0.111316, "WBT": 58.53, "USDS": 0.999665, "ADA": 0.265945, "HYPE": 39.26, "LEO": 10.01, "ZEC": 539.05, "BCH": 432.78, "XMR": 403.95, "LINK": 10.23, "CC": 0.1532, "TON": 2.13, "XLM": 0.160246, "SUI": 1.21, "USD1": 0.999092, "LTC": 57.23, "DAI": 0.999744, "AVAX": 9.8, "M": 3.22, "HBAR": 0.092275, "USDE": 0.999535, "SHIB": 6.3e-06, "RAIN": 0.00751482, "USDG": 0.999772, "PYUSD": 0.999763, "CRO": 0.076704, "USYC": 1.12, "TAO": 298.35, "XAUT": 4672.63, "BUIDL": 1.0, "UNI": 3.67, "DOT": 1.34, "PAXG": 4671.48, "MNT": 0.657796, "WLFI": 0.066466, "NEAR": 1.59, "USDY": 1.13, "ONDO": 0.387369, "PI": 0.170874, "USDF": 0.999679, "OKB": 84.68, "HTX": 1.96e-06, "SKY": 0.075096, "ICP": 3.14, "ASTER": 0.669942, "PEPE": 4.07e-06, "RLUSD": 0.99999, "AAVE": 96.77, "USDD": 0.999835, "ETC": 9.32, "BGB": 2.06, "BFUSD": 0.9993, "MORPHO": 2.03, "KCS": 8.31, "JTRSY": 1.1, "ENA": 0.11859, "ALGO": 0.118243, "ATOM": 2.06, "QNT": 72.06, "POL": 0.097887, "KAS": 0.03794947, "U": 0.999109, "USTB": 11.08, "EUTBL": 1.23, "RENDER": 1.9, "BCAP": 105.87, "NEXO": 0.905728, "WLD": 0.265309, "STABLE": 0.03887319, "SIREN": 1.2, "APT": 1.065, "FIL": 1.062, "ARB": 0.134237, "JST": 0.091126, "GT": 7.26, "FLR": 0.00869341, "JUP": 0.224751, "B": 0.70592, "PUMP": 0.00191633, "VVV": 14.45, "VET": 0.00737286, "XDC": 0.03156771, "USDTB": 0.999237, "BDX": 0.079931, "BONK": 6.9e-06, "DEXE": 12.93, "OUSG": 115.22, "GHO": 0.999504, "PENGU": 0.0091329, "INJ": 5.68, "TRUMP": 2.38}}