{"timestamp": 1782879299, "base": "USD", "data": {"BTC": 59044, "ETH": 1590.34, "USDT": 0.998493, "BNB": 550.25, "USDC": 0.99964, "XRP": 1.049, "SOL": 75.38, "TRX": 0.316343, "FIGR_HELOC": 1.014, "HYPE": 65.44, "DOGE": 0.072273, "RAIN": 0.01563959, "USDS": 0.999515, "LEO": 9.26, "XLM": 0.204006, "ZEC": 400.09, "WBT": 54.37, "XMR": 311.37, "CC": 0.144573, "ADA": 0.149401, "LINK": 7.28, "USD1": 0.998917, "DAI": 0.999576, "USDE": 0.998046, "GRAM": 1.55, "BCH": 206.28, "LAB": 12.09, "LTC": 42.78, "USYC": 1.13, "HBAR": 0.070444, "USDG": 0.999609, "AVAX": 6.68, "SUI": 0.705106, "PYUSD": 0.999788, "SHIB": 4.24e-06, "CRO": 0.053982, "XAUT": 3969.35, "NEAR": 1.84, "BUIDL": 1.0, "USDY": 1.14, "TAO": 202.72, "WLFI": 0.058822, "PAXG": 3971.76, "UNI": 2.84, "ASTER": 0.627714, "OKB": 79.41, "ONDO": 0.314486, "HTX": 1.62e-06, "WLD": 0.417205, "USDF": 0.994611, "DOT": 0.835709, "RLUSD": 0.999821, "USDD": 0.998579, "MNT": 0.408948, "AAVE": 87.1, "BFUSD": 0.99784, "PI": 0.114891, "MORPHO": 1.9, "SKY": 0.052764, "ICP": 2.13, "BGB": 1.6, "M": 0.841164, "ETC": 6.94, "DEXE": 22.88, "U": 0.999498, "BEAT": 3.27, "PEPE": 2.33e-06, "BCAP": 106.97, "QNT": 64.9, "KCS": 6.77, "STABLE": 0.03817058, "EUTBL": 1.2, "JTRSY": 1.11, "USTB": 11.13, "USDGO": 0.999805, "KAS": 0.03018276, "ATOM": 1.53, "RENDER": 1.52, "ALGO": 0.083316, "JST": 0.087065, "POL": 0.069635, "USDTB": 0.999634, "JUP": 0.221265, "NEXO": 0.721226, "GT": 6.51, "ADI": 5.5, "JAAA": 1.039, "ENA": 0.072535, "VELVET": 1.57, "BDX": 0.084553, "\u5e01\u5b89\u4eba\u751f": 0.635159, "EURSAFO": 1.15, "VVV": 12.75, "GHO": 0.998026, "PUMP": 0.00143821, "FIL": 0.732308, "YLDS": 0.999638, "FLR": 0.00642288, "USD0": 0.998386, "XDC": 0.02769493}}