{"timestamp": 1783292069, "base": "USD", "data": {"BTC": 63560, "ETH": 1786.46, "USDT": 0.999044, "BNB": 589.83, "USDC": 0.999745, "XRP": 1.15, "SOL": 81.64, "TRX": 0.328636, "FIGR_HELOC": 1.009, "HYPE": 71.46, "DOGE": 0.078114, "USDS": 0.999709, "RAIN": 0.01513925, "LEO": 9.26, "ZEC": 462.81, "ADA": 0.190032, "XLM": 0.204089, "WBT": 57.41, "XMR": 328.64, "LINK": 8.07, "CC": 0.141263, "LAB": 16.75, "BCH": 242.52, "GRAM": 1.78, "DAI": 0.999573, "USD1": 0.998735, "USDE": 0.99849, "LTC": 45.75, "HBAR": 0.076058, "USYC": 1.13, "SUI": 0.759601, "USDG": 0.999859, "AVAX": 6.94, "PYUSD": 0.999603, "CRO": 0.060432, "NEAR": 2.02, "SHIB": 4.41e-06, "XAUT": 4171.57, "BUIDL": 1.0, "USDY": 1.13, "TAO": 214.89, "UNI": 3.18, "PAXG": 4177.51, "WLFI": 0.059035, "M": 1.4, "ASTER": 0.645643, "OKB": 80.08, "ONDO": 0.332976, "HTX": 1.78e-06, "RLUSD": 0.99981, "DOT": 0.883485, "WLD": 0.416274, "MNT": 0.441848, "USDF": 0.996573, "USDD": 1.001, "AAVE": 88.91, "BFUSD": 0.99851, "SKY": 0.056376, "MORPHO": 1.93, "PI": 0.113521, "ICP": 2.2, "BGB": 1.72, "PEPE": 2.74e-06, "ETC": 7.23, "DEXE": 23.91, "U": 0.999995, "KCS": 7.26, "QNT": 67.68, "EUTBL": 1.21, "BCAP": 106.97, "BEAT": 2.87, "USDGO": 0.999822, "JTRSY": 1.11, "USTB": 11.13, "KAS": 0.03108434, "STABLE": 0.03468228, "RENDER": 1.62, "ATOM": 1.59, "ALGO": 0.090764, "JUP": 0.244259, "POL": 0.074089, "JST": 0.091673, "NEXO": 0.777529, "ENA": 0.080277, "ADI": 5.83, "\u5e01\u5b89\u4eba\u751f": 0.727923, "USDTB": 1.0, "GT": 6.69, "BDX": 0.090105, "EURSAFO": 1.15, "JAAA": 1.04, "PUMP": 0.0016296, "FIL": 0.79943, "LIT": 2.46, "FLR": 0.00700423, "GHO": 0.998127, "NIGHT": 0.03403785, "VVV": 11.94, "XDC": 0.02815418, "USD0": 0.998609}}