{"timestamp": 1783072235, "base": "USD", "data": {"BTC": 61668, "ETH": 1726.31, "USDT": 0.998811, "BNB": 563.16, "USDC": 0.999858, "XRP": 1.1, "SOL": 80.9, "TRX": 0.319431, "FIGR_HELOC": 1.039, "HYPE": 67.63, "DOGE": 0.07484, "RAIN": 0.01555079, "USDS": 0.999699, "LEO": 9.12, "ZEC": 447.39, "XLM": 0.200909, "WBT": 55.75, "ADA": 0.166712, "XMR": 317.95, "LINK": 7.78, "CC": 0.138617, "DAI": 0.999701, "USD1": 0.998512, "GRAM": 1.68, "BCH": 224.42, "USDE": 0.99848, "LTC": 43.31, "HBAR": 0.071199, "USYC": 1.13, "USDG": 0.999966, "SUI": 0.740532, "AVAX": 6.84, "PYUSD": 0.999777, "CRO": 0.057382, "NEAR": 1.96, "XAUT": 4158.23, "SHIB": 4.29e-06, "LAB": 8.01, "M": 1.79, "BUIDL": 1.0, "USDY": 1.13, "TAO": 213.6, "UNI": 3.2, "PAXG": 4162.05, "WLFI": 0.057225, "ASTER": 0.639308, "OKB": 80.47, "RLUSD": 0.999903, "ONDO": 0.329261, "HTX": 1.66e-06, "WLD": 0.418594, "DOT": 0.857659, "MNT": 0.432799, "USDF": 0.995708, "SKY": 0.059281, "USDD": 0.997708, "BFUSD": 0.998291, "AAVE": 86.38, "PI": 0.117816, "MORPHO": 1.97, "ICP": 2.23, "BGB": 1.7, "ETC": 7.14, "DEXE": 22.76, "PEPE": 2.48e-06, "U": 0.999702, "QNT": 67.71, "EUTBL": 1.21, "KCS": 7.12, "BCAP": 106.97, "USDGO": 0.999851, "JTRSY": 1.11, "BEAT": 2.79, "STABLE": 0.03553211, "USTB": 11.13, "KAS": 0.0307912, "RENDER": 1.61, "ATOM": 1.58, "JUP": 0.241322, "POL": 0.073531, "ALGO": 0.087506, "NEXO": 0.775175, "JST": 0.088759, "ADI": 5.88, "USDTB": 1.0, "GT": 6.76, "ENA": 0.077197, "BDX": 0.088109, "\u5e01\u5b89\u4eba\u751f": 0.691495, "JAAA": 1.04, "EURSAFO": 1.15, "VVV": 13.85, "PUMP": 0.00155317, "FIL": 0.781803, "GHO": 0.998047, "FLR": 0.00678786, "XDC": 0.02855581, "USD0": 0.998533, "YLDS": 0.999734, "NIGHT": 0.0318175}}