{"timestamp": 1783450536, "base": "USD", "data": {"BTC": 63736, "ETH": 1789.38, "USDT": 0.999234, "BNB": 582.55, "USDC": 0.999761, "XRP": 1.12, "SOL": 81.71, "TRX": 0.331984, "FIGR_HELOC": 1.03, "HYPE": 70.64, "DOGE": 0.07466, "USDS": 0.999759, "RAIN": 0.01489098, "LEO": 9.36, "ZEC": 499.13, "WBT": 56.83, "ADA": 0.176676, "XLM": 0.192296, "XMR": 331.84, "LINK": 7.95, "CC": 0.132503, "BCH": 242.21, "DAI": 0.999651, "USD1": 0.999094, "GRAM": 1.66, "USDE": 0.998706, "LTC": 44.23, "USDG": 0.999991, "HBAR": 0.072262, "USYC": 1.13, "SUI": 0.737102, "AVAX": 6.77, "PYUSD": 0.999517, "CRO": 0.057775, "NEAR": 2.03, "SHIB": 4.43e-06, "XAUT": 4118.52, "BUIDL": 1.0, "USDY": 1.13, "TAO": 214.14, "UNI": 3.28, "WLFI": 0.058791, "PAXG": 4124.08, "M": 1.32, "HTX": 1.88e-06, "ASTER": 0.627604, "OKB": 79.71, "ONDO": 0.331056, "RLUSD": 1.0, "USDD": 0.999019, "LAB": 4.73, "DOT": 0.864612, "USDF": 0.997341, "MNT": 0.426186, "AAVE": 92.21, "WLD": 0.39303, "DEXE": 29.07, "BFUSD": 0.99849, "MORPHO": 2.01, "SKY": 0.055626, "ICP": 2.21, "PI": 0.111158, "BGB": 1.67, "PEPE": 2.7e-06, "ETC": 7.02, "U": 0.999801, "EUTBL": 1.21, "QNT": 66.91, "BCAP": 106.63, "KCS": 7.02, "JTRSY": 1.11, "USDGO": 1.0, "USTB": 11.14, "STABLE": 0.03544554, "ATOM": 1.59, "RENDER": 1.58, "KAS": 0.02965598, "POL": 0.076181, "JST": 0.094277, "JUP": 0.240591, "ALGO": 0.086743, "NEXO": 0.741556, "ENA": 0.076939, "BEAT": 2.36, "ADI": 5.81, "USDTB": 1.001, "GT": 6.8, "BDX": 0.090973, "EURSAFO": 1.15, "\u5e01\u5b89\u4eba\u751f": 0.711969, "JAAA": 1.04, "PUMP": 0.00159023, "LIT": 2.54, "FIL": 0.786799, "GHO": 0.998424, "FLR": 0.00683315, "AERO": 0.583007, "NIGHT": 0.03351726, "USD0": 0.998505, "XDC": 0.02745499}}