{"timestamp": 1778766582, "base": "USD", "data": {"BTC": 79865, "ETH": 2256.08, "USDT": 0.999528, "BNB": 675.24, "XRP": 1.45, "USDC": 0.99981, "SOL": 91.08, "TRX": 0.35439, "FIGR_HELOC": 1.034, "DOGE": 0.114491, "WBT": 58.68, "USDS": 0.99972, "ADA": 0.267114, "HYPE": 41.06, "LEO": 10.19, "ZEC": 527.27, "BCH": 433.69, "LINK": 10.31, "XMR": 399.24, "CC": 0.169206, "TON": 2.12, "XLM": 0.160667, "SUI": 1.21, "USD1": 0.999551, "LTC": 57.47, "M": 3.38, "DAI": 0.999739, "AVAX": 9.8, "HBAR": 0.094798, "USDE": 1.0, "SHIB": 6.29e-06, "RAIN": 0.007527, "PYUSD": 0.999792, "USDG": 0.999511, "CRO": 0.074519, "USYC": 1.12, "TAO": 301.13, "XAUT": 4674.57, "UNI": 3.64, "BUIDL": 1.0, "DOT": 1.34, "MNT": 0.678783, "PAXG": 4672.57, "WLFI": 0.067946, "NEAR": 1.57, "USDY": 1.13, "ONDO": 0.390586, "HTX": 1.97e-06, "USDF": 0.998558, "OKB": 84.75, "PI": 0.169402, "ASTER": 0.670932, "PEPE": 4.05e-06, "SKY": 0.072382, "ICP": 2.91, "RLUSD": 1.0, "AAVE": 97.16, "USDD": 0.999585, "BGB": 2.09, "ETC": 9.34, "BFUSD": 0.9994, "MORPHO": 1.94, "QNT": 77.78, "KCS": 8.29, "JTRSY": 1.1, "ENA": 0.117795, "ALGO": 0.117873, "ATOM": 2.03, "U": 0.999897, "KAS": 0.0371825, "USTB": 11.08, "POL": 0.09395, "EUTBL": 1.23, "RENDER": 1.88, "BCAP": 105.87, "STABLE": 0.0424792, "NEXO": 0.904685, "WLD": 0.257478, "APT": 1.039, "FIL": 1.046, "USDTB": 0.999751, "ARB": 0.130426, "GT": 7.29, "JST": 0.090117, "FLR": 0.00872831, "JUP": 0.222025, "XDC": 0.03371909, "PUMP": 0.0018832, "VVV": 13.86, "VET": 0.00730003, "BDX": 0.078895, "DEXE": 12.93, "BONK": 6.83e-06, "OUSG": 115.23, "GHO": 0.999371, "PENGU": 0.00903281, "DASH": 44.44, "TRUMP": 2.37, "USD0": 0.998353, "HASH": 0.01049601}}