{"timestamp": 1778495406, "base": "USD", "data": {"BTC": 81092, "ETH": 2337.92, "USDT": 0.99967, "XRP": 1.45, "BNB": 653.71, "USDC": 0.999757, "SOL": 95.45, "TRX": 0.350885, "FIGR_HELOC": 1.0, "DOGE": 0.110003, "WBT": 59.74, "USDS": 0.999712, "ADA": 0.280252, "HYPE": 42.02, "ZEC": 569.42, "LEO": 10.23, "BCH": 450.99, "LINK": 10.63, "XMR": 412.13, "TON": 2.35, "CC": 0.155831, "XLM": 0.167522, "SUI": 1.27, "LTC": 58.82, "DAI": 0.999564, "USD1": 0.998924, "AVAX": 10.18, "M": 3.27, "HBAR": 0.096961, "USDE": 0.999472, "SHIB": 6.59e-06, "RAIN": 0.00753626, "PYUSD": 0.999864, "CRO": 0.075559, "TAO": 324.67, "USYC": 1.12, "USDG": 0.999953, "XAUT": 4659.27, "UNI": 3.95, "BUIDL": 1.0, "MNT": 0.704953, "DOT": 1.37, "PAXG": 4657.95, "WLFI": 0.067554, "ONDO": 0.42376, "NEAR": 1.57, "ICP": 3.47, "OKB": 87.46, "PEPE": 4.35e-06, "SKY": 0.078229, "PI": 0.173273, "ASTER": 0.692929, "HTX": 1.97e-06, "USDF": 0.999965, "RLUSD": 1.0, "AAVE": 101.68, "ETC": 9.79, "BGB": 2.15, "USDD": 1.0, "MORPHO": 2.14, "USDY": 1.13, "BFUSD": 0.9992, "JTRSY": 1.1, "ENA": 0.130225, "KCS": 8.5, "POL": 0.104362, "ALGO": 0.123198, "KAS": 0.03960766, "QNT": 73.84, "ATOM": 2.09, "RENDER": 2.0, "U": 0.999551, "EUTBL": 1.24, "USTB": 11.08, "BCAP": 105.77, "WLD": 0.281887, "APT": 1.14, "NEXO": 0.911269, "FIL": 1.13, "ARB": 0.14366, "JUP": 0.255083, "SIREN": 1.15, "GT": 7.51, "VVV": 17.21, "STABLE": 0.03452203, "PUMP": 0.00211689, "JST": 0.086604, "FLR": 0.0085946, "VET": 0.00786063, "XDC": 0.03337174, "BONK": 7.58e-06, "PENGU": 0.01035972, "USDTB": 0.999666, "BDX": 0.079947, "OUSG": 115.18, "DASH": 47.34, "DEXE": 12.77, "GHO": 0.99964, "TRUMP": 2.44, "VIRTUAL": 0.880849}}