{"timestamp": 1778942930, "base": "USD", "data": {"BTC": 78203, "ETH": 2181.53, "USDT": 0.999504, "BNB": 654.08, "XRP": 1.41, "USDC": 0.999857, "SOL": 86.4, "TRX": 0.351702, "FIGR_HELOC": 1.031, "DOGE": 0.109249, "WBT": 57.52, "USDS": 0.999747, "HYPE": 41.15, "ADA": 0.254725, "LEO": 9.92, "ZEC": 503.71, "BCH": 414.93, "XMR": 383.77, "LINK": 9.67, "CC": 0.14923, "TON": 1.92, "XLM": 0.152032, "USD1": 1.0, "DAI": 0.999616, "LTC": 56.13, "USDE": 1.0, "SUI": 1.054, "M": 3.17, "AVAX": 9.31, "HBAR": 0.091395, "RAIN": 0.00732283, "SHIB": 5.89e-06, "PYUSD": 0.999877, "CRO": 0.071276, "USDG": 0.999628, "USYC": 1.12, "XAUT": 4529.27, "BUIDL": 1.0, "TAO": 272.75, "UNI": 3.51, "DOT": 1.27, "PAXG": 4528.84, "MNT": 0.644387, "WLFI": 0.061187, "NEAR": 1.49, "USDY": 1.13, "USDF": 0.998204, "HTX": 1.94e-06, "OKB": 82.92, "ASTER": 0.668309, "PI": 0.161082, "ONDO": 0.346046, "SKY": 0.069377, "PEPE": 3.76e-06, "RLUSD": 0.999925, "USDD": 0.999608, "ICP": 2.63, "BGB": 2.01, "ETC": 8.93, "AAVE": 89.79, "BFUSD": 0.999101, "QNT": 83.89, "MORPHO": 1.77, "KCS": 8.03, "USDTB": 0.999651, "JTRSY": 1.1, "U": 1.0, "EUTBL": 1.22, "ATOM": 2.0, "USTB": 11.08, "ALGO": 0.110866, "BCAP": 105.87, "ENA": 0.106797, "POL": 0.089969, "RENDER": 1.83, "KAS": 0.03424527, "NEXO": 0.850616, "WLD": 0.240557, "FLR": 0.00925204, "STABLE": 0.03491258, "APT": 0.954247, "JST": 0.090836, "FIL": 0.97546, "GT": 7.12, "ARB": 0.120038, "JUP": 0.201082, "XDC": 0.03243418, "PUMP": 0.00174956, "BDX": 0.079036, "DEXE": 12.98, "VVV": 12.92, "VET": 0.00684947, "GHO": 0.999316, "OUSG": 115.25, "USD0": 0.998114, "HASH": 0.01043274, "BONK": 6.26e-06, "PENGU": 0.00846885, "NIGHT": 0.03200744, "YLDS": 0.999863}}