{"timestamp": 1782754133, "base": "USD", "data": {"BTC": 60326, "ETH": 1621.63, "USDT": 0.998478, "BNB": 559.36, "USDC": 0.999749, "XRP": 1.061, "SOL": 75.41, "TRX": 0.321081, "FIGR_HELOC": 1.034, "HYPE": 66.21, "DOGE": 0.073711, "RAIN": 0.01601226, "USDS": 0.999546, "LEO": 9.4, "ZEC": 399.16, "XLM": 0.176518, "XMR": 308.43, "WBT": 48.43, "CC": 0.145725, "LINK": 7.45, "ADA": 0.147536, "LAB": 15.27, "USD1": 0.99897, "DAI": 0.999438, "USDE": 0.998222, "GRAM": 1.61, "BCH": 200.49, "LTC": 42.91, "HBAR": 0.072054, "USYC": 1.13, "USDG": 0.999704, "AVAX": 6.76, "SUI": 0.703111, "PYUSD": 0.999842, "SHIB": 4.3e-06, "CRO": 0.054611, "XAUT": 4016.33, "NEAR": 1.89, "BUIDL": 1.0, "USDY": 1.13, "TAO": 208.7, "WLFI": 0.058534, "UNI": 2.99, "PAXG": 4019.05, "ASTER": 0.624318, "OKB": 79.13, "RLUSD": 1.0, "ONDO": 0.317033, "HTX": 1.68e-06, "WLD": 0.425804, "USDF": 0.995001, "DOT": 0.834272, "MNT": 0.425251, "AAVE": 92.32, "USDD": 0.998426, "BFUSD": 0.998489, "PI": 0.114947, "SKY": 0.052486, "ICP": 2.19, "MORPHO": 1.81, "BGB": 1.63, "ETC": 7.11, "U": 0.999697, "PEPE": 2.39e-06, "DEXE": 21.53, "BCAP": 106.97, "QNT": 65.8, "EUTBL": 1.2, "KCS": 6.95, "STABLE": 0.03801188, "JTRSY": 1.11, "USTB": 11.13, "USDGO": 1.0, "RENDER": 1.59, "ATOM": 1.54, "KAS": 0.02860096, "BEAT": 2.72, "ALGO": 0.086208, "POL": 0.071311, "ENA": 0.080352, "USDTB": 0.999766, "JST": 0.086042, "NEXO": 0.735056, "JUP": 0.216913, "M": 0.535282, "\u5e01\u5b89\u4eba\u751f": 0.708233, "VELVET": 1.68, "GT": 6.63, "BDX": 0.08988, "ADI": 5.47, "JAAA": 1.039, "VVV": 13.25, "EURSAFO": 1.15, "PUMP": 0.0014741, "GHO": 0.997771, "FIL": 0.739185, "FLR": 0.00656317, "YLDS": 0.999667, "XDC": 0.02792053, "USD0": 0.998538}}