{"timestamp": 1781873417, "base": "USD", "data": {"BTC": 62339, "ETH": 1679.2, "USDT": 0.999234, "BNB": 572.34, "USDC": 0.999843, "XRP": 1.12, "SOL": 67.95, "TRX": 0.322487, "FIGR_HELOC": 1.012, "HYPE": 66.75, "DOGE": 0.081979, "USDS": 0.999707, "RAIN": 0.01442013, "LEO": 9.52, "ZEC": 446.82, "XLM": 0.214701, "WBT": 51.61, "CC": 0.154494, "XMR": 316.72, "ADA": 0.159016, "LINK": 7.79, "LAB": 15.75, "USD1": 1.0, "USDE": 0.99915, "GRAM": 1.6, "DAI": 0.999937, "BCH": 194.34, "M": 2.95, "HBAR": 0.078887, "LTC": 43.4, "USYC": 1.13, "SUI": 0.702119, "USDG": 0.999895, "PYUSD": 1.0, "SHIB": 4.69e-06, "NEAR": 2.09, "CRO": 0.057796, "AVAX": 6.04, "XAUT": 4137.0, "BUIDL": 1.0, "TAO": 225.84, "USDY": 1.13, "WLD": 0.603842, "UNI": 3.04, "PAXG": 4143.96, "WLFI": 0.057967, "MNT": 0.522306, "ONDO": 0.34604, "ASTER": 0.617693, "RLUSD": 1.0, "DOT": 0.947655, "HTX": 1.72e-06, "OKB": 72.96, "USDF": 0.996149, "PI": 0.132669, "USDD": 0.999216, "SKY": 0.057681, "BFUSD": 0.999009, "BGB": 1.76, "ICP": 2.21, "MORPHO": 1.88, "PEPE": 2.77e-06, "ETC": 7.26, "AAVE": 72.07, "QNT": 69.71, "USTB": 11.12, "U": 1.0, "BCAP": 107.07, "KCS": 7.09, "EUTBL": 1.21, "ATOM": 1.81, "USDTB": 0.999941, "RENDER": 1.67, "JTRSY": 1.11, "ALGO": 0.092561, "POL": 0.077012, "KAS": 0.02971737, "ENA": 0.086675, "STABLE": 0.03378813, "NEXO": 0.777733, "DEXE": 16.67, "\u5e01\u5b89\u4eba\u751f": 0.712302, "GT": 6.6, "JAAA": 1.039, "VVV": 14.1, "JST": 0.077021, "BDX": 0.083097, "FLR": 0.00735413, "JUP": 0.183597, "FIL": 0.764466, "GHO": 0.998566, "XDC": 0.02965758, "YLDS": 0.999798, "EURSAFO": 1.15, "USD0": 0.998691, "BEAT": 1.92, "HASH": 0.00997593, "ARB": 0.082438, "NIGHT": 0.03107233, "APT": 0.620582}}