{"timestamp": 1784479644, "base": "USD", "data": {"BTC": 64545, "ETH": 1867.04, "USDT": 0.999189, "BNB": 568.56, "USDC": 0.999727, "XRP": 1.095, "SOL": 75.92, "TRX": 0.327078, "FIGR_HELOC": 1.042, "HYPE": 60.71, "DOGE": 0.072348, "USDS": 0.9998, "RAIN": 0.01440714, "ZEC": 551.8, "LEO": 9.8, "WBT": 56.3, "XLM": 0.190307, "XMR": 334.66, "LINK": 8.35, "ADA": 0.165647, "CC": 0.128569, "DAI": 0.999637, "BCH": 216.3, "USD1": 0.998859, "USDE": 0.999906, "GRAM": 1.43, "LTC": 47.23, "USDG": 1.001, "SUI": 0.749895, "USYC": 1.13, "HBAR": 0.066594, "PYUSD": 0.999709, "AVAX": 6.45, "CRO": 0.058791, "BUIDL": 1.0, "NEAR": 1.9, "XAUT": 4009.24, "SHIB": 4.14e-06, "UNI": 3.51, "USDY": 1.14, "TAO": 197.03, "WLFI": 0.05694, "PAXG": 4004.94, "ONDO": 0.345453, "OKB": 79.91, "HTX": 1.85e-06, "ASTER": 0.619058, "M": 1.19, "DEXE": 34.03, "RLUSD": 1.0, "USDD": 0.99917, "SKY": 0.061603, "USDF": 0.995118, "DOT": 0.824865, "MNT": 0.421815, "AAVE": 89.4, "BFUSD": 0.998447, "MORPHO": 1.98, "WLD": 0.3655, "PEPE": 2.84e-06, "ICP": 2.15, "BGB": 1.64, "ETC": 6.89, "U": 0.999681, "USDGO": 0.999999, "EUTBL": 1.21, "PI": 0.090846, "BCAP": 106.19, "QNT": 64.5, "KCS": 6.62, "STABLE": 0.03585635, "JTRSY": 1.11, "POL": 0.080794, "EURSAFO": 1.15, "JST": 0.097744, "ADI": 6.31, "KAS": 0.02814734, "ATOM": 1.48, "RENDER": 1.48, "USTB": 11.15, "ENA": 0.08007, "NEXO": 0.758309, "ALGO": 0.082094, "BEAT": 2.32, "GT": 6.68, "JAAA": 1.041, "\u5e01\u5b89\u4eba\u751f": 0.683125, "PUMP": 0.00167054, "BDX": 0.08286, "GHO": 0.998761, "JUP": 0.19249, "ARB": 0.089245, "FIL": 0.720304, "XDC": 0.02833653, "FLR": 0.006493, "YLDS": 0.999812, "LIT": 2.21, "USD0": 0.998695, "VVV": 11.6, "USX": 0.999865}}