{"timestamp": 1782468941, "base": "USD", "data": {"BTC": 59681, "ETH": 1551.6, "USDT": 0.998516, "BNB": 564.12, "USDC": 0.999734, "XRP": 1.031, "SOL": 68.99, "TRX": 0.321821, "FIGR_HELOC": 1.033, "HYPE": 62.39, "DOGE": 0.073951, "USDS": 0.999446, "RAIN": 0.01564175, "LEO": 9.18, "ZEC": 400.33, "XLM": 0.175479, "LAB": 18.6, "CC": 0.149236, "XMR": 305.41, "WBT": 48.21, "LINK": 7.18, "ADA": 0.143792, "USD1": 0.999224, "DAI": 0.999508, "USDE": 0.998051, "GRAM": 1.56, "BCH": 194.19, "LTC": 41.27, "HBAR": 0.072975, "USYC": 1.13, "USDG": 0.999647, "PYUSD": 0.999463, "SUI": 0.674081, "AVAX": 6.15, "CRO": 0.054447, "XAUT": 4038.18, "SHIB": 4.18e-06, "BUIDL": 1.0, "NEAR": 1.8, "USDY": 1.14, "TAO": 210.15, "PAXG": 4041.94, "WLFI": 0.057265, "UNI": 2.87, "ASTER": 0.618961, "WLD": 0.465993, "RLUSD": 0.999971, "OKB": 74.42, "HTX": 1.68e-06, "ONDO": 0.308, "USDF": 0.993329, "DOT": 0.831176, "MNT": 0.424595, "USDD": 0.998414, "PI": 0.127655, "BFUSD": 0.998307, "AAVE": 83.86, "SKY": 0.051118, "ICP": 2.13, "BGB": 1.63, "M": 0.836463, "ETC": 6.98, "MORPHO": 1.66, "DEXE": 22.83, "U": 0.999401, "PEPE": 2.33e-06, "BCAP": 107.03, "QNT": 64.6, "USDTB": 1.0, "KCS": 6.75, "EUTBL": 1.2, "JTRSY": 1.11, "STABLE": 0.03537135, "ATOM": 1.6, "USDGO": 0.999819, "USTB": 11.13, "RENDER": 1.5, "POL": 0.072727, "BDX": 0.089207, "KAS": 0.02730284, "ALGO": 0.082597, "JUP": 0.219606, "ENA": 0.078161, "NEXO": 0.723267, "\u5e01\u5b89\u4eba\u751f": 0.720983, "JST": 0.082678, "BEAT": 2.39, "GT": 6.43, "JAAA": 1.039, "VVV": 13.55, "EURSAFO": 1.15, "GHO": 0.997951, "FLR": 0.0067206, "FIL": 0.722092, "ADI": 4.52, "YLDS": 0.999826, "XDC": 0.02805479, "USD0": 0.99871, "HASH": 0.00926945, "USX": 0.999494}}