{"timestamp": 1778953808, "base": "USD", "data": {"BTC": 78239, "ETH": 2179.1, "USDT": 0.99955, "BNB": 656.03, "XRP": 1.42, "USDC": 0.999788, "SOL": 86.84, "TRX": 0.353998, "FIGR_HELOC": 1.031, "DOGE": 0.109653, "WBT": 57.58, "USDS": 0.999791, "HYPE": 41.01, "ADA": 0.255886, "LEO": 9.83, "ZEC": 510.51, "BCH": 417.99, "XMR": 386.74, "LINK": 9.76, "CC": 0.15059, "TON": 1.93, "XLM": 0.152637, "USD1": 0.999671, "DAI": 0.999585, "LTC": 56.24, "USDE": 1.0, "SUI": 1.063, "M": 3.16, "AVAX": 9.35, "HBAR": 0.091684, "RAIN": 0.00731309, "SHIB": 5.89e-06, "PYUSD": 0.999838, "CRO": 0.071425, "USDG": 0.999632, "USYC": 1.12, "XAUT": 4535.08, "BUIDL": 1.0, "TAO": 274.81, "UNI": 3.51, "DOT": 1.28, "PAXG": 4533.15, "MNT": 0.644578, "WLFI": 0.061399, "NEAR": 1.5, "USDY": 1.13, "USDF": 0.997966, "HTX": 1.95e-06, "OKB": 83.43, "ASTER": 0.669771, "PI": 0.161037, "ONDO": 0.347032, "SKY": 0.069834, "PEPE": 3.79e-06, "RLUSD": 0.99995, "USDD": 0.999761, "ICP": 2.67, "ETC": 9.09, "BGB": 2.01, "AAVE": 90.79, "BFUSD": 0.999007, "QNT": 82.41, "MORPHO": 1.79, "KCS": 8.08, "USDTB": 0.999676, "JTRSY": 1.1, "U": 0.999357, "EUTBL": 1.22, "ATOM": 2.0, "USTB": 11.08, "ALGO": 0.111249, "ENA": 0.107531, "POL": 0.091181, "BCAP": 105.87, "RENDER": 1.85, "KAS": 0.03424618, "NEXO": 0.870023, "STABLE": 0.03657185, "WLD": 0.241897, "FLR": 0.00923515, "APT": 0.957212, "JST": 0.091267, "FIL": 0.976478, "GT": 7.14, "ARB": 0.12094, "JUP": 0.200247, "XDC": 0.03235868, "PUMP": 0.00175871, "BDX": 0.078929, "DEXE": 12.95, "VVV": 13.11, "VET": 0.00686444, "GHO": 0.999569, "USD0": 0.998144, "OUSG": 115.25, "BONK": 6.3e-06, "HASH": 0.01037506, "PENGU": 0.00849322, "NIGHT": 0.03206245, "YLDS": 0.999837}}