{"timestamp": 1777534824, "base": "USD", "data": {"BTC": 75983, "ETH": 2255.48, "USDT": 0.999436, "XRP": 1.37, "BNB": 616.63, "USDC": 0.999701, "SOL": 83.13, "TRX": 0.324142, "FIGR_HELOC": 1.034, "DOGE": 0.106678, "WBT": 57.88, "USDS": 0.999789, "LEO": 10.37, "HYPE": 39.62, "ADA": 0.246448, "BCH": 444.53, "XMR": 378.65, "LINK": 9.1, "CC": 0.152141, "ZEC": 332.72, "XLM": 0.160391, "USD1": 0.999294, "DAI": 0.999328, "M": 3.37, "LTC": 55.54, "AVAX": 9.13, "USDE": 0.999068, "HBAR": 0.088304, "RAIN": 0.00790846, "SHIB": 6.27e-06, "SUI": 0.907406, "PYUSD": 0.999982, "TON": 1.31, "CRO": 0.068328, "USYC": 1.12, "XAUT": 4583.45, "USDG": 0.999731, "TAO": 250.36, "BUIDL": 1.0, "PAXG": 4580.19, "MNT": 0.625369, "DOT": 1.21, "UNI": 3.19, "WLFI": 0.063044, "SKY": 0.079299, "PI": 0.177138, "USDF": 0.996603, "OKB": 82.22, "NEAR": 1.33, "ASTER": 0.657508, "HTX": 1.83e-06, "PEPE": 3.92e-06, "RLUSD": 0.999878, "USDD": 0.999955, "AAVE": 92.63, "BGB": 1.97, "ICP": 2.39, "JTRSY": 1.1, "BFUSD": 0.9988, "USDY": 1.12, "ETC": 8.34, "ONDO": 0.262989, "MORPHO": 1.95, "KCS": 8.44, "GT": 7.28, "U": 0.999221, "QNT": 69.86, "POL": 0.093802, "ALGO": 0.111341, "EUTBL": 1.23, "ATOM": 1.91, "BCAP": 105.75, "USTB": 11.07, "ENA": 0.103543, "KAS": 0.0323593, "NEXO": 0.882801, "RENDER": 1.69, "APT": 1.008, "WLD": 0.245917, "ARB": 0.125429, "JST": 0.086833, "STABLE": 0.03233465, "FIL": 0.923077, "FLR": 0.0074979, "PUMP": 0.00175837, "BDX": 0.080215, "PENGU": 0.00974062, "OUSG": 115.08, "JUP": 0.181985, "VET": 0.00702286, "XDC": 0.03003083, "USDTB": 0.999915, "GHO": 0.999205, "TRUMP": 2.39, "USD0": 0.997977, "DEXE": 11.66, "NIGHT": 0.03289101, "HASH": 0.01040007, "BONK": 6.18e-06, "YLDS": 0.999976}}