{"timestamp": 1782579564, "base": "USD", "data": {"BTC": 60694, "ETH": 1603.92, "USDT": 0.998462, "BNB": 565.57, "USDC": 0.999774, "XRP": 1.069, "SOL": 72.61, "TRX": 0.320627, "FIGR_HELOC": 1.028, "HYPE": 64.19, "DOGE": 0.076192, "RAIN": 0.01566725, "USDS": 0.999393, "LEO": 9.37, "ZEC": 410.71, "XLM": 0.177543, "CC": 0.15163, "XMR": 314.11, "WBT": 48.56, "LINK": 7.44, "ADA": 0.148268, "LAB": 16.69, "USD1": 0.999431, "DAI": 0.999522, "USDE": 0.998039, "GRAM": 1.57, "BCH": 198.72, "LTC": 43.08, "HBAR": 0.072861, "USYC": 1.13, "USDG": 0.999684, "SUI": 0.710518, "AVAX": 6.62, "PYUSD": 0.999761, "CRO": 0.055446, "SHIB": 4.32e-06, "XAUT": 4069.0, "NEAR": 1.92, "BUIDL": 1.0, "USDY": 1.13, "TAO": 213.72, "UNI": 3.04, "WLFI": 0.05907, "PAXG": 4074.77, "ASTER": 0.631507, "OKB": 80.5, "WLD": 0.469991, "RLUSD": 1.0, "ONDO": 0.317977, "HTX": 1.67e-06, "MNT": 0.446896, "AAVE": 95.22, "DOT": 0.843609, "USDF": 0.994222, "PI": 0.12908, "USDD": 0.998573, "BFUSD": 0.998312, "ICP": 2.19, "MORPHO": 1.79, "BGB": 1.65, "SKY": 0.049032, "ETC": 7.23, "PEPE": 2.44e-06, "U": 0.999698, "DEXE": 21.69, "M": 0.74866, "BCAP": 107.03, "QNT": 66.3, "EUTBL": 1.2, "KCS": 6.95, "STABLE": 0.03818349, "JTRSY": 1.11, "USDGO": 0.999836, "ATOM": 1.6, "RENDER": 1.59, "KAS": 0.02824012, "JUP": 0.232254, "USTB": 11.13, "ALGO": 0.086216, "POL": 0.071676, "ENA": 0.079399, "USDTB": 0.999506, "NEXO": 0.735032, "JST": 0.085268, "\u5e01\u5b89\u4eba\u751f": 0.706412, "GT": 6.62, "BEAT": 2.44, "JAAA": 1.039, "VVV": 13.92, "BDX": 0.084111, "ADI": 4.94, "EURSAFO": 1.15, "GHO": 0.997586, "FIL": 0.749397, "FLR": 0.00678174, "PUMP": 0.00142029, "XDC": 0.02817405, "YLDS": 0.999928, "USD0": 0.998526, "VELVET": 1.23}}