{"timestamp": 1784152236, "base": "USD", "data": {"BTC": 64788, "ETH": 1920.1, "USDT": 0.999373, "BNB": 580.55, "USDC": 0.999868, "XRP": 1.11, "SOL": 77.31, "TRX": 0.324593, "FIGR_HELOC": 1.036, "HYPE": 67.11, "DOGE": 0.074049, "USDS": 0.999855, "ZEC": 576.31, "RAIN": 0.01445625, "LEO": 9.82, "WBT": 56.83, "XLM": 0.18885, "LINK": 8.52, "XMR": 331.1, "ADA": 0.1645, "CC": 0.13639, "DAI": 0.999714, "BCH": 226.75, "GRAM": 1.59, "USD1": 0.998946, "USDE": 0.999803, "LTC": 45.01, "USDG": 1.002, "SUI": 0.752447, "USYC": 1.13, "HBAR": 0.067678, "AVAX": 6.68, "PYUSD": 0.99983, "NEAR": 2.06, "BUIDL": 1.0, "CRO": 0.055687, "SHIB": 4.23e-06, "XAUT": 4054.46, "UNI": 3.61, "USDY": 1.14, "TAO": 199.22, "WLFI": 0.057325, "PAXG": 4054.57, "ONDO": 0.361056, "DEXE": 37.59, "OKB": 81.67, "ASTER": 0.631142, "M": 1.24, "HTX": 1.8e-06, "RLUSD": 1.0, "AAVE": 96.41, "SKY": 0.062306, "WLD": 0.41079, "USDD": 0.999193, "DOT": 0.846063, "USDF": 0.995829, "MNT": 0.426035, "MORPHO": 2.02, "BFUSD": 0.998727, "ICP": 2.19, "BGB": 1.68, "PEPE": 2.8e-06, "ETC": 7.09, "U": 0.999635, "EUTBL": 1.21, "USDGO": 0.999912, "BCAP": 106.19, "KCS": 6.93, "QNT": 65.11, "STABLE": 0.03715587, "POL": 0.083027, "ADI": 7.04, "JTRSY": 1.11, "PI": 0.079212, "EURSAFO": 1.16, "JST": 0.099759, "BEAT": 2.66, "ATOM": 1.56, "ENA": 0.083771, "KAS": 0.02888676, "RENDER": 1.52, "USTB": 11.15, "NEXO": 0.762303, "ALGO": 0.084315, "\u5e01\u5b89\u4eba\u751f": 0.724473, "GT": 6.72, "JUP": 0.207423, "JAAA": 1.041, "PUMP": 0.00165299, "BDX": 0.080442, "FIL": 0.792028, "LIT": 2.45, "GHO": 0.998628, "FLR": 0.00663599, "ARB": 0.08825, "USD0": 0.998656, "XDC": 0.02741877, "YLDS": 0.999861, "APT": 0.625764, "USX": 0.999811}}