{"timestamp": 1780168488, "base": "USD", "data": {"BTC": 73900, "ETH": 2022.92, "USDT": 0.99854, "BNB": 714.77, "XRP": 1.35, "USDC": 0.999631, "SOL": 82.82, "TRX": 0.347117, "FIGR_HELOC": 1.034, "DOGE": 0.101243, "HYPE": 68.14, "USDS": 0.999557, "LEO": 10.07, "RAIN": 0.01437953, "ZEC": 534.15, "ADA": 0.23694, "XLM": 0.249689, "XMR": 376.84, "LINK": 9.24, "WBT": 54.2, "BCH": 306.16, "CC": 0.154494, "TON": 1.82, "USD1": 0.998393, "USDE": 0.998918, "DAI": 0.99951, "HBAR": 0.097464, "LTC": 52.37, "AVAX": 8.97, "M": 2.88, "SUI": 0.908644, "SHIB": 5.52e-06, "PYUSD": 0.999681, "CRO": 0.067834, "NEAR": 2.32, "USYC": 1.13, "XAUT": 4505.87, "USDG": 0.999805, "BUIDL": 1.0, "TAO": 253.49, "MNT": 0.662731, "USDY": 1.13, "PAXG": 4519.1, "DOT": 1.2, "UNI": 3.06, "ASTER": 0.754675, "OKB": 89.15, "WLFI": 0.058706, "ONDO": 0.354918, "RLUSD": 0.999746, "USDF": 0.994621, "HTX": 1.82e-06, "PI": 0.144522, "SKY": 0.064437, "ICP": 2.68, "BGB": 2.12, "PEPE": 3.44e-06, "USDD": 0.999875, "MORPHO": 2.14, "BFUSD": 0.998232, "ETC": 8.26, "AAVE": 83.29, "WLD": 0.36319, "ALGO": 0.127619, "RENDER": 2.09, "KCS": 7.95, "U": 0.999608, "USDTB": 0.998744, "ATOM": 2.03, "QNT": 71.49, "EUTBL": 1.23, "BCAP": 107.16, "POL": 0.090602, "USTB": 11.1, "JTRSY": 1.1, "DEXE": 18.3, "STABLE": 0.03683151, "KAS": 0.03081878, "NEXO": 0.844426, "JST": 0.096731, "ENA": 0.088493, "FIL": 0.985672, "APT": 0.943865, "VVV": 16.62, "GT": 6.98, "H": 0.396167, "FLR": 0.00778075, "XDC": 0.03368216, "INJ": 6.68, "ARB": 0.104634, "NIGHT": 0.03870119, "PUMP": 0.0017965, "BDX": 0.080078, "JUP": 0.185919, "HASH": 0.01135864, "FET": 0.269642, "LAB": 7.73, "GHO": 0.998891, "USD0": 0.998348, "APXUSD": 0.999588}}