{"timestamp": 1777197963, "base": "USD", "data": {"BTC": 77977, "ETH": 2333.16, "USDT": 1.0, "XRP": 1.43, "BNB": 631.6, "USDC": 0.99986, "SOL": 86.53, "TRX": 0.324181, "FIGR_HELOC": 1.02, "DOGE": 0.098514, "WBT": 55.19, "USDS": 0.999743, "HYPE": 41.22, "LEO": 10.29, "ADA": 0.252106, "BCH": 452.99, "XMR": 389.8, "LINK": 9.43, "ZEC": 354.64, "CC": 0.150592, "XLM": 0.170409, "M": 4.32, "DAI": 0.999796, "USD1": 0.999956, "LTC": 56.22, "AVAX": 9.44, "HBAR": 0.092405, "USDE": 0.999281, "SUI": 0.945033, "SHIB": 6.2e-06, "RAIN": 0.00737721, "PYUSD": 0.999641, "TON": 1.32, "CRO": 0.07021, "USYC": 1.12, "XAUT": 4692.93, "USDG": 0.999842, "WLFI": 0.075104, "TAO": 246.66, "BUIDL": 1.0, "PAXG": 4694.18, "MNT": 0.655803, "DOT": 1.27, "UNI": 3.28, "SKY": 0.08773, "PI": 0.179801, "NEAR": 1.41, "USDF": 0.997092, "OKB": 84.75, "HTX": 1.82e-06, "PEPE": 3.89e-06, "ASTER": 0.658824, "RLUSD": 0.999951, "AAVE": 95.32, "USDD": 1.0, "JTRSY": 1.1, "BGB": 1.98, "ICP": 2.44, "USDY": 1.14, "ETC": 8.45, "BFUSD": 0.999797, "ONDO": 0.263799, "KCS": 8.48, "GT": 7.35, "MORPHO": 1.9, "ALGO": 0.119244, "PUMP": 0.00175746, "EUTBL": 1.23, "QNT": 71.03, "U": 0.999744, "USTB": 11.06, "ATOM": 2.03, "POL": 0.091556, "ENA": 0.110368, "RENDER": 1.83, "KAS": 0.03399337, "NEXO": 0.908974, "WLD": 0.26063, "ARB": 0.131368, "APT": 0.984857, "BCAP": 82.76, "STABLE": 0.03372122, "FIL": 0.949725, "JST": 0.079687, "FLR": 0.00786414, "DEXE": 13.84, "JUP": 0.180896, "VET": 0.00738766, "BDX": 0.080175, "TRUMP": 2.67, "XDC": 0.03016288, "OUSG": 115.03, "NIGHT": 0.03564319, "USDTB": 0.999873, "HASH": 0.01023517, "GHO": 0.999191, "USD0": 0.998218, "PENGU": 0.00884175, "BONK": 6.31e-06, "YLDS": 1.0}}