{"timestamp": 1778101453, "base": "USD", "data": {"BTC": 81413, "ETH": 2350.28, "USDT": 0.999863, "XRP": 1.42, "BNB": 648.74, "USDC": 0.999756, "SOL": 89.14, "TRX": 0.346534, "FIGR_HELOC": 1.02, "DOGE": 0.112617, "WBT": 59.6, "USDS": 0.999827, "HYPE": 43.13, "ADA": 0.266063, "LEO": 10.35, "ZEC": 563.43, "BCH": 465.16, "XMR": 411.04, "LINK": 10.0, "TON": 2.4, "CC": 0.146862, "XLM": 0.161155, "M": 3.54, "USD1": 0.999292, "DAI": 0.999498, "LTC": 56.89, "AVAX": 9.59, "SUI": 0.9913, "HBAR": 0.091127, "USDE": 0.999349, "SHIB": 6.39e-06, "RAIN": 0.00722829, "PYUSD": 0.99986, "CRO": 0.07084, "USYC": 1.12, "TAO": 311.67, "XAUT": 4677.84, "USDG": 0.999798, "BUIDL": 1.0, "PAXG": 4680.3, "MNT": 0.665564, "DOT": 1.3, "UNI": 3.46, "WLFI": 0.067192, "NEAR": 1.52, "PI": 0.181341, "SKY": 0.079961, "OKB": 87.24, "USDF": 0.998546, "HTX": 1.95e-06, "PEPE": 4.15e-06, "ASTER": 0.673471, "ICP": 2.92, "ONDO": 0.325649, "RLUSD": 1.0, "BGB": 2.17, "USDD": 0.999795, "ETC": 9.28, "AAVE": 93.84, "MORPHO": 2.25, "USDY": 1.13, "BFUSD": 0.999201, "JTRSY": 1.1, "KCS": 8.44, "ENA": 0.119523, "ALGO": 0.119578, "POL": 0.098342, "USTB": 11.07, "U": 0.999785, "QNT": 70.62, "RENDER": 1.94, "KAS": 0.03629084, "EUTBL": 1.23, "ATOM": 1.9, "BCAP": 105.77, "NEXO": 0.900762, "WLD": 0.255012, "GT": 7.45, "FIL": 1.075, "APT": 1.015, "ARB": 0.125027, "STABLE": 0.03375792, "SKYAI": 0.739097, "PUMP": 0.00196488, "DASH": 55.22, "JST": 0.080315, "PENGU": 0.01070843, "FLR": 0.00780702, "VET": 0.00768143, "JUP": 0.197532, "USDTB": 1.0, "BDX": 0.079905, "OUSG": 115.16, "HASH": 0.01137812, "SIREN": 0.817902, "BONK": 6.73e-06, "XDC": 0.02950928, "GHO": 0.999629, "VIRTUAL": 0.882694, "LUNC": 0.00010301}}