{"timestamp": 1779662998, "base": "USD", "data": {"BTC": 76826, "ETH": 2092.44, "USDT": 0.998785, "BNB": 654.32, "XRP": 1.35, "USDC": 0.999813, "SOL": 85.0, "TRX": 0.364788, "FIGR_HELOC": 1.03, "DOGE": 0.101617, "HYPE": 62.06, "USDS": 0.999719, "ZEC": 664.96, "LEO": 10.04, "ADA": 0.240911, "XMR": 388.41, "BCH": 345.7, "LINK": 9.39, "WBT": 56.52, "CC": 0.165377, "XLM": 0.146684, "USD1": 0.999025, "TON": 1.75, "USDE": 0.9988, "DAI": 0.99979, "SUI": 1.026, "LTC": 52.55, "AVAX": 9.17, "HBAR": 0.087928, "M": 2.86, "RAIN": 0.00755956, "PYUSD": 1.0, "SHIB": 5.55e-06, "NEAR": 2.4, "CRO": 0.068689, "USYC": 1.13, "USDG": 0.999677, "XAUT": 4539.57, "TAO": 273.97, "BUIDL": 1.0, "MNT": 0.649394, "PAXG": 4549.39, "UNI": 3.37, "USDY": 1.13, "ONDO": 0.433526, "DOT": 1.24, "WLFI": 0.060696, "HTX": 2.01e-06, "ASTER": 0.700572, "USDF": 0.996589, "RLUSD": 1.0, "OKB": 82.72, "SKY": 0.069762, "PI": 0.147825, "USDD": 0.999508, "PEPE": 3.55e-06, "MORPHO": 2.24, "ICP": 2.54, "ETC": 8.88, "BGB": 1.98, "BFUSD": 0.998413, "AAVE": 85.13, "QNT": 78.51, "USDTB": 0.999066, "KCS": 8.01, "EUTBL": 1.22, "ATOM": 2.05, "RENDER": 2.0, "U": 0.999475, "WLD": 0.290994, "ALGO": 0.111428, "USTB": 11.09, "BCAP": 105.74, "POL": 0.089915, "JTRSY": 1.1, "KAS": 0.03307702, "ENA": 0.097981, "VVV": 19.07, "NEXO": 0.851021, "STABLE": 0.03639923, "JST": 0.092974, "APT": 0.939344, "GT": 6.99, "FIL": 0.949937, "FLR": 0.00828692, "DEXE": 15.14, "JUP": 0.199824, "ARB": 0.1051, "XDC": 0.03074306, "PUMP": 0.00172743, "BDX": 0.078717, "GHO": 0.998856, "DASH": 45.76, "VET": 0.00660007, "PENGU": 0.00890475, "NIGHT": 0.03347431, "USD0": 0.998472, "HASH": 0.01036789, "OUSG": 115.33, "BONK": 5.95e-06}}