{"timestamp": 1779228523, "base": "USD", "data": {"BTC": 76769, "ETH": 2110.56, "USDT": 0.999113, "BNB": 638.83, "XRP": 1.36, "USDC": 0.999755, "SOL": 84.24, "TRX": 0.355587, "FIGR_HELOC": 1.032, "DOGE": 0.103187, "WBT": 56.62, "HYPE": 47.83, "USDS": 0.999633, "ZEC": 569.9, "ADA": 0.248373, "LEO": 9.92, "BCH": 369.33, "XMR": 393.96, "LINK": 9.44, "CC": 0.148993, "TON": 1.98, "XLM": 0.142893, "M": 3.57, "USD1": 0.999489, "USDE": 0.999539, "DAI": 0.999654, "SUI": 1.057, "LTC": 54.16, "AVAX": 9.1, "HBAR": 0.088136, "RAIN": 0.00745413, "PYUSD": 0.999828, "SHIB": 5.68e-06, "CRO": 0.068153, "USYC": 1.12, "USDG": 0.999723, "XAUT": 4485.35, "BUIDL": 1.0, "TAO": 258.06, "UNI": 3.46, "USDY": 1.13, "PAXG": 4485.61, "NEAR": 1.62, "DOT": 1.23, "MNT": 0.624175, "WLFI": 0.060073, "USDF": 0.997655, "HTX": 1.96e-06, "ONDO": 0.362786, "ASTER": 0.650996, "OKB": 79.42, "RLUSD": 0.999591, "SKY": 0.069036, "PI": 0.148873, "USDD": 0.999476, "PEPE": 3.64e-06, "BGB": 2.01, "ETC": 8.96, "ICP": 2.47, "AAVE": 87.76, "BFUSD": 0.9988, "MORPHO": 1.79, "USDTB": 0.999337, "QNT": 73.38, "KCS": 7.89, "USTB": 11.09, "ATOM": 2.04, "EUTBL": 1.22, "U": 0.99933, "JTRSY": 1.1, "ALGO": 0.112508, "BCAP": 105.74, "POL": 0.089114, "RENDER": 1.82, "ENA": 0.103052, "KAS": 0.03369642, "NEXO": 0.880991, "WLD": 0.238993, "STABLE": 0.03497498, "JST": 0.091317, "VVV": 16.53, "APT": 0.931721, "GT": 6.97, "FIL": 0.939926, "ARB": 0.114098, "FLR": 0.00825862, "DEXE": 14.03, "JUP": 0.195477, "XDC": 0.032003, "BDX": 0.078793, "PUMP": 0.00167928, "GHO": 0.999034, "VET": 0.00654129, "USD0": 0.998309, "HASH": 0.01040951, "KITE": 0.240487, "OUSG": 115.29, "PENGU": 0.00859483, "DASH": 42.26, "BONK": 5.91e-06}}