{"timestamp": 1782649092, "base": "USD", "data": {"BTC": 60190, "ETH": 1578.19, "USDT": 0.998556, "BNB": 555.25, "USDC": 0.999691, "XRP": 1.05, "SOL": 71.73, "TRX": 0.323373, "FIGR_HELOC": 1.044, "HYPE": 63.04, "DOGE": 0.073545, "USDS": 0.999512, "RAIN": 0.01550128, "LEO": 9.4, "ZEC": 385.5, "CC": 0.152165, "XMR": 310.82, "XLM": 0.171489, "WBT": 48.13, "LINK": 7.27, "ADA": 0.144795, "LAB": 16.81, "USD1": 0.999542, "DAI": 0.999507, "USDE": 0.998101, "GRAM": 1.56, "BCH": 192.94, "LTC": 43.14, "HBAR": 0.07153, "USYC": 1.13, "USDG": 0.999728, "SUI": 0.686308, "PYUSD": 0.999652, "AVAX": 6.33, "CRO": 0.054352, "XAUT": 4065.13, "SHIB": 4.19e-06, "NEAR": 1.86, "BUIDL": 1.0, "USDY": 1.14, "TAO": 208.28, "WLFI": 0.057975, "PAXG": 4070.14, "UNI": 2.92, "ASTER": 0.619689, "OKB": 77.13, "RLUSD": 1.0, "WLD": 0.447512, "HTX": 1.68e-06, "ONDO": 0.309497, "MNT": 0.430316, "USDF": 0.994631, "PI": 0.127257, "USDD": 0.998644, "DOT": 0.809354, "AAVE": 89.52, "BFUSD": 0.998183, "ICP": 2.15, "SKY": 0.04989867, "BGB": 1.64, "MORPHO": 1.76, "ETC": 7.06, "DEXE": 22.39, "U": 0.9996, "PEPE": 2.39e-06, "BCAP": 107.03, "QNT": 65.46, "EUTBL": 1.2, "KCS": 6.76, "STABLE": 0.03779504, "M": 0.681232, "JTRSY": 1.11, "USDGO": 1.0, "ATOM": 1.58, "RENDER": 1.56, "ALGO": 0.086515, "USTB": 11.13, "KAS": 0.02779056, "POL": 0.071599, "JST": 0.087517, "USDTB": 0.999665, "VELVET": 1.72, "JUP": 0.217548, "BEAT": 2.5, "NEXO": 0.718854, "ENA": 0.075725, "GT": 6.56, "JAAA": 1.039, "BDX": 0.084144, "VVV": 13.74, "ADI": 4.94, "EURSAFO": 1.15, "\u5e01\u5b89\u4eba\u751f": 0.60739, "GHO": 0.997852, "PUMP": 0.00146974, "FLR": 0.00668429, "FIL": 0.72588, "YLDS": 0.999824, "XDC": 0.02790636, "USD0": 0.998516}}