{"timestamp": 1782317393, "base": "USD", "data": {"BTC": 60244, "ETH": 1617.34, "USDT": 0.998528, "BNB": 558.94, "USDC": 0.999715, "XRP": 1.059, "SOL": 67.37, "TRX": 0.327134, "FIGR_HELOC": 1.033, "HYPE": 60.05, "DOGE": 0.074737, "USDS": 0.999361, "RAIN": 0.01586594, "LEO": 9.43, "ZEC": 402.73, "XLM": 0.185262, "LAB": 19.33, "XMR": 320.08, "CC": 0.150201, "WBT": 49.11, "LINK": 7.36, "ADA": 0.143777, "USD1": 0.999088, "DAI": 0.999785, "USDE": 0.99838, "GRAM": 1.57, "BCH": 187.9, "M": 2.81, "HBAR": 0.073964, "LTC": 40.76, "USYC": 1.13, "USDG": 0.999831, "PYUSD": 0.99924, "SUI": 0.673651, "AVAX": 6.22, "SHIB": 4.37e-06, "CRO": 0.055437, "NEAR": 1.91, "XAUT": 3994.14, "BUIDL": 1.0, "USDY": 1.14, "TAO": 215.08, "PAXG": 3996.79, "WLD": 0.521835, "WLFI": 0.056679, "UNI": 2.81, "MNT": 0.503325, "ASTER": 0.611852, "RLUSD": 1.0, "OKB": 74.83, "HTX": 1.71e-06, "DOT": 0.871697, "USDF": 0.99415, "ONDO": 0.298612, "USDD": 0.999129, "PI": 0.125264, "BFUSD": 0.998221, "SKY": 0.053179, "BGB": 1.69, "ICP": 2.12, "AAVE": 75.85, "MORPHO": 1.7, "ETC": 6.81, "PEPE": 2.52e-06, "DEXE": 22.5, "U": 0.999601, "QNT": 67.64, "BCAP": 107.03, "USTB": 11.12, "EUTBL": 1.2, "KCS": 6.85, "USDTB": 0.999421, "JTRSY": 1.11, "ATOM": 1.63, "STABLE": 0.03489498, "RENDER": 1.54, "ALGO": 0.088948, "POL": 0.074382, "KAS": 0.02789944, "ENA": 0.081252, "NEXO": 0.746709, "\u5e01\u5b89\u4eba\u751f": 0.703693, "JST": 0.082104, "JUP": 0.210659, "GT": 6.56, "JAAA": 1.039, "BDX": 0.082153, "VVV": 12.77, "GHO": 0.997603, "EURSAFO": 1.14, "FLR": 0.00678058, "FIL": 0.740059, "XDC": 0.0285458, "YLDS": 0.999608, "USD0": 0.998948, "ADI": 4.36, "HASH": 0.0094822, "APT": 0.61502, "NIGHT": 0.03080821, "BEAT": 1.81}}