{"timestamp": 1778796204, "base": "USD", "data": {"BTC": 81366, "ETH": 2296.21, "USDT": 0.99978, "XRP": 1.5, "BNB": 680.63, "USDC": 0.999755, "SOL": 92.68, "TRX": 0.353237, "FIGR_HELOC": 1.035, "DOGE": 0.116681, "WBT": 59.75, "USDS": 0.999786, "HYPE": 43.85, "ADA": 0.273173, "LEO": 10.19, "ZEC": 556.23, "BCH": 437.79, "LINK": 10.57, "XMR": 400.38, "CC": 0.16377, "TON": 2.15, "XLM": 0.163797, "SUI": 1.2, "LTC": 58.58, "USD1": 0.999753, "DAI": 0.999714, "M": 3.34, "AVAX": 9.98, "USDE": 1.0, "HBAR": 0.095485, "SHIB": 6.4e-06, "RAIN": 0.00756893, "PYUSD": 0.999786, "USDG": 0.999665, "CRO": 0.076182, "USYC": 1.12, "TAO": 307.23, "XAUT": 4652.81, "BUIDL": 1.0, "UNI": 3.76, "DOT": 1.39, "MNT": 0.698619, "WLFI": 0.070256, "PAXG": 4650.38, "NEAR": 1.58, "ONDO": 0.393292, "USDY": 1.13, "PI": 0.172918, "HTX": 1.98e-06, "OKB": 85.16, "USDF": 0.997913, "ASTER": 0.682681, "PEPE": 4.12e-06, "SKY": 0.072917, "RLUSD": 0.999757, "ICP": 2.83, "AAVE": 99.6, "ETC": 9.54, "USDD": 0.999854, "BGB": 2.1, "BFUSD": 0.9995, "MORPHO": 1.97, "QNT": 78.66, "KCS": 8.4, "ENA": 0.121588, "JTRSY": 1.1, "ALGO": 0.119912, "KAS": 0.03815505, "ATOM": 2.05, "U": 1.0, "POL": 0.094908, "USTB": 11.08, "RENDER": 1.91, "EUTBL": 1.23, "BCAP": 105.87, "NEXO": 0.920017, "WLD": 0.265192, "APT": 1.062, "FIL": 1.059, "STABLE": 0.03598182, "ARB": 0.132633, "USDTB": 0.999264, "FLR": 0.00924257, "GT": 7.31, "JST": 0.090309, "JUP": 0.22568, "VVV": 14.97, "XDC": 0.03394619, "PUMP": 0.00188415, "VET": 0.00741877, "BDX": 0.07913, "BONK": 6.95e-06, "DEXE": 12.87, "OUSG": 115.24, "DASH": 46.11, "GHO": 0.99943, "HASH": 0.01093892, "PENGU": 0.00917498, "TRUMP": 2.41, "USD0": 0.998135}}