{"timestamp": 1780058549, "base": "USD", "data": {"BTC": 73164, "ETH": 1995.8, "USDT": 0.998547, "BNB": 634.92, "XRP": 1.3, "USDC": 0.999511, "SOL": 81.31, "TRX": 0.341822, "FIGR_HELOC": 1.032, "DOGE": 0.098486, "HYPE": 61.51, "USDS": 0.999496, "LEO": 9.94, "RAIN": 0.01453652, "ZEC": 531.72, "ADA": 0.231927, "XLM": 0.204889, "XMR": 360.67, "LINK": 8.88, "WBT": 53.72, "CC": 0.156622, "BCH": 297.96, "USD1": 0.998241, "TON": 1.74, "USDE": 0.998694, "DAI": 0.99955, "LTC": 51.47, "M": 3.02, "HBAR": 0.089574, "AVAX": 8.82, "SUI": 0.902339, "SHIB": 5.36e-06, "NEAR": 2.43, "PYUSD": 0.999748, "CRO": 0.067307, "USYC": 1.13, "XAUT": 4494.21, "USDG": 0.999744, "BUIDL": 1.0, "TAO": 252.14, "USDY": 1.12, "MNT": 0.636983, "PAXG": 4506.48, "DOT": 1.19, "UNI": 2.98, "WLFI": 0.057617, "OKB": 86.82, "RLUSD": 0.999723, "ONDO": 0.360524, "ASTER": 0.66534, "USDF": 0.994826, "HTX": 1.8e-06, "SKY": 0.065616, "PI": 0.143291, "ICP": 2.68, "PEPE": 3.34e-06, "USDD": 0.998895, "BGB": 1.98, "BFUSD": 0.998308, "MORPHO": 2.01, "ETC": 8.12, "AAVE": 81.05, "U": 0.999502, "USDTB": 0.998708, "KCS": 7.81, "QNT": 71.51, "RENDER": 1.99, "EUTBL": 1.23, "ATOM": 2.0, "ALGO": 0.113547, "BCAP": 107.16, "WLD": 0.289623, "POL": 0.087485, "USTB": 11.1, "STABLE": 0.03829985, "JTRSY": 1.1, "DEXE": 18.48, "KAS": 0.03058973, "NEXO": 0.829665, "JST": 0.095089, "ENA": 0.085451, "APT": 0.906466, "FIL": 0.936931, "GT": 6.79, "VVV": 15.39, "FLR": 0.00775542, "ARB": 0.102729, "XDC": 0.03158119, "BDX": 0.077306, "INJ": 5.97, "PUMP": 0.00166532, "NIGHT": 0.03534074, "GHO": 0.998821, "JUP": 0.174889, "HASH": 0.01059668, "USD0": 0.998319, "APXUSD": 0.999081, "OUSG": 115.39, "FET": 0.234165, "A7A5": 0.01306437}}