{"timestamp": 1778536734, "base": "USD", "data": {"BTC": 81823, "ETH": 2339.98, "USDT": 0.999717, "XRP": 1.47, "BNB": 663.86, "USDC": 0.999889, "SOL": 97.46, "TRX": 0.350874, "FIGR_HELOC": 1.03, "DOGE": 0.111153, "WBT": 60.1, "USDS": 0.99982, "ADA": 0.280853, "HYPE": 41.88, "LEO": 10.24, "ZEC": 555.95, "BCH": 449.69, "LINK": 10.59, "XMR": 414.12, "TON": 2.41, "CC": 0.164777, "XLM": 0.16865, "SUI": 1.3, "LTC": 58.71, "USD1": 0.999093, "DAI": 0.99973, "AVAX": 10.17, "M": 3.27, "HBAR": 0.096522, "USDE": 0.9996, "SHIB": 6.58e-06, "RAIN": 0.00751924, "USDG": 0.999651, "PYUSD": 0.999782, "CRO": 0.078355, "TAO": 322.21, "USYC": 1.12, "XAUT": 4722.76, "UNI": 3.89, "BUIDL": 1.0, "DOT": 1.37, "MNT": 0.697049, "PAXG": 4722.43, "WLFI": 0.066923, "ONDO": 0.431918, "NEAR": 1.55, "ICP": 3.35, "OKB": 87.54, "PEPE": 4.35e-06, "PI": 0.172292, "HTX": 1.97e-06, "USDF": 0.999701, "ASTER": 0.69077, "SKY": 0.075469, "RLUSD": 1.0, "AAVE": 101.52, "ETC": 9.81, "BGB": 2.14, "USDD": 0.999836, "MORPHO": 2.13, "USDY": 1.13, "BFUSD": 0.999699, "ENA": 0.129638, "KCS": 8.54, "JTRSY": 1.1, "KAS": 0.04021304, "ALGO": 0.123724, "POL": 0.103006, "QNT": 73.32, "ATOM": 2.03, "U": 0.999887, "RENDER": 1.97, "USTB": 11.08, "EUTBL": 1.24, "BCAP": 105.87, "WLD": 0.281893, "NEXO": 0.920558, "APT": 1.13, "FIL": 1.13, "ARB": 0.14138, "SIREN": 1.13, "JUP": 0.244456, "VVV": 17.41, "GT": 7.47, "STABLE": 0.03417166, "PUMP": 0.00209955, "JST": 0.087761, "FLR": 0.00870589, "VET": 0.00777496, "BONK": 7.58e-06, "PENGU": 0.01028402, "XDC": 0.03209025, "HASH": 0.01199313, "BDX": 0.079873, "OUSG": 115.21, "B": 0.596769, "DASH": 46.9, "NIGHT": 0.03583636, "DEXE": 12.6, "GHO": 0.999385}}