{"timestamp": 1780347064, "base": "USD", "data": {"BTC": 71500, "ETH": 2004.67, "USDT": 0.998672, "BNB": 697.35, "XRP": 1.3, "USDC": 0.999607, "SOL": 81.07, "TRX": 0.34316, "FIGR_HELOC": 1.042, "HYPE": 72.25, "DOGE": 0.100642, "USDS": 0.999784, "ZEC": 559.46, "LEO": 10.0, "ADA": 0.231016, "RAIN": 0.01361504, "XLM": 0.250365, "XMR": 353.54, "LINK": 9.06, "WBT": 52.6, "CC": 0.154095, "BCH": 293.24, "TON": 2.17, "USD1": 0.99822, "LAB": 14.81, "USDE": 0.998707, "DAI": 0.999548, "M": 3.26, "HBAR": 0.093245, "LTC": 50.92, "AVAX": 8.94, "SUI": 0.881378, "NEAR": 2.68, "SHIB": 5.54e-06, "PYUSD": 0.999945, "USYC": 1.13, "CRO": 0.06583, "XAUT": 4464.6, "USDG": 0.999858, "TAO": 255.4, "BUIDL": 1.0, "USDY": 1.13, "MNT": 0.638173, "PAXG": 4476.48, "DOT": 1.17, "WLFI": 0.059639, "OKB": 89.55, "UNI": 2.99, "ASTER": 0.692445, "RLUSD": 0.999827, "ONDO": 0.357695, "ICP": 3.02, "USDF": 0.994567, "HTX": 1.83e-06, "SKY": 0.067388, "PI": 0.145317, "PEPE": 3.42e-06, "WLD": 0.421734, "USDD": 1.001, "BGB": 2.03, "MORPHO": 2.09, "BFUSD": 0.998309, "ETC": 8.08, "AAVE": 80.55, "H": 0.660667, "RENDER": 2.13, "ALGO": 0.121208, "USDTB": 0.998331, "KCS": 7.81, "QNT": 71.74, "EUTBL": 1.22, "POL": 0.094098, "ATOM": 1.91, "BCAP": 107.16, "U": 0.999516, "USTB": 11.1, "STABLE": 0.03923908, "VVV": 18.75, "DEXE": 18.61, "JTRSY": 1.11, "NEXO": 0.841227, "KAS": 0.03046095, "JST": 0.095759, "ENA": 0.088798, "APT": 0.941178, "FIL": 0.964319, "GT": 7.0, "INJ": 7.04, "JUP": 0.199636, "XDC": 0.03281611, "NIGHT": 0.03922826, "FLR": 0.007519, "PUMP": 0.00184512, "ARB": 0.103147, "\u5e01\u5b89\u4eba\u751f": 0.623879, "FET": 0.273324, "BDX": 0.078687, "HASH": 0.01100594, "GHO": 0.999441, "USD0": 0.998333}}