{"timestamp": 1779474569, "base": "USD", "data": {"BTC": 76770, "ETH": 2117.53, "USDT": 0.998873, "BNB": 657.61, "XRP": 1.35, "USDC": 0.999724, "SOL": 86.5, "TRX": 0.362529, "FIGR_HELOC": 1.031, "DOGE": 0.105345, "HYPE": 58.23, "USDS": 0.999643, "ZEC": 618.04, "ADA": 0.248551, "LEO": 9.94, "BCH": 377.76, "LINK": 9.74, "XMR": 382.61, "WBT": 56.66, "CC": 0.156694, "TON": 1.96, "XLM": 0.146545, "USD1": 0.999391, "USDE": 0.999017, "SUI": 1.089, "DAI": 0.999661, "LTC": 53.99, "AVAX": 9.38, "HBAR": 0.089408, "M": 2.75, "RAIN": 0.00747775, "PYUSD": 0.99974, "SHIB": 5.8e-06, "CRO": 0.069062, "USYC": 1.12, "NEAR": 2.19, "USDG": 0.99979, "TAO": 282.59, "XAUT": 4507.4, "BUIDL": 1.0, "UNI": 3.6, "DOT": 1.31, "MNT": 0.648909, "USDY": 1.13, "PAXG": 4508.5, "ONDO": 0.430321, "WLFI": 0.060581, "HTX": 2.01e-06, "USDF": 0.997886, "ASTER": 0.682572, "RLUSD": 1.0, "OKB": 83.57, "SKY": 0.070527, "PI": 0.15355, "PEPE": 3.74e-06, "USDD": 0.99919, "ICP": 2.66, "ETC": 9.09, "BGB": 1.98, "AAVE": 87.56, "BFUSD": 0.9986, "MORPHO": 2.0, "QNT": 79.72, "ATOM": 2.14, "USDTB": 0.999052, "KCS": 7.96, "EUTBL": 1.22, "ALGO": 0.116221, "U": 1.0, "RENDER": 1.97, "WLD": 0.286251, "POL": 0.091781, "USTB": 11.09, "BCAP": 105.74, "ENA": 0.105567, "KAS": 0.03448208, "JTRSY": 1.1, "NEXO": 0.87554, "VVV": 18.27, "APT": 0.976237, "JST": 0.092589, "FIL": 1.008, "STABLE": 0.03430691, "GT": 7.06, "FLR": 0.00839216, "ARB": 0.112164, "JUP": 0.211376, "XDC": 0.03339201, "PUMP": 0.00180499, "DEXE": 13.51, "BDX": 0.079647, "PENGU": 0.00928974, "GHO": 0.998872, "VET": 0.00668147, "DASH": 44.85, "HASH": 0.0105003, "USD0": 0.998382, "OUSG": 115.32, "INJ": 5.51, "BONK": 6.17e-06}}