{"timestamp": 1779865015, "base": "USD", "data": {"BTC": 75749, "ETH": 2076.28, "USDT": 0.99852, "BNB": 652.15, "XRP": 1.33, "USDC": 0.999694, "SOL": 83.88, "TRX": 0.372706, "FIGR_HELOC": 1.026, "DOGE": 0.102039, "HYPE": 62.24, "USDS": 0.999615, "ZEC": 574.98, "LEO": 10.05, "ADA": 0.240247, "RAIN": 0.01157341, "XMR": 386.96, "BCH": 345.06, "LINK": 9.42, "WBT": 55.75, "CC": 0.15863, "TON": 1.9, "XLM": 0.147731, "USD1": 0.998173, "USDE": 0.998917, "DAI": 0.999796, "LTC": 52.22, "SUI": 1.004, "AVAX": 9.18, "M": 3.03, "HBAR": 0.086091, "PYUSD": 0.99992, "NEAR": 2.54, "SHIB": 5.53e-06, "CRO": 0.067842, "USYC": 1.12, "USDG": 0.999802, "XAUT": 4477.33, "TAO": 276.3, "BUIDL": 1.0, "DOT": 1.27, "USDY": 1.13, "PAXG": 4486.52, "MNT": 0.63765, "UNI": 3.29, "ONDO": 0.410622, "OKB": 88.32, "WLFI": 0.05784, "HTX": 2.01e-06, "ASTER": 0.690152, "RLUSD": 1.0, "USDF": 0.996146, "ICP": 2.98, "SKY": 0.069074, "PI": 0.142941, "PEPE": 3.54e-06, "USDD": 0.998831, "BGB": 2.04, "MORPHO": 2.24, "ETC": 8.66, "BFUSD": 0.997903, "AAVE": 85.3, "WLD": 0.366495, "RENDER": 2.26, "ATOM": 2.22, "QNT": 76.51, "USDTB": 0.999981, "KCS": 8.04, "EUTBL": 1.23, "U": 0.999797, "POL": 0.092207, "BCAP": 107.16, "ALGO": 0.109072, "JTRSY": 1.1, "KAS": 0.03273036, "USTB": 11.09, "ENA": 0.096234, "STABLE": 0.03650575, "NEXO": 0.837675, "FIL": 1.05, "VVV": 17.38, "JST": 0.094123, "APT": 0.97875, "DEXE": 16.36, "GT": 6.97, "FLR": 0.00816172, "ARB": 0.109348, "JUP": 0.196511, "XDC": 0.0320275, "PUMP": 0.00180493, "BDX": 0.078252, "GHO": 0.998773, "INJ": 5.82, "FET": 0.246194, "HASH": 0.01039283, "USD0": 0.998619, "DASH": 43.42, "NIGHT": 0.03304324, "VET": 0.00629527, "UB": 0.216351}}