{"timestamp": 1783233120, "base": "USD", "data": {"BTC": 62732, "ETH": 1762.97, "USDT": 0.999056, "BNB": 571.52, "USDC": 0.999759, "XRP": 1.14, "SOL": 80.43, "TRX": 0.324485, "FIGR_HELOC": 1.009, "HYPE": 68.54, "DOGE": 0.075786, "RAIN": 0.01534401, "USDS": 0.999705, "LEO": 9.16, "ZEC": 455.02, "ADA": 0.188943, "XLM": 0.199925, "WBT": 56.61, "XMR": 332.13, "LINK": 7.87, "CC": 0.139642, "LAB": 16.14, "GRAM": 1.76, "BCH": 237.13, "DAI": 0.999663, "USD1": 0.99876, "USDE": 0.998565, "LTC": 44.21, "HBAR": 0.074416, "USYC": 1.13, "USDG": 0.999832, "SUI": 0.741854, "AVAX": 6.77, "PYUSD": 0.999795, "CRO": 0.059963, "XAUT": 4160.28, "SHIB": 4.31e-06, "NEAR": 1.95, "BUIDL": 1.0, "USDY": 1.14, "TAO": 213.11, "UNI": 3.18, "M": 1.44, "PAXG": 4162.55, "WLFI": 0.057501, "ASTER": 0.638551, "OKB": 80.11, "ONDO": 0.328088, "RLUSD": 1.0, "HTX": 1.69e-06, "DOT": 0.866844, "MNT": 0.441392, "WLD": 0.412231, "USDF": 0.99559, "USDD": 1.002, "AAVE": 87.39, "BFUSD": 0.99858, "SKY": 0.055359, "MORPHO": 1.97, "PI": 0.114437, "ICP": 2.21, "BGB": 1.72, "PEPE": 2.65e-06, "ETC": 7.08, "DEXE": 23.51, "U": 0.999806, "EUTBL": 1.21, "QNT": 67.4, "BCAP": 106.97, "KCS": 7.1, "USDGO": 0.999972, "JTRSY": 1.11, "USTB": 11.13, "KAS": 0.03099505, "STABLE": 0.03502404, "BEAT": 2.68, "RENDER": 1.59, "ATOM": 1.55, "ALGO": 0.088898, "JUP": 0.237885, "JST": 0.092284, "POL": 0.072853, "NEXO": 0.766104, "\u5e01\u5b89\u4eba\u751f": 0.745349, "ENA": 0.077318, "GT": 6.71, "ADI": 5.81, "USDTB": 1.0, "BDX": 0.088705, "EURSAFO": 1.15, "JAAA": 1.04, "FIL": 0.781555, "PUMP": 0.00151269, "FLR": 0.0069279, "GHO": 0.998269, "XDC": 0.02855191, "LIT": 2.21, "NIGHT": 0.03332859, "USD0": 0.998448, "VVV": 11.66}}