{"timestamp": 1780843606, "base": "USD", "data": {"BTC": 61966, "ETH": 1625.82, "USDT": 0.999523, "BNB": 590.86, "USDC": 0.999749, "XRP": 1.13, "SOL": 64.84, "TRX": 0.328155, "FIGR_HELOC": 1.033, "DOGE": 0.084387, "HYPE": 58.65, "USDS": 0.999688, "LEO": 9.52, "RAIN": 0.01329895, "ZEC": 428.09, "XLM": 0.204433, "CC": 0.169356, "ADA": 0.162766, "XMR": 307.04, "LINK": 7.75, "WBT": 44.26, "USD1": 0.999325, "TON": 1.69, "BCH": 225.33, "USDE": 0.999324, "DAI": 0.999505, "LAB": 13.26, "M": 3.12, "HBAR": 0.081224, "LTC": 42.27, "SUI": 0.747041, "AVAX": 6.72, "PYUSD": 0.999784, "USYC": 1.13, "SHIB": 4.69e-06, "CRO": 0.059915, "XAUT": 4298.93, "NEAR": 1.96, "USDG": 1.0, "BUIDL": 1.0, "USDY": 1.13, "TAO": 211.6, "PAXG": 4301.28, "MNT": 0.536239, "WLFI": 0.055516, "ONDO": 0.34693, "RLUSD": 0.999827, "DOT": 0.966248, "ASTER": 0.630421, "HTX": 1.77e-06, "WLD": 0.468642, "UNI": 2.52, "OKB": 71.34, "USDF": 0.996474, "H": 0.783535, "PI": 0.129063, "USDD": 0.99947, "BFUSD": 0.999214, "ICP": 2.37, "SKY": 0.055724, "BGB": 1.83, "PEPE": 2.76e-06, "MORPHO": 1.71, "ETC": 7.03, "QNT": 70.0, "USDTB": 0.999945, "U": 0.999805, "EUTBL": 1.21, "BCAP": 107.06, "USTB": 11.1, "AAVE": 63.04, "SIREN": 1.26, "DEXE": 19.84, "RENDER": 1.68, "JTRSY": 1.11, "ATOM": 1.69, "KCS": 6.41, "\u5e01\u5b89\u4eba\u751f": 0.86371, "ENA": 0.091692, "POL": 0.079627, "ALGO": 0.094035, "KAS": 0.0305008, "VVV": 17.28, "STABLE": 0.03385898, "BEAT": 2.7, "NEXO": 0.76041, "JST": 0.078414, "GT": 6.28, "BDX": 0.078601, "FIL": 0.764054, "FLR": 0.00697518, "XDC": 0.02978829, "GHO": 0.999159, "APT": 0.67347, "USD0": 0.998434, "YLDS": 0.999702, "PUMP": 0.00150952, "INJ": 5.28, "HASH": 0.00977815, "JUP": 0.155768}}