{"timestamp": 1780787079, "base": "USD", "data": {"BTC": 60631, "ETH": 1560.56, "USDT": 0.999481, "BNB": 573.38, "USDC": 0.999691, "XRP": 1.088, "SOL": 61.81, "TRX": 0.323545, "FIGR_HELOC": 1.033, "DOGE": 0.081442, "HYPE": 56.59, "USDS": 0.999737, "LEO": 9.45, "RAIN": 0.01283224, "XLM": 0.211414, "CC": 0.16103, "ZEC": 355.21, "ADA": 0.155961, "XMR": 293.4, "LINK": 7.36, "WBT": 43.17, "USD1": 0.999187, "USDE": 0.999483, "TON": 1.64, "BCH": 216.33, "DAI": 0.999256, "LAB": 13.63, "M": 2.98, "HBAR": 0.079604, "LTC": 41.06, "SUI": 0.712754, "AVAX": 6.64, "PYUSD": 0.999266, "USYC": 1.13, "SHIB": 4.54e-06, "XAUT": 4285.24, "CRO": 0.058069, "USDG": 1.0, "NEAR": 1.86, "BUIDL": 1.0, "USDY": 1.12, "PAXG": 4290.02, "TAO": 192.77, "WLFI": 0.05543, "MNT": 0.513601, "RLUSD": 0.999944, "ASTER": 0.619377, "DOT": 0.936626, "HTX": 1.74e-06, "ONDO": 0.323501, "UNI": 2.44, "USDF": 0.99567, "OKB": 68.84, "WLD": 0.416913, "USDD": 0.999583, "PI": 0.124496, "BFUSD": 0.999501, "SKY": 0.055159, "BGB": 1.83, "ICP": 2.3, "H": 0.620937, "PEPE": 2.66e-06, "ETC": 6.76, "MORPHO": 1.64, "USDTB": 1.0, "U": 0.999712, "EUTBL": 1.21, "BCAP": 107.06, "USTB": 11.1, "QNT": 66.6, "DEXE": 20.03, "AAVE": 60.37, "JTRSY": 1.11, "ENA": 0.089821, "ATOM": 1.62, "RENDER": 1.59, "ALGO": 0.092223, "POL": 0.077094, "KAS": 0.02997966, "KCS": 6.08, "\u5e01\u5b89\u4eba\u751f": 0.801529, "STABLE": 0.03324829, "NEXO": 0.742576, "VVV": 15.5, "JST": 0.083023, "GT": 6.11, "BEAT": 2.2, "SIREN": 0.849754, "BDX": 0.078486, "XDC": 0.02943227, "GHO": 0.999282, "FLR": 0.00672018, "FIL": 0.726368, "USD0": 0.998435, "APT": 0.651197, "YLDS": 0.999623, "NIGHT": 0.03089801, "A7A5": 0.01306261, "INJ": 5.11, "HASH": 0.00948459}}