{"timestamp": 1777587149, "base": "USD", "data": {"BTC": 76286, "ETH": 2256.71, "USDT": 0.999502, "XRP": 1.37, "BNB": 615.71, "USDC": 0.999666, "SOL": 82.82, "TRX": 0.326346, "FIGR_HELOC": 1.033, "DOGE": 0.10617, "WBT": 57.19, "USDS": 0.999699, "LEO": 10.33, "HYPE": 39.54, "ADA": 0.246471, "BCH": 440.68, "XMR": 378.36, "LINK": 9.1, "ZEC": 348.84, "CC": 0.151208, "XLM": 0.158902, "USD1": 0.999653, "DAI": 0.999666, "LTC": 55.1, "M": 3.2, "AVAX": 9.08, "USDE": 0.998992, "HBAR": 0.087347, "RAIN": 0.0078477, "SHIB": 6.23e-06, "SUI": 0.904959, "PYUSD": 0.999967, "TON": 1.32, "CRO": 0.06841, "USYC": 1.12, "XAUT": 4617.07, "USDG": 0.99969, "TAO": 248.19, "BUIDL": 1.0, "PAXG": 4619.62, "MNT": 0.625923, "DOT": 1.2, "UNI": 3.18, "WLFI": 0.060524, "SKY": 0.079381, "PI": 0.176551, "USDF": 0.996662, "OKB": 82.28, "ASTER": 0.65267, "NEAR": 1.3, "HTX": 1.83e-06, "PEPE": 3.86e-06, "USDD": 0.999477, "RLUSD": 0.999835, "AAVE": 92.8, "BGB": 1.99, "JTRSY": 1.1, "BFUSD": 0.998599, "USDY": 1.12, "ICP": 2.38, "ETC": 8.32, "ONDO": 0.26284, "MORPHO": 1.98, "KCS": 8.42, "U": 1.0, "POL": 0.095002, "QNT": 68.65, "EUTBL": 1.23, "ALGO": 0.110409, "USTB": 11.07, "BCAP": 105.75, "ATOM": 1.88, "ENA": 0.102042, "NEXO": 0.893374, "KAS": 0.03242688, "RENDER": 1.67, "GT": 7.23, "WLD": 0.24282, "APT": 0.994756, "ARB": 0.123865, "JST": 0.088656, "STABLE": 0.03266464, "FIL": 0.919365, "FLR": 0.00749038, "PUMP": 0.00175425, "PENGU": 0.00982628, "BDX": 0.079758, "OUSG": 115.09, "HASH": 0.01146257, "VET": 0.00697469, "XDC": 0.02978754, "JUP": 0.178628, "USDTB": 0.999815, "GHO": 0.999509, "USD0": 0.999045, "TRUMP": 2.37, "NIGHT": 0.03270091, "BONK": 6.14e-06, "DEXE": 11.34, "YLDS": 0.999998}}