{"timestamp": 1779559001, "base": "USD", "data": {"BTC": 75397, "ETH": 2061.61, "USDT": 0.998811, "BNB": 648.03, "XRP": 1.34, "USDC": 0.999766, "SOL": 84.08, "TRX": 0.359769, "FIGR_HELOC": 1.018, "DOGE": 0.101148, "HYPE": 57.43, "USDS": 0.999567, "ZEC": 601.21, "LEO": 9.93, "ADA": 0.242134, "BCH": 351.46, "XMR": 379.3, "LINK": 9.29, "WBT": 55.56, "CC": 0.159131, "XLM": 0.144726, "TON": 1.78, "USD1": 0.999228, "USDE": 0.999036, "DAI": 0.999661, "SUI": 1.041, "LTC": 52.79, "AVAX": 9.13, "HBAR": 0.087632, "M": 2.88, "PYUSD": 0.999575, "RAIN": 0.00731282, "SHIB": 5.59e-06, "CRO": 0.06877, "NEAR": 2.34, "USYC": 1.13, "USDG": 0.999778, "XAUT": 4499.94, "TAO": 268.74, "BUIDL": 1.0, "MNT": 0.65378, "UNI": 3.39, "USDY": 1.13, "PAXG": 4503.44, "DOT": 1.25, "ONDO": 0.411716, "WLFI": 0.061877, "HTX": 2e-06, "USDF": 0.997005, "RLUSD": 1.0, "ASTER": 0.6758, "OKB": 81.57, "SKY": 0.07026, "PI": 0.150704, "USDD": 0.99905, "PEPE": 3.56e-06, "ICP": 2.56, "ETC": 8.85, "BGB": 1.96, "BFUSD": 0.998602, "AAVE": 85.56, "MORPHO": 2.05, "QNT": 76.58, "USDTB": 0.998949, "KCS": 7.9, "EUTBL": 1.22, "ATOM": 2.06, "U": 1.001, "ALGO": 0.113067, "WLD": 0.292129, "RENDER": 1.89, "USTB": 11.09, "BCAP": 105.74, "POL": 0.089857, "JTRSY": 1.1, "KAS": 0.03329268, "ENA": 0.098981, "NEXO": 0.859379, "VVV": 17.48, "JST": 0.092006, "APT": 0.948275, "STABLE": 0.03356886, "FIL": 0.963866, "GT": 6.94, "FLR": 0.00826286, "ARB": 0.108298, "JUP": 0.19835, "DEXE": 13.74, "XDC": 0.03123224, "BDX": 0.078566, "PUMP": 0.00171521, "HASH": 0.01106695, "GHO": 0.998867, "VET": 0.0065835, "DASH": 44.37, "PENGU": 0.00889561, "USD0": 0.998548, "OUSG": 115.33, "NIGHT": 0.03308477, "BONK": 6e-06}}