{"timestamp": 1784504984, "base": "USD", "data": {"BTC": 64674, "ETH": 1870.81, "USDT": 0.999213, "BNB": 570.62, "USDC": 0.999786, "XRP": 1.096, "SOL": 76.38, "TRX": 0.327011, "FIGR_HELOC": 1.042, "HYPE": 61.08, "DOGE": 0.072255, "USDS": 0.999837, "RAIN": 0.01440288, "ZEC": 547.18, "LEO": 9.78, "WBT": 56.41, "XLM": 0.187872, "XMR": 335.78, "LINK": 8.37, "ADA": 0.165937, "CC": 0.126899, "DAI": 0.999854, "BCH": 214.26, "USD1": 0.99902, "USDE": 0.999842, "GRAM": 1.44, "LTC": 47.08, "USDG": 1.001, "SUI": 0.747854, "USYC": 1.13, "HBAR": 0.06641, "PYUSD": 0.999608, "AVAX": 6.45, "CRO": 0.058423, "BUIDL": 1.0, "NEAR": 1.91, "XAUT": 3989.78, "SHIB": 4.14e-06, "UNI": 3.5, "USDY": 1.14, "TAO": 198.84, "WLFI": 0.057453, "PAXG": 3986.08, "OKB": 80.25, "ONDO": 0.345207, "ASTER": 0.620012, "HTX": 1.85e-06, "DEXE": 34.82, "M": 1.22, "RLUSD": 0.999911, "USDD": 0.999221, "SKY": 0.061171, "USDF": 0.995716, "MNT": 0.424935, "DOT": 0.817381, "AAVE": 89.2, "BFUSD": 0.998293, "MORPHO": 2.01, "WLD": 0.360659, "PEPE": 2.82e-06, "ICP": 2.14, "BGB": 1.63, "ETC": 6.95, "U": 1.0, "PI": 0.092153, "USDGO": 1.0, "EUTBL": 1.21, "BCAP": 106.19, "QNT": 64.11, "KCS": 6.63, "STABLE": 0.03575363, "JTRSY": 1.11, "POL": 0.080489, "ADI": 6.83, "EURSAFO": 1.15, "JST": 0.09713, "PUMP": 0.00198213, "KAS": 0.02827198, "ATOM": 1.48, "RENDER": 1.48, "USTB": 11.15, "ENA": 0.079677, "NEXO": 0.757517, "ALGO": 0.082764, "BEAT": 2.33, "GT": 6.71, "JAAA": 1.041, "\u5e01\u5b89\u4eba\u751f": 0.66976, "BDX": 0.083368, "GHO": 0.998764, "JUP": 0.194451, "ARB": 0.088987, "FIL": 0.717615, "XDC": 0.02855237, "FLR": 0.00650969, "YLDS": 0.999904, "VVV": 11.67, "USD0": 0.998691, "LIT": 2.2, "USX": 0.999891}}