{"timestamp": 1784581331, "base": "USD", "data": {"BTC": 65304, "ETH": 1902.8, "USDT": 0.999213, "BNB": 571.82, "USDC": 0.999791, "XRP": 1.11, "SOL": 77.83, "TRX": 0.326507, "FIGR_HELOC": 1.001, "HYPE": 62.66, "DOGE": 0.072088, "USDS": 0.999717, "RAIN": 0.01416288, "ZEC": 548.33, "LEO": 9.72, "WBT": 56.93, "XLM": 0.188383, "LINK": 8.56, "XMR": 336.65, "ADA": 0.169504, "CC": 0.123613, "DAI": 0.999818, "BCH": 219.63, "USD1": 0.999211, "USDE": 0.999817, "GRAM": 1.45, "LTC": 47.38, "USDG": 0.999745, "SUI": 0.76871, "USYC": 1.13, "HBAR": 0.066263, "PYUSD": 0.999625, "AVAX": 6.59, "CRO": 0.057878, "NEAR": 1.97, "BUIDL": 1.0, "SHIB": 4.23e-06, "XAUT": 4006.75, "UNI": 3.62, "USDY": 1.14, "TAO": 195.27, "WLFI": 0.056958, "PAXG": 4002.65, "ONDO": 0.359211, "OKB": 81.63, "DEXE": 36.38, "ASTER": 0.624813, "HTX": 1.85e-06, "RLUSD": 1.0, "M": 1.21, "USDD": 0.999468, "SKY": 0.061726, "USDF": 0.995565, "MNT": 0.425379, "DOT": 0.826974, "AAVE": 89.78, "WLD": 0.375877, "BFUSD": 0.998301, "MORPHO": 1.99, "PEPE": 2.9e-06, "ICP": 2.18, "BGB": 1.66, "PI": 0.100298, "ETC": 6.94, "U": 0.999856, "EUTBL": 1.2, "USDGO": 0.999989, "BCAP": 106.19, "QNT": 64.33, "KCS": 6.71, "STABLE": 0.03589959, "JTRSY": 1.11, "POL": 0.080289, "ADI": 6.71, "EURSAFO": 1.15, "JST": 0.101077, "PUMP": 0.00201492, "ENA": 0.082974, "RENDER": 1.51, "ATOM": 1.5, "KAS": 0.02828381, "USTB": 11.15, "NEXO": 0.766471, "BEAT": 2.48, "ALGO": 0.083186, "GT": 6.73, "JAAA": 1.041, "JUP": 0.195862, "BDX": 0.082607, "GHO": 0.998487, "\u5e01\u5b89\u4eba\u751f": 0.638581, "ARB": 0.089876, "FIL": 0.733313, "FLR": 0.00646429, "XDC": 0.02806651, "YLDS": 0.999813, "USD0": 0.998878, "LIT": 2.2, "VVV": 11.53, "INJ": 5.39}}