{"timestamp": 1777883038, "base": "USD", "data": {"BTC": 79711, "ETH": 2360.11, "USDT": 0.999773, "XRP": 1.41, "BNB": 628.1, "USDC": 0.999759, "SOL": 84.71, "TRX": 0.33903, "FIGR_HELOC": 1.04, "DOGE": 0.112109, "WBT": 59.38, "USDS": 0.999825, "HYPE": 41.68, "LEO": 10.32, "ADA": 0.251799, "BCH": 446.19, "XMR": 401.34, "ZEC": 414.25, "LINK": 9.34, "CC": 0.14875, "XLM": 0.159841, "USD1": 0.999866, "DAI": 0.99982, "LTC": 55.83, "AVAX": 9.22, "USDE": 0.999169, "HBAR": 0.088938, "SUI": 0.940081, "SHIB": 6.25e-06, "M": 2.81, "TON": 1.39, "RAIN": 0.00750678, "PYUSD": 0.999975, "CRO": 0.068707, "USYC": 1.12, "TAO": 288.74, "XAUT": 4573.3, "USDG": 0.999901, "BUIDL": 1.0, "PAXG": 4571.51, "UNI": 3.37, "MNT": 0.639871, "DOT": 1.24, "WLFI": 0.059803, "SKY": 0.080455, "PI": 0.177771, "OKB": 86.0, "USDF": 0.996865, "ASTER": 0.679774, "HTX": 1.91e-06, "PEPE": 4.03e-06, "NEAR": 1.28, "RLUSD": 0.999933, "ONDO": 0.309281, "USDD": 0.999194, "BGB": 2.05, "AAVE": 93.27, "ETC": 8.67, "ICP": 2.39, "JTRSY": 1.1, "BFUSD": 0.998942, "USDY": 1.12, "MORPHO": 1.97, "KCS": 8.5, "U": 0.999964, "POL": 0.096158, "ALGO": 0.114662, "QNT": 69.56, "USTB": 11.07, "EUTBL": 1.23, "RENDER": 1.87, "BCAP": 105.75, "ATOM": 1.9, "KAS": 0.03415924, "ENA": 0.104907, "NEXO": 0.904739, "GT": 7.34, "APT": 0.992653, "WLD": 0.240848, "STABLE": 0.03301925, "FIL": 0.950508, "ARB": 0.117767, "JST": 0.083431, "PUMP": 0.00184083, "FLR": 0.00759758, "PENGU": 0.01009617, "VET": 0.007322, "DASH": 48.98, "BDX": 0.07982, "SIREN": 0.840479, "OUSG": 115.1, "XDC": 0.02989216, "JUP": 0.178949, "HASH": 0.01128806, "GHO": 0.999737, "CAKE": 1.51, "SKYAI": 0.58292, "USDTB": 0.999598, "USD0": 0.998433, "BONK": 6.33e-06}}