{"timestamp": 1777118243, "base": "USD", "data": {"BTC": 77669, "ETH": 2313.14, "USDT": 1.0, "XRP": 1.43, "BNB": 634.6, "USDC": 0.999833, "SOL": 86.38, "TRX": 0.322739, "FIGR_HELOC": 1.026, "DOGE": 0.098004, "WBT": 54.89, "USDS": 0.999817, "HYPE": 41.66, "LEO": 10.25, "ADA": 0.251633, "BCH": 453.62, "XMR": 371.29, "LINK": 9.39, "ZEC": 357.25, "CC": 0.152132, "XLM": 0.172529, "M": 4.28, "DAI": 0.999919, "USD1": 0.999702, "LTC": 56.26, "AVAX": 9.4, "HBAR": 0.09135, "USDE": 0.999316, "SUI": 0.945412, "SHIB": 6.19e-06, "RAIN": 0.00753845, "PYUSD": 0.999842, "TON": 1.34, "CRO": 0.070053, "USYC": 1.12, "XAUT": 4697.44, "TAO": 251.56, "WLFI": 0.075577, "USDG": 0.999914, "PAXG": 4701.33, "BUIDL": 1.0, "MNT": 0.658481, "DOT": 1.26, "UNI": 3.25, "SKY": 0.083671, "NEAR": 1.41, "USDF": 0.997203, "OKB": 84.47, "PI": 0.171062, "HTX": 1.82e-06, "ASTER": 0.664759, "PEPE": 3.84e-06, "RLUSD": 1.0, "AAVE": 95.66, "JTRSY": 1.1, "USDD": 1.001, "BGB": 1.97, "ICP": 2.46, "ETC": 8.52, "USDY": 1.13, "BFUSD": 0.999698, "ONDO": 0.261247, "KCS": 8.46, "GT": 7.35, "MORPHO": 1.84, "PUMP": 0.00175934, "QNT": 71.14, "ATOM": 2.05, "EUTBL": 1.23, "U": 0.999669, "ALGO": 0.114536, "USTB": 11.06, "POL": 0.092924, "ENA": 0.108382, "RENDER": 1.79, "KAS": 0.03359573, "NEXO": 0.904332, "WLD": 0.26087, "ARB": 0.130134, "APT": 0.970135, "BCAP": 82.76, "FIL": 0.944351, "JST": 0.081106, "STABLE": 0.03124849, "FLR": 0.00790381, "TRUMP": 2.88, "DEXE": 13.68, "VET": 0.00736919, "BDX": 0.080042, "JUP": 0.17254, "XDC": 0.03015196, "HASH": 0.01047924, "OUSG": 115.03, "NIGHT": 0.03596223, "USDTB": 0.999625, "GHO": 0.999099, "USD0": 0.998257, "BONK": 6.26e-06, "YLDS": 0.999822, "PENGU": 0.00856364}}