{"timestamp": 1780107293, "base": "USD", "data": {"BTC": 73577, "ETH": 2017.59, "USDT": 0.998717, "BNB": 652.7, "XRP": 1.36, "USDC": 0.999662, "SOL": 82.85, "TRX": 0.344488, "FIGR_HELOC": 1.038, "DOGE": 0.101186, "HYPE": 65.73, "USDS": 0.999542, "LEO": 10.05, "XLM": 0.274997, "ZEC": 538.24, "RAIN": 0.01441595, "ADA": 0.237756, "XMR": 414.02, "LINK": 9.19, "WBT": 54.06, "BCH": 305.19, "CC": 0.157457, "TON": 1.77, "USD1": 0.998436, "HBAR": 0.106958, "USDE": 0.999013, "DAI": 0.999614, "LTC": 52.39, "AVAX": 8.97, "M": 2.96, "SUI": 0.916501, "SHIB": 5.52e-06, "NEAR": 2.38, "CRO": 0.068484, "PYUSD": 0.999894, "USYC": 1.13, "XAUT": 4514.72, "USDG": 0.999797, "BUIDL": 1.0, "TAO": 253.06, "MNT": 0.649825, "USDY": 1.13, "PAXG": 4528.85, "DOT": 1.21, "UNI": 3.07, "WLFI": 0.059538, "OKB": 87.0, "ASTER": 0.683181, "ONDO": 0.353208, "RLUSD": 0.999778, "USDF": 0.994716, "HTX": 1.82e-06, "PI": 0.144203, "SKY": 0.065627, "ICP": 2.72, "PEPE": 3.44e-06, "USDD": 0.999721, "BGB": 1.99, "BFUSD": 0.998725, "ETC": 8.33, "MORPHO": 2.04, "AAVE": 83.56, "ALGO": 0.1382, "KCS": 7.97, "U": 0.999605, "USDTB": 0.998649, "QNT": 72.26, "ATOM": 2.04, "RENDER": 1.98, "EUTBL": 1.23, "WLD": 0.292895, "BCAP": 107.16, "POL": 0.091557, "USTB": 11.1, "STABLE": 0.03903569, "JTRSY": 1.1, "KAS": 0.03139363, "DEXE": 18.42, "NEXO": 0.844323, "JST": 0.095734, "ENA": 0.088632, "APT": 0.96426, "FIL": 0.986077, "VVV": 16.16, "GT": 6.82, "FLR": 0.00778738, "ARB": 0.105738, "XDC": 0.03278992, "INJ": 6.53, "JUP": 0.189719, "PUMP": 0.00175553, "BDX": 0.077866, "NIGHT": 0.035387, "GHO": 0.998875, "HASH": 0.01061548, "FET": 0.245643, "USD0": 0.998445, "APXUSD": 0.999467, "OUSG": 115.4, "VET": 0.00611022}}