{"timestamp": 1780331527, "base": "USD", "data": {"BTC": 70978, "ETH": 1967.89, "USDT": 0.998503, "BNB": 679.7, "XRP": 1.28, "USDC": 0.999651, "SOL": 79.51, "TRX": 0.346326, "FIGR_HELOC": 1.045, "HYPE": 71.51, "DOGE": 0.098419, "USDS": 0.999749, "LEO": 9.97, "ZEC": 534.07, "XLM": 0.252151, "RAIN": 0.01361474, "ADA": 0.227661, "XMR": 362.43, "LINK": 8.91, "WBT": 52.04, "CC": 0.154946, "TON": 2.17, "BCH": 286.86, "LAB": 15.43, "USD1": 0.998195, "USDE": 0.998602, "DAI": 0.999696, "HBAR": 0.092676, "M": 2.98, "LTC": 50.29, "AVAX": 8.74, "SUI": 0.865661, "SHIB": 5.44e-06, "NEAR": 2.39, "PYUSD": 0.999749, "USYC": 1.13, "CRO": 0.065336, "XAUT": 4451.29, "USDG": 0.999783, "BUIDL": 1.0, "TAO": 246.96, "USDY": 1.13, "MNT": 0.627428, "PAXG": 4462.47, "DOT": 1.13, "WLFI": 0.059815, "OKB": 88.99, "UNI": 2.93, "ASTER": 0.686196, "RLUSD": 0.999946, "ONDO": 0.346843, "USDF": 0.994874, "HTX": 1.83e-06, "ICP": 2.85, "SKY": 0.067555, "PI": 0.144907, "USDD": 0.998617, "BGB": 2.02, "PEPE": 3.34e-06, "WLD": 0.395861, "MORPHO": 2.08, "BFUSD": 0.998415, "ETC": 8.0, "AAVE": 78.77, "H": 0.615618, "USDTB": 0.998413, "ALGO": 0.118348, "QNT": 71.27, "KCS": 7.68, "RENDER": 1.98, "EUTBL": 1.22, "POL": 0.092846, "BCAP": 107.16, "ATOM": 1.9, "U": 0.9997, "STABLE": 0.03958504, "USTB": 11.1, "JTRSY": 1.11, "DEXE": 18.45, "VVV": 17.72, "JST": 0.09665, "NEXO": 0.822009, "KAS": 0.02969825, "ENA": 0.086574, "APT": 0.912914, "GT": 6.92, "FIL": 0.912702, "INJ": 7.14, "XDC": 0.03279493, "FLR": 0.00748267, "\u5e01\u5b89\u4eba\u751f": 0.631448, "JUP": 0.188611, "NIGHT": 0.03765972, "ARB": 0.09975, "BDX": 0.078391, "PUMP": 0.0017237, "FET": 0.264125, "GHO": 0.999482, "HASH": 0.01055481, "USD0": 0.998508}}