{"timestamp": 1783429949, "base": "USD", "data": {"BTC": 63267, "ETH": 1775.27, "USDT": 0.999066, "BNB": 579.49, "USDC": 0.99993, "XRP": 1.12, "SOL": 81.28, "TRX": 0.330706, "FIGR_HELOC": 1.035, "HYPE": 71.78, "DOGE": 0.074604, "USDS": 0.999746, "RAIN": 0.0148865, "LEO": 9.41, "ZEC": 458.54, "ADA": 0.178632, "WBT": 56.28, "XLM": 0.193271, "XMR": 327.47, "LINK": 7.9, "CC": 0.134449, "BCH": 239.28, "DAI": 0.999963, "GRAM": 1.67, "USD1": 0.998657, "USDE": 0.998478, "LTC": 43.92, "USDG": 0.999918, "HBAR": 0.07145, "USYC": 1.13, "SUI": 0.738483, "AVAX": 6.76, "PYUSD": 1.0, "CRO": 0.057809, "LAB": 8.34, "NEAR": 2.01, "SHIB": 4.37e-06, "XAUT": 4152.86, "BUIDL": 1.0, "USDY": 1.13, "TAO": 214.0, "UNI": 3.16, "WLFI": 0.060772, "M": 1.44, "PAXG": 4155.71, "ASTER": 0.634866, "HTX": 1.85e-06, "OKB": 79.35, "ONDO": 0.332824, "RLUSD": 1.0, "USDD": 0.999064, "DOT": 0.863145, "MNT": 0.432216, "USDF": 0.997025, "AAVE": 92.55, "WLD": 0.389322, "DEXE": 28.22, "BFUSD": 0.998312, "SKY": 0.055811, "MORPHO": 2.0, "ICP": 2.22, "PI": 0.111345, "BGB": 1.66, "PEPE": 2.68e-06, "ETC": 6.99, "U": 0.9997, "EUTBL": 1.21, "BCAP": 106.63, "KCS": 7.07, "QNT": 66.33, "USDGO": 0.999899, "USTB": 11.13, "JTRSY": 1.11, "RENDER": 1.6, "STABLE": 0.03407676, "ATOM": 1.58, "KAS": 0.02981762, "POL": 0.075284, "JST": 0.093936, "JUP": 0.239421, "ALGO": 0.086734, "BEAT": 2.46, "NEXO": 0.744699, "ADI": 5.88, "ENA": 0.076566, "BDX": 0.092542, "USDTB": 1.0, "\u5e01\u5b89\u4eba\u751f": 0.724212, "GT": 6.79, "EURSAFO": 1.15, "JAAA": 1.04, "PUMP": 0.00163363, "LIT": 2.59, "FIL": 0.782793, "GHO": 0.998324, "FLR": 0.00680416, "AERO": 0.602778, "NIGHT": 0.03395813, "XDC": 0.02776503, "USD0": 0.998611}}