{"timestamp": 1781826371, "base": "USD", "data": {"BTC": 62858, "ETH": 1708.29, "USDT": 0.998106, "BNB": 578.05, "USDC": 0.99995, "XRP": 1.14, "SOL": 69.62, "TRX": 0.320435, "FIGR_HELOC": 1.003, "HYPE": 67.97, "DOGE": 0.083406, "USDS": 0.999689, "RAIN": 0.01450516, "LEO": 9.61, "XLM": 0.234199, "ZEC": 457.48, "CC": 0.160192, "WBT": 51.96, "ADA": 0.163196, "XMR": 318.59, "LINK": 7.99, "LAB": 17.53, "USD1": 0.999908, "USDE": 0.998958, "GRAM": 1.65, "DAI": 0.999815, "BCH": 198.85, "M": 2.91, "HBAR": 0.080186, "LTC": 43.82, "USYC": 1.13, "SUI": 0.72681, "NEAR": 2.23, "SHIB": 4.76e-06, "USDG": 1.0, "PYUSD": 0.999798, "AVAX": 6.3, "CRO": 0.058696, "XAUT": 4181.18, "BUIDL": 1.0, "TAO": 235.85, "WLD": 0.636607, "USDY": 1.14, "UNI": 3.17, "PAXG": 4187.93, "WLFI": 0.05928, "ONDO": 0.36429, "MNT": 0.530844, "ASTER": 0.636009, "DOT": 0.970848, "RLUSD": 0.999939, "HTX": 1.7e-06, "OKB": 72.71, "USDF": 0.994106, "PI": 0.130656, "USDD": 0.999116, "SKY": 0.057717, "BFUSD": 0.999283, "MORPHO": 1.95, "BGB": 1.79, "ICP": 2.26, "PEPE": 2.83e-06, "AAVE": 74.36, "ETC": 7.2, "QNT": 70.06, "USTB": 11.12, "U": 0.9996, "BCAP": 107.07, "KCS": 7.16, "EUTBL": 1.21, "ATOM": 1.81, "USDTB": 0.999775, "ENA": 0.094422, "JTRSY": 1.11, "RENDER": 1.67, "ALGO": 0.096011, "KAS": 0.03038272, "POL": 0.07757, "NEXO": 0.798071, "STABLE": 0.03352119, "DEXE": 15.34, "JST": 0.081607, "GT": 6.53, "\u5e01\u5b89\u4eba\u751f": 0.690651, "JAAA": 1.038, "VVV": 14.39, "JUP": 0.195464, "FLR": 0.00736712, "FIL": 0.795457, "BDX": 0.081103, "XDC": 0.03006987, "GHO": 0.998392, "YLDS": 0.999903, "HASH": 0.01044266, "EURSAFO": 1.15, "USD0": 0.999425, "ARB": 0.085017, "INJ": 5.36, "APT": 0.639558, "NIGHT": 0.03097688}}