{"timestamp": 1781708072, "base": "USD", "data": {"BTC": 65123, "ETH": 1755.77, "USDT": 0.999109, "BNB": 601.9, "USDC": 0.999617, "XRP": 1.2, "SOL": 72.42, "TRX": 0.320779, "FIGR_HELOC": 1.035, "HYPE": 72.11, "DOGE": 0.086019, "USDS": 0.999664, "LEO": 9.66, "RAIN": 0.01401371, "ZEC": 483.17, "XLM": 0.224019, "CC": 0.163954, "XMR": 338.24, "WBT": 53.44, "ADA": 0.167932, "LINK": 8.15, "USD1": 0.999946, "USDE": 0.99915, "GRAM": 1.65, "BCH": 212.53, "DAI": 0.999672, "LAB": 13.26, "M": 3.04, "HBAR": 0.080589, "LTC": 45.1, "SUI": 0.787353, "USYC": 1.13, "NEAR": 2.3, "AVAX": 6.83, "SHIB": 4.95e-06, "USDG": 0.999905, "PYUSD": 0.999579, "CRO": 0.05932, "XAUT": 4324.32, "TAO": 254.17, "BUIDL": 1.0, "WLD": 0.659197, "USDY": 1.13, "ASTER": 0.76819, "UNI": 3.21, "PAXG": 4337.09, "WLFI": 0.060914, "MNT": 0.550683, "ONDO": 0.373029, "DOT": 1.008, "RLUSD": 1.0, "OKB": 74.7, "HTX": 1.71e-06, "USDF": 0.994666, "PI": 0.132345, "SKY": 0.058526, "USDD": 0.999205, "ICP": 2.42, "BFUSD": 0.999073, "BGB": 1.81, "MORPHO": 1.96, "PEPE": 2.95e-06, "ETC": 7.31, "AAVE": 74.84, "QNT": 70.84, "ATOM": 1.99, "U": 0.999516, "USTB": 11.12, "KCS": 7.27, "BCAP": 107.07, "EUTBL": 1.22, "USDTB": 1.0, "RENDER": 1.71, "KAS": 0.03205531, "JTRSY": 1.11, "ALGO": 0.09638, "ENA": 0.09046, "NEXO": 0.827486, "POL": 0.076858, "STABLE": 0.03362436, "VVV": 16.36, "DEXE": 15.72, "GT": 6.76, "JST": 0.082699, "JAAA": 1.038, "\u5e01\u5b89\u4eba\u751f": 0.676079, "FLR": 0.00766262, "JUP": 0.192138, "FIL": 0.80806, "BDX": 0.079922, "XDC": 0.03004548, "GHO": 0.998872, "YLDS": 0.999952, "BEAT": 1.93, "APT": 0.666489, "USD0": 0.998831, "ARB": 0.085878, "EURSAFO": 1.17, "INJ": 5.38, "NIGHT": 0.03139976}}