{"timestamp": 1777382424, "base": "USD", "data": {"BTC": 76110, "ETH": 2267.28, "USDT": 0.999827, "XRP": 1.38, "BNB": 621.53, "USDC": 0.999781, "SOL": 83.33, "TRX": 0.323424, "FIGR_HELOC": 1.03, "DOGE": 0.0985, "WBT": 53.76, "USDS": 0.999794, "LEO": 10.37, "HYPE": 39.86, "ADA": 0.245532, "BCH": 446.06, "XMR": 378.28, "LINK": 9.18, "CC": 0.149363, "ZEC": 331.38, "XLM": 0.161803, "M": 3.72, "USD1": 0.999309, "DAI": 0.999723, "LTC": 54.91, "AVAX": 9.15, "HBAR": 0.0887, "USDE": 0.999088, "SUI": 0.917062, "SHIB": 6.08e-06, "RAIN": 0.00737668, "PYUSD": 0.999673, "TON": 1.29, "CRO": 0.069156, "USYC": 1.12, "XAUT": 4574.06, "USDG": 0.999763, "TAO": 250.61, "WLFI": 0.073031, "BUIDL": 1.0, "PAXG": 4572.42, "MNT": 0.629662, "DOT": 1.22, "SKY": 0.08775, "UNI": 3.2, "PI": 0.19439, "USDF": 0.997109, "OKB": 83.11, "NEAR": 1.35, "HTX": 1.82e-06, "ASTER": 0.634761, "PEPE": 3.82e-06, "RLUSD": 0.999861, "AAVE": 96.1, "USDD": 1.0, "JTRSY": 1.1, "BGB": 1.95, "USDY": 1.13, "ICP": 2.39, "BFUSD": 0.999296, "ETC": 8.34, "ONDO": 0.25974, "GT": 7.25, "MORPHO": 1.92, "KCS": 8.39, "USTB": 11.06, "PUMP": 0.00174539, "U": 0.999242, "ALGO": 0.11267, "QNT": 68.98, "EUTBL": 1.23, "ATOM": 1.95, "POL": 0.091196, "BCAP": 105.75, "ENA": 0.105215, "RENDER": 1.75, "KAS": 0.03278736, "NEXO": 0.879201, "WLD": 0.249949, "STABLE": 0.03573499, "APT": 0.958217, "ARB": 0.123958, "HASH": 0.01244969, "JST": 0.08361, "FIL": 0.909389, "DEXE": 14.41, "FLR": 0.00757597, "JUP": 0.192276, "BDX": 0.0798, "PENGU": 0.00981963, "VET": 0.00712692, "XDC": 0.03008251, "OUSG": 115.06, "USDTB": 1.0, "GHO": 0.999133, "TRUMP": 2.45, "NIGHT": 0.03355111, "USD0": 0.998063, "YLDS": 0.999869, "BONK": 6.12e-06}}