{"timestamp": 1781351315, "base": "USD", "data": {"BTC": 63868, "ETH": 1676.24, "USDT": 0.999417, "BNB": 605.8, "USDC": 0.999782, "XRP": 1.15, "SOL": 67.77, "TRX": 0.316596, "FIGR_HELOC": 1.031, "DOGE": 0.087795, "HYPE": 58.29, "USDS": 0.999695, "LEO": 9.58, "RAIN": 0.01298366, "ZEC": 412.89, "XLM": 0.190852, "ADA": 0.173281, "XMR": 337.78, "CC": 0.16164, "WBT": 52.15, "LINK": 7.97, "TON": 1.71, "USDE": 0.999489, "USD1": 1.0, "DAI": 0.999747, "BCH": 207.67, "M": 2.98, "HBAR": 0.078276, "LTC": 43.78, "SUI": 0.767898, "LAB": 9.79, "USYC": 1.13, "SHIB": 5.02e-06, "AVAX": 6.66, "PYUSD": 0.999814, "CRO": 0.059998, "NEAR": 2.04, "USDG": 0.999927, "XAUT": 4200.41, "BEAT": 8.65, "BUIDL": 1.0, "TAO": 244.06, "USDY": 1.13, "PAXG": 4210.61, "WLFI": 0.058971, "MNT": 0.542928, "ONDO": 0.365103, "ASTER": 0.637229, "WLD": 0.490588, "DOT": 0.98265, "RLUSD": 1.0, "UNI": 2.55, "OKB": 74.63, "HTX": 1.69e-06, "USDF": 0.995865, "PI": 0.127591, "USDD": 0.999576, "ICP": 2.44, "BFUSD": 0.9989, "SKY": 0.056231, "MORPHO": 1.95, "BGB": 1.78, "PEPE": 2.85e-06, "ETC": 7.19, "ATOM": 1.98, "AAVE": 66.93, "U": 0.999902, "BCAP": 106.96, "EUTBL": 1.22, "QNT": 66.5, "USTB": 11.11, "KCS": 6.88, "USDTB": 1.0, "RENDER": 1.76, "KAS": 0.03168519, "JTRSY": 1.11, "STABLE": 0.03662375, "DEXE": 17.89, "VVV": 17.08, "POL": 0.075009, "NEXO": 0.79493, "ALGO": 0.088302, "ENA": 0.082817, "GT": 6.6, "JAAA": 1.038, "\u5e01\u5b89\u4eba\u751f": 0.679808, "FLR": 0.00784336, "JST": 0.075757, "FIL": 0.782552, "XDC": 0.0304803, "BDX": 0.077959, "GHO": 0.999073, "JUP": 0.173731, "NIGHT": 0.03412895, "YLDS": 0.999602, "APT": 0.670297, "USD0": 0.998578, "HASH": 0.0100279, "PUMP": 0.00155457, "ARB": 0.086201}}