{"timestamp": 1782934847, "base": "USD", "data": {"BTC": 60164, "ETH": 1619.27, "USDT": 0.998947, "BNB": 551.17, "USDC": 0.999682, "XRP": 1.062, "SOL": 77.22, "TRX": 0.317362, "FIGR_HELOC": 1.019, "HYPE": 63.49, "DOGE": 0.072991, "RAIN": 0.01558776, "USDS": 0.999643, "LEO": 9.32, "ZEC": 411.63, "XLM": 0.199318, "WBT": 54.94, "XMR": 307.03, "ADA": 0.15322, "LINK": 7.38, "CC": 0.139857, "DAI": 0.999558, "USD1": 0.998788, "USDE": 0.998456, "BCH": 212.76, "GRAM": 1.54, "LTC": 42.44, "HBAR": 0.071978, "USYC": 1.13, "USDG": 0.999914, "SUI": 0.712806, "AVAX": 6.69, "LAB": 9.17, "PYUSD": 1.0, "SHIB": 4.3e-06, "CRO": 0.054603, "XAUT": 4046.14, "NEAR": 1.83, "BUIDL": 1.0, "USDY": 1.14, "TAO": 204.7, "WLFI": 0.058505, "PAXG": 4049.08, "UNI": 2.79, "ASTER": 0.628155, "OKB": 79.96, "ONDO": 0.318978, "M": 1.15, "HTX": 1.64e-06, "RLUSD": 0.999934, "USDF": 0.995257, "DOT": 0.834497, "MORPHO": 2.15, "MNT": 0.420865, "USDD": 0.99921, "BFUSD": 0.998404, "AAVE": 85.54, "WLD": 0.364167, "PI": 0.114809, "SKY": 0.052895, "ICP": 2.15, "BGB": 1.6, "ETC": 6.97, "DEXE": 22.91, "U": 0.999503, "PEPE": 2.32e-06, "QNT": 67.11, "BCAP": 106.97, "KCS": 6.82, "EUTBL": 1.2, "BEAT": 2.9, "JTRSY": 1.11, "USTB": 11.13, "USDGO": 1.0, "KAS": 0.03101344, "ATOM": 1.55, "STABLE": 0.03323292, "RENDER": 1.51, "JUP": 0.231569, "ALGO": 0.085542, "JST": 0.088369, "POL": 0.070527, "NEXO": 0.748506, "USDTB": 1.0, "ADI": 5.62, "GT": 6.48, "JAAA": 1.04, "BDX": 0.087651, "\u5e01\u5b89\u4eba\u751f": 0.676545, "ENA": 0.071449, "EURSAFO": 1.15, "VVV": 13.75, "VELVET": 1.51, "GHO": 0.99811, "PUMP": 0.00144646, "FIL": 0.73631, "YLDS": 0.999708, "XDC": 0.02781494, "FLR": 0.00639206, "USD0": 0.998422}}