{"timestamp": 1780834593, "base": "USD", "data": {"BTC": 62135, "ETH": 1613.78, "USDT": 0.99947, "BNB": 587.91, "USDC": 0.999547, "XRP": 1.12, "SOL": 64.09, "TRX": 0.328384, "FIGR_HELOC": 1.033, "HYPE": 57.57, "DOGE": 0.083594, "USDS": 0.999715, "LEO": 9.52, "RAIN": 0.0132575, "XLM": 0.203082, "ZEC": 400.22, "CC": 0.168625, "ADA": 0.161964, "XMR": 301.69, "LINK": 7.66, "WBT": 44.61, "USD1": 0.999166, "TON": 1.68, "USDE": 0.999273, "BCH": 221.46, "DAI": 0.999431, "LAB": 13.23, "M": 3.13, "HBAR": 0.080949, "LTC": 41.89, "SUI": 0.738147, "AVAX": 6.64, "PYUSD": 0.999915, "USYC": 1.13, "SHIB": 4.67e-06, "CRO": 0.059924, "XAUT": 4301.42, "USDG": 0.999904, "NEAR": 1.89, "BUIDL": 1.0, "USDY": 1.14, "TAO": 206.38, "PAXG": 4305.46, "WLFI": 0.056036, "MNT": 0.532207, "RLUSD": 1.0, "ONDO": 0.336879, "DOT": 0.96063, "ASTER": 0.632303, "HTX": 1.77e-06, "UNI": 2.52, "OKB": 70.6, "USDF": 0.996416, "WLD": 0.429249, "PI": 0.127968, "USDD": 0.999617, "H": 0.743484, "SKY": 0.056798, "BFUSD": 0.999392, "ICP": 2.34, "BGB": 1.84, "PEPE": 2.74e-06, "MORPHO": 1.71, "ETC": 7.01, "QNT": 69.58, "USDTB": 1.0, "U": 0.999818, "EUTBL": 1.21, "BCAP": 107.06, "USTB": 11.1, "AAVE": 62.35, "DEXE": 19.79, "SIREN": 1.2, "ATOM": 1.68, "JTRSY": 1.11, "KCS": 6.35, "RENDER": 1.64, "\u5e01\u5b89\u4eba\u751f": 0.857052, "POL": 0.078924, "ALGO": 0.093975, "KAS": 0.03058885, "ENA": 0.089864, "STABLE": 0.03352063, "VVV": 16.42, "NEXO": 0.760915, "BEAT": 2.56, "JST": 0.081144, "GT": 6.27, "BDX": 0.078387, "FIL": 0.759769, "XDC": 0.0300489, "FLR": 0.00697801, "GHO": 0.999164, "USD0": 0.998539, "APT": 0.664497, "YLDS": 0.9998, "PUMP": 0.00147888, "INJ": 5.13, "JUP": 0.154179, "ARB": 0.081688}}