{"timestamp": 1783250660, "base": "USD", "data": {"BTC": 62602, "ETH": 1760.31, "USDT": 0.999175, "BNB": 574.85, "USDC": 0.999827, "XRP": 1.13, "SOL": 80.44, "TRX": 0.325146, "FIGR_HELOC": 1.009, "HYPE": 68.61, "DOGE": 0.075775, "RAIN": 0.01530783, "USDS": 0.999733, "LEO": 9.15, "ZEC": 455.43, "ADA": 0.186298, "XLM": 0.199014, "WBT": 56.48, "XMR": 323.29, "LINK": 7.88, "CC": 0.140568, "LAB": 15.94, "GRAM": 1.76, "BCH": 238.35, "DAI": 0.999731, "USD1": 0.998826, "USDE": 0.998615, "LTC": 44.6, "HBAR": 0.074627, "USYC": 1.13, "USDG": 1.0, "SUI": 0.74269, "AVAX": 6.85, "PYUSD": 1.0, "CRO": 0.059543, "XAUT": 4162.2, "SHIB": 4.31e-06, "NEAR": 1.94, "BUIDL": 1.0, "USDY": 1.13, "TAO": 210.27, "UNI": 3.14, "PAXG": 4164.54, "WLFI": 0.058806, "M": 1.4, "ASTER": 0.636625, "OKB": 79.59, "ONDO": 0.325403, "RLUSD": 1.0, "HTX": 1.73e-06, "DOT": 0.866773, "MNT": 0.439871, "WLD": 0.407499, "USDF": 0.995796, "USDD": 0.999064, "AAVE": 87.95, "BFUSD": 0.998679, "MORPHO": 1.98, "SKY": 0.055152, "PI": 0.112887, "ICP": 2.18, "BGB": 1.72, "DEXE": 24.02, "PEPE": 2.65e-06, "ETC": 7.09, "U": 1.0, "EUTBL": 1.21, "KCS": 7.11, "BCAP": 106.97, "QNT": 66.85, "USDGO": 0.999806, "BEAT": 2.83, "JTRSY": 1.11, "USTB": 11.13, "KAS": 0.03097475, "STABLE": 0.03450213, "RENDER": 1.58, "ATOM": 1.55, "ALGO": 0.089418, "JST": 0.092523, "JUP": 0.238016, "POL": 0.072689, "NEXO": 0.763825, "\u5e01\u5b89\u4eba\u751f": 0.759681, "ENA": 0.077366, "USDTB": 1.0, "ADI": 5.8, "GT": 6.72, "BDX": 0.088741, "EURSAFO": 1.15, "JAAA": 1.04, "PUMP": 0.00154536, "FIL": 0.780461, "FLR": 0.00692601, "GHO": 0.998343, "LIT": 2.33, "VVV": 11.95, "XDC": 0.02825953, "NIGHT": 0.03346696, "USD0": 0.998787}}