{"timestamp": 1783761529, "base": "USD", "data": {"BTC": 64194, "ETH": 1798.23, "USDT": 0.999263, "BNB": 578.06, "USDC": 0.999934, "XRP": 1.11, "SOL": 78.12, "TRX": 0.329362, "FIGR_HELOC": 1.033, "HYPE": 66.79, "DOGE": 0.074239, "USDS": 0.999752, "RAIN": 0.01437641, "LEO": 9.52, "ZEC": 501.71, "WBT": 56.18, "XLM": 0.189806, "ADA": 0.167873, "XMR": 322.48, "LINK": 7.99, "CC": 0.135204, "BCH": 246.23, "DAI": 0.999904, "GRAM": 1.67, "USD1": 0.999265, "USDE": 0.999718, "LTC": 45.08, "USDG": 0.999576, "USYC": 1.13, "HBAR": 0.069119, "SUI": 0.74611, "AVAX": 6.71, "BUIDL": 1.0, "PYUSD": 0.999832, "SHIB": 4.39e-06, "CRO": 0.055983, "XAUT": 4105.97, "NEAR": 1.89, "UNI": 3.54, "USDY": 1.13, "TAO": 213.08, "WLFI": 0.058176, "PAXG": 4110.57, "M": 1.29, "DEXE": 36.26, "OKB": 80.67, "ASTER": 0.629294, "HTX": 1.85e-06, "ONDO": 0.332194, "USDD": 0.999281, "RLUSD": 1.0, "DOT": 0.879228, "AAVE": 96.23, "MNT": 0.431273, "USDF": 0.996362, "SKY": 0.06064, "WLD": 0.394097, "MORPHO": 2.06, "BFUSD": 0.99874, "ICP": 2.28, "PEPE": 2.8e-06, "BGB": 1.66, "ETC": 7.11, "PI": 0.098859, "U": 0.99991, "EUTBL": 1.2, "QNT": 67.39, "BCAP": 106.63, "KCS": 7.02, "USDGO": 0.999903, "BEAT": 2.88, "JTRSY": 1.11, "STABLE": 0.03554068, "JST": 0.101406, "POL": 0.080067, "ATOM": 1.59, "RENDER": 1.58, "KAS": 0.02963609, "ADI": 6.37, "USTB": 11.14, "ENA": 0.081816, "EURSAFO": 1.15, "ALGO": 0.086054, "NEXO": 0.75153, "USDTB": 1.0, "GT": 6.8, "BDX": 0.088128, "JUP": 0.206551, "JAAA": 1.041, "\u5e01\u5b89\u4eba\u751f": 0.678527, "LIT": 2.6, "FIL": 0.792804, "GHO": 0.998516, "ARB": 0.091243, "PUMP": 0.00143548, "FLR": 0.00662559, "USD0": 0.998927, "XDC": 0.02708027, "YLDS": 0.9998, "APT": 0.632428}}