{"timestamp": 1778449200, "base": "USD", "data": {"BTC": 80835, "ETH": 2333.79, "USDT": 0.999868, "XRP": 1.46, "BNB": 653.81, "USDC": 0.999991, "SOL": 95.4, "TRX": 0.351529, "FIGR_HELOC": 1.0, "DOGE": 0.108761, "WBT": 59.59, "USDS": 0.999803, "ADA": 0.280272, "HYPE": 42.45, "ZEC": 577.75, "LEO": 10.08, "BCH": 461.53, "LINK": 10.6, "XMR": 405.02, "TON": 2.36, "CC": 0.15437, "XLM": 0.168208, "SUI": 1.35, "LTC": 58.85, "DAI": 0.999743, "USD1": 0.999348, "AVAX": 10.17, "M": 3.3, "HBAR": 0.096711, "USDE": 0.999622, "SHIB": 6.54e-06, "RAIN": 0.00756399, "PYUSD": 0.999744, "CRO": 0.073186, "TAO": 320.19, "USYC": 1.12, "XAUT": 4701.76, "USDG": 1.0, "UNI": 3.95, "BUIDL": 1.0, "MNT": 0.704142, "DOT": 1.37, "PAXG": 4703.28, "WLFI": 0.068666, "NEAR": 1.56, "ONDO": 0.411916, "ICP": 3.34, "OKB": 87.67, "PEPE": 4.36e-06, "PI": 0.174325, "SKY": 0.078337, "ASTER": 0.703365, "USDF": 0.999746, "HTX": 1.97e-06, "RLUSD": 0.999997, "ETC": 9.8, "AAVE": 100.93, "BGB": 2.15, "USDD": 1.0, "MORPHO": 2.14, "USDY": 1.14, "BFUSD": 0.999308, "JTRSY": 1.1, "ENA": 0.130446, "KCS": 8.47, "ALGO": 0.127549, "POL": 0.103434, "QNT": 74.2, "KAS": 0.03798477, "RENDER": 2.0, "U": 0.999516, "ATOM": 2.0, "EUTBL": 1.24, "USTB": 11.08, "BCAP": 105.77, "APT": 1.14, "NEXO": 0.918211, "WLD": 0.274719, "FIL": 1.13, "ARB": 0.142163, "JUP": 0.261057, "GT": 7.46, "SIREN": 1.14, "PUMP": 0.00216942, "STABLE": 0.03416664, "FLR": 0.00863674, "JST": 0.084728, "BONK": 7.66e-06, "VET": 0.00781512, "VVV": 14.61, "PENGU": 0.01050558, "USDTB": 0.999167, "BDX": 0.079768, "OUSG": 115.18, "XDC": 0.03030059, "DASH": 47.27, "VIRTUAL": 0.90177, "DEXE": 12.56, "GHO": 0.999772, "TRUMP": 2.47}}