{"timestamp": 1783080097, "base": "USD", "data": {"BTC": 61963, "ETH": 1740.74, "USDT": 0.998845, "BNB": 566.18, "USDC": 0.999852, "XRP": 1.11, "SOL": 81.5, "TRX": 0.320023, "FIGR_HELOC": 1.039, "HYPE": 69.21, "DOGE": 0.075876, "RAIN": 0.0155371, "USDS": 0.999684, "LEO": 9.12, "ZEC": 463.48, "XLM": 0.200889, "WBT": 56.15, "ADA": 0.169432, "XMR": 318.25, "LINK": 7.86, "CC": 0.138847, "DAI": 0.999722, "USD1": 0.998911, "GRAM": 1.69, "BCH": 226.07, "USDE": 0.998298, "LTC": 43.57, "HBAR": 0.071673, "USYC": 1.13, "SUI": 0.750918, "USDG": 0.999948, "AVAX": 6.89, "PYUSD": 0.999944, "CRO": 0.05812, "NEAR": 2.01, "XAUT": 4165.55, "SHIB": 4.33e-06, "LAB": 7.24, "BUIDL": 1.0, "USDY": 1.13, "TAO": 216.39, "UNI": 3.23, "PAXG": 4170.26, "M": 1.38, "WLFI": 0.057289, "ASTER": 0.641046, "OKB": 80.66, "ONDO": 0.3332, "RLUSD": 1.0, "HTX": 1.68e-06, "WLD": 0.425585, "DOT": 0.868819, "MNT": 0.435143, "USDF": 0.995728, "SKY": 0.059719, "USDD": 1.0, "BFUSD": 0.998302, "AAVE": 86.76, "PI": 0.118249, "MORPHO": 1.95, "ICP": 2.24, "BGB": 1.7, "ETC": 7.26, "PEPE": 2.56e-06, "DEXE": 22.93, "U": 0.999703, "QNT": 68.12, "EUTBL": 1.21, "KCS": 7.17, "BCAP": 106.97, "USDGO": 1.0, "JTRSY": 1.11, "STABLE": 0.03546783, "BEAT": 2.75, "KAS": 0.03092681, "USTB": 11.13, "RENDER": 1.62, "ATOM": 1.59, "JUP": 0.243689, "ALGO": 0.087962, "POL": 0.073509, "NEXO": 0.777351, "JST": 0.088751, "ADI": 5.79, "USDTB": 0.999908, "ENA": 0.077638, "GT": 6.71, "BDX": 0.088612, "\u5e01\u5b89\u4eba\u751f": 0.684553, "JAAA": 1.04, "EURSAFO": 1.15, "VVV": 13.8, "PUMP": 0.00158529, "FIL": 0.791891, "FLR": 0.00689337, "GHO": 0.997939, "XDC": 0.02860194, "USD0": 0.998496, "YLDS": 0.999734, "NIGHT": 0.03187159}}