{"timestamp": 1784476153, "base": "USD", "data": {"BTC": 64510, "ETH": 1870.27, "USDT": 0.99922, "BNB": 570.16, "USDC": 0.999875, "XRP": 1.098, "SOL": 76.17, "TRX": 0.326878, "FIGR_HELOC": 1.042, "HYPE": 60.91, "DOGE": 0.072414, "USDS": 0.999881, "RAIN": 0.01442257, "ZEC": 554.01, "LEO": 9.79, "WBT": 56.31, "XLM": 0.1902, "XMR": 333.67, "LINK": 8.36, "ADA": 0.166412, "CC": 0.127418, "DAI": 0.999595, "BCH": 214.58, "USD1": 0.999076, "USDE": 0.999871, "GRAM": 1.44, "LTC": 47.18, "USDG": 1.0, "SUI": 0.751132, "USYC": 1.13, "HBAR": 0.066695, "PYUSD": 0.999778, "AVAX": 6.45, "CRO": 0.058506, "BUIDL": 1.0, "NEAR": 1.91, "XAUT": 4009.33, "SHIB": 4.16e-06, "UNI": 3.52, "USDY": 1.14, "TAO": 197.36, "WLFI": 0.057145, "PAXG": 4005.13, "ONDO": 0.347542, "OKB": 80.33, "ASTER": 0.620127, "HTX": 1.85e-06, "M": 1.19, "RLUSD": 0.999967, "USDD": 0.999235, "DEXE": 32.35, "SKY": 0.061648, "USDF": 0.995377, "DOT": 0.823824, "MNT": 0.421878, "AAVE": 89.62, "BFUSD": 0.998346, "WLD": 0.3694, "MORPHO": 1.98, "PEPE": 2.85e-06, "ICP": 2.15, "BGB": 1.64, "ETC": 6.92, "U": 0.999861, "PI": 0.095372, "USDGO": 0.999818, "EUTBL": 1.21, "BCAP": 106.19, "QNT": 64.21, "KCS": 6.63, "STABLE": 0.03584454, "JTRSY": 1.11, "POL": 0.080934, "EURSAFO": 1.15, "JST": 0.097861, "ADI": 6.3, "ATOM": 1.49, "KAS": 0.02810387, "ENA": 0.080372, "RENDER": 1.48, "USTB": 11.15, "NEXO": 0.756221, "ALGO": 0.082132, "BEAT": 2.32, "GT": 6.68, "\u5e01\u5b89\u4eba\u751f": 0.686389, "JAAA": 1.041, "PUMP": 0.00167989, "BDX": 0.083007, "GHO": 0.99885, "JUP": 0.192913, "ARB": 0.089554, "FIL": 0.723068, "XDC": 0.02837394, "FLR": 0.00650372, "YLDS": 0.99981, "LIT": 2.23, "USD0": 0.998787, "VVV": 11.65, "USX": 0.999892}}