{"timestamp": 1784208229, "base": "USD", "data": {"BTC": 64141, "ETH": 1880.01, "USDT": 0.9992, "BNB": 578.05, "USDC": 0.999845, "XRP": 1.11, "SOL": 76.18, "TRX": 0.323222, "FIGR_HELOC": 1.037, "HYPE": 65.64, "DOGE": 0.073158, "USDS": 0.999815, "RAIN": 0.01432746, "ZEC": 555.36, "LEO": 9.82, "WBT": 56.06, "XLM": 0.190356, "LINK": 8.42, "XMR": 332.73, "ADA": 0.162735, "CC": 0.13446, "DAI": 0.999674, "BCH": 222.32, "USD1": 0.998857, "GRAM": 1.55, "USDE": 0.999862, "LTC": 44.68, "USDG": 1.002, "SUI": 0.744593, "USYC": 1.13, "HBAR": 0.067138, "PYUSD": 0.999845, "AVAX": 6.57, "NEAR": 2.05, "CRO": 0.05709, "BUIDL": 1.0, "SHIB": 4.16e-06, "XAUT": 3992.88, "UNI": 3.69, "USDY": 1.14, "TAO": 196.7, "ONDO": 0.387047, "WLFI": 0.058008, "PAXG": 3988.28, "OKB": 80.88, "ASTER": 0.623236, "M": 1.23, "HTX": 1.8e-06, "DEXE": 33.86, "RLUSD": 1.0, "SKY": 0.061793, "USDD": 0.999113, "MNT": 0.436422, "AAVE": 94.32, "DOT": 0.840958, "USDF": 0.996947, "WLD": 0.400448, "MORPHO": 2.14, "BFUSD": 0.998472, "ICP": 2.16, "BGB": 1.65, "PEPE": 2.74e-06, "ETC": 6.99, "U": 1.0, "EUTBL": 1.21, "USDGO": 0.999707, "BCAP": 106.19, "STABLE": 0.03883255, "QNT": 64.77, "KCS": 6.81, "POL": 0.083512, "ADI": 7.02, "JTRSY": 1.11, "EURSAFO": 1.16, "JST": 0.099516, "PI": 0.076666, "ATOM": 1.53, "BEAT": 2.56, "ENA": 0.082662, "KAS": 0.02853004, "RENDER": 1.5, "USTB": 11.15, "ALGO": 0.083456, "NEXO": 0.743956, "\u5e01\u5b89\u4eba\u751f": 0.717026, "BDX": 0.090762, "GT": 6.68, "JAAA": 1.041, "JUP": 0.202546, "PUMP": 0.00163176, "FIL": 0.77559, "LIT": 2.44, "GHO": 0.998272, "FLR": 0.00656777, "ARB": 0.087329, "USD0": 0.998656, "YLDS": 0.999943, "XDC": 0.02718315, "USX": 0.999809, "APT": 0.609331}}