{"timestamp": 1780436573, "base": "USD", "data": {"BTC": 67691, "ETH": 1903.3, "USDT": 0.998573, "BNB": 660.56, "XRP": 1.23, "USDC": 0.999731, "SOL": 75.83, "TRX": 0.335439, "FIGR_HELOC": 1.032, "HYPE": 69.47, "DOGE": 0.094607, "USDS": 0.999644, "ZEC": 617.99, "LEO": 10.04, "RAIN": 0.01406435, "ADA": 0.21728, "XLM": 0.222201, "LINK": 8.56, "XMR": 332.54, "WBT": 49.61, "CC": 0.150303, "BCH": 283.76, "LAB": 18.3, "TON": 2.0, "USD1": 0.998098, "USDE": 0.998756, "DAI": 0.9997, "M": 3.34, "HBAR": 0.087889, "LTC": 48.24, "AVAX": 8.36, "NEAR": 2.74, "SUI": 0.832452, "SHIB": 5.28e-06, "PYUSD": 0.999896, "USYC": 1.13, "CRO": 0.063037, "XAUT": 4459.88, "USDG": 0.999856, "BUIDL": 1.0, "TAO": 238.64, "USDY": 1.12, "PAXG": 4478.93, "MNT": 0.614835, "ONDO": 0.398321, "WLFI": 0.060347, "DOT": 1.11, "RLUSD": 0.999906, "OKB": 84.5, "UNI": 2.85, "ASTER": 0.673193, "ICP": 3.12, "USDF": 0.994863, "HTX": 1.76e-06, "SKY": 0.067646, "PI": 0.139399, "USDD": 0.99856, "WLD": 0.407489, "BGB": 1.96, "PEPE": 3.18e-06, "BFUSD": 0.998007, "MORPHO": 1.94, "H": 0.671476, "ETC": 7.79, "AAVE": 75.14, "QNT": 76.44, "RENDER": 2.12, "ALGO": 0.115318, "KCS": 7.63, "USDTB": 0.999273, "EUTBL": 1.22, "BCAP": 107.16, "POL": 0.091393, "ATOM": 1.83, "USTB": 11.1, "U": 0.999399, "VVV": 19.14, "JTRSY": 1.11, "ENA": 0.094661, "STABLE": 0.03621621, "DEXE": 17.99, "NEXO": 0.811129, "KAS": 0.02932064, "JST": 0.093737, "GT": 6.8, "FIL": 0.885076, "APT": 0.850051, "INJ": 6.72, "JUP": 0.20167, "XDC": 0.03190044, "\u5e01\u5b89\u4eba\u751f": 0.632739, "FLR": 0.00724919, "NIGHT": 0.03680935, "BDX": 0.078988, "PUMP": 0.00170691, "ARB": 0.095142, "GHO": 0.999184, "FET": 0.251492, "USD0": 0.998504, "HASH": 0.00976212}}