{"timestamp": 1777147040, "base": "USD", "data": {"BTC": 77292, "ETH": 2310.01, "USDT": 1.0, "XRP": 1.42, "BNB": 628.82, "USDC": 0.999805, "SOL": 85.67, "TRX": 0.324227, "FIGR_HELOC": 1.038, "DOGE": 0.097661, "WBT": 54.69, "USDS": 0.999789, "HYPE": 41.18, "LEO": 10.25, "ADA": 0.249122, "BCH": 452.74, "XMR": 374.64, "LINK": 9.3, "ZEC": 353.87, "CC": 0.151723, "XLM": 0.17015, "M": 4.29, "DAI": 0.999709, "USD1": 0.999779, "LTC": 56.07, "AVAX": 9.31, "HBAR": 0.090557, "USDE": 0.999402, "SUI": 0.933083, "SHIB": 6.14e-06, "RAIN": 0.007255, "PYUSD": 0.999758, "TON": 1.32, "CRO": 0.069893, "USYC": 1.12, "XAUT": 4693.07, "USDG": 0.999827, "WLFI": 0.074927, "TAO": 246.03, "BUIDL": 1.0, "PAXG": 4695.84, "MNT": 0.655595, "DOT": 1.24, "UNI": 3.23, "SKY": 0.083842, "NEAR": 1.39, "USDF": 0.996609, "OKB": 84.26, "PI": 0.17068, "HTX": 1.81e-06, "RLUSD": 1.0, "PEPE": 3.81e-06, "ASTER": 0.64406, "AAVE": 94.22, "USDD": 1.0, "JTRSY": 1.1, "BGB": 1.96, "ICP": 2.42, "USDY": 1.13, "BFUSD": 0.999701, "ETC": 8.41, "ONDO": 0.25832, "KCS": 8.43, "GT": 7.31, "MORPHO": 1.85, "ALGO": 0.117782, "EUTBL": 1.23, "U": 0.999578, "ATOM": 2.03, "PUMP": 0.00173548, "USTB": 11.06, "QNT": 70.05, "POL": 0.091659, "ENA": 0.106647, "RENDER": 1.78, "KAS": 0.03326584, "NEXO": 0.897493, "WLD": 0.256333, "ARB": 0.128004, "APT": 0.960488, "BCAP": 82.76, "STABLE": 0.03370248, "FIL": 0.931045, "JST": 0.079842, "FLR": 0.00781467, "DEXE": 13.68, "VET": 0.00729054, "BDX": 0.080326, "JUP": 0.170755, "HASH": 0.01050577, "OUSG": 115.03, "XDC": 0.02994764, "TRUMP": 2.56, "NIGHT": 0.03570137, "USDTB": 0.999813, "GHO": 0.999142, "SIREN": 0.755121, "USD0": 0.998263, "BONK": 6.16e-06, "YLDS": 0.999996}}