{"timestamp": 1778790247, "base": "USD", "data": {"BTC": 81270, "ETH": 2292.46, "USDT": 0.999798, "XRP": 1.5, "BNB": 678.75, "USDC": 0.999666, "SOL": 92.63, "TRX": 0.354693, "FIGR_HELOC": 1.035, "DOGE": 0.115727, "WBT": 59.99, "USDS": 0.999802, "HYPE": 43.84, "ADA": 0.272327, "LEO": 10.17, "ZEC": 537.72, "BCH": 437.57, "LINK": 10.6, "XMR": 398.4, "CC": 0.162097, "TON": 2.14, "XLM": 0.164636, "SUI": 1.2, "LTC": 58.51, "USD1": 0.999926, "DAI": 0.999761, "AVAX": 9.97, "M": 3.31, "USDE": 1.0, "HBAR": 0.095561, "SHIB": 6.4e-06, "RAIN": 0.00757527, "PYUSD": 0.999712, "USDG": 0.99958, "CRO": 0.075868, "USYC": 1.12, "TAO": 303.65, "XAUT": 4647.96, "BUIDL": 1.0, "UNI": 3.77, "DOT": 1.39, "MNT": 0.695589, "WLFI": 0.069493, "PAXG": 4646.51, "NEAR": 1.57, "USDY": 1.13, "ONDO": 0.390722, "PI": 0.171478, "OKB": 85.23, "HTX": 1.97e-06, "USDF": 0.998367, "ASTER": 0.678652, "PEPE": 4.13e-06, "SKY": 0.072646, "RLUSD": 0.99983, "ICP": 2.82, "AAVE": 99.47, "ETC": 9.49, "USDD": 0.999816, "BGB": 2.1, "BFUSD": 0.9995, "MORPHO": 1.97, "QNT": 78.47, "KCS": 8.37, "ENA": 0.121472, "JTRSY": 1.1, "ALGO": 0.119898, "ATOM": 2.05, "KAS": 0.03764746, "U": 0.999978, "POL": 0.09481, "USTB": 11.08, "RENDER": 1.91, "EUTBL": 1.23, "BCAP": 105.87, "STABLE": 0.04091835, "NEXO": 0.919176, "WLD": 0.265796, "APT": 1.062, "FIL": 1.055, "ARB": 0.132478, "USDTB": 0.999376, "FLR": 0.00914572, "GT": 7.3, "JST": 0.08985, "JUP": 0.224341, "XDC": 0.03427775, "PUMP": 0.00190621, "VVV": 14.55, "VET": 0.00741793, "BONK": 6.95e-06, "BDX": 0.079077, "DEXE": 12.81, "OUSG": 115.24, "GHO": 0.99947, "DASH": 45.83, "HASH": 0.01094373, "PENGU": 0.00916076, "TRUMP": 2.42, "USD0": 0.998161}}