{"timestamp": 1778967644, "base": "USD", "data": {"BTC": 78236, "ETH": 2181.35, "USDT": 0.999534, "BNB": 656.69, "XRP": 1.41, "USDC": 0.99985, "SOL": 86.58, "TRX": 0.354424, "FIGR_HELOC": 1.031, "DOGE": 0.109688, "WBT": 57.64, "USDS": 0.999763, "HYPE": 41.91, "ADA": 0.254844, "LEO": 9.86, "ZEC": 510.77, "BCH": 417.44, "XMR": 387.89, "LINK": 9.74, "CC": 0.152881, "TON": 1.92, "XLM": 0.151686, "USD1": 1.0, "DAI": 0.999468, "LTC": 56.16, "USDE": 1.0, "SUI": 1.067, "M": 3.15, "AVAX": 9.32, "HBAR": 0.091317, "RAIN": 0.00743819, "PYUSD": 1.0, "SHIB": 5.88e-06, "CRO": 0.071364, "USDG": 0.999597, "USYC": 1.12, "XAUT": 4533.18, "BUIDL": 1.0, "TAO": 274.88, "UNI": 3.5, "DOT": 1.27, "PAXG": 4531.63, "MNT": 0.642795, "WLFI": 0.061476, "NEAR": 1.49, "USDY": 1.13, "USDF": 0.997649, "HTX": 1.96e-06, "OKB": 83.74, "ASTER": 0.666441, "PI": 0.160174, "ONDO": 0.346444, "SKY": 0.070143, "PEPE": 3.77e-06, "RLUSD": 0.999802, "USDD": 0.999468, "ICP": 2.61, "ETC": 9.06, "BGB": 2.02, "AAVE": 90.35, "BFUSD": 0.999105, "QNT": 82.13, "MORPHO": 1.78, "KCS": 8.09, "USDTB": 0.998968, "JTRSY": 1.1, "ATOM": 2.05, "U": 0.999845, "EUTBL": 1.22, "USTB": 11.08, "ALGO": 0.110526, "ENA": 0.107586, "POL": 0.090967, "BCAP": 105.87, "RENDER": 1.83, "KAS": 0.0340758, "NEXO": 0.872851, "WLD": 0.240827, "STABLE": 0.03567272, "FLR": 0.00919317, "APT": 0.950104, "JST": 0.090804, "FIL": 0.975827, "GT": 7.14, "ARB": 0.119905, "JUP": 0.199959, "XDC": 0.0323689, "VVV": 13.58, "PUMP": 0.00175049, "BDX": 0.079062, "DEXE": 12.93, "VET": 0.00684692, "GHO": 0.999373, "HASH": 0.01072413, "USD0": 0.998106, "OUSG": 115.25, "BONK": 6.27e-06, "PENGU": 0.00848815, "NIGHT": 0.0320951, "YLDS": 0.999801}}