{"timestamp": 1777489062, "base": "USD", "data": {"BTC": 75412, "ETH": 2231.91, "USDT": 0.999623, "XRP": 1.36, "BNB": 612.73, "USDC": 0.999833, "SOL": 82.04, "TRX": 0.323191, "FIGR_HELOC": 1.034, "DOGE": 0.101937, "WBT": 53.62, "USDS": 0.99973, "LEO": 10.26, "HYPE": 39.57, "ADA": 0.240972, "BCH": 444.14, "XMR": 371.52, "LINK": 9.0, "CC": 0.151957, "ZEC": 322.23, "XLM": 0.159424, "USD1": 0.999599, "M": 3.43, "DAI": 0.999368, "LTC": 54.73, "AVAX": 9.04, "HBAR": 0.088001, "USDE": 0.999031, "RAIN": 0.00759671, "SHIB": 6.06e-06, "SUI": 0.895615, "PYUSD": 0.9999, "TON": 1.3, "CRO": 0.068019, "USYC": 1.12, "XAUT": 4533.23, "USDG": 0.999771, "TAO": 250.1, "BUIDL": 1.0, "PAXG": 4528.67, "MNT": 0.622048, "WLFI": 0.06387, "DOT": 1.19, "UNI": 3.14, "PI": 0.189543, "SKY": 0.081963, "USDF": 0.997324, "OKB": 81.51, "NEAR": 1.31, "ASTER": 0.652123, "HTX": 1.82e-06, "PEPE": 3.79e-06, "RLUSD": 0.999854, "USDD": 0.999839, "AAVE": 93.29, "BGB": 1.96, "USDY": 1.13, "BFUSD": 0.9993, "JTRSY": 1.1, "ICP": 2.35, "ETC": 8.25, "ONDO": 0.25761, "MORPHO": 1.94, "GT": 7.23, "KCS": 8.35, "U": 0.999588, "QNT": 68.37, "EUTBL": 1.23, "ALGO": 0.109284, "POL": 0.090862, "ATOM": 1.91, "BCAP": 105.75, "USTB": 11.07, "ENA": 0.101776, "NEXO": 0.881513, "KAS": 0.03216266, "RENDER": 1.68, "WLD": 0.241952, "APT": 0.9601, "ARB": 0.122966, "JST": 0.086022, "STABLE": 0.03272688, "FIL": 0.887795, "FLR": 0.00748237, "HASH": 0.01088426, "BDX": 0.080007, "PUMP": 0.00170313, "OUSG": 115.07, "PENGU": 0.00961843, "VET": 0.00698542, "JUP": 0.176873, "USDTB": 0.999827, "GHO": 0.999288, "XDC": 0.02921338, "DEXE": 12.21, "USD0": 0.998228, "TRUMP": 2.34, "NIGHT": 0.03257727, "BONK": 6.05e-06, "YLDS": 0.999957}}