{"timestamp": 1778653155, "base": "USD", "data": {"BTC": 81070, "ETH": 2302.78, "USDT": 0.999701, "BNB": 678.08, "XRP": 1.46, "USDC": 1.0, "SOL": 95.51, "TRX": 0.349462, "FIGR_HELOC": 1.037, "DOGE": 0.112262, "WBT": 59.52, "USDS": 0.999749, "ADA": 0.273559, "HYPE": 40.17, "ZEC": 558.08, "LEO": 10.0, "BCH": 443.89, "XMR": 412.74, "LINK": 10.46, "TON": 2.27, "CC": 0.153472, "XLM": 0.164392, "SUI": 1.24, "LTC": 58.28, "USD1": 0.999391, "DAI": 0.999631, "AVAX": 10.01, "M": 3.28, "HBAR": 0.094448, "USDE": 0.999526, "SHIB": 6.51e-06, "RAIN": 0.00757279, "USDG": 0.999846, "PYUSD": 0.999803, "CRO": 0.079075, "USYC": 1.12, "TAO": 304.94, "XAUT": 4703.28, "UNI": 3.8, "BUIDL": 1.0, "DOT": 1.39, "MNT": 0.673577, "PAXG": 4704.85, "WLFI": 0.069214, "NEAR": 1.64, "ONDO": 0.402878, "USDY": 1.13, "OKB": 86.01, "PI": 0.172592, "USDF": 1.0, "HTX": 1.96e-06, "SKY": 0.076551, "ICP": 3.22, "PEPE": 4.19e-06, "ASTER": 0.676448, "RLUSD": 0.999997, "AAVE": 98.23, "ETC": 9.47, "USDD": 0.999725, "BGB": 2.09, "BFUSD": 0.9991, "MORPHO": 2.06, "KCS": 8.48, "ENA": 0.123722, "JTRSY": 1.1, "ALGO": 0.123325, "ATOM": 2.15, "QNT": 74.54, "POL": 0.100405, "KAS": 0.03821039, "U": 0.999605, "RENDER": 1.94, "USTB": 11.08, "EUTBL": 1.23, "BCAP": 105.87, "WLD": 0.276296, "NEXO": 0.918704, "APT": 1.11, "STABLE": 0.03880442, "SIREN": 1.2, "ARB": 0.140075, "FIL": 1.094, "JUP": 0.239346, "GT": 7.32, "JST": 0.090213, "FLR": 0.00876935, "PUMP": 0.0020076, "VVV": 15.08, "VET": 0.00762315, "XDC": 0.03259073, "BONK": 7.19e-06, "USDTB": 0.999603, "BDX": 0.07974, "DEXE": 13.17, "B": 0.604972, "OUSG": 115.22, "PENGU": 0.00944134, "TRUMP": 2.48, "DASH": 46.34, "GHO": 0.999581}}