{"timestamp": 1780139626, "base": "USD", "data": {"BTC": 73521, "ETH": 2013.96, "USDT": 0.998651, "BNB": 670.27, "XRP": 1.34, "USDC": 0.999604, "SOL": 82.21, "TRX": 0.34347, "FIGR_HELOC": 1.032, "DOGE": 0.10057, "HYPE": 66.81, "USDS": 0.99944, "LEO": 10.06, "RAIN": 0.01439949, "ADA": 0.234425, "ZEC": 518.43, "XLM": 0.245404, "XMR": 395.24, "LINK": 9.13, "WBT": 53.99, "BCH": 302.59, "CC": 0.154354, "TON": 1.75, "USD1": 0.998271, "USDE": 0.998858, "DAI": 0.999526, "HBAR": 0.097775, "LTC": 52.57, "AVAX": 8.89, "M": 2.81, "SUI": 0.898313, "SHIB": 5.48e-06, "NEAR": 2.4, "PYUSD": 0.999673, "CRO": 0.068026, "USYC": 1.13, "XAUT": 4510.83, "USDG": 0.999714, "BUIDL": 1.0, "TAO": 250.98, "MNT": 0.647314, "PAXG": 4525.99, "USDY": 1.11, "DOT": 1.19, "UNI": 3.02, "WLFI": 0.05908, "OKB": 86.71, "ASTER": 0.691398, "RLUSD": 0.999804, "ONDO": 0.346177, "USDF": 0.995221, "HTX": 1.8e-06, "PI": 0.14381, "SKY": 0.064665, "ICP": 2.68, "PEPE": 3.41e-06, "USDD": 0.999718, "BGB": 2.0, "BFUSD": 0.998309, "MORPHO": 2.04, "ETC": 8.24, "AAVE": 82.72, "ALGO": 0.126299, "KCS": 7.97, "U": 0.999519, "USDTB": 0.998659, "QNT": 71.99, "ATOM": 2.03, "RENDER": 1.98, "EUTBL": 1.23, "WLD": 0.298828, "BCAP": 107.16, "POL": 0.091092, "USTB": 11.1, "DEXE": 18.85, "STABLE": 0.03747893, "JTRSY": 1.1, "NEXO": 0.844527, "KAS": 0.03041561, "JST": 0.096681, "ENA": 0.088314, "APT": 0.937359, "FIL": 0.975322, "VVV": 16.2, "GT": 6.86, "XDC": 0.0344263, "FLR": 0.00770515, "INJ": 6.53, "ARB": 0.104294, "PUMP": 0.0017639, "NIGHT": 0.03716391, "BDX": 0.079434, "H": 0.336014, "JUP": 0.183482, "GHO": 0.998928, "FET": 0.251251, "HASH": 0.01050583, "LAB": 7.3, "USD0": 0.998351, "VET": 0.00634372}}