{"timestamp": 1779487184, "base": "USD", "data": {"BTC": 75911, "ETH": 2075.9, "USDT": 0.998821, "BNB": 652.26, "XRP": 1.34, "USDC": 0.999755, "SOL": 85.06, "TRX": 0.362385, "FIGR_HELOC": 1.031, "DOGE": 0.104084, "HYPE": 56.18, "USDS": 0.999606, "ZEC": 598.96, "LEO": 9.94, "ADA": 0.24551, "BCH": 373.35, "XMR": 382.14, "LINK": 9.55, "WBT": 55.9, "CC": 0.156952, "TON": 1.89, "XLM": 0.144615, "USD1": 0.999547, "USDE": 0.998915, "DAI": 0.999662, "SUI": 1.063, "LTC": 53.28, "AVAX": 9.24, "HBAR": 0.088893, "M": 2.76, "PYUSD": 0.999723, "RAIN": 0.00734048, "SHIB": 5.75e-06, "CRO": 0.068353, "USYC": 1.12, "USDG": 0.9997, "NEAR": 2.09, "XAUT": 4498.51, "TAO": 273.17, "BUIDL": 1.0, "UNI": 3.52, "DOT": 1.28, "USDY": 1.13, "MNT": 0.641761, "PAXG": 4500.43, "WLFI": 0.060815, "ONDO": 0.389368, "HTX": 2e-06, "USDF": 0.997074, "RLUSD": 1.0, "ASTER": 0.676989, "OKB": 81.76, "SKY": 0.070109, "PI": 0.151383, "PEPE": 3.68e-06, "USDD": 0.999532, "ICP": 2.54, "ETC": 8.86, "BGB": 1.97, "BFUSD": 0.998501, "AAVE": 86.48, "MORPHO": 1.98, "QNT": 78.05, "USDTB": 0.998981, "ATOM": 2.09, "EUTBL": 1.22, "KCS": 7.82, "U": 0.999548, "ALGO": 0.113819, "RENDER": 1.89, "POL": 0.091748, "USTB": 11.09, "BCAP": 105.74, "WLD": 0.281435, "JTRSY": 1.1, "KAS": 0.03400391, "ENA": 0.10241, "NEXO": 0.873968, "VVV": 17.72, "JST": 0.092906, "STABLE": 0.0342148, "APT": 0.955167, "FIL": 0.986054, "GT": 7.0, "FLR": 0.00828884, "ARB": 0.109767, "JUP": 0.202327, "XDC": 0.03247209, "HASH": 0.01195923, "DEXE": 13.64, "PUMP": 0.00174518, "BDX": 0.07962, "GHO": 0.998785, "PENGU": 0.00906879, "VET": 0.00659538, "DASH": 43.9, "USD0": 0.998397, "OUSG": 115.33, "NIGHT": 0.03275645, "INJ": 5.43}}