{"timestamp": 1781155362, "base": "USD", "data": {"BTC": 62588, "ETH": 1649.3, "USDT": 0.998827, "BNB": 594.46, "USDC": 0.999724, "XRP": 1.12, "SOL": 65.09, "TRX": 0.321587, "FIGR_HELOC": 1.024, "DOGE": 0.084923, "HYPE": 54.73, "USDS": 0.999723, "LEO": 9.5, "RAIN": 0.01333925, "ZEC": 425.89, "XLM": 0.190488, "CC": 0.164126, "XMR": 339.25, "ADA": 0.166212, "WBT": 51.38, "LINK": 7.78, "USDE": 0.998993, "USD1": 0.998466, "TON": 1.65, "DAI": 0.999758, "BCH": 199.87, "M": 2.98, "HBAR": 0.078951, "LTC": 42.66, "SUI": 0.751431, "USYC": 1.13, "PYUSD": 1.0, "AVAX": 6.59, "SHIB": 4.7e-06, "CRO": 0.060119, "NEAR": 2.06, "USDG": 0.999979, "XAUT": 4070.41, "BUIDL": 1.0, "LAB": 7.84, "BEAT": 7.84, "USDY": 1.13, "TAO": 207.84, "WLFI": 0.059026, "PAXG": 4078.69, "MNT": 0.535554, "ASTER": 0.629323, "ONDO": 0.345464, "RLUSD": 0.999885, "DOT": 0.946118, "WLD": 0.46807, "HTX": 1.71e-06, "UNI": 2.48, "OKB": 71.26, "USDF": 0.994485, "PI": 0.126371, "MORPHO": 2.08, "USDD": 0.999155, "BFUSD": 0.998106, "SKY": 0.056305, "ICP": 2.28, "BGB": 1.77, "PEPE": 2.77e-06, "ETC": 7.1, "U": 0.999702, "USDTB": 0.999608, "EUTBL": 1.22, "BCAP": 106.96, "AAVE": 63.09, "ATOM": 1.83, "QNT": 64.54, "DEXE": 19.83, "USTB": 11.11, "KCS": 6.61, "JTRSY": 1.11, "KAS": 0.03088469, "RENDER": 1.57, "NEXO": 0.798407, "STABLE": 0.03397358, "ALGO": 0.088809, "POL": 0.073227, "\u5e01\u5b89\u4eba\u751f": 0.721403, "ENA": 0.076098, "GT": 6.44, "JAAA": 1.037, "JST": 0.078164, "VVV": 13.51, "XDC": 0.03090461, "BDX": 0.078218, "FLR": 0.00700151, "GHO": 0.998896, "FIL": 0.757849, "HASH": 0.01056404, "USD0": 0.998864, "YLDS": 0.999902, "NIGHT": 0.03227983, "INJ": 5.29, "APT": 0.636955, "JUP": 0.153381, "USX": 0.999721}}