{"timestamp": 1780510702, "base": "USD", "data": {"BTC": 65801, "ETH": 1824.51, "USDT": 0.998713, "BNB": 626.1, "USDC": 0.999658, "XRP": 1.22, "SOL": 73.07, "TRX": 0.333422, "FIGR_HELOC": 1.03, "HYPE": 73.23, "DOGE": 0.092365, "USDS": 0.999719, "ZEC": 600.35, "LEO": 10.06, "RAIN": 0.01408275, "ADA": 0.208636, "XLM": 0.217961, "XMR": 350.97, "LINK": 8.27, "CC": 0.15476, "WBT": 48.11, "LAB": 17.44, "TON": 2.0, "BCH": 248.5, "USD1": 0.998699, "USDE": 0.998778, "DAI": 0.999583, "M": 3.31, "HBAR": 0.085991, "LTC": 47.57, "NEAR": 2.79, "AVAX": 8.12, "SUI": 0.821239, "SHIB": 5.24e-06, "PYUSD": 0.999914, "USYC": 1.13, "CRO": 0.062702, "XAUT": 4411.11, "USDG": 0.999837, "BUIDL": 1.0, "TAO": 227.27, "USDY": 1.13, "ONDO": 0.419698, "PAXG": 4429.83, "MNT": 0.601846, "WLFI": 0.061848, "DOT": 1.1, "RLUSD": 0.999753, "ASTER": 0.693491, "UNI": 2.84, "WLD": 0.509269, "OKB": 81.43, "ICP": 3.03, "HTX": 1.76e-06, "SKY": 0.068364, "USDF": 0.995099, "PI": 0.138805, "USDD": 1.0, "BGB": 1.92, "PEPE": 3.18e-06, "BFUSD": 0.998001, "MORPHO": 1.89, "ETC": 7.78, "AAVE": 75.09, "RENDER": 2.12, "H": 0.590567, "QNT": 72.39, "ENA": 0.110458, "USDTB": 0.999363, "POL": 0.09436, "EUTBL": 1.22, "KCS": 7.29, "BCAP": 107.16, "ALGO": 0.108281, "ATOM": 1.87, "U": 0.999899, "VVV": 20.24, "USTB": 11.1, "STABLE": 0.03844971, "KAS": 0.03206855, "JTRSY": 1.11, "DEXE": 17.93, "NEXO": 0.801044, "FIL": 0.934123, "GT": 6.71, "APT": 0.831119, "JUP": 0.205014, "JST": 0.077852, "INJ": 6.48, "NIGHT": 0.03897582, "\u5e01\u5b89\u4eba\u751f": 0.633159, "XDC": 0.03162831, "FLR": 0.00728138, "PUMP": 0.00176121, "BDX": 0.078584, "ARB": 0.094148, "FET": 0.259136, "GHO": 0.999228, "HASH": 0.010439, "USD0": 0.99852}}