{"timestamp": 1779516454, "base": "USD", "data": {"BTC": 75393, "ETH": 2062.28, "USDT": 0.998812, "BNB": 648.17, "XRP": 1.33, "USDC": 0.999755, "SOL": 84.31, "TRX": 0.36136, "FIGR_HELOC": 1.022, "DOGE": 0.101066, "HYPE": 55.36, "USDS": 0.999721, "ZEC": 595.6, "LEO": 9.94, "ADA": 0.241619, "BCH": 361.19, "XMR": 377.09, "LINK": 9.33, "WBT": 55.47, "CC": 0.156402, "TON": 1.82, "XLM": 0.143583, "USD1": 0.999342, "USDE": 0.999085, "DAI": 0.999663, "SUI": 1.03, "LTC": 52.65, "AVAX": 9.13, "HBAR": 0.087664, "M": 2.79, "PYUSD": 0.999781, "RAIN": 0.00736507, "SHIB": 5.64e-06, "CRO": 0.068073, "USYC": 1.12, "USDG": 0.999722, "NEAR": 2.07, "XAUT": 4500.23, "TAO": 264.05, "BUIDL": 1.0, "USDY": 1.13, "UNI": 3.36, "PAXG": 4503.77, "MNT": 0.639508, "DOT": 1.24, "WLFI": 0.06071, "ONDO": 0.384292, "HTX": 2.01e-06, "USDF": 0.996733, "RLUSD": 0.999946, "ASTER": 0.669296, "OKB": 82.07, "SKY": 0.070306, "PI": 0.150557, "USDD": 0.998782, "PEPE": 3.58e-06, "ETC": 8.83, "BGB": 1.97, "ICP": 2.48, "BFUSD": 0.998501, "AAVE": 85.41, "MORPHO": 1.95, "QNT": 75.95, "USDTB": 0.999447, "KCS": 7.86, "ATOM": 2.07, "EUTBL": 1.22, "U": 0.999879, "ALGO": 0.111091, "USTB": 11.09, "BCAP": 105.74, "POL": 0.090166, "RENDER": 1.84, "JTRSY": 1.1, "WLD": 0.27206, "KAS": 0.03371712, "ENA": 0.09839, "NEXO": 0.855518, "JST": 0.093242, "VVV": 17.17, "STABLE": 0.03441578, "APT": 0.935569, "FIL": 0.962637, "GT": 6.94, "FLR": 0.00823762, "ARB": 0.108649, "JUP": 0.199179, "DEXE": 13.75, "XDC": 0.03162584, "HASH": 0.01175587, "BDX": 0.079518, "PUMP": 0.00170394, "GHO": 0.998875, "VET": 0.00659168, "DASH": 44.24, "USD0": 0.998414, "OUSG": 115.33, "PENGU": 0.00877479, "NIGHT": 0.03256608, "BONK": 5.92e-06}}