{"timestamp": 1780031226, "base": "USD", "data": {"BTC": 73476, "ETH": 2009.51, "USDT": 0.998637, "BNB": 636.1, "XRP": 1.31, "USDC": 0.999601, "SOL": 81.94, "TRX": 0.349928, "FIGR_HELOC": 1.032, "DOGE": 0.099246, "HYPE": 61.74, "USDS": 0.999658, "LEO": 9.96, "ZEC": 535.49, "RAIN": 0.01418406, "ADA": 0.234411, "XLM": 0.200903, "XMR": 355.76, "LINK": 8.97, "WBT": 53.9, "BCH": 305.03, "CC": 0.155729, "TON": 1.77, "USD1": 0.998191, "USDE": 0.998995, "DAI": 0.999531, "HBAR": 0.091998, "LTC": 51.59, "M": 2.99, "AVAX": 8.9, "SUI": 0.92441, "NEAR": 2.49, "SHIB": 5.36e-06, "PYUSD": 0.999857, "CRO": 0.067195, "USYC": 1.13, "XAUT": 4491.35, "USDG": 0.999711, "TAO": 257.83, "BUIDL": 1.0, "USDY": 1.13, "PAXG": 4501.43, "MNT": 0.629998, "DOT": 1.21, "UNI": 3.05, "WLFI": 0.059121, "OKB": 87.5, "ONDO": 0.366056, "ASTER": 0.674114, "RLUSD": 0.999826, "HTX": 1.85e-06, "USDF": 0.994732, "PI": 0.1446, "SKY": 0.064892, "ICP": 2.73, "PEPE": 3.39e-06, "USDD": 0.998706, "BGB": 2.0, "BFUSD": 0.998522, "MORPHO": 2.03, "ETC": 8.2, "AAVE": 80.85, "U": 0.999799, "KCS": 7.88, "USDTB": 0.998866, "QNT": 72.66, "ATOM": 2.06, "RENDER": 2.01, "ALGO": 0.115841, "EUTBL": 1.22, "BCAP": 107.16, "WLD": 0.289707, "POL": 0.08746, "USTB": 11.1, "STABLE": 0.03825796, "JTRSY": 1.1, "DEXE": 18.38, "KAS": 0.03086073, "NEXO": 0.828814, "JST": 0.094604, "ENA": 0.087636, "APT": 0.929206, "FIL": 0.967132, "VVV": 15.86, "GT": 6.83, "FLR": 0.00776581, "ARB": 0.104261, "XDC": 0.03168599, "NIGHT": 0.03624806, "BDX": 0.077303, "PUMP": 0.00169471, "JUP": 0.176068, "GHO": 0.998717, "INJ": 5.75, "HASH": 0.01052369, "USD0": 0.998253, "APXUSD": 0.998768, "OUSG": 115.39, "FET": 0.237855, "A7A5": 0.01325638}}