{"timestamp": 1779645644, "base": "USD", "data": {"BTC": 76610, "ETH": 2100.78, "USDT": 0.998789, "BNB": 655.69, "XRP": 1.35, "USDC": 0.999771, "SOL": 85.55, "TRX": 0.366676, "FIGR_HELOC": 1.03, "DOGE": 0.102264, "HYPE": 63.09, "ZEC": 668.36, "USDS": 0.999413, "LEO": 10.04, "ADA": 0.24287, "XMR": 393.05, "BCH": 350.36, "LINK": 9.46, "WBT": 56.51, "CC": 0.164694, "XLM": 0.146628, "USD1": 0.998956, "TON": 1.76, "USDE": 0.998725, "DAI": 0.999531, "SUI": 1.045, "LTC": 52.84, "AVAX": 9.25, "HBAR": 0.088533, "M": 2.89, "PYUSD": 0.999866, "RAIN": 0.00744706, "SHIB": 5.59e-06, "NEAR": 2.43, "CRO": 0.069181, "USYC": 1.13, "USDG": 0.999673, "XAUT": 4503.14, "TAO": 277.8, "BUIDL": 1.0, "ONDO": 0.44726, "MNT": 0.654249, "UNI": 3.39, "USDY": 1.13, "DOT": 1.26, "PAXG": 4515.91, "WLFI": 0.061154, "HTX": 2.01e-06, "ASTER": 0.701866, "USDF": 0.996747, "RLUSD": 0.999979, "OKB": 82.66, "SKY": 0.06991, "PI": 0.149713, "USDD": 0.99902, "PEPE": 3.59e-06, "MORPHO": 2.3, "ICP": 2.57, "ETC": 8.94, "BGB": 1.97, "BFUSD": 0.998508, "AAVE": 85.89, "QNT": 80.96, "USDTB": 0.999412, "KCS": 8.02, "EUTBL": 1.22, "ATOM": 2.05, "RENDER": 1.99, "U": 0.999952, "WLD": 0.295294, "ALGO": 0.112365, "USTB": 11.09, "POL": 0.090603, "BCAP": 105.74, "JTRSY": 1.1, "VVV": 19.82, "KAS": 0.03314518, "ENA": 0.099695, "NEXO": 0.851317, "JST": 0.092862, "APT": 0.950549, "STABLE": 0.03330137, "FIL": 0.958764, "GT": 7.01, "FLR": 0.00832668, "DEXE": 15.36, "JUP": 0.202866, "ARB": 0.105982, "PUMP": 0.00174825, "XDC": 0.03077809, "BDX": 0.078716, "DASH": 46.4, "GHO": 0.998873, "VET": 0.00663948, "PENGU": 0.00903106, "NIGHT": 0.0339764, "HASH": 0.0104267, "USD0": 0.998477, "OUSG": 115.33, "BONK": 6.01e-06}}