{"timestamp": 1784321947, "base": "USD", "data": {"BTC": 64110, "ETH": 1843.02, "USDT": 0.999317, "BNB": 567.67, "USDC": 0.999873, "XRP": 1.088, "SOL": 75.05, "TRX": 0.322759, "FIGR_HELOC": 1.009, "HYPE": 59.64, "DOGE": 0.072544, "USDS": 0.999889, "RAIN": 0.01416476, "ZEC": 542.69, "LEO": 9.8, "WBT": 55.79, "XLM": 0.186603, "XMR": 330.7, "ADA": 0.165555, "LINK": 8.24, "CC": 0.128449, "DAI": 0.99985, "BCH": 220.08, "USD1": 0.998934, "GRAM": 1.47, "USDE": 0.999655, "LTC": 45.05, "USDG": 1.002, "USYC": 1.13, "SUI": 0.738432, "HBAR": 0.065985, "PYUSD": 1.0, "AVAX": 6.56, "CRO": 0.059733, "BUIDL": 1.0, "NEAR": 1.92, "XAUT": 4006.0, "SHIB": 4.14e-06, "UNI": 3.57, "USDY": 1.14, "TAO": 193.51, "ONDO": 0.372964, "WLFI": 0.056925, "PAXG": 4006.97, "OKB": 81.05, "DEXE": 36.07, "M": 1.26, "ASTER": 0.620096, "HTX": 1.82e-06, "RLUSD": 1.0, "USDD": 0.999218, "DOT": 0.852333, "USDF": 0.995676, "MNT": 0.427197, "SKY": 0.059345, "AAVE": 90.5, "WLD": 0.381942, "BFUSD": 0.998594, "ICP": 2.13, "PEPE": 2.73e-06, "BGB": 1.64, "ETC": 7.02, "U": 0.999894, "USDGO": 1.0, "EUTBL": 1.21, "BCAP": 106.19, "MORPHO": 1.98, "QNT": 65.4, "KCS": 6.66, "POL": 0.082597, "JTRSY": 1.11, "STABLE": 0.03533274, "PI": 0.078955, "EURSAFO": 1.15, "ADI": 6.57, "JST": 0.097524, "ATOM": 1.51, "ENA": 0.082061, "KAS": 0.02785941, "USTB": 11.15, "RENDER": 1.47, "NEXO": 0.755096, "BEAT": 2.42, "ALGO": 0.082716, "GT": 6.67, "\u5e01\u5b89\u4eba\u751f": 0.693944, "JAAA": 1.041, "BDX": 0.084327, "PUMP": 0.00165121, "JUP": 0.196414, "FIL": 0.761879, "GHO": 0.998746, "ARB": 0.089751, "FLR": 0.00653549, "LIT": 2.26, "XDC": 0.02778627, "USD0": 0.998818, "YLDS": 0.999913, "USX": 0.99997, "VVV": 11.02}}