{"timestamp": 1783993459, "base": "USD", "data": {"BTC": 62414, "ETH": 1781.91, "USDT": 0.998858, "BNB": 568.56, "USDC": 0.999855, "XRP": 1.066, "SOL": 75.16, "TRX": 0.324129, "FIGR_HELOC": 1.033, "HYPE": 63.27, "DOGE": 0.071921, "USDS": 0.999782, "RAIN": 0.01432526, "LEO": 9.55, "ZEC": 501.51, "WBT": 54.86, "XLM": 0.179936, "XMR": 321.15, "LINK": 7.91, "ADA": 0.157727, "CC": 0.129987, "BCH": 235.78, "DAI": 0.99992, "USD1": 0.998837, "GRAM": 1.6, "USDE": 0.999762, "LTC": 43.64, "USDG": 0.999682, "USYC": 1.13, "SUI": 0.725091, "HBAR": 0.066067, "BUIDL": 1.0, "PYUSD": 0.999749, "AVAX": 6.47, "NEAR": 1.95, "CRO": 0.054696, "XAUT": 3992.55, "SHIB": 4.13e-06, "UNI": 3.62, "USDY": 1.14, "DEXE": 42.61, "TAO": 201.09, "WLFI": 0.058007, "PAXG": 3991.98, "ASTER": 0.627335, "OKB": 80.13, "HTX": 1.81e-06, "M": 1.22, "USDD": 0.998609, "RLUSD": 1.0, "ONDO": 0.310504, "AAVE": 95.78, "USDF": 0.995851, "DOT": 0.836601, "SKY": 0.060122, "MNT": 0.421112, "WLD": 0.389167, "BFUSD": 0.997889, "MORPHO": 2.0, "ICP": 2.18, "PEPE": 2.73e-06, "BGB": 1.63, "ETC": 6.88, "U": 1.0, "EUTBL": 1.2, "BCAP": 106.19, "USDGO": 0.999769, "QNT": 64.55, "KCS": 6.83, "STABLE": 0.03716906, "POL": 0.08276, "ADI": 7.01, "JTRSY": 1.11, "JST": 0.099645, "EURSAFO": 1.15, "BEAT": 2.65, "ATOM": 1.54, "PI": 0.072461, "KAS": 0.0284547, "USTB": 11.14, "RENDER": 1.48, "ENA": 0.079779, "BDX": 0.096081, "ALGO": 0.083618, "NEXO": 0.730493, "USDTB": 1.0, "GT": 6.63, "\u5e01\u5b89\u4eba\u751f": 0.705055, "JAAA": 1.041, "JUP": 0.204986, "LIT": 2.41, "FIL": 0.753425, "PUMP": 0.001491, "GHO": 0.998082, "ARB": 0.089975, "FLR": 0.00650638, "USD0": 0.998579, "YLDS": 0.999737, "XDC": 0.02699824, "HASH": 0.00945824}}