{"timestamp": 1784591339, "base": "USD", "data": {"BTC": 65189, "ETH": 1900.81, "USDT": 0.999253, "BNB": 570.46, "USDC": 0.999913, "XRP": 1.11, "SOL": 77.68, "TRX": 0.3266, "FIGR_HELOC": 1.001, "HYPE": 62.63, "DOGE": 0.07212, "USDS": 0.999846, "RAIN": 0.01409147, "ZEC": 543.0, "LEO": 9.73, "WBT": 56.83, "XLM": 0.188475, "LINK": 8.58, "ADA": 0.170575, "XMR": 338.16, "CC": 0.124513, "DAI": 0.999708, "BCH": 220.62, "USD1": 0.999136, "USDE": 0.999863, "GRAM": 1.43, "LTC": 47.33, "USDG": 0.999477, "SUI": 0.763639, "USYC": 1.13, "HBAR": 0.066652, "PYUSD": 0.999796, "AVAX": 6.58, "CRO": 0.057319, "NEAR": 1.98, "BUIDL": 1.0, "SHIB": 4.24e-06, "XAUT": 4005.85, "UNI": 3.63, "USDY": 1.14, "TAO": 195.04, "WLFI": 0.056979, "PAXG": 4000.77, "ONDO": 0.357271, "OKB": 81.67, "ASTER": 0.625014, "DEXE": 35.79, "HTX": 1.85e-06, "RLUSD": 1.0, "M": 1.2, "USDD": 0.999284, "SKY": 0.061575, "USDF": 0.99564, "DOT": 0.826721, "MNT": 0.424105, "AAVE": 89.75, "WLD": 0.381755, "BFUSD": 0.998423, "MORPHO": 2.0, "PEPE": 2.92e-06, "ICP": 2.21, "BGB": 1.65, "ETC": 6.91, "PI": 0.096261, "U": 0.999656, "EUTBL": 1.2, "USDGO": 1.0, "BCAP": 106.19, "QNT": 64.69, "KCS": 6.69, "STABLE": 0.03617292, "JTRSY": 1.11, "POL": 0.080471, "ADI": 6.73, "EURSAFO": 1.15, "JST": 0.101887, "PUMP": 0.00201572, "ENA": 0.083069, "RENDER": 1.52, "KAS": 0.02835669, "ATOM": 1.49, "USTB": 11.15, "NEXO": 0.764359, "ALGO": 0.083098, "BEAT": 2.38, "GT": 6.76, "JAAA": 1.041, "JUP": 0.196149, "GHO": 0.998708, "BDX": 0.082287, "\u5e01\u5b89\u4eba\u751f": 0.627696, "ARB": 0.090307, "FIL": 0.735382, "XDC": 0.02825302, "FLR": 0.00645044, "YLDS": 0.999868, "USD0": 0.999055, "LIT": 2.18, "VVV": 11.45, "INJ": 5.37}}