{"timestamp": 1778750896, "base": "USD", "data": {"BTC": 79730, "ETH": 2261.4, "USDT": 0.999507, "BNB": 671.42, "XRP": 1.43, "USDC": 0.999668, "SOL": 90.88, "TRX": 0.352544, "FIGR_HELOC": 1.034, "DOGE": 0.113073, "WBT": 58.68, "USDS": 0.999694, "ADA": 0.264674, "LEO": 10.18, "HYPE": 39.07, "ZEC": 523.76, "BCH": 433.38, "LINK": 10.24, "XMR": 394.02, "CC": 0.157597, "TON": 2.12, "XLM": 0.158829, "SUI": 1.2, "USD1": 0.999515, "LTC": 57.01, "DAI": 0.999691, "M": 3.34, "AVAX": 9.69, "USDE": 1.0, "HBAR": 0.092869, "SHIB": 6.27e-06, "RAIN": 0.00752196, "PYUSD": 0.999771, "USDG": 0.999514, "CRO": 0.073892, "USYC": 1.12, "TAO": 296.76, "XAUT": 4685.05, "BUIDL": 1.0, "UNI": 3.59, "MNT": 0.678181, "DOT": 1.33, "PAXG": 4684.97, "WLFI": 0.067721, "NEAR": 1.58, "USDY": 1.13, "ONDO": 0.382736, "OKB": 84.74, "PI": 0.169752, "USDF": 0.997131, "HTX": 1.96e-06, "ASTER": 0.672207, "PEPE": 4.03e-06, "SKY": 0.072131, "ICP": 2.97, "RLUSD": 0.99982, "BGB": 2.1, "USDD": 0.999534, "AAVE": 96.51, "ETC": 9.22, "BFUSD": 0.9991, "MORPHO": 1.96, "QNT": 77.66, "KCS": 8.33, "JTRSY": 1.1, "ENA": 0.116414, "ALGO": 0.11672, "U": 0.99967, "ATOM": 2.01, "USTB": 11.08, "KAS": 0.03691247, "POL": 0.094475, "EUTBL": 1.23, "RENDER": 1.87, "BCAP": 105.87, "STABLE": 0.03951168, "NEXO": 0.894111, "WLD": 0.256461, "APT": 1.032, "FIL": 1.043, "USDTB": 0.999406, "ARB": 0.130038, "GT": 7.27, "JST": 0.090067, "FLR": 0.00864397, "JUP": 0.220417, "PUMP": 0.00186362, "XDC": 0.03299577, "VVV": 13.76, "VET": 0.00723793, "BDX": 0.07871, "OUSG": 115.23, "BONK": 6.77e-06, "GHO": 0.999346, "HASH": 0.01097681, "DEXE": 12.37, "PENGU": 0.00898054, "DASH": 44.2, "TRUMP": 2.36, "USD0": 0.998181}}