{"timestamp": 1779652829, "base": "USD", "data": {"BTC": 76668, "ETH": 2098.16, "USDT": 0.998762, "BNB": 655.47, "XRP": 1.35, "USDC": 0.999756, "SOL": 85.26, "TRX": 0.367096, "FIGR_HELOC": 1.03, "DOGE": 0.101984, "HYPE": 63.06, "ZEC": 668.16, "USDS": 0.999751, "LEO": 10.04, "ADA": 0.24237, "XMR": 391.9, "BCH": 348.78, "LINK": 9.42, "WBT": 56.54, "CC": 0.165085, "XLM": 0.146414, "USD1": 0.998927, "TON": 1.75, "USDE": 0.998698, "DAI": 0.999502, "SUI": 1.039, "LTC": 52.77, "AVAX": 9.23, "HBAR": 0.088387, "M": 2.89, "RAIN": 0.00758718, "PYUSD": 0.999842, "SHIB": 5.58e-06, "NEAR": 2.42, "CRO": 0.068994, "USYC": 1.13, "USDG": 0.999921, "XAUT": 4501.84, "TAO": 274.67, "BUIDL": 1.0, "MNT": 0.65345, "UNI": 3.38, "USDY": 1.13, "ONDO": 0.438408, "PAXG": 4512.39, "DOT": 1.26, "WLFI": 0.060692, "HTX": 2e-06, "ASTER": 0.701927, "USDF": 0.996844, "RLUSD": 1.0, "OKB": 82.94, "SKY": 0.069902, "PI": 0.149708, "USDD": 0.999474, "PEPE": 3.57e-06, "MORPHO": 2.3, "ICP": 2.57, "ETC": 8.92, "BGB": 1.97, "BFUSD": 0.998593, "AAVE": 85.54, "QNT": 79.26, "USDTB": 0.999056, "KCS": 8.05, "EUTBL": 1.22, "ATOM": 2.04, "RENDER": 1.98, "U": 0.999973, "ALGO": 0.111634, "WLD": 0.291546, "USTB": 11.09, "POL": 0.090513, "BCAP": 105.74, "JTRSY": 1.1, "VVV": 19.92, "KAS": 0.03309099, "ENA": 0.099208, "NEXO": 0.852527, "STABLE": 0.03491864, "JST": 0.092912, "APT": 0.948524, "FIL": 0.952756, "GT": 7.0, "DEXE": 15.44, "FLR": 0.00829704, "JUP": 0.201446, "ARB": 0.106298, "XDC": 0.03091492, "PUMP": 0.00173956, "BDX": 0.078663, "DASH": 46.03, "GHO": 0.998833, "VET": 0.0066478, "HASH": 0.01056894, "PENGU": 0.00898821, "NIGHT": 0.03361322, "USD0": 0.998514, "OUSG": 115.33, "BONK": 6e-06}}