{"timestamp": 1783209256, "base": "USD", "data": {"BTC": 63128, "ETH": 1779.17, "USDT": 0.99915, "BNB": 574.94, "USDC": 0.999821, "XRP": 1.16, "SOL": 81.65, "TRX": 0.325044, "FIGR_HELOC": 1.009, "HYPE": 69.91, "DOGE": 0.077633, "RAIN": 0.01541291, "USDS": 0.999705, "LEO": 9.16, "ZEC": 464.64, "ADA": 0.192167, "XLM": 0.206705, "WBT": 56.96, "XMR": 328.53, "LINK": 8.0, "CC": 0.139771, "LAB": 15.54, "GRAM": 1.76, "BCH": 236.01, "DAI": 0.999845, "USD1": 0.998842, "USDE": 0.998636, "LTC": 44.86, "HBAR": 0.077107, "USYC": 1.13, "SUI": 0.762656, "USDG": 0.999925, "AVAX": 6.97, "PYUSD": 1.0, "CRO": 0.060592, "SHIB": 4.46e-06, "NEAR": 2.0, "XAUT": 4161.84, "BUIDL": 1.0, "USDY": 1.13, "TAO": 216.77, "UNI": 3.22, "PAXG": 4164.68, "WLFI": 0.057717, "M": 1.39, "ASTER": 0.641992, "OKB": 80.59, "ONDO": 0.33631, "RLUSD": 1.0, "HTX": 1.7e-06, "MNT": 0.453125, "DOT": 0.883999, "WLD": 0.4246, "USDF": 0.996486, "USDD": 1.001, "AAVE": 88.6, "BFUSD": 0.99877, "SKY": 0.056532, "PI": 0.116484, "MORPHO": 1.95, "ICP": 2.24, "BGB": 1.72, "PEPE": 2.73e-06, "ETC": 7.26, "DEXE": 23.25, "U": 0.999999, "QNT": 68.28, "EUTBL": 1.21, "KCS": 7.17, "BCAP": 106.97, "BEAT": 2.88, "USDGO": 0.999419, "KAS": 0.03177591, "JTRSY": 1.11, "USTB": 11.13, "RENDER": 1.61, "ATOM": 1.59, "STABLE": 0.03399096, "ALGO": 0.090322, "\u5e01\u5b89\u4eba\u751f": 0.805514, "POL": 0.073717, "NEXO": 0.78196, "JUP": 0.235481, "JST": 0.090634, "ENA": 0.078796, "ADI": 5.81, "USDTB": 1.0, "GT": 6.76, "BDX": 0.088517, "EURSAFO": 1.15, "JAAA": 1.04, "FIL": 0.797395, "PUMP": 0.00155453, "FLR": 0.00704027, "GHO": 0.998135, "VVV": 12.19, "XDC": 0.02878581, "NIGHT": 0.03443355, "AERO": 0.582465, "LIT": 2.22}}