{"timestamp": 1784559791, "base": "USD", "data": {"BTC": 64426, "ETH": 1868.77, "USDT": 0.998928, "BNB": 567.46, "USDC": 0.999852, "XRP": 1.092, "SOL": 76.06, "TRX": 0.325196, "FIGR_HELOC": 1.008, "HYPE": 60.95, "DOGE": 0.072313, "USDS": 0.999784, "RAIN": 0.01410776, "LEO": 9.69, "ZEC": 529.43, "WBT": 56.09, "XLM": 0.186069, "XMR": 333.66, "LINK": 8.36, "ADA": 0.16232, "CC": 0.123192, "DAI": 0.99971, "BCH": 214.99, "USD1": 0.998551, "USDE": 0.999722, "GRAM": 1.41, "LTC": 46.65, "USDG": 1.002, "SUI": 0.752034, "USYC": 1.13, "PYUSD": 0.999654, "HBAR": 0.06598, "AVAX": 6.53, "CRO": 0.057347, "BUIDL": 1.0, "NEAR": 1.97, "SHIB": 4.18e-06, "XAUT": 4003.28, "UNI": 3.48, "USDY": 1.14, "TAO": 193.63, "WLFI": 0.056878, "PAXG": 4000.05, "OKB": 80.68, "ONDO": 0.344097, "ASTER": 0.619304, "HTX": 1.84e-06, "RLUSD": 0.999978, "DEXE": 35.01, "M": 1.22, "USDD": 0.999008, "USDF": 0.995549, "SKY": 0.060298, "MNT": 0.424091, "DOT": 0.811166, "AAVE": 88.41, "BFUSD": 0.998093, "WLD": 0.367666, "MORPHO": 1.97, "PEPE": 2.85e-06, "ICP": 2.15, "BGB": 1.65, "PI": 0.099508, "ETC": 6.82, "U": 0.998689, "EUTBL": 1.2, "USDGO": 0.999888, "BCAP": 106.19, "QNT": 63.38, "KCS": 6.59, "STABLE": 0.03577426, "JTRSY": 1.11, "POL": 0.080255, "ADI": 6.69, "EURSAFO": 1.15, "JST": 0.099203, "PUMP": 0.00197809, "RENDER": 1.5, "ENA": 0.081213, "BEAT": 2.5, "USTB": 11.15, "ATOM": 1.48, "KAS": 0.02787215, "NEXO": 0.749845, "ALGO": 0.081811, "GT": 6.69, "JAAA": 1.041, "BDX": 0.083842, "GHO": 0.998507, "JUP": 0.193321, "\u5e01\u5b89\u4eba\u751f": 0.631683, "ARB": 0.088941, "FIL": 0.717093, "XDC": 0.02841775, "FLR": 0.0064225, "YLDS": 0.999804, "USD0": 0.99898, "LIT": 2.16, "VVV": 11.38, "INJ": 5.27}}