{"timestamp": 1777572051, "base": "USD", "data": {"BTC": 76228, "ETH": 2257.26, "USDT": 0.999501, "XRP": 1.37, "BNB": 616.86, "USDC": 0.999679, "SOL": 83.01, "TRX": 0.325942, "FIGR_HELOC": 1.034, "DOGE": 0.105689, "WBT": 57.11, "USDS": 0.999702, "LEO": 10.31, "HYPE": 39.21, "ADA": 0.246086, "BCH": 440.77, "XMR": 375.13, "LINK": 9.11, "CC": 0.1508, "ZEC": 343.74, "XLM": 0.158972, "USD1": 0.999613, "DAI": 1.0, "LTC": 55.48, "M": 3.23, "AVAX": 9.1, "USDE": 0.998895, "HBAR": 0.088051, "RAIN": 0.0078336, "SHIB": 6.3e-06, "SUI": 0.906441, "PYUSD": 0.999814, "TON": 1.32, "CRO": 0.068559, "USYC": 1.12, "XAUT": 4605.79, "USDG": 0.999722, "TAO": 249.94, "BUIDL": 1.0, "PAXG": 4607.44, "MNT": 0.62457, "DOT": 1.21, "UNI": 3.19, "WLFI": 0.059791, "SKY": 0.07915, "PI": 0.174951, "USDF": 0.996518, "OKB": 82.36, "NEAR": 1.31, "ASTER": 0.653335, "HTX": 1.83e-06, "PEPE": 3.88e-06, "RLUSD": 0.99985, "USDD": 0.999221, "AAVE": 93.32, "BGB": 1.99, "JTRSY": 1.1, "BFUSD": 0.998698, "ICP": 2.39, "USDY": 1.12, "ETC": 8.36, "ONDO": 0.262786, "MORPHO": 1.99, "KCS": 8.43, "U": 0.999583, "POL": 0.095948, "QNT": 69.43, "EUTBL": 1.23, "ALGO": 0.110712, "BCAP": 105.75, "USTB": 11.07, "ATOM": 1.88, "ENA": 0.102757, "NEXO": 0.894242, "KAS": 0.03235867, "RENDER": 1.68, "WLD": 0.24609, "GT": 7.17, "APT": 0.991683, "ARB": 0.124956, "JST": 0.087179, "FIL": 0.923936, "STABLE": 0.03218785, "FLR": 0.00748376, "PUMP": 0.001759, "PENGU": 0.00997049, "HASH": 0.01183996, "BDX": 0.07987, "OUSG": 115.08, "VET": 0.0070077, "XDC": 0.03000961, "JUP": 0.18023, "USDTB": 0.999829, "GHO": 0.999416, "USD0": 0.999054, "TRUMP": 2.38, "BONK": 6.23e-06, "NIGHT": 0.03291375, "DEXE": 11.48, "YLDS": 0.999998}}