{"timestamp": 1777975087, "base": "USD", "data": {"BTC": 80565, "ETH": 2368.78, "USDT": 0.999786, "XRP": 1.4, "BNB": 626.71, "USDC": 0.999852, "SOL": 84.48, "TRX": 0.340161, "FIGR_HELOC": 1.029, "DOGE": 0.110978, "WBT": 59.85, "USDS": 0.999746, "HYPE": 42.92, "LEO": 10.33, "ADA": 0.257035, "BCH": 454.48, "XMR": 406.62, "LINK": 9.6, "ZEC": 417.62, "CC": 0.148642, "XLM": 0.158538, "TON": 1.83, "USD1": 0.999823, "DAI": 0.999564, "M": 3.36, "LTC": 55.23, "AVAX": 9.34, "USDE": 0.999115, "HBAR": 0.089048, "SUI": 0.947595, "SHIB": 6.26e-06, "RAIN": 0.00745574, "PYUSD": 0.999761, "CRO": 0.069179, "USYC": 1.12, "TAO": 283.48, "XAUT": 4548.24, "USDG": 0.99986, "BUIDL": 1.0, "PAXG": 4547.65, "UNI": 3.34, "DOT": 1.26, "MNT": 0.639078, "WLFI": 0.063799, "SKY": 0.080807, "PI": 0.180038, "OKB": 85.37, "USDF": 0.997562, "ASTER": 0.67915, "HTX": 1.93e-06, "PEPE": 4.06e-06, "NEAR": 1.27, "ONDO": 0.321642, "RLUSD": 0.999921, "USDD": 0.999365, "BGB": 2.06, "AAVE": 92.97, "ETC": 8.84, "ICP": 2.43, "USDY": 1.13, "BFUSD": 0.9995, "JTRSY": 1.1, "MORPHO": 2.16, "KCS": 8.51, "ALGO": 0.119911, "POL": 0.097467, "U": 1.0, "USTB": 11.07, "QNT": 67.74, "ENA": 0.108828, "EUTBL": 1.23, "BCAP": 105.77, "ATOM": 1.9, "RENDER": 1.84, "KAS": 0.03368115, "NEXO": 0.902511, "GT": 7.31, "WLD": 0.242518, "APT": 0.978105, "STABLE": 0.0337398, "FIL": 0.951384, "ARB": 0.118934, "JST": 0.084784, "PENGU": 0.01081871, "PUMP": 0.00183482, "FLR": 0.00755693, "VET": 0.00723477, "BDX": 0.079906, "JUP": 0.184803, "OUSG": 115.13, "GHO": 0.999669, "USDTB": 0.99988, "XDC": 0.02912533, "BONK": 6.49e-06, "DASH": 44.9, "USD0": 0.998456, "SIREN": 0.760785, "LUNC": 9.999e-05, "HASH": 0.01047065, "TRUMP": 2.35}}