{"timestamp": 1782683732, "base": "USD", "data": {"BTC": 59277, "ETH": 1558.71, "USDT": 0.99856, "BNB": 548.0, "USDC": 0.999807, "XRP": 1.039, "SOL": 70.3, "TRX": 0.322241, "FIGR_HELOC": 1.044, "HYPE": 60.89, "DOGE": 0.072587, "USDS": 0.999521, "RAIN": 0.01553983, "LEO": 9.42, "ZEC": 372.97, "XMR": 311.01, "CC": 0.149753, "XLM": 0.170084, "WBT": 47.62, "LINK": 7.17, "ADA": 0.142026, "LAB": 16.67, "USD1": 0.999396, "DAI": 0.999582, "USDE": 0.998179, "GRAM": 1.57, "BCH": 190.03, "LTC": 42.17, "USYC": 1.13, "HBAR": 0.070561, "USDG": 0.999734, "PYUSD": 0.999796, "AVAX": 6.3, "SUI": 0.675841, "XAUT": 4065.51, "CRO": 0.053874, "SHIB": 4.12e-06, "NEAR": 1.81, "BUIDL": 1.0, "USDY": 1.14, "TAO": 202.83, "PAXG": 4069.05, "WLFI": 0.057547, "UNI": 2.87, "ASTER": 0.618561, "OKB": 77.99, "RLUSD": 0.999841, "HTX": 1.68e-06, "WLD": 0.434874, "ONDO": 0.305446, "USDF": 0.995505, "MNT": 0.424387, "USDD": 0.998755, "AAVE": 89.96, "DOT": 0.801063, "PI": 0.123317, "BFUSD": 0.998241, "ICP": 2.12, "SKY": 0.04962692, "BGB": 1.62, "MORPHO": 1.73, "ETC": 6.99, "DEXE": 22.3, "U": 0.999697, "PEPE": 2.35e-06, "BCAP": 107.03, "M": 0.719571, "EUTBL": 1.2, "QNT": 64.14, "KCS": 6.72, "JTRSY": 1.11, "STABLE": 0.03544984, "USDGO": 0.9998, "ATOM": 1.56, "RENDER": 1.52, "ALGO": 0.086959, "VELVET": 1.84, "USTB": 11.13, "JST": 0.088925, "KAS": 0.02743999, "POL": 0.070517, "BEAT": 2.62, "USDTB": 0.999706, "NEXO": 0.714937, "\u5e01\u5b89\u4eba\u751f": 0.704677, "ENA": 0.075148, "GT": 6.53, "JUP": 0.20811, "JAAA": 1.039, "BDX": 0.085725, "ADI": 5.03, "VVV": 13.14, "EURSAFO": 1.15, "GHO": 0.997913, "FLR": 0.00659835, "PUMP": 0.00139735, "FIL": 0.70898, "YLDS": 0.999697, "XDC": 0.027776, "USD0": 0.998571}}