{"timestamp": 1778984044, "base": "USD", "data": {"BTC": 77852, "ETH": 2172.61, "USDT": 0.999548, "BNB": 651.21, "XRP": 1.41, "USDC": 0.999783, "SOL": 85.96, "TRX": 0.353841, "FIGR_HELOC": 1.039, "DOGE": 0.108445, "WBT": 57.33, "USDS": 0.999723, "HYPE": 41.55, "ADA": 0.253482, "LEO": 10.06, "ZEC": 500.05, "BCH": 413.5, "XMR": 386.3, "LINK": 9.65, "CC": 0.152524, "XLM": 0.150452, "TON": 1.88, "USD1": 0.999909, "DAI": 0.99946, "USDE": 1.0, "LTC": 55.9, "SUI": 1.051, "M": 3.13, "AVAX": 9.23, "HBAR": 0.091025, "RAIN": 0.00752149, "PYUSD": 1.0, "SHIB": 5.78e-06, "CRO": 0.070708, "USDG": 0.999798, "USYC": 1.12, "XAUT": 4531.0, "BUIDL": 1.0, "TAO": 269.18, "UNI": 3.47, "PAXG": 4530.1, "DOT": 1.26, "MNT": 0.639355, "NEAR": 1.49, "WLFI": 0.060311, "USDY": 1.13, "USDF": 0.997859, "HTX": 1.96e-06, "OKB": 83.2, "ASTER": 0.66301, "PI": 0.157951, "ONDO": 0.340861, "SKY": 0.070073, "PEPE": 3.73e-06, "RLUSD": 0.999916, "USDD": 0.999378, "ICP": 2.57, "BGB": 2.01, "ETC": 8.96, "AAVE": 89.33, "BFUSD": 0.999094, "QNT": 79.58, "MORPHO": 1.78, "KCS": 8.04, "USDTB": 0.998855, "JTRSY": 1.1, "U": 0.999348, "ATOM": 2.01, "EUTBL": 1.22, "USTB": 11.08, "ALGO": 0.109583, "BCAP": 105.87, "POL": 0.090723, "ENA": 0.106086, "RENDER": 1.81, "KAS": 0.03379495, "NEXO": 0.869247, "STABLE": 0.03560798, "WLD": 0.238767, "FLR": 0.00914802, "JST": 0.090679, "APT": 0.937514, "GT": 7.13, "FIL": 0.964952, "ARB": 0.118743, "JUP": 0.197181, "XDC": 0.03184349, "PUMP": 0.00172754, "BDX": 0.078486, "DEXE": 13.05, "VVV": 13.02, "GHO": 0.999497, "VET": 0.00678024, "USD0": 0.998275, "OUSG": 115.25, "HASH": 0.01039085, "BONK": 6.18e-06, "NIGHT": 0.03196215, "YLDS": 0.999813, "PENGU": 0.00836671}}