{"timestamp": 1782345606, "base": "USD", "data": {"BTC": 61002, "ETH": 1620.1, "USDT": 0.998509, "BNB": 563.78, "USDC": 0.999796, "XRP": 1.072, "SOL": 67.96, "TRX": 0.326925, "FIGR_HELOC": 1.027, "HYPE": 63.87, "DOGE": 0.075991, "USDS": 0.999507, "RAIN": 0.01586166, "LEO": 9.42, "ZEC": 415.82, "XLM": 0.18522, "XMR": 313.89, "CC": 0.151083, "WBT": 49.52, "LINK": 7.41, "ADA": 0.147439, "LAB": 16.21, "USD1": 0.998762, "DAI": 0.99959, "USDE": 0.998207, "GRAM": 1.59, "BCH": 190.06, "M": 2.67, "HBAR": 0.075458, "LTC": 41.0, "USYC": 1.13, "USDG": 0.999839, "AVAX": 6.44, "PYUSD": 0.999785, "SUI": 0.684552, "CRO": 0.056589, "SHIB": 4.38e-06, "NEAR": 1.96, "XAUT": 4006.66, "BUIDL": 1.0, "USDY": 1.13, "TAO": 219.19, "WLD": 0.529343, "WLFI": 0.05745, "UNI": 2.92, "PAXG": 4006.68, "MNT": 0.502752, "ASTER": 0.615207, "RLUSD": 0.999896, "OKB": 75.4, "HTX": 1.71e-06, "ONDO": 0.313672, "DOT": 0.886122, "USDF": 0.994341, "USDD": 0.999317, "PI": 0.125927, "BFUSD": 0.998257, "SKY": 0.053405, "ICP": 2.18, "AAVE": 79.63, "BGB": 1.68, "MORPHO": 1.72, "ETC": 6.98, "PEPE": 2.53e-06, "DEXE": 22.32, "U": 0.9997, "QNT": 68.47, "BCAP": 107.03, "KCS": 6.95, "EUTBL": 1.2, "USDTB": 0.99932, "USTB": 11.12, "JTRSY": 1.11, "ATOM": 1.65, "STABLE": 0.03502108, "RENDER": 1.57, "ALGO": 0.089747, "ENA": 0.085027, "POL": 0.073467, "KAS": 0.0279328, "NEXO": 0.754331, "JUP": 0.218498, "GT": 6.55, "\u5e01\u5b89\u4eba\u751f": 0.695855, "JST": 0.081216, "JAAA": 1.039, "BDX": 0.082048, "VVV": 13.24, "FLR": 0.00696095, "GHO": 0.997787, "EURSAFO": 1.14, "FIL": 0.748537, "XDC": 0.02872293, "YLDS": 0.999804, "USD0": 0.998931, "ADI": 4.38, "APT": 0.629197, "NIGHT": 0.03130549, "USX": 0.999625, "HASH": 0.0092141}}