{"timestamp": 1781103376, "base": "USD", "data": {"BTC": 61885, "ETH": 1642.08, "USDT": 0.999237, "BNB": 591.29, "USDC": 0.999984, "XRP": 1.12, "SOL": 64.82, "TRX": 0.322013, "FIGR_HELOC": 1.032, "DOGE": 0.084275, "HYPE": 57.72, "USDS": 0.999622, "LEO": 9.44, "RAIN": 0.01325671, "ZEC": 435.65, "CC": 0.169085, "XLM": 0.188052, "XMR": 326.41, "ADA": 0.163229, "WBT": 50.92, "LINK": 7.75, "TON": 1.68, "USDE": 0.999261, "USD1": 0.998808, "DAI": 0.999714, "BCH": 200.04, "M": 2.84, "HBAR": 0.078967, "LTC": 42.47, "SUI": 0.752038, "USYC": 1.13, "PYUSD": 0.99978, "AVAX": 6.53, "SHIB": 4.72e-06, "NEAR": 2.1, "CRO": 0.060071, "USDG": 0.999925, "XAUT": 4126.18, "BUIDL": 1.0, "LAB": 7.93, "USDY": 1.13, "TAO": 208.29, "WLFI": 0.059628, "PAXG": 4137.97, "MNT": 0.539786, "ONDO": 0.351738, "BEAT": 5.98, "ASTER": 0.626975, "WLD": 0.494953, "RLUSD": 0.999823, "DOT": 0.944088, "HTX": 1.72e-06, "UNI": 2.48, "OKB": 71.09, "USDF": 0.994551, "MORPHO": 2.09, "PI": 0.126389, "USDD": 0.9992, "BFUSD": 0.998706, "SKY": 0.055517, "ICP": 2.27, "BGB": 1.77, "PEPE": 2.75e-06, "ETC": 7.01, "U": 0.999898, "USDTB": 0.999367, "EUTBL": 1.22, "BCAP": 106.96, "AAVE": 62.53, "QNT": 64.84, "USTB": 11.11, "ATOM": 1.79, "KCS": 6.5, "JTRSY": 1.11, "KAS": 0.03141644, "DEXE": 18.31, "RENDER": 1.57, "STABLE": 0.03449576, "ALGO": 0.090299, "POL": 0.074531, "NEXO": 0.791261, "ENA": 0.078582, "\u5e01\u5b89\u4eba\u751f": 0.697891, "JST": 0.080117, "JAAA": 1.037, "GT": 6.29, "VVV": 13.58, "XDC": 0.03118212, "BDX": 0.080288, "GHO": 0.999096, "FLR": 0.00696284, "FIL": 0.751331, "HASH": 0.01043545, "SIREN": 0.762051, "USD0": 0.998888, "YLDS": 0.999606, "APT": 0.648327, "INJ": 5.25, "NIGHT": 0.03077866, "PUMP": 0.00146117}}