{"timestamp": 1784541042, "base": "USD", "data": {"BTC": 64200, "ETH": 1864.5, "USDT": 0.999014, "BNB": 566.05, "USDC": 0.999987, "XRP": 1.09, "SOL": 76.53, "TRX": 0.325755, "FIGR_HELOC": 1.042, "HYPE": 60.76, "DOGE": 0.071969, "USDS": 0.999739, "RAIN": 0.0142083, "LEO": 9.68, "ZEC": 530.23, "WBT": 56.02, "XLM": 0.187216, "LINK": 8.39, "XMR": 333.5, "ADA": 0.162723, "CC": 0.123798, "DAI": 0.999859, "BCH": 212.95, "USD1": 0.998664, "USDE": 0.999695, "GRAM": 1.43, "LTC": 46.71, "USDG": 1.001, "SUI": 0.740345, "USYC": 1.13, "PYUSD": 0.999748, "HBAR": 0.065827, "AVAX": 6.55, "CRO": 0.057477, "BUIDL": 1.0, "NEAR": 1.93, "SHIB": 4.21e-06, "XAUT": 4015.11, "USDY": 1.14, "UNI": 3.45, "TAO": 194.49, "WLFI": 0.05682, "PAXG": 4012.86, "OKB": 80.23, "ONDO": 0.344972, "M": 1.26, "ASTER": 0.619867, "HTX": 1.84e-06, "DEXE": 33.97, "RLUSD": 1.0, "USDD": 0.999029, "USDF": 0.995667, "SKY": 0.060288, "MNT": 0.424551, "AAVE": 90.7, "DOT": 0.804606, "BFUSD": 0.998164, "MORPHO": 2.0, "WLD": 0.359588, "PEPE": 2.85e-06, "ICP": 2.14, "BGB": 1.65, "PI": 0.09973, "ETC": 6.79, "U": 0.999665, "USDGO": 0.999715, "EUTBL": 1.21, "BCAP": 106.19, "QNT": 63.06, "KCS": 6.61, "STABLE": 0.03532583, "JTRSY": 1.11, "POL": 0.080618, "ADI": 6.73, "EURSAFO": 1.15, "JST": 0.097241, "PUMP": 0.00198355, "RENDER": 1.48, "KAS": 0.02780957, "USTB": 11.15, "ATOM": 1.47, "ENA": 0.079568, "NEXO": 0.751369, "ALGO": 0.082399, "BEAT": 2.38, "GT": 6.68, "JAAA": 1.041, "JUP": 0.198392, "BDX": 0.083396, "\u5e01\u5b89\u4eba\u751f": 0.650035, "GHO": 0.998713, "ARB": 0.086951, "XDC": 0.0285849, "FIL": 0.706795, "FLR": 0.00643829, "YLDS": 0.999804, "USD0": 0.999648, "VVV": 11.5, "LIT": 2.16, "INJ": 5.23}}