{"timestamp": 1778923388, "base": "USD", "data": {"BTC": 77995, "ETH": 2170.8, "USDT": 0.999462, "BNB": 653.39, "XRP": 1.41, "USDC": 0.999668, "SOL": 86.09, "TRX": 0.351476, "FIGR_HELOC": 1.031, "DOGE": 0.109374, "WBT": 57.46, "USDS": 0.999724, "HYPE": 41.05, "ADA": 0.253448, "LEO": 10.03, "BCH": 419.78, "ZEC": 492.07, "LINK": 9.71, "XMR": 377.52, "CC": 0.156667, "TON": 1.91, "XLM": 0.150928, "USD1": 0.999953, "DAI": 0.999561, "LTC": 55.93, "USDE": 0.999717, "SUI": 1.057, "M": 3.16, "AVAX": 9.27, "HBAR": 0.090337, "RAIN": 0.00730299, "SHIB": 5.94e-06, "PYUSD": 0.999774, "CRO": 0.070511, "USDG": 0.999693, "USYC": 1.12, "XAUT": 4528.21, "BUIDL": 1.0, "TAO": 270.75, "UNI": 3.5, "PAXG": 4531.19, "MNT": 0.644035, "DOT": 1.26, "WLFI": 0.062956, "NEAR": 1.49, "USDY": 1.13, "USDF": 0.997819, "HTX": 1.94e-06, "OKB": 83.14, "ASTER": 0.661294, "ONDO": 0.344197, "PI": 0.158269, "SKY": 0.06878, "PEPE": 3.75e-06, "RLUSD": 1.0, "USDD": 0.999389, "BGB": 2.01, "ICP": 2.53, "ETC": 8.91, "AAVE": 88.42, "BFUSD": 0.999102, "QNT": 82.14, "MORPHO": 1.75, "KCS": 8.08, "USDTB": 0.999281, "JTRSY": 1.1, "U": 1.0, "EUTBL": 1.22, "USTB": 11.08, "ALGO": 0.110185, "ATOM": 1.92, "BCAP": 105.87, "ENA": 0.106407, "POL": 0.088652, "RENDER": 1.79, "KAS": 0.03378839, "NEXO": 0.856888, "WLD": 0.237611, "FLR": 0.00922136, "APT": 0.950457, "JST": 0.090907, "GT": 7.17, "FIL": 0.960467, "ARB": 0.118958, "STABLE": 0.031709, "XDC": 0.03370178, "JUP": 0.20146, "PUMP": 0.00171861, "VVV": 13.21, "BDX": 0.078739, "DEXE": 12.97, "HASH": 0.01102205, "VET": 0.00681055, "GHO": 0.999314, "USD0": 0.998255, "OUSG": 115.25, "BONK": 6.24e-06, "UB": 0.218536, "PENGU": 0.00840175, "YLDS": 0.999808}}