{"timestamp": 1777109925, "base": "USD", "data": {"BTC": 77622, "ETH": 2317.77, "USDT": 1.0, "XRP": 1.43, "BNB": 637.56, "USDC": 0.999794, "SOL": 86.63, "TRX": 0.322431, "FIGR_HELOC": 1.026, "DOGE": 0.098419, "WBT": 54.91, "USDS": 0.999717, "HYPE": 41.52, "LEO": 10.29, "ADA": 0.252683, "BCH": 454.63, "XMR": 372.15, "LINK": 9.4, "ZEC": 354.71, "CC": 0.151967, "XLM": 0.172795, "M": 4.3, "DAI": 0.999839, "USD1": 0.999794, "LTC": 56.41, "AVAX": 9.45, "HBAR": 0.091715, "USDE": 0.99933, "SUI": 0.951407, "SHIB": 6.23e-06, "RAIN": 0.00752634, "PYUSD": 0.999785, "TON": 1.34, "CRO": 0.070008, "USYC": 1.12, "XAUT": 4697.29, "WLFI": 0.075848, "TAO": 250.13, "USDG": 0.9997, "BUIDL": 1.0, "PAXG": 4700.2, "DOT": 1.27, "MNT": 0.650617, "UNI": 3.27, "SKY": 0.084217, "NEAR": 1.41, "USDF": 0.996798, "OKB": 84.47, "PI": 0.170942, "HTX": 1.82e-06, "ASTER": 0.665787, "PEPE": 3.87e-06, "RLUSD": 1.0, "AAVE": 95.19, "JTRSY": 1.1, "USDD": 1.0, "BGB": 1.98, "ICP": 2.47, "ETC": 8.56, "USDY": 1.13, "BFUSD": 0.999695, "ONDO": 0.262848, "KCS": 8.45, "GT": 7.41, "MORPHO": 1.84, "PUMP": 0.0017625, "QNT": 71.52, "EUTBL": 1.23, "ALGO": 0.115876, "U": 0.999813, "ATOM": 2.03, "USTB": 11.06, "POL": 0.093135, "ENA": 0.110036, "RENDER": 1.81, "KAS": 0.03357032, "NEXO": 0.905782, "WLD": 0.262389, "ARB": 0.130998, "APT": 0.976772, "BCAP": 82.76, "FIL": 0.952823, "STABLE": 0.03162858, "JST": 0.080645, "TRUMP": 2.96, "FLR": 0.00794113, "VET": 0.00743423, "DEXE": 13.64, "BDX": 0.080176, "JUP": 0.173911, "NIGHT": 0.03682922, "XDC": 0.03016754, "HASH": 0.01047243, "OUSG": 115.03, "USDTB": 0.999593, "GHO": 0.999163, "BONK": 6.34e-06, "USD0": 0.998404, "PENGU": 0.00860516, "YLDS": 0.999732}}