{"timestamp": 1782255657, "base": "USD", "data": {"BTC": 62516, "ETH": 1662.72, "USDT": 0.998862, "BNB": 577.17, "USDC": 0.999842, "XRP": 1.11, "SOL": 69.48, "TRX": 0.329124, "FIGR_HELOC": 1.033, "HYPE": 62.22, "DOGE": 0.078918, "USDS": 0.999749, "RAIN": 0.01564159, "LEO": 9.52, "ZEC": 417.66, "XLM": 0.195181, "WBT": 50.87, "XMR": 317.36, "CC": 0.151248, "LINK": 7.61, "ADA": 0.15151, "USD1": 0.999167, "DAI": 0.999743, "LAB": 14.68, "USDE": 0.998857, "GRAM": 1.57, "BCH": 193.83, "M": 2.84, "HBAR": 0.077558, "LTC": 41.99, "USYC": 1.13, "USDG": 1.0, "SUI": 0.702662, "AVAX": 6.47, "PYUSD": 0.99997, "SHIB": 4.56e-06, "CRO": 0.056586, "NEAR": 1.98, "XAUT": 4092.2, "BUIDL": 1.0, "USDY": 1.14, "TAO": 220.15, "WLFI": 0.059196, "WLD": 0.543079, "PAXG": 4097.03, "UNI": 2.92, "MNT": 0.515198, "ASTER": 0.634469, "OKB": 76.66, "RLUSD": 0.999781, "HTX": 1.72e-06, "DOT": 0.908592, "ONDO": 0.313044, "USDF": 0.99568, "PI": 0.12898, "USDD": 0.999479, "BFUSD": 0.998288, "SKY": 0.056042, "ICP": 2.22, "BGB": 1.72, "PEPE": 2.7e-06, "AAVE": 72.63, "ETC": 7.02, "DEXE": 23.33, "MORPHO": 1.64, "QNT": 70.2, "U": 0.999996, "USTB": 11.12, "BCAP": 107.03, "KCS": 7.02, "EUTBL": 1.2, "USDTB": 0.999572, "ATOM": 1.72, "JTRSY": 1.11, "ALGO": 0.094978, "POL": 0.077408, "RENDER": 1.58, "STABLE": 0.03431529, "ENA": 0.086096, "KAS": 0.02886105, "NEXO": 0.778456, "JAAA": 1.039, "GT": 6.67, "\u5e01\u5b89\u4eba\u751f": 0.711777, "JST": 0.082911, "JUP": 0.205373, "VVV": 13.8, "BDX": 0.081517, "FIL": 0.788004, "BEAT": 2.16, "FLR": 0.00704159, "GHO": 0.99776, "EURSAFO": 1.15, "XDC": 0.02920151, "ADI": 4.42, "USD0": 0.999049, "YLDS": 0.999706, "APT": 0.647833, "NIGHT": 0.03174899, "HASH": 0.00935655}}