{"timestamp": 1777223495, "base": "USD", "data": {"BTC": 78000, "ETH": 2344.96, "USDT": 1.0, "XRP": 1.43, "BNB": 631.1, "USDC": 0.99986, "SOL": 86.43, "TRX": 0.324025, "FIGR_HELOC": 1.02, "DOGE": 0.09869, "WBT": 55.23, "USDS": 0.999875, "HYPE": 41.34, "LEO": 10.29, "ADA": 0.251617, "BCH": 451.08, "XMR": 398.12, "LINK": 9.44, "ZEC": 355.08, "CC": 0.150461, "XLM": 0.16999, "M": 4.35, "DAI": 0.999699, "USD1": 0.999848, "LTC": 55.87, "AVAX": 9.42, "HBAR": 0.092883, "USDE": 0.9994, "SUI": 0.941959, "SHIB": 6.18e-06, "RAIN": 0.00746557, "PYUSD": 0.999883, "TON": 1.31, "CRO": 0.070271, "USYC": 1.12, "XAUT": 4703.69, "USDG": 0.999936, "TAO": 248.33, "WLFI": 0.07492, "PAXG": 4702.47, "BUIDL": 1.0, "MNT": 0.655007, "DOT": 1.26, "UNI": 3.27, "SKY": 0.088265, "PI": 0.184332, "NEAR": 1.39, "USDF": 0.997061, "OKB": 84.48, "HTX": 1.82e-06, "PEPE": 3.89e-06, "ASTER": 0.659086, "RLUSD": 0.999982, "AAVE": 95.58, "USDD": 1.001, "JTRSY": 1.1, "BGB": 1.97, "ICP": 2.44, "USDY": 1.13, "ETC": 8.45, "BFUSD": 0.999697, "ONDO": 0.268113, "KCS": 8.52, "GT": 7.34, "MORPHO": 1.93, "ALGO": 0.118668, "EUTBL": 1.23, "PUMP": 0.00175063, "USTB": 11.06, "U": 0.999885, "QNT": 70.57, "ATOM": 2.02, "POL": 0.091908, "ENA": 0.108866, "RENDER": 1.81, "KAS": 0.03367841, "NEXO": 0.905876, "WLD": 0.259027, "ARB": 0.129871, "APT": 0.985926, "BCAP": 82.76, "STABLE": 0.03344381, "FIL": 0.940759, "JST": 0.080978, "FLR": 0.0078734, "DEXE": 14.03, "JUP": 0.18008, "VET": 0.00735762, "BDX": 0.079691, "TRUMP": 2.65, "OUSG": 115.03, "XDC": 0.02968143, "NIGHT": 0.03553123, "USDTB": 1.0, "GHO": 0.999194, "HASH": 0.01011528, "USD0": 0.997988, "BONK": 6.27e-06, "PENGU": 0.00864508, "YLDS": 0.999995}}