{"timestamp": 1776752628, "base": "USD", "data": {"BTC": 75744, "ETH": 2309.45, "USDT": 1.0, "XRP": 1.43, "BNB": 630.35, "USDC": 0.999781, "SOL": 85.48, "TRX": 0.32887, "FIGR_HELOC": 1.03, "DOGE": 0.095235, "WBT": 54.85, "USDS": 0.999796, "HYPE": 40.83, "LEO": 10.34, "ADA": 0.248641, "BCH": 441.81, "LINK": 9.33, "XMR": 354.84, "M": 3.52, "CC": 0.156397, "XLM": 0.175727, "ZEC": 313.22, "USDE": 0.999523, "DAI": 0.999588, "USD1": 0.999983, "LTC": 54.96, "AVAX": 9.33, "HBAR": 0.089697, "PYUSD": 0.999621, "SUI": 0.944948, "RAIN": 0.00744477, "SHIB": 6.02e-06, "TON": 1.37, "CRO": 0.070163, "USYC": 1.12, "XAUT": 4765.47, "WLFI": 0.078949, "BUIDL": 1.0, "TAO": 245.1, "PAXG": 4768.81, "USDG": 0.999658, "DOT": 1.27, "MNT": 0.631567, "UNI": 3.25, "SKY": 0.079712, "USDF": 0.997375, "NEAR": 1.36, "OKB": 83.66, "PI": 0.169607, "ASTER": 0.678786, "HTX": 1.81e-06, "PEPE": 3.77e-06, "JTRSY": 1.1, "RLUSD": 1.0, "AAVE": 93.52, "ICP": 2.46, "USDY": 1.13, "BGB": 1.89, "BFUSD": 1.0, "ETC": 8.42, "USDD": 1.0, "ONDO": 0.256547, "KCS": 8.55, "GT": 7.31, "PUMP": 0.0018368, "QNT": 74.39, "MORPHO": 1.93, "U": 1.0, "EUTBL": 1.24, "POL": 0.092049, "ENA": 0.111294, "KAS": 0.03504995, "USTB": 11.06, "RENDER": 1.79, "ALGO": 0.102451, "ATOM": 1.79, "NEXO": 0.901107, "USDTB": 0.999658, "WLD": 0.263228, "ARB": 0.126168, "APT": 0.933919, "BCAP": 82.76, "FIL": 0.92383, "FLR": 0.00810154, "TRUMP": 2.85, "DEXE": 14.1, "HASH": 0.01124668, "JST": 0.075033, "BDX": 0.080101, "NIGHT": 0.03674803, "VET": 0.00705807, "XDC": 0.03019611, "OUSG": 114.99, "JUP": 0.168949, "YLDS": 0.999957, "GHO": 0.998924, "STABLE": 0.0259916, "USD0": 0.998178, "BONK": 6.16e-06, "SIREN": 0.703061}}