{"timestamp": 1784121386, "base": "USD", "data": {"BTC": 65295, "ETH": 1936.78, "USDT": 0.999185, "BNB": 582.67, "USDC": 0.999885, "XRP": 1.12, "SOL": 78.71, "TRX": 0.328059, "FIGR_HELOC": 1.036, "HYPE": 68.67, "DOGE": 0.074905, "USDS": 0.999754, "RAIN": 0.01481361, "ZEC": 580.12, "LEO": 9.8, "WBT": 57.23, "XLM": 0.190946, "LINK": 8.58, "ADA": 0.167582, "XMR": 329.55, "CC": 0.142698, "BCH": 237.34, "DAI": 0.999898, "GRAM": 1.6, "USD1": 0.99867, "USDE": 0.999783, "LTC": 45.62, "USDG": 1.001, "SUI": 0.762549, "USYC": 1.13, "HBAR": 0.068226, "AVAX": 6.74, "BUIDL": 1.0, "PYUSD": 0.999755, "NEAR": 2.1, "CRO": 0.056021, "SHIB": 4.32e-06, "XAUT": 4058.31, "UNI": 3.63, "USDY": 1.13, "TAO": 200.6, "WLFI": 0.057387, "PAXG": 4057.26, "DEXE": 37.87, "OKB": 82.27, "ASTER": 0.636244, "M": 1.27, "HTX": 1.82e-06, "ONDO": 0.336605, "USDD": 0.999472, "RLUSD": 1.0, "AAVE": 99.4, "SKY": 0.064197, "WLD": 0.418732, "DOT": 0.862418, "USDF": 0.995919, "MNT": 0.428212, "MORPHO": 2.1, "BFUSD": 0.9986, "ICP": 2.23, "PEPE": 2.84e-06, "BGB": 1.7, "ETC": 7.16, "U": 0.999708, "EUTBL": 1.21, "USDGO": 0.9998, "KCS": 7.08, "BCAP": 106.19, "QNT": 65.77, "PI": 0.083016, "STABLE": 0.03692041, "POL": 0.08398, "ADI": 6.99, "JTRSY": 1.11, "EURSAFO": 1.15, "ATOM": 1.58, "JST": 0.095705, "ENA": 0.085084, "RENDER": 1.55, "KAS": 0.02906782, "BEAT": 2.57, "USTB": 11.14, "NEXO": 0.770341, "ALGO": 0.085689, "\u5e01\u5b89\u4eba\u751f": 0.757098, "USDTB": 1.0, "GT": 6.75, "JUP": 0.21178, "JAAA": 1.041, "BDX": 0.084626, "PUMP": 0.00164577, "FIL": 0.802447, "LIT": 2.56, "GHO": 0.99821, "FLR": 0.00667991, "ARB": 0.090789, "USD0": 0.998769, "XDC": 0.02746263, "YLDS": 0.999813, "APT": 0.630349}}