{"timestamp": 1783843333, "base": "USD", "data": {"BTC": 63842, "ETH": 1797.48, "USDT": 0.999322, "BNB": 571.96, "USDC": 0.999786, "XRP": 1.091, "SOL": 76.46, "TRX": 0.329601, "FIGR_HELOC": 1.041, "HYPE": 66.9, "DOGE": 0.072868, "USDS": 0.999767, "RAIN": 0.01476341, "LEO": 9.52, "ZEC": 517.77, "WBT": 55.91, "XLM": 0.185316, "XMR": 327.09, "ADA": 0.163639, "LINK": 7.97, "CC": 0.136074, "BCH": 244.4, "DAI": 0.999703, "GRAM": 1.64, "USD1": 0.9991, "USDE": 0.999728, "LTC": 44.47, "USDG": 0.999191, "USYC": 1.13, "SUI": 0.737384, "HBAR": 0.067609, "BUIDL": 1.0, "PYUSD": 0.99974, "AVAX": 6.37, "CRO": 0.055605, "SHIB": 4.29e-06, "XAUT": 4093.07, "NEAR": 1.87, "UNI": 3.63, "USDY": 1.13, "TAO": 209.21, "DEXE": 40.48, "PAXG": 4097.1, "WLFI": 0.05753, "OKB": 79.75, "HTX": 1.85e-06, "ASTER": 0.623176, "M": 1.25, "ONDO": 0.325421, "USDD": 0.999176, "RLUSD": 0.99998, "AAVE": 97.34, "DOT": 0.846769, "USDF": 0.99669, "WLD": 0.40117, "SKY": 0.060619, "MNT": 0.422114, "MORPHO": 2.03, "BFUSD": 0.998887, "ICP": 2.26, "BGB": 1.72, "PEPE": 2.7e-06, "ETC": 6.87, "PI": 0.096767, "U": 0.999712, "EUTBL": 1.2, "BCAP": 106.63, "KCS": 7.01, "QNT": 65.64, "USDGO": 0.999912, "STABLE": 0.03725633, "JTRSY": 1.11, "JST": 0.101403, "POL": 0.079411, "ADI": 6.49, "ATOM": 1.56, "RENDER": 1.54, "KAS": 0.02885359, "USTB": 11.14, "EURSAFO": 1.15, "ENA": 0.080537, "ALGO": 0.08376, "NEXO": 0.741371, "USDTB": 1.0, "GT": 6.64, "\u5e01\u5b89\u4eba\u751f": 0.69877, "BDX": 0.088598, "BEAT": 2.24, "JAAA": 1.041, "JUP": 0.200262, "LIT": 2.6, "ARB": 0.098345, "FIL": 0.783293, "GHO": 0.998498, "FLR": 0.00653837, "PUMP": 0.00139008, "USD0": 0.998594, "XDC": 0.02712241, "YLDS": 0.999705, "APT": 0.621606}}