{"timestamp": 1782416803, "base": "USD", "data": {"BTC": 59188, "ETH": 1555.58, "USDT": 0.998542, "BNB": 553.02, "USDC": 0.999685, "XRP": 1.032, "SOL": 66.01, "TRX": 0.323451, "FIGR_HELOC": 1.029, "HYPE": 62.79, "DOGE": 0.073105, "USDS": 0.999636, "RAIN": 0.01574303, "LEO": 9.39, "ZEC": 395.25, "LAB": 19.6, "XLM": 0.175087, "CC": 0.147701, "WBT": 47.99, "XMR": 301.51, "LINK": 7.16, "ADA": 0.141037, "USD1": 0.999735, "DAI": 0.999665, "USDE": 0.998216, "GRAM": 1.55, "BCH": 186.77, "HBAR": 0.072769, "LTC": 40.57, "USYC": 1.13, "USDG": 0.999665, "PYUSD": 0.99995, "SUI": 0.671594, "AVAX": 6.09, "CRO": 0.054261, "XAUT": 4022.68, "SHIB": 4.17e-06, "BUIDL": 1.0, "NEAR": 1.82, "USDY": 1.14, "TAO": 210.35, "WLFI": 0.058717, "PAXG": 4026.97, "UNI": 2.82, "WLD": 0.491938, "ASTER": 0.61663, "RLUSD": 0.999705, "OKB": 74.6, "HTX": 1.68e-06, "ONDO": 0.304628, "MNT": 0.445067, "USDF": 0.993284, "DOT": 0.83951, "USDD": 0.998449, "PI": 0.123548, "BFUSD": 0.998378, "AAVE": 80.28, "SKY": 0.051966, "M": 0.908543, "ICP": 2.13, "BGB": 1.64, "ETC": 7.11, "MORPHO": 1.71, "DEXE": 23.11, "U": 0.999702, "PEPE": 2.32e-06, "BCAP": 107.03, "QNT": 65.36, "EUTBL": 1.2, "USDTB": 0.999419, "KCS": 6.68, "STABLE": 0.03679182, "JTRSY": 1.11, "ATOM": 1.59, "USTB": 11.13, "RENDER": 1.5, "ALGO": 0.084325, "KAS": 0.0273175, "POL": 0.070418, "ENA": 0.079683, "JUP": 0.220101, "NEXO": 0.725918, "\u5e01\u5b89\u4eba\u751f": 0.700365, "JST": 0.081084, "GT": 6.46, "BDX": 0.088704, "JAAA": 1.039, "VVV": 13.59, "EURSAFO": 1.15, "GHO": 0.997976, "FLR": 0.00684578, "FIL": 0.720135, "YLDS": 0.999907, "XDC": 0.02827769, "ADI": 4.49, "USD0": 0.998678, "BEAT": 1.86, "NIGHT": 0.03089185, "USX": 0.999502, "TUSD": 0.998661}}