{"timestamp": 1780751492, "base": "USD", "data": {"BTC": 60990, "ETH": 1568.05, "USDT": 0.99951, "BNB": 575.79, "USDC": 0.999672, "XRP": 1.095, "SOL": 62.83, "TRX": 0.320629, "FIGR_HELOC": 1.029, "HYPE": 59.21, "DOGE": 0.081993, "USDS": 0.999636, "LEO": 9.56, "RAIN": 0.01299237, "XLM": 0.201488, "ZEC": 373.96, "CC": 0.152793, "ADA": 0.158427, "XMR": 298.42, "LINK": 7.38, "WBT": 43.48, "USD1": 0.99946, "USDE": 0.999444, "BCH": 217.06, "DAI": 0.999595, "TON": 1.56, "M": 2.83, "HBAR": 0.079132, "LTC": 42.87, "AVAX": 6.78, "SUI": 0.718365, "PYUSD": 0.999948, "USYC": 1.13, "LAB": 8.94, "SHIB": 4.54e-06, "XAUT": 4286.64, "CRO": 0.057855, "USDG": 1.0, "NEAR": 1.9, "BUIDL": 1.0, "USDY": 1.13, "PAXG": 4295.52, "TAO": 196.96, "WLFI": 0.055728, "MNT": 0.518349, "RLUSD": 0.999858, "DOT": 0.953205, "ASTER": 0.618615, "ONDO": 0.326776, "HTX": 1.72e-06, "UNI": 2.45, "USDF": 0.995949, "OKB": 69.16, "WLD": 0.413877, "USDD": 0.999681, "SKY": 0.056324, "BFUSD": 0.9993, "PI": 0.123076, "ICP": 2.33, "BGB": 1.83, "PEPE": 2.7e-06, "H": 0.613975, "ETC": 6.83, "MORPHO": 1.65, "USDTB": 1.0, "U": 0.999899, "EUTBL": 1.21, "BCAP": 107.06, "USTB": 11.1, "AAVE": 62.11, "QNT": 64.69, "DEXE": 19.72, "JTRSY": 1.11, "ENA": 0.092699, "RENDER": 1.64, "ATOM": 1.64, "ALGO": 0.093435, "KAS": 0.03047812, "KCS": 6.16, "POL": 0.076822, "STABLE": 0.03249862, "VVV": 16.08, "NEXO": 0.733951, "\u5e01\u5b89\u4eba\u751f": 0.720322, "JST": 0.082596, "GT": 6.18, "BDX": 0.079103, "BEAT": 2.1, "SIREN": 0.823889, "XDC": 0.02932346, "GHO": 0.99921, "FIL": 0.732328, "FLR": 0.00667853, "USD0": 0.998544, "APT": 0.661123, "YLDS": 0.999856, "HASH": 0.00950074, "JUP": 0.155695, "INJ": 5.17, "NIGHT": 0.03100504}}