{"timestamp": 1783806125, "base": "USD", "data": {"BTC": 64303, "ETH": 1823.03, "USDT": 0.999241, "BNB": 580.74, "USDC": 0.99981, "XRP": 1.11, "SOL": 78.17, "TRX": 0.330617, "FIGR_HELOC": 1.033, "HYPE": 67.97, "DOGE": 0.075244, "USDS": 0.999754, "RAIN": 0.0144505, "ZEC": 526.16, "LEO": 9.51, "WBT": 56.41, "XLM": 0.191887, "ADA": 0.169729, "XMR": 322.27, "LINK": 8.05, "CC": 0.135202, "BCH": 246.93, "DAI": 0.999681, "GRAM": 1.66, "USD1": 0.999358, "USDE": 0.9999, "LTC": 45.31, "USDG": 0.998857, "USYC": 1.13, "HBAR": 0.069543, "SUI": 0.745051, "AVAX": 6.73, "BUIDL": 1.0, "PYUSD": 0.999682, "CRO": 0.056402, "SHIB": 4.38e-06, "XAUT": 4098.38, "NEAR": 1.91, "UNI": 3.81, "USDY": 1.14, "TAO": 213.24, "WLFI": 0.058812, "PAXG": 4100.02, "DEXE": 38.55, "OKB": 80.94, "ASTER": 0.632434, "M": 1.28, "HTX": 1.84e-06, "ONDO": 0.33274, "USDD": 0.999179, "RLUSD": 0.999973, "AAVE": 100.85, "DOT": 0.876823, "WLD": 0.40431, "USDF": 0.996072, "SKY": 0.060765, "MNT": 0.428364, "MORPHO": 2.11, "BFUSD": 0.998869, "ICP": 2.29, "PEPE": 2.8e-06, "BGB": 1.66, "ETC": 7.08, "PI": 0.09865, "U": 0.999758, "EUTBL": 1.2, "QNT": 66.87, "BCAP": 106.63, "KCS": 7.04, "USDGO": 1.0, "JTRSY": 1.11, "STABLE": 0.03560256, "JST": 0.101309, "POL": 0.079981, "ATOM": 1.6, "RENDER": 1.57, "ADI": 6.51, "KAS": 0.02958393, "ENA": 0.082351, "USTB": 11.14, "EURSAFO": 1.15, "ALGO": 0.086246, "NEXO": 0.755907, "USDTB": 1.001, "GT": 6.71, "BEAT": 2.3, "JUP": 0.209635, "BDX": 0.088035, "\u5e01\u5b89\u4eba\u751f": 0.691324, "JAAA": 1.041, "LIT": 2.61, "FIL": 0.793558, "ARB": 0.098749, "GHO": 0.998601, "FLR": 0.00677769, "PUMP": 0.00143252, "USD0": 0.998822, "XDC": 0.02727752, "APT": 0.643037, "YLDS": 0.999702}}