{"timestamp": 1778888799, "base": "USD", "data": {"BTC": 79083, "ETH": 2224.3, "USDT": 0.999427, "BNB": 671.91, "XRP": 1.43, "USDC": 0.999865, "SOL": 89.26, "TRX": 0.351727, "FIGR_HELOC": 1.018, "DOGE": 0.113334, "WBT": 58.36, "USDS": 0.999617, "HYPE": 44.27, "ADA": 0.261386, "LEO": 10.19, "ZEC": 515.98, "BCH": 426.39, "LINK": 10.06, "XMR": 381.25, "CC": 0.158028, "TON": 1.95, "XLM": 0.154654, "USD1": 0.999547, "LTC": 57.44, "SUI": 1.096, "DAI": 0.999586, "USDE": 0.999745, "M": 3.24, "AVAX": 9.53, "HBAR": 0.092773, "SHIB": 6.12e-06, "RAIN": 0.00747598, "PYUSD": 0.999751, "CRO": 0.072864, "USDG": 0.999702, "USYC": 1.12, "TAO": 284.85, "XAUT": 4538.44, "BUIDL": 1.0, "UNI": 3.6, "DOT": 1.31, "MNT": 0.665393, "PAXG": 4540.69, "WLFI": 0.065926, "NEAR": 1.54, "USDY": 1.13, "OKB": 85.01, "HTX": 1.96e-06, "USDF": 0.99767, "ONDO": 0.362119, "PI": 0.167158, "ASTER": 0.669289, "SKY": 0.071094, "PEPE": 3.91e-06, "RLUSD": 1.0, "USDD": 0.999287, "ETC": 9.25, "BGB": 2.06, "ICP": 2.61, "AAVE": 92.79, "BFUSD": 0.999096, "MORPHO": 1.84, "QNT": 78.55, "KCS": 8.21, "USDTB": 0.999835, "JTRSY": 1.1, "U": 0.999536, "EUTBL": 1.22, "ALGO": 0.113156, "USTB": 11.08, "ENA": 0.11082, "ATOM": 1.93, "RENDER": 1.88, "POL": 0.090899, "BCAP": 105.87, "KAS": 0.03509055, "NEXO": 0.888633, "WLD": 0.24465, "APT": 0.987284, "FLR": 0.00934045, "STABLE": 0.0351199, "FIL": 1.011, "JST": 0.091121, "GT": 7.21, "ARB": 0.124783, "JUP": 0.210117, "XDC": 0.03271468, "VVV": 13.83, "PUMP": 0.00179292, "DEXE": 13.3, "BDX": 0.078749, "VET": 0.00702453, "HASH": 0.01131868, "UB": 0.230518, "GHO": 0.999371, "BONK": 6.53e-06, "USD0": 0.998255, "OUSG": 115.25, "PENGU": 0.00880408, "DASH": 43.34}}