{"timestamp": 1782181802, "base": "USD", "data": {"BTC": 64131, "ETH": 1730.09, "USDT": 0.998867, "BNB": 590.83, "USDC": 0.999748, "XRP": 1.13, "SOL": 71.86, "TRX": 0.333141, "FIGR_HELOC": 1.035, "HYPE": 66.64, "DOGE": 0.081974, "USDS": 0.999648, "RAIN": 0.01603392, "LEO": 9.55, "ZEC": 443.7, "XLM": 0.198812, "XMR": 329.55, "WBT": 52.34, "ADA": 0.158851, "LINK": 7.88, "CC": 0.150391, "LAB": 16.95, "USD1": 0.998921, "DAI": 0.999701, "GRAM": 1.68, "USDE": 0.998803, "BCH": 195.12, "M": 2.94, "LTC": 44.53, "HBAR": 0.078671, "USYC": 1.13, "SUI": 0.719093, "USDG": 1.0, "PYUSD": 0.999895, "SHIB": 4.64e-06, "AVAX": 6.28, "CRO": 0.058071, "NEAR": 2.04, "XAUT": 4143.4, "BUIDL": 1.0, "TAO": 225.71, "USDY": 1.14, "WLD": 0.612519, "PAXG": 4151.47, "UNI": 3.0, "WLFI": 0.058105, "MNT": 0.532566, "ASTER": 0.630703, "OKB": 79.14, "RLUSD": 1.0, "HTX": 1.75e-06, "ONDO": 0.325288, "DOT": 0.933633, "USDF": 0.997345, "PI": 0.13256, "SKY": 0.059182, "USDD": 0.999444, "BFUSD": 0.998472, "ICP": 2.24, "BGB": 1.76, "PEPE": 2.81e-06, "MORPHO": 1.78, "AAVE": 75.43, "ETC": 7.16, "DEXE": 22.42, "QNT": 70.18, "U": 0.999898, "USTB": 11.12, "BCAP": 107.03, "KCS": 7.23, "EUTBL": 1.2, "ATOM": 1.79, "USDTB": 0.999449, "JTRSY": 1.11, "STABLE": 0.03633167, "POL": 0.078915, "ENA": 0.090098, "RENDER": 1.61, "ALGO": 0.090851, "KAS": 0.02921643, "NEXO": 0.78368, "JAAA": 1.039, "GT": 6.71, "JST": 0.083535, "VVV": 15.16, "JUP": 0.213943, "\u5e01\u5b89\u4eba\u751f": 0.708663, "FLR": 0.0072869, "FIL": 0.795608, "BDX": 0.080767, "GHO": 0.998177, "EURSAFO": 1.15, "XDC": 0.02915431, "HASH": 0.01038269, "USD0": 0.999001, "ADI": 4.39, "APT": 0.656795, "YLDS": 0.999784, "NIGHT": 0.03240694, "ARB": 0.082837}}