{"timestamp": 1781726545, "base": "USD", "data": {"BTC": 64188, "ETH": 1733.43, "USDT": 0.999221, "BNB": 597.73, "USDC": 0.999697, "XRP": 1.18, "SOL": 71.62, "TRX": 0.319893, "FIGR_HELOC": 1.021, "HYPE": 72.03, "DOGE": 0.085341, "USDS": 0.999752, "RAIN": 0.01454671, "LEO": 9.68, "ZEC": 480.26, "XLM": 0.219659, "CC": 0.162213, "XMR": 335.4, "WBT": 52.8, "ADA": 0.165491, "LINK": 8.03, "USD1": 1.0, "USDE": 0.999328, "GRAM": 1.62, "BCH": 209.06, "DAI": 0.999625, "LAB": 13.06, "M": 2.97, "HBAR": 0.079732, "LTC": 44.76, "SUI": 0.773341, "USYC": 1.13, "AVAX": 6.73, "NEAR": 2.23, "SHIB": 4.9e-06, "USDG": 1.0, "PYUSD": 1.0, "CRO": 0.05922, "XAUT": 4225.14, "BUIDL": 1.0, "TAO": 246.42, "WLD": 0.640325, "USDY": 1.14, "UNI": 3.19, "ASTER": 0.727176, "WLFI": 0.06077, "PAXG": 4233.03, "MNT": 0.541189, "ONDO": 0.366415, "DOT": 0.996552, "RLUSD": 1.0, "HTX": 1.71e-06, "OKB": 72.85, "USDF": 0.994474, "PI": 0.130313, "USDD": 0.999171, "SKY": 0.057999, "BFUSD": 0.999092, "ICP": 2.35, "BGB": 1.8, "MORPHO": 1.93, "PEPE": 2.9e-06, "ETC": 7.25, "AAVE": 73.64, "QNT": 70.29, "U": 0.99969, "ATOM": 1.94, "USTB": 11.12, "BCAP": 107.07, "KCS": 7.16, "EUTBL": 1.21, "USDTB": 1.0, "JTRSY": 1.11, "RENDER": 1.67, "KAS": 0.0313394, "ALGO": 0.096327, "ENA": 0.091028, "NEXO": 0.818146, "POL": 0.075998, "STABLE": 0.03300532, "VVV": 15.86, "GT": 6.72, "DEXE": 15.03, "JST": 0.082212, "JAAA": 1.038, "\u5e01\u5b89\u4eba\u751f": 0.671988, "FLR": 0.00754032, "FIL": 0.785551, "JUP": 0.186919, "BDX": 0.079595, "GHO": 0.998777, "XDC": 0.02997188, "YLDS": 0.999916, "USD0": 0.998806, "EURSAFO": 1.16, "APT": 0.657153, "ARB": 0.084608, "INJ": 5.38, "A7A5": 0.01313761, "PUMP": 0.00146913}}