{"timestamp": 1779445098, "base": "USD", "data": {"BTC": 77192, "ETH": 2119.78, "USDT": 0.998856, "BNB": 654.73, "XRP": 1.36, "USDC": 0.999702, "SOL": 86.97, "TRX": 0.364596, "FIGR_HELOC": 1.026, "DOGE": 0.105597, "HYPE": 59.25, "ZEC": 636.63, "USDS": 0.999626, "ADA": 0.251001, "LEO": 10.0, "WBT": 56.9, "BCH": 379.16, "XMR": 387.52, "LINK": 9.81, "CC": 0.15421, "TON": 1.98, "XLM": 0.147185, "USD1": 0.999406, "USDE": 0.999036, "SUI": 1.1, "DAI": 0.999754, "LTC": 53.99, "AVAX": 9.46, "HBAR": 0.089852, "M": 2.87, "PYUSD": 0.999729, "RAIN": 0.00748635, "SHIB": 5.83e-06, "CRO": 0.069234, "USYC": 1.12, "NEAR": 2.21, "TAO": 281.84, "USDG": 0.999763, "XAUT": 4522.33, "BUIDL": 1.0, "UNI": 3.58, "DOT": 1.32, "MNT": 0.662894, "USDY": 1.13, "PAXG": 4523.78, "ONDO": 0.426338, "WLFI": 0.060372, "HTX": 2.02e-06, "ASTER": 0.690019, "USDF": 0.997988, "RLUSD": 0.999943, "OKB": 81.65, "SKY": 0.070624, "PI": 0.15333, "PEPE": 3.78e-06, "USDD": 0.999229, "ICP": 2.63, "ETC": 9.23, "BGB": 1.99, "AAVE": 87.82, "BFUSD": 0.998502, "MORPHO": 2.0, "QNT": 77.55, "ATOM": 2.15, "USDTB": 0.998907, "KCS": 7.98, "EUTBL": 1.22, "ALGO": 0.116816, "RENDER": 2.0, "U": 1.0, "POL": 0.091907, "USTB": 11.09, "JTRSY": 1.1, "BCAP": 105.74, "ENA": 0.106408, "KAS": 0.03500512, "WLD": 0.28161, "NEXO": 0.862554, "VVV": 18.28, "APT": 0.981762, "JST": 0.092745, "FIL": 1.011, "GT": 7.04, "STABLE": 0.0322033, "JUP": 0.218113, "FLR": 0.00837737, "ARB": 0.11221, "XDC": 0.03449959, "PUMP": 0.00183242, "DEXE": 13.87, "BDX": 0.079661, "PENGU": 0.00959527, "GHO": 0.998756, "VET": 0.00672703, "DASH": 45.24, "HASH": 0.0105018, "OUSG": 115.32, "USD0": 0.998433, "BONK": 6.24e-06, "INJ": 5.25}}