{"timestamp": 1778584433, "base": "USD", "data": {"BTC": 80576, "ETH": 2282.96, "USDT": 0.9996, "XRP": 1.45, "BNB": 662.05, "USDC": 0.999678, "SOL": 94.85, "TRX": 0.348801, "FIGR_HELOC": 1.03, "DOGE": 0.108977, "WBT": 59.12, "USDS": 0.99983, "ADA": 0.274242, "HYPE": 40.77, "LEO": 10.17, "ZEC": 545.61, "BCH": 439.28, "XMR": 407.17, "LINK": 10.27, "TON": 2.45, "CC": 0.160335, "XLM": 0.164418, "SUI": 1.26, "LTC": 57.88, "USD1": 0.998976, "DAI": 0.999701, "AVAX": 9.85, "M": 3.23, "HBAR": 0.094488, "USDE": 0.999396, "SHIB": 6.45e-06, "RAIN": 0.0075149, "USDG": 0.999698, "CRO": 0.079878, "PYUSD": 0.999912, "TAO": 311.58, "USYC": 1.12, "XAUT": 4685.29, "UNI": 3.76, "BUIDL": 1.0, "DOT": 1.34, "MNT": 0.676953, "PAXG": 4683.58, "WLFI": 0.0671, "NEAR": 1.57, "ONDO": 0.408736, "USDY": 1.13, "ICP": 3.3, "OKB": 85.85, "PI": 0.172434, "HTX": 1.97e-06, "USDF": 0.998622, "PEPE": 4.2e-06, "ASTER": 0.681307, "SKY": 0.074875, "RLUSD": 0.999929, "AAVE": 98.06, "ETC": 9.47, "BGB": 2.12, "USDD": 0.999754, "BFUSD": 0.999003, "MORPHO": 2.08, "JTRSY": 1.1, "KCS": 8.4, "ENA": 0.123094, "ALGO": 0.122681, "POL": 0.101123, "KAS": 0.03810238, "QNT": 71.6, "ATOM": 2.04, "U": 0.999884, "USTB": 11.08, "EUTBL": 1.23, "RENDER": 1.91, "BCAP": 105.87, "WLD": 0.270363, "NEXO": 0.908776, "APT": 1.094, "STABLE": 0.03826574, "FIL": 1.1, "SIREN": 1.18, "ARB": 0.137209, "GT": 7.35, "JUP": 0.232853, "VVV": 16.56, "JST": 0.089165, "FLR": 0.00878212, "PUMP": 0.00199986, "XDC": 0.03307716, "VET": 0.00759982, "B": 0.634428, "BONK": 7.19e-06, "PENGU": 0.00989687, "BDX": 0.079632, "OUSG": 115.21, "NIGHT": 0.03584639, "DEXE": 12.67, "GHO": 0.999364, "DASH": 45.51, "TRUMP": 2.35}}