{"timestamp": 1782231738, "base": "USD", "data": {"BTC": 62581, "ETH": 1662.02, "USDT": 0.998786, "BNB": 575.28, "USDC": 0.999746, "XRP": 1.1, "SOL": 69.07, "TRX": 0.330026, "FIGR_HELOC": 1.035, "HYPE": 62.8, "DOGE": 0.079011, "USDS": 0.999569, "RAIN": 0.01572407, "LEO": 9.54, "ZEC": 419.46, "XLM": 0.193571, "WBT": 51.02, "XMR": 316.81, "CC": 0.152052, "LINK": 7.63, "ADA": 0.151204, "USD1": 0.999145, "LAB": 15.03, "DAI": 0.99959, "USDE": 0.998887, "GRAM": 1.54, "BCH": 190.88, "M": 2.86, "HBAR": 0.077861, "LTC": 42.08, "USYC": 1.13, "SUI": 0.705956, "USDG": 0.999844, "AVAX": 6.37, "PYUSD": 0.999976, "SHIB": 4.55e-06, "CRO": 0.056797, "NEAR": 1.99, "XAUT": 4118.9, "BUIDL": 1.0, "USDY": 1.14, "TAO": 216.46, "WLD": 0.550729, "PAXG": 4124.11, "WLFI": 0.057851, "UNI": 2.9, "MNT": 0.515654, "ASTER": 0.620395, "RLUSD": 0.999743, "OKB": 76.69, "HTX": 1.73e-06, "DOT": 0.902158, "ONDO": 0.311322, "USDF": 0.995524, "PI": 0.128684, "USDD": 0.999138, "BFUSD": 0.99846, "SKY": 0.055232, "BGB": 1.72, "ICP": 2.16, "PEPE": 2.72e-06, "AAVE": 71.83, "ETC": 6.89, "MORPHO": 1.64, "DEXE": 22.53, "QNT": 70.95, "U": 0.999795, "USTB": 11.12, "BCAP": 107.03, "KCS": 7.01, "EUTBL": 1.2, "USDTB": 0.999485, "ATOM": 1.74, "JTRSY": 1.11, "STABLE": 0.0348655, "POL": 0.077697, "ALGO": 0.092556, "RENDER": 1.57, "ENA": 0.086715, "KAS": 0.02863889, "NEXO": 0.767634, "JAAA": 1.039, "GT": 6.67, "JST": 0.08308, "\u5e01\u5b89\u4eba\u751f": 0.704168, "JUP": 0.204351, "VVV": 14.0, "BDX": 0.082207, "FIL": 0.772074, "FLR": 0.00704629, "GHO": 0.997915, "XDC": 0.02908138, "EURSAFO": 1.15, "USD0": 0.998939, "BEAT": 1.91, "ADI": 4.39, "YLDS": 0.999835, "NIGHT": 0.03208106, "APT": 0.635535, "HASH": 0.0094654}}