{"timestamp": 1780948990, "base": "USD", "data": {"BTC": 63386, "ETH": 1684.33, "USDT": 0.99951, "BNB": 607.58, "USDC": 0.999589, "XRP": 1.18, "SOL": 67.4, "TRX": 0.3264, "FIGR_HELOC": 1.03, "HYPE": 63.61, "DOGE": 0.086737, "USDS": 0.999829, "LEO": 9.46, "RAIN": 0.01321839, "ZEC": 455.91, "XLM": 0.20235, "ADA": 0.171593, "CC": 0.160611, "XMR": 316.89, "LINK": 8.05, "WBT": 45.13, "TON": 1.78, "USD1": 0.998763, "USDE": 0.999357, "BCH": 210.79, "DAI": 0.999742, "M": 3.21, "LAB": 12.33, "HBAR": 0.08166, "LTC": 43.4, "SUI": 0.759242, "AVAX": 6.81, "USYC": 1.13, "NEAR": 2.19, "PYUSD": 0.999443, "SHIB": 4.76e-06, "CRO": 0.062243, "XAUT": 4306.75, "USDG": 0.999801, "BUIDL": 1.0, "USDY": 1.13, "TAO": 218.03, "PAXG": 4318.61, "WLD": 0.548355, "ONDO": 0.375263, "MNT": 0.551228, "WLFI": 0.056171, "RLUSD": 0.999781, "DOT": 0.988494, "ASTER": 0.634379, "UNI": 2.59, "HTX": 1.75e-06, "OKB": 72.82, "USDF": 0.995535, "PI": 0.129735, "USDD": 0.999415, "SKY": 0.058372, "BFUSD": 0.998999, "ICP": 2.36, "BGB": 1.83, "BEAT": 4.37, "PEPE": 2.84e-06, "MORPHO": 1.83, "ETC": 7.15, "DEXE": 21.61, "USDTB": 1.0, "EUTBL": 1.21, "U": 0.999812, "QNT": 67.8, "BCAP": 107.06, "AAVE": 64.07, "USTB": 11.11, "ATOM": 1.8, "SIREN": 1.23, "KAS": 0.03229918, "JTRSY": 1.11, "RENDER": 1.67, "KCS": 6.4, "POL": 0.078703, "ALGO": 0.093024, "ENA": 0.088929, "VVV": 17.35, "NEXO": 0.790842, "STABLE": 0.03359338, "\u5e01\u5b89\u4eba\u751f": 0.704139, "JST": 0.079872, "GT": 6.42, "FIL": 0.786766, "FLR": 0.00722961, "XDC": 0.03097995, "BDX": 0.078457, "GHO": 0.999363, "PUMP": 0.00164416, "INJ": 5.72, "NIGHT": 0.03371382, "APT": 0.680691, "USD0": 0.998433, "H": 0.301754, "HASH": 0.0101231, "JUP": 0.16299}}