{"timestamp": 1780600450, "base": "USD", "data": {"BTC": 63567, "ETH": 1769.37, "USDT": 0.998765, "BNB": 606.26, "USDC": 0.999714, "XRP": 1.17, "SOL": 69.05, "TRX": 0.331496, "FIGR_HELOC": 1.001, "HYPE": 66.36, "DOGE": 0.089152, "USDS": 0.999523, "LEO": 9.91, "RAIN": 0.01416395, "ZEC": 523.88, "XLM": 0.208573, "ADA": 0.186871, "XMR": 347.08, "LINK": 8.04, "CC": 0.150108, "WBT": 46.01, "BCH": 250.74, "USD1": 0.998903, "TON": 1.72, "USDE": 0.998644, "LAB": 14.08, "DAI": 0.999577, "M": 3.32, "HBAR": 0.084677, "LTC": 46.31, "AVAX": 7.77, "SUI": 0.780068, "NEAR": 2.35, "PYUSD": 0.999821, "SHIB": 5e-06, "USYC": 1.13, "CRO": 0.060871, "XAUT": 4450.28, "USDG": 0.999914, "BUIDL": 1.0, "USDY": 1.12, "TAO": 217.2, "PAXG": 4468.55, "WLFI": 0.060787, "WLD": 0.565241, "ONDO": 0.37727, "MNT": 0.556331, "DOT": 1.058, "ASTER": 0.661116, "RLUSD": 0.999929, "UNI": 2.66, "HTX": 1.78e-06, "OKB": 74.9, "ICP": 2.77, "USDF": 0.995026, "SKY": 0.064988, "USDD": 1.0, "PI": 0.129846, "BFUSD": 0.9986, "BGB": 1.88, "PEPE": 3e-06, "MORPHO": 1.82, "ETC": 7.44, "AAVE": 72.15, "H": 0.577927, "QNT": 70.63, "RENDER": 1.95, "USDTB": 0.998938, "EUTBL": 1.22, "BCAP": 107.06, "POL": 0.090345, "DEXE": 20.32, "U": 0.999602, "USTB": 11.1, "ATOM": 1.82, "ALGO": 0.102491, "KCS": 6.79, "STABLE": 0.03874633, "ENA": 0.098769, "JTRSY": 1.11, "KAS": 0.0300162, "VVV": 17.48, "NEXO": 0.775523, "\u5e01\u5b89\u4eba\u751f": 0.715657, "FIL": 0.892634, "GT": 6.54, "JST": 0.076755, "APT": 0.770085, "NIGHT": 0.03776983, "FLR": 0.00716108, "BDX": 0.079873, "JUP": 0.185374, "XDC": 0.03021005, "PUMP": 0.00169855, "GHO": 0.998869, "ARB": 0.090087, "INJ": 5.55, "USD0": 0.998415, "SIREN": 0.757861, "YLDS": 0.999785}}