{"timestamp": 1783878781, "base": "USD", "data": {"BTC": 64107, "ETH": 1819.36, "USDT": 0.999387, "BNB": 579.57, "USDC": 0.999836, "XRP": 1.099, "SOL": 77.45, "TRX": 0.33114, "FIGR_HELOC": 1.041, "HYPE": 67.95, "DOGE": 0.073505, "USDS": 0.999813, "RAIN": 0.01452631, "ZEC": 545.5, "LEO": 9.56, "WBT": 56.25, "XLM": 0.189162, "XMR": 329.35, "ADA": 0.164294, "LINK": 8.05, "CC": 0.136012, "BCH": 244.76, "DAI": 0.99976, "GRAM": 1.64, "USD1": 0.999234, "USDE": 0.999755, "LTC": 44.64, "USDG": 0.999843, "USYC": 1.13, "SUI": 0.740823, "HBAR": 0.067661, "BUIDL": 1.0, "PYUSD": 0.999829, "AVAX": 6.42, "CRO": 0.055941, "SHIB": 4.29e-06, "XAUT": 4091.52, "NEAR": 1.9, "UNI": 3.65, "DEXE": 47.52, "USDY": 1.14, "TAO": 212.08, "PAXG": 4094.09, "WLFI": 0.057721, "OKB": 80.57, "HTX": 1.85e-06, "ASTER": 0.623922, "ONDO": 0.327472, "M": 1.2, "USDD": 0.999212, "RLUSD": 0.99992, "WLD": 0.427609, "AAVE": 98.56, "SKY": 0.061211, "USDF": 0.996249, "DOT": 0.838717, "MNT": 0.42174, "BFUSD": 0.99875, "MORPHO": 2.01, "ICP": 2.25, "BGB": 1.68, "PEPE": 2.78e-06, "ETC": 6.92, "PI": 0.096861, "U": 1.0, "EUTBL": 1.21, "BCAP": 106.63, "KCS": 7.03, "QNT": 65.71, "USDGO": 1.0, "STABLE": 0.03667944, "JTRSY": 1.11, "ADI": 6.89, "BEAT": 2.78, "JST": 0.100511, "POL": 0.080356, "ATOM": 1.59, "RENDER": 1.55, "KAS": 0.02871099, "USTB": 11.14, "ENA": 0.081161, "EURSAFO": 1.15, "ALGO": 0.083959, "NEXO": 0.751952, "USDTB": 1.0, "GT": 6.68, "\u5e01\u5b89\u4eba\u751f": 0.712899, "JAAA": 1.041, "BDX": 0.086785, "JUP": 0.203822, "LIT": 2.62, "FIL": 0.775415, "ARB": 0.094692, "GHO": 0.99846, "PUMP": 0.0014421, "FLR": 0.00653513, "USD0": 0.998498, "XDC": 0.02713529, "YLDS": 0.999805, "USX": 0.999746}}