{"timestamp": 1780246695, "base": "USD", "data": {"BTC": 73416, "ETH": 1999.42, "USDT": 0.998508, "BNB": 707.51, "XRP": 1.33, "USDC": 0.999574, "SOL": 81.45, "TRX": 0.348523, "FIGR_HELOC": 1.017, "DOGE": 0.099206, "HYPE": 67.78, "USDS": 0.999599, "LEO": 10.0, "ZEC": 541.23, "RAIN": 0.01428043, "ADA": 0.232573, "XLM": 0.245775, "XMR": 361.14, "LINK": 9.02, "WBT": 53.76, "BCH": 298.33, "CC": 0.1545, "TON": 1.86, "USD1": 0.998296, "USDE": 0.998728, "DAI": 0.999392, "HBAR": 0.094509, "LTC": 51.5, "M": 2.97, "AVAX": 8.82, "SUI": 0.868915, "LAB": 8.11, "SHIB": 5.42e-06, "PYUSD": 0.999782, "CRO": 0.067015, "USYC": 1.13, "NEAR": 2.25, "XAUT": 4515.82, "USDG": 0.999906, "BUIDL": 1.0, "TAO": 250.76, "MNT": 0.660879, "USDY": 1.14, "PAXG": 4527.55, "DOT": 1.16, "OKB": 91.27, "UNI": 2.97, "WLFI": 0.058298, "ASTER": 0.71261, "ONDO": 0.355604, "RLUSD": 0.99971, "HTX": 1.84e-06, "USDF": 0.99488, "PI": 0.146392, "SKY": 0.065919, "BGB": 2.08, "ICP": 2.63, "USDD": 1.0, "PEPE": 3.35e-06, "MORPHO": 2.12, "BFUSD": 0.998066, "ETC": 8.06, "AAVE": 81.03, "ALGO": 0.126397, "WLD": 0.328889, "U": 0.999403, "USDTB": 0.998684, "KCS": 7.84, "RENDER": 2.01, "QNT": 70.31, "EUTBL": 1.23, "ATOM": 1.93, "BCAP": 107.16, "POL": 0.090054, "USTB": 11.1, "DEXE": 18.76, "STABLE": 0.03784614, "JTRSY": 1.1, "NEXO": 0.851427, "VVV": 17.76, "KAS": 0.03004327, "JST": 0.093019, "ENA": 0.086709, "GT": 7.21, "APT": 0.916255, "FIL": 0.925992, "H": 0.390761, "XDC": 0.03339964, "FLR": 0.00767096, "NIGHT": 0.03845761, "INJ": 6.36, "ARB": 0.100593, "BDX": 0.08024, "PUMP": 0.00173911, "JUP": 0.182365, "FET": 0.262236, "GHO": 0.999032, "HASH": 0.01067153, "USD0": 0.9985, "\u5e01\u5b89\u4eba\u751f": 0.552836}}