{"timestamp": 1778565556, "base": "USD", "data": {"BTC": 81234, "ETH": 2311.32, "USDT": 0.999594, "XRP": 1.46, "BNB": 662.82, "USDC": 0.999792, "SOL": 96.64, "TRX": 0.348591, "FIGR_HELOC": 1.03, "DOGE": 0.110405, "WBT": 59.68, "USDS": 0.999824, "ADA": 0.277785, "HYPE": 41.28, "LEO": 10.25, "ZEC": 558.05, "BCH": 445.56, "XMR": 418.68, "LINK": 10.5, "TON": 2.44, "CC": 0.16136, "XLM": 0.166693, "SUI": 1.29, "LTC": 58.29, "USD1": 0.998806, "DAI": 0.999704, "AVAX": 10.05, "M": 3.24, "HBAR": 0.096506, "USDE": 0.999424, "SHIB": 6.58e-06, "RAIN": 0.00751761, "CRO": 0.08169, "USDG": 0.999747, "PYUSD": 0.999806, "TAO": 322.47, "USYC": 1.12, "XAUT": 4707.23, "UNI": 3.84, "BUIDL": 1.0, "DOT": 1.36, "MNT": 0.691594, "PAXG": 4706.08, "WLFI": 0.06638, "ONDO": 0.431091, "NEAR": 1.54, "USDY": 1.13, "ICP": 3.32, "OKB": 86.9, "PEPE": 4.3e-06, "PI": 0.171358, "USDF": 0.998668, "HTX": 1.96e-06, "ASTER": 0.687476, "SKY": 0.075467, "RLUSD": 1.0, "AAVE": 100.22, "ETC": 9.63, "USDD": 0.999693, "BGB": 2.12, "MORPHO": 2.1, "BFUSD": 0.9991, "ENA": 0.12757, "KCS": 8.48, "JTRSY": 1.1, "ALGO": 0.12542, "POL": 0.102206, "KAS": 0.03939363, "QNT": 72.94, "ATOM": 2.05, "U": 0.99957, "USTB": 11.08, "RENDER": 1.92, "EUTBL": 1.24, "BCAP": 105.87, "WLD": 0.279611, "NEXO": 0.915064, "APT": 1.12, "SIREN": 1.21, "FIL": 1.11, "ARB": 0.139715, "VVV": 18.02, "STABLE": 0.0366095, "JUP": 0.23963, "GT": 7.4, "FLR": 0.00893245, "JST": 0.088972, "PUMP": 0.00203955, "VET": 0.00772008, "XDC": 0.0328742, "BONK": 7.44e-06, "PENGU": 0.01014853, "B": 0.630655, "BDX": 0.079749, "OUSG": 115.21, "DEXE": 12.72, "NIGHT": 0.03561839, "GHO": 0.999524, "DASH": 45.96, "TRUMP": 2.4}}