{"timestamp": 1782973931, "base": "USD", "data": {"BTC": 60401, "ETH": 1622.79, "USDT": 0.998657, "BNB": 550.47, "USDC": 0.999661, "XRP": 1.058, "SOL": 78.18, "TRX": 0.315522, "FIGR_HELOC": 1.036, "HYPE": 63.37, "DOGE": 0.072613, "RAIN": 0.01555241, "USDS": 0.999663, "LEO": 9.17, "ZEC": 422.89, "XLM": 0.196898, "WBT": 55.08, "ADA": 0.15462, "XMR": 306.6, "LINK": 7.46, "CC": 0.139203, "USD1": 0.998188, "DAI": 0.999696, "USDE": 0.99841, "BCH": 215.01, "GRAM": 1.56, "LTC": 42.69, "HBAR": 0.072724, "USYC": 1.13, "USDG": 0.999646, "SUI": 0.726319, "AVAX": 6.68, "LAB": 9.16, "PYUSD": 0.999907, "CRO": 0.055693, "SHIB": 4.29e-06, "XAUT": 4066.4, "NEAR": 1.91, "BUIDL": 1.0, "USDY": 1.13, "TAO": 204.24, "WLFI": 0.057949, "PAXG": 4068.75, "UNI": 2.83, "M": 1.33, "ASTER": 0.628808, "OKB": 79.52, "ONDO": 0.329661, "RLUSD": 0.999959, "HTX": 1.67e-06, "MORPHO": 2.19, "USDF": 0.99518, "DOT": 0.837349, "MNT": 0.426738, "USDD": 0.998747, "BFUSD": 0.998021, "WLD": 0.369076, "AAVE": 84.99, "PI": 0.115286, "SKY": 0.052553, "ICP": 2.16, "BGB": 1.7, "ETC": 7.01, "DEXE": 22.91, "U": 0.999403, "PEPE": 2.36e-06, "BCAP": 106.97, "QNT": 66.61, "KCS": 6.97, "EUTBL": 1.2, "BEAT": 2.86, "JTRSY": 1.11, "USTB": 11.13, "USDGO": 0.999811, "KAS": 0.03096176, "STABLE": 0.0345115, "RENDER": 1.54, "ATOM": 1.54, "JUP": 0.232153, "POL": 0.071689, "ALGO": 0.084834, "NEXO": 0.750045, "JST": 0.08789, "USDTB": 1.0, "\u5e01\u5b89\u4eba\u751f": 0.70345, "ENA": 0.075895, "ADI": 5.59, "GT": 6.55, "JAAA": 1.04, "BDX": 0.087327, "EURSAFO": 1.15, "VVV": 13.03, "PUMP": 0.0014931, "GHO": 0.997901, "FIL": 0.751419, "XDC": 0.02815079, "YLDS": 0.999666, "FLR": 0.00639459, "USD0": 0.998172, "LIT": 2.08}}