{"timestamp": 1778417954, "base": "USD", "data": {"BTC": 80891, "ETH": 2322.9, "USDT": 0.999835, "XRP": 1.42, "BNB": 649.26, "USDC": 0.999891, "SOL": 93.31, "TRX": 0.350634, "FIGR_HELOC": 1.029, "DOGE": 0.108082, "WBT": 59.59, "USDS": 0.999721, "HYPE": 42.7, "ADA": 0.27277, "ZEC": 597.15, "LEO": 10.21, "BCH": 452.96, "LINK": 10.49, "XMR": 405.53, "TON": 2.41, "CC": 0.152396, "XLM": 0.163095, "LTC": 58.41, "SUI": 1.12, "M": 3.42, "USD1": 0.99915, "DAI": 0.999683, "AVAX": 9.99, "HBAR": 0.095489, "USDE": 0.999532, "SHIB": 6.48e-06, "RAIN": 0.00756974, "PYUSD": 0.99975, "CRO": 0.072198, "TAO": 313.46, "USYC": 1.12, "XAUT": 4712.4, "USDG": 0.999947, "UNI": 3.99, "BUIDL": 1.0, "DOT": 1.36, "MNT": 0.685674, "PAXG": 4715.15, "WLFI": 0.06802, "NEAR": 1.57, "ONDO": 0.412362, "ICP": 3.41, "OKB": 88.21, "SKY": 0.078942, "ASTER": 0.707462, "PI": 0.173655, "PEPE": 4.26e-06, "USDF": 0.998929, "HTX": 1.96e-06, "RLUSD": 0.999854, "ETC": 9.6, "BGB": 2.14, "USDD": 1.0, "AAVE": 96.94, "MORPHO": 2.12, "USDY": 1.13, "BFUSD": 0.999305, "JTRSY": 1.1, "ENA": 0.128371, "ALGO": 0.128266, "KCS": 8.46, "POL": 0.102905, "QNT": 73.31, "RENDER": 2.01, "U": 0.999897, "KAS": 0.03714655, "EUTBL": 1.24, "USTB": 11.08, "ATOM": 1.95, "BCAP": 105.77, "NEXO": 0.922567, "FIL": 1.17, "WLD": 0.270071, "APT": 1.11, "ARB": 0.143498, "SIREN": 1.17, "GT": 7.44, "JUP": 0.245973, "PUMP": 0.00217386, "STABLE": 0.03390353, "JST": 0.084377, "FLR": 0.0083291, "VVV": 15.02, "VET": 0.00787753, "PENGU": 0.01044628, "BONK": 7.29e-06, "USDTB": 0.999554, "BDX": 0.079816, "DASH": 48.39, "OUSG": 115.18, "XDC": 0.02994222, "VIRTUAL": 0.900919, "GHO": 0.999687, "TRUMP": 2.46, "USD0": 0.998461}}