{"timestamp": 1783638212, "base": "USD", "data": {"BTC": 63157, "ETH": 1745.54, "USDT": 0.99919, "BNB": 569.74, "USDC": 0.99977, "XRP": 1.095, "SOL": 78.05, "TRX": 0.33221, "FIGR_HELOC": 1.002, "HYPE": 67.14, "DOGE": 0.073035, "USDS": 0.999728, "RAIN": 0.01442875, "LEO": 9.51, "ZEC": 481.59, "WBT": 55.78, "XLM": 0.186809, "ADA": 0.166907, "XMR": 314.07, "LINK": 7.75, "CC": 0.132716, "BCH": 237.81, "DAI": 0.999752, "USD1": 0.998841, "GRAM": 1.62, "USDE": 0.999633, "LTC": 43.91, "USDG": 0.999248, "USYC": 1.13, "HBAR": 0.070342, "SUI": 0.717374, "AVAX": 6.69, "PYUSD": 0.999674, "CRO": 0.056265, "SHIB": 4.28e-06, "XAUT": 4107.9, "NEAR": 1.92, "BUIDL": 1.0, "USDY": 1.14, "UNI": 3.42, "TAO": 212.44, "WLFI": 0.058598, "PAXG": 4113.4, "HTX": 1.85e-06, "ASTER": 0.62281, "OKB": 79.47, "M": 1.21, "RLUSD": 0.99995, "ONDO": 0.317255, "USDD": 0.997709, "MORPHO": 2.26, "USDF": 0.996711, "MNT": 0.428547, "DOT": 0.826688, "AAVE": 91.08, "WLD": 0.382147, "BFUSD": 0.998242, "SKY": 0.056159, "ICP": 2.34, "DEXE": 26.26, "BGB": 1.65, "ETC": 7.03, "PEPE": 2.61e-06, "PI": 0.098431, "U": 0.999744, "EUTBL": 1.21, "QNT": 68.29, "BCAP": 106.63, "KCS": 6.81, "JTRSY": 1.11, "STABLE": 0.03544759, "USDGO": 1.0, "JST": 0.099715, "USTB": 11.14, "POL": 0.076486, "KAS": 0.0295179, "RENDER": 1.55, "ATOM": 1.55, "ADI": 6.27, "EURSAFO": 1.15, "ALGO": 0.084905, "NEXO": 0.751039, "BDX": 0.09414, "ENA": 0.076656, "USDTB": 0.999802, "GT": 6.67, "JUP": 0.211396, "JAAA": 1.041, "\u5e01\u5b89\u4eba\u751f": 0.683923, "BEAT": 2.19, "FIL": 0.781116, "LIT": 2.39, "GHO": 0.998412, "PUMP": 0.001481, "FLR": 0.00660632, "ARB": 0.089312, "USD0": 0.998508, "YLDS": 0.999802, "VVV": 11.51, "XDC": 0.02699924}}