{"timestamp": 1783597925, "base": "USD", "data": {"BTC": 62616, "ETH": 1741.54, "USDT": 0.999086, "BNB": 568.73, "USDC": 0.999903, "XRP": 1.091, "SOL": 77.36, "TRX": 0.330604, "FIGR_HELOC": 1.034, "HYPE": 67.3, "DOGE": 0.0723, "USDS": 0.999701, "RAIN": 0.01452318, "LEO": 9.52, "ZEC": 466.49, "WBT": 55.36, "ADA": 0.169193, "XLM": 0.180442, "XMR": 317.75, "LINK": 7.72, "CC": 0.128802, "BCH": 236.67, "DAI": 0.999724, "USD1": 0.998892, "USDE": 0.999243, "GRAM": 1.6, "LTC": 43.76, "USDG": 0.999663, "USYC": 1.13, "HBAR": 0.070468, "SUI": 0.720326, "AVAX": 6.7, "PYUSD": 0.999813, "CRO": 0.056206, "SHIB": 4.28e-06, "XAUT": 4093.03, "NEAR": 1.9, "BUIDL": 1.0, "USDY": 1.14, "UNI": 3.35, "TAO": 205.11, "WLFI": 0.057991, "PAXG": 4097.08, "HTX": 1.88e-06, "ASTER": 0.620716, "OKB": 79.03, "M": 1.19, "RLUSD": 0.999832, "ONDO": 0.317452, "USDD": 0.99905, "USDF": 0.996533, "MNT": 0.427995, "DOT": 0.830727, "AAVE": 89.67, "WLD": 0.385366, "DEXE": 28.81, "MORPHO": 2.06, "SKY": 0.057206, "BFUSD": 0.998201, "ICP": 2.24, "BGB": 1.64, "ETC": 7.01, "PEPE": 2.61e-06, "PI": 0.098167, "U": 0.999869, "EUTBL": 1.2, "BCAP": 106.63, "QNT": 65.97, "KCS": 6.91, "JTRSY": 1.11, "USDGO": 1.0, "STABLE": 0.03499862, "JST": 0.096868, "USTB": 11.14, "POL": 0.076397, "ATOM": 1.56, "RENDER": 1.55, "KAS": 0.02910067, "BDX": 0.096641, "ALGO": 0.084882, "ADI": 6.01, "EURSAFO": 1.15, "NEXO": 0.736537, "ENA": 0.07638, "USDTB": 0.999858, "GT": 6.75, "JUP": 0.210208, "\u5e01\u5b89\u4eba\u751f": 0.695219, "JAAA": 1.041, "BEAT": 2.2, "LIT": 2.48, "FIL": 0.77357, "PUMP": 0.00150129, "GHO": 0.998162, "FLR": 0.00658355, "USD0": 0.998618, "ARB": 0.086503, "YLDS": 0.999831, "XDC": 0.02713915, "VVV": 11.25}}