{"timestamp": 1781884596, "base": "USD", "data": {"BTC": 63182, "ETH": 1706.7, "USDT": 0.999087, "BNB": 578.5, "USDC": 0.999858, "XRP": 1.14, "SOL": 69.26, "TRX": 0.320769, "FIGR_HELOC": 1.012, "HYPE": 69.34, "DOGE": 0.083167, "USDS": 0.999722, "RAIN": 0.01446962, "LEO": 9.54, "ZEC": 452.99, "XLM": 0.222117, "WBT": 52.18, "ADA": 0.161718, "CC": 0.154207, "XMR": 314.18, "LINK": 7.9, "USD1": 1.0, "LAB": 14.97, "USDE": 0.998857, "GRAM": 1.6, "DAI": 0.999816, "BCH": 197.0, "M": 2.93, "HBAR": 0.0811, "LTC": 44.33, "USYC": 1.13, "SUI": 0.714089, "SHIB": 4.77e-06, "USDG": 0.999904, "NEAR": 2.16, "PYUSD": 0.99981, "CRO": 0.058784, "AVAX": 6.12, "XAUT": 4140.16, "BUIDL": 1.0, "TAO": 224.2, "USDY": 1.13, "WLD": 0.614424, "UNI": 3.05, "PAXG": 4147.24, "WLFI": 0.058647, "MNT": 0.527678, "ONDO": 0.354825, "ASTER": 0.625666, "DOT": 0.967137, "RLUSD": 1.0, "HTX": 1.72e-06, "OKB": 74.1, "USDF": 0.996062, "PI": 0.134153, "USDD": 0.999215, "SKY": 0.05809, "BFUSD": 0.998904, "ICP": 2.25, "BGB": 1.76, "MORPHO": 1.9, "PEPE": 2.82e-06, "ETC": 7.37, "AAVE": 73.28, "QNT": 71.88, "USTB": 11.12, "U": 0.999999, "BCAP": 107.07, "KCS": 7.2, "EUTBL": 1.21, "ATOM": 1.82, "USDTB": 0.999754, "RENDER": 1.73, "JTRSY": 1.11, "ALGO": 0.09654, "POL": 0.080122, "KAS": 0.03008046, "ENA": 0.088781, "STABLE": 0.03354999, "NEXO": 0.784859, "DEXE": 16.54, "JAAA": 1.039, "\u5e01\u5b89\u4eba\u751f": 0.711677, "GT": 6.6, "JST": 0.079411, "VVV": 14.23, "FLR": 0.00740871, "BDX": 0.082492, "FIL": 0.800524, "JUP": 0.1889, "GHO": 0.998666, "XDC": 0.02971153, "YLDS": 0.999556, "EURSAFO": 1.15, "BEAT": 1.95, "USD0": 0.999377, "ARB": 0.084432, "APT": 0.638069, "HASH": 0.00966913, "NIGHT": 0.0310374}}