{"timestamp": 1782528473, "base": "USD", "data": {"BTC": 60210, "ETH": 1581.71, "USDT": 0.998571, "BNB": 567.26, "USDC": 0.999764, "XRP": 1.063, "SOL": 71.99, "TRX": 0.320581, "FIGR_HELOC": 1.028, "HYPE": 64.22, "DOGE": 0.075871, "RAIN": 0.01569769, "USDS": 0.999482, "LEO": 9.31, "ZEC": 418.13, "LAB": 19.31, "XMR": 319.84, "XLM": 0.174913, "CC": 0.152131, "WBT": 48.64, "ADA": 0.149239, "LINK": 7.39, "USD1": 0.999166, "DAI": 0.999547, "USDE": 0.998057, "GRAM": 1.55, "BCH": 197.31, "LTC": 42.25, "HBAR": 0.072325, "USYC": 1.13, "USDG": 0.999666, "AVAX": 6.63, "SUI": 0.707102, "PYUSD": 0.999725, "CRO": 0.054949, "SHIB": 4.29e-06, "XAUT": 4069.04, "NEAR": 1.83, "BUIDL": 1.0, "USDY": 1.13, "TAO": 214.19, "WLFI": 0.058638, "UNI": 2.97, "PAXG": 4074.41, "ASTER": 0.627702, "WLD": 0.471745, "OKB": 76.61, "RLUSD": 0.999994, "ONDO": 0.32043, "HTX": 1.68e-06, "AAVE": 97.08, "DOT": 0.85788, "MNT": 0.435498, "USDF": 0.993138, "PI": 0.12801, "USDD": 0.999431, "BFUSD": 0.998361, "ICP": 2.21, "SKY": 0.04994412, "BGB": 1.65, "MORPHO": 1.77, "ETC": 7.26, "DEXE": 22.01, "PEPE": 2.42e-06, "U": 0.999711, "BCAP": 107.03, "QNT": 66.99, "M": 0.736064, "EUTBL": 1.2, "KCS": 6.8, "STABLE": 0.03713715, "JTRSY": 1.11, "USDGO": 0.999876, "RENDER": 1.62, "ATOM": 1.59, "USTB": 11.13, "KAS": 0.02791345, "POL": 0.071657, "BEAT": 2.66, "JUP": 0.228623, "ALGO": 0.08459, "ENA": 0.079938, "USDTB": 0.999582, "NEXO": 0.735339, "\u5e01\u5b89\u4eba\u751f": 0.731197, "JST": 0.082543, "GT": 6.57, "JAAA": 1.039, "VVV": 13.73, "BDX": 0.08065, "EURSAFO": 1.15, "ADI": 4.77, "GHO": 0.997886, "FIL": 0.752253, "FLR": 0.00683774, "YLDS": 0.999816, "XDC": 0.02802299, "USD0": 0.998573, "PUMP": 0.00132147, "HASH": 0.00944249}}