{"timestamp": 1778466373, "base": "USD", "data": {"BTC": 81217, "ETH": 2350.14, "USDT": 0.999787, "XRP": 1.45, "BNB": 655.13, "USDC": 0.999869, "SOL": 95.58, "TRX": 0.349838, "FIGR_HELOC": 1.0, "DOGE": 0.109996, "WBT": 59.99, "USDS": 0.99991, "ADA": 0.278127, "HYPE": 42.46, "ZEC": 582.87, "LEO": 10.11, "BCH": 458.53, "LINK": 10.6, "XMR": 411.39, "TON": 2.42, "CC": 0.156148, "XLM": 0.166686, "SUI": 1.31, "LTC": 59.22, "DAI": 0.999691, "USD1": 0.999138, "AVAX": 10.07, "M": 3.33, "HBAR": 0.096083, "USDE": 0.999522, "SHIB": 6.53e-06, "RAIN": 0.00758623, "PYUSD": 1.0, "CRO": 0.074709, "TAO": 321.57, "USYC": 1.12, "XAUT": 4680.99, "USDG": 0.99978, "UNI": 3.95, "BUIDL": 1.0, "MNT": 0.706429, "DOT": 1.36, "PAXG": 4680.02, "WLFI": 0.068013, "ONDO": 0.427001, "NEAR": 1.54, "OKB": 88.08, "ICP": 3.33, "SKY": 0.078591, "PI": 0.174335, "PEPE": 4.32e-06, "ASTER": 0.700228, "HTX": 1.97e-06, "USDF": 0.998345, "RLUSD": 0.999898, "ETC": 9.85, "AAVE": 100.26, "BGB": 2.16, "USDD": 0.999705, "MORPHO": 2.16, "USDY": 1.13, "BFUSD": 0.999199, "JTRSY": 1.1, "ENA": 0.129057, "KCS": 8.51, "ALGO": 0.12584, "POL": 0.103917, "QNT": 73.81, "KAS": 0.03849364, "RENDER": 1.98, "U": 1.0, "ATOM": 2.02, "EUTBL": 1.24, "USTB": 11.08, "BCAP": 105.77, "WLD": 0.278607, "NEXO": 0.919891, "APT": 1.12, "FIL": 1.14, "ARB": 0.142399, "JUP": 0.256983, "GT": 7.52, "SIREN": 1.16, "STABLE": 0.03431977, "PUMP": 0.00215232, "FLR": 0.0086303, "JST": 0.085491, "VVV": 15.13, "VET": 0.007787, "BONK": 7.51e-06, "PENGU": 0.01035542, "USDTB": 1.014, "XDC": 0.03161391, "BDX": 0.080093, "OUSG": 115.18, "DASH": 46.64, "DEXE": 12.61, "GHO": 0.999727, "VIRTUAL": 0.884018, "TRUMP": 2.46}}