{"timestamp": 1777312570, "base": "USD", "data": {"BTC": 76738, "ETH": 2287.84, "USDT": 0.999909, "XRP": 1.39, "BNB": 623.33, "USDC": 0.999931, "SOL": 84.48, "TRX": 0.325485, "FIGR_HELOC": 1.034, "DOGE": 0.09773, "WBT": 54.29, "USDS": 0.99963, "HYPE": 41.68, "LEO": 10.33, "ADA": 0.245251, "BCH": 448.1, "XMR": 385.07, "LINK": 9.22, "ZEC": 357.35, "CC": 0.148829, "XLM": 0.164637, "M": 3.89, "DAI": 0.999506, "USD1": 0.999789, "LTC": 55.38, "AVAX": 9.17, "HBAR": 0.08947, "USDE": 0.999118, "SUI": 0.925558, "SHIB": 6.1e-06, "RAIN": 0.00738143, "PYUSD": 0.999938, "TON": 1.3, "CRO": 0.069465, "USYC": 1.12, "XAUT": 4671.07, "USDG": 0.999796, "TAO": 247.3, "WLFI": 0.072793, "BUIDL": 1.0, "PAXG": 4671.85, "MNT": 0.635547, "DOT": 1.22, "UNI": 3.21, "SKY": 0.087329, "PI": 0.1806, "USDF": 0.997249, "OKB": 83.6, "NEAR": 1.35, "HTX": 1.83e-06, "PEPE": 3.82e-06, "ASTER": 0.64647, "RLUSD": 0.999888, "AAVE": 96.79, "USDD": 0.999253, "JTRSY": 1.1, "BGB": 1.97, "ICP": 2.4, "BFUSD": 0.999293, "USDY": 1.12, "ETC": 8.32, "ONDO": 0.261988, "MORPHO": 1.93, "GT": 7.27, "KCS": 8.41, "ALGO": 0.117792, "USTB": 11.06, "PUMP": 0.00175426, "EUTBL": 1.23, "U": 0.999932, "QNT": 69.98, "ATOM": 1.98, "POL": 0.091174, "ENA": 0.106193, "RENDER": 1.77, "KAS": 0.03303564, "NEXO": 0.896053, "WLD": 0.250426, "STABLE": 0.03562626, "APT": 0.953263, "ARB": 0.12485, "BCAP": 82.76, "FIL": 0.909649, "JST": 0.082151, "JUP": 0.192596, "DEXE": 14.32, "FLR": 0.00767245, "PENGU": 0.00996764, "VET": 0.00718989, "BDX": 0.079772, "HASH": 0.01053947, "OUSG": 115.03, "XDC": 0.02963529, "USDTB": 0.999986, "TRUMP": 2.51, "GHO": 0.998979, "NIGHT": 0.03465748, "USD0": 0.998049, "BONK": 6.17e-06, "YLDS": 0.99994}}