{"timestamp": 1778366078, "base": "USD", "data": {"BTC": 80675, "ETH": 2327.88, "USDT": 0.99984, "XRP": 1.42, "BNB": 650.77, "USDC": 0.99982, "SOL": 93.27, "TRX": 0.350329, "FIGR_HELOC": 1.027, "DOGE": 0.109172, "WBT": 59.6, "USDS": 0.999855, "HYPE": 43.03, "ADA": 0.272135, "ZEC": 593.75, "LEO": 10.31, "BCH": 449.78, "XMR": 413.88, "LINK": 10.39, "TON": 2.44, "CC": 0.156162, "XLM": 0.162906, "LTC": 58.2, "M": 3.45, "USD1": 0.999736, "DAI": 0.999701, "AVAX": 9.96, "SUI": 1.073, "HBAR": 0.092974, "USDE": 0.999261, "SHIB": 6.39e-06, "RAIN": 0.00744356, "PYUSD": 0.999893, "CRO": 0.070803, "USYC": 1.12, "TAO": 308.75, "XAUT": 4709.2, "USDG": 0.999909, "BUIDL": 1.0, "UNI": 3.72, "DOT": 1.35, "MNT": 0.684958, "WLFI": 0.070002, "PAXG": 4712.69, "ONDO": 0.423759, "NEAR": 1.56, "ICP": 3.58, "OKB": 88.05, "SKY": 0.079601, "PI": 0.173898, "ASTER": 0.69836, "PEPE": 4.25e-06, "HTX": 1.97e-06, "USDF": 0.997915, "RLUSD": 0.999965, "ETC": 9.6, "BGB": 2.13, "USDD": 1.0, "AAVE": 95.9, "MORPHO": 2.13, "USDY": 1.13, "BFUSD": 0.9992, "JTRSY": 1.1, "ENA": 0.130265, "ALGO": 0.129611, "KCS": 8.42, "QNT": 74.01, "POL": 0.101065, "RENDER": 2.01, "U": 1.0, "KAS": 0.03724976, "EUTBL": 1.24, "USTB": 11.08, "ATOM": 1.93, "SIREN": 1.34, "BCAP": 105.77, "FIL": 1.22, "NEXO": 0.912116, "WLD": 0.272033, "APT": 1.11, "ARB": 0.14227, "GT": 7.5, "JUP": 0.248979, "PUMP": 0.00215604, "STABLE": 0.03398124, "VVV": 16.44, "JST": 0.083575, "FLR": 0.00817842, "PENGU": 0.01076013, "VET": 0.0076017, "BONK": 7.24e-06, "DASH": 49.78, "USDTB": 0.99937, "BDX": 0.079794, "SKYAI": 0.618438, "VIRTUAL": 0.930644, "OUSG": 115.18, "XDC": 0.03018046, "GHO": 0.999741, "TRUMP": 2.46}}