{"timestamp": 1784598747, "base": "USD", "data": {"BTC": 65257, "ETH": 1908.59, "USDT": 0.999258, "BNB": 572.41, "USDC": 0.999949, "XRP": 1.11, "SOL": 77.91, "TRX": 0.326369, "FIGR_HELOC": 1.001, "HYPE": 62.35, "DOGE": 0.072215, "USDS": 0.999823, "RAIN": 0.01408746, "ZEC": 544.53, "LEO": 9.72, "WBT": 56.95, "LINK": 8.61, "XLM": 0.187469, "XMR": 337.81, "ADA": 0.170112, "CC": 0.124134, "DAI": 0.999798, "BCH": 220.84, "USD1": 0.999202, "USDE": 0.999888, "GRAM": 1.43, "LTC": 47.27, "USDG": 0.999238, "SUI": 0.764927, "USYC": 1.13, "HBAR": 0.066783, "AVAX": 6.6, "PYUSD": 0.99979, "CRO": 0.057528, "NEAR": 1.99, "BUIDL": 1.0, "SHIB": 4.24e-06, "XAUT": 4021.2, "UNI": 3.66, "USDY": 1.13, "TAO": 194.19, "WLFI": 0.056936, "PAXG": 4018.24, "ONDO": 0.358755, "OKB": 81.41, "DEXE": 36.43, "ASTER": 0.62818, "HTX": 1.85e-06, "RLUSD": 1.0, "M": 1.19, "USDD": 0.999162, "SKY": 0.062312, "USDF": 0.995435, "MNT": 0.424875, "DOT": 0.827961, "AAVE": 90.73, "WLD": 0.380847, "BFUSD": 0.998293, "MORPHO": 1.99, "PEPE": 2.92e-06, "ICP": 2.21, "BGB": 1.65, "ETC": 6.91, "U": 1.0, "EUTBL": 1.2, "USDGO": 1.0, "PI": 0.09104, "BCAP": 106.19, "QNT": 64.1, "KCS": 6.71, "STABLE": 0.03624439, "JTRSY": 1.11, "POL": 0.080348, "ADI": 6.74, "EURSAFO": 1.15, "JST": 0.10196, "PUMP": 0.00200477, "ENA": 0.082968, "RENDER": 1.52, "KAS": 0.02835961, "ATOM": 1.49, "USTB": 11.15, "NEXO": 0.767852, "ALGO": 0.083163, "BEAT": 2.37, "GT": 6.75, "JAAA": 1.041, "BDX": 0.083584, "JUP": 0.197131, "GHO": 0.998688, "\u5e01\u5b89\u4eba\u751f": 0.635259, "ARB": 0.090312, "FIL": 0.734196, "XDC": 0.02836288, "YLDS": 0.999881, "FLR": 0.00648624, "VVV": 11.69, "USD0": 0.999011, "LIT": 2.2, "INJ": 5.32}}