{"timestamp": 1784425971, "base": "USD", "data": {"BTC": 64726, "ETH": 1858.08, "USDT": 0.99933, "BNB": 569.92, "USDC": 0.999858, "XRP": 1.093, "SOL": 75.57, "TRX": 0.325633, "FIGR_HELOC": 1.042, "HYPE": 60.56, "DOGE": 0.072441, "USDS": 0.999802, "RAIN": 0.01468925, "ZEC": 553.46, "LEO": 9.81, "WBT": 56.37, "XLM": 0.186739, "XMR": 336.8, "LINK": 8.33, "ADA": 0.166677, "CC": 0.124186, "DAI": 0.999791, "BCH": 219.53, "USD1": 0.999179, "USDE": 0.999911, "GRAM": 1.46, "LTC": 46.84, "USDG": 1.001, "SUI": 0.741441, "USYC": 1.13, "HBAR": 0.067165, "PYUSD": 0.999866, "AVAX": 6.58, "CRO": 0.059505, "BUIDL": 1.0, "NEAR": 1.92, "XAUT": 4010.0, "SHIB": 4.13e-06, "UNI": 3.52, "USDY": 1.14, "TAO": 195.31, "WLFI": 0.057121, "PAXG": 4008.52, "OKB": 80.84, "ASTER": 0.622831, "ONDO": 0.343052, "DEXE": 35.36, "M": 1.24, "HTX": 1.83e-06, "RLUSD": 1.0, "USDD": 0.999228, "SKY": 0.061591, "USDF": 0.995583, "DOT": 0.832884, "MNT": 0.419577, "AAVE": 89.78, "WLD": 0.375469, "MORPHO": 2.01, "BFUSD": 0.998471, "ICP": 2.17, "BGB": 1.65, "PEPE": 2.74e-06, "ETC": 7.01, "U": 1.0, "USDGO": 0.999832, "EUTBL": 1.21, "BCAP": 106.19, "QNT": 64.06, "PI": 0.084404, "KCS": 6.63, "STABLE": 0.03578528, "JTRSY": 1.11, "POL": 0.080856, "EURSAFO": 1.15, "JST": 0.098526, "ADI": 6.36, "ATOM": 1.5, "ENA": 0.080497, "RENDER": 1.48, "USTB": 11.15, "KAS": 0.02777596, "NEXO": 0.757504, "ALGO": 0.082707, "BEAT": 2.35, "GT": 6.72, "JAAA": 1.041, "\u5e01\u5b89\u4eba\u751f": 0.682224, "PUMP": 0.00165101, "BDX": 0.083026, "GHO": 0.998976, "JUP": 0.195124, "FIL": 0.748406, "FLR": 0.00656611, "VVV": 11.94, "XDC": 0.0280441, "ARB": 0.087757, "LIT": 2.23, "YLDS": 0.9999, "USD0": 0.998785, "USX": 0.999904}}