{"timestamp": 1782518214, "base": "USD", "data": {"BTC": 59986, "ETH": 1575.92, "USDT": 0.99866, "BNB": 566.84, "USDC": 0.999796, "XRP": 1.047, "SOL": 71.84, "TRX": 0.320114, "FIGR_HELOC": 1.006, "HYPE": 64.34, "DOGE": 0.075722, "RAIN": 0.01569883, "USDS": 0.999537, "LEO": 9.28, "ZEC": 418.09, "LAB": 19.84, "XLM": 0.177556, "XMR": 320.52, "CC": 0.151347, "WBT": 48.48, "ADA": 0.148322, "LINK": 7.34, "USD1": 0.999388, "DAI": 0.999722, "USDE": 0.998149, "GRAM": 1.55, "BCH": 197.18, "LTC": 41.86, "USYC": 1.13, "HBAR": 0.07087, "USDG": 0.999914, "AVAX": 6.57, "SUI": 0.697912, "PYUSD": 0.999955, "CRO": 0.054846, "SHIB": 4.24e-06, "XAUT": 4070.41, "NEAR": 1.8, "BUIDL": 1.0, "USDY": 1.13, "TAO": 214.06, "PAXG": 4075.98, "UNI": 2.96, "WLFI": 0.057778, "ASTER": 0.629508, "WLD": 0.466687, "OKB": 75.26, "RLUSD": 1.0, "ONDO": 0.316801, "HTX": 1.68e-06, "MNT": 0.438637, "AAVE": 95.18, "DOT": 0.851449, "USDF": 0.99315, "PI": 0.12871, "USDD": 0.998412, "BFUSD": 0.998441, "ICP": 2.2, "SKY": 0.04992532, "BGB": 1.64, "MORPHO": 1.77, "ETC": 7.25, "U": 0.999899, "M": 0.768803, "DEXE": 21.47, "PEPE": 2.38e-06, "QNT": 67.59, "BCAP": 107.03, "EUTBL": 1.2, "KCS": 6.78, "STABLE": 0.0373452, "JTRSY": 1.11, "USDGO": 1.0, "ATOM": 1.6, "RENDER": 1.57, "JUP": 0.232621, "KAS": 0.02807214, "USTB": 11.13, "POL": 0.071723, "BEAT": 2.62, "ALGO": 0.082932, "ENA": 0.079407, "USDTB": 0.999952, "NEXO": 0.728625, "\u5e01\u5b89\u4eba\u751f": 0.727424, "BDX": 0.081123, "JST": 0.081875, "GT": 6.56, "JAAA": 1.039, "VVV": 13.7, "EURSAFO": 1.15, "ADI": 4.77, "GHO": 0.997899, "FLR": 0.00680261, "FIL": 0.744071, "YLDS": 0.999795, "XDC": 0.02801909, "USD0": 0.998725, "PUMP": 0.00134077, "HASH": 0.00940596}}