{"timestamp": 1782163713, "base": "USD", "data": {"BTC": 64222, "ETH": 1730.95, "USDT": 0.998949, "BNB": 590.57, "USDC": 0.999847, "XRP": 1.13, "SOL": 72.61, "TRX": 0.333271, "FIGR_HELOC": 1.034, "HYPE": 66.95, "DOGE": 0.082595, "USDS": 0.999617, "RAIN": 0.01602374, "LEO": 9.51, "ZEC": 449.55, "XLM": 0.204312, "XMR": 331.18, "WBT": 52.52, "LINK": 7.89, "ADA": 0.158646, "CC": 0.150843, "LAB": 16.47, "USD1": 0.999844, "DAI": 0.999785, "GRAM": 1.69, "USDE": 0.998912, "BCH": 197.96, "M": 2.91, "LTC": 44.53, "HBAR": 0.079095, "USYC": 1.13, "SUI": 0.720098, "USDG": 1.0, "NEAR": 2.13, "SHIB": 4.66e-06, "PYUSD": 1.0, "AVAX": 6.25, "CRO": 0.058675, "XAUT": 4173.34, "BUIDL": 1.0, "TAO": 231.72, "WLD": 0.632221, "USDY": 1.14, "PAXG": 4182.89, "UNI": 3.0, "WLFI": 0.058658, "MNT": 0.532923, "ASTER": 0.633012, "OKB": 80.41, "RLUSD": 1.0, "ONDO": 0.330011, "DOT": 0.944963, "HTX": 1.75e-06, "USDF": 0.995961, "PI": 0.13538, "SKY": 0.059174, "USDD": 0.999934, "BFUSD": 0.998777, "ICP": 2.26, "BGB": 1.76, "PEPE": 2.81e-06, "MORPHO": 1.79, "AAVE": 75.03, "ETC": 7.22, "QNT": 70.08, "U": 0.999902, "USTB": 11.12, "KCS": 7.24, "BCAP": 107.03, "EUTBL": 1.2, "ATOM": 1.79, "USDTB": 0.9995, "JTRSY": 1.11, "RENDER": 1.66, "ENA": 0.092295, "STABLE": 0.03582286, "POL": 0.079729, "DEXE": 17.75, "KAS": 0.02947401, "ALGO": 0.090224, "NEXO": 0.786711, "JAAA": 1.039, "VVV": 15.45, "GT": 6.72, "JST": 0.08343, "\u5e01\u5b89\u4eba\u751f": 0.710255, "JUP": 0.210458, "FLR": 0.00740971, "BDX": 0.080992, "FIL": 0.790582, "GHO": 0.998305, "XDC": 0.02920637, "EURSAFO": 1.15, "YLDS": 0.99982, "USD0": 0.998978, "APT": 0.660864, "ADI": 4.33, "NIGHT": 0.03250046, "ARB": 0.083558, "AERO": 0.550239}}