{"timestamp": 1784568311, "base": "USD", "data": {"BTC": 65427, "ETH": 1897.69, "USDT": 0.999051, "BNB": 572.04, "USDC": 0.99983, "XRP": 1.11, "SOL": 77.55, "TRX": 0.3261, "FIGR_HELOC": 1.008, "HYPE": 61.99, "DOGE": 0.072897, "USDS": 0.999815, "RAIN": 0.01412399, "ZEC": 552.51, "LEO": 9.7, "WBT": 57.02, "XLM": 0.188928, "LINK": 8.53, "XMR": 336.57, "ADA": 0.166077, "CC": 0.123554, "DAI": 0.999751, "BCH": 217.3, "USD1": 0.998984, "USDE": 0.999845, "GRAM": 1.43, "LTC": 47.33, "USDG": 1.0, "SUI": 0.760945, "USYC": 1.13, "HBAR": 0.066606, "PYUSD": 0.999779, "AVAX": 6.57, "CRO": 0.057456, "BUIDL": 1.0, "NEAR": 1.97, "SHIB": 4.24e-06, "XAUT": 4009.47, "UNI": 3.6, "USDY": 1.14, "TAO": 195.96, "WLFI": 0.057333, "PAXG": 4004.82, "ONDO": 0.357584, "OKB": 81.46, "ASTER": 0.624862, "HTX": 1.84e-06, "RLUSD": 0.999624, "DEXE": 34.56, "M": 1.21, "USDD": 0.999055, "SKY": 0.061534, "USDF": 0.99552, "MNT": 0.425212, "DOT": 0.821185, "AAVE": 89.4, "WLD": 0.375863, "BFUSD": 0.99834, "MORPHO": 1.98, "PEPE": 2.89e-06, "ICP": 2.16, "BGB": 1.66, "PI": 0.099875, "ETC": 6.9, "U": 0.999401, "EUTBL": 1.2, "USDGO": 0.999734, "BCAP": 106.19, "QNT": 64.26, "KCS": 6.69, "STABLE": 0.03587932, "JTRSY": 1.11, "POL": 0.080264, "ADI": 6.7, "EURSAFO": 1.15, "JST": 0.099777, "PUMP": 0.00199026, "ENA": 0.0831, "RENDER": 1.51, "KAS": 0.02819998, "BEAT": 2.5, "ATOM": 1.49, "USTB": 11.15, "NEXO": 0.76097, "ALGO": 0.083166, "GT": 6.75, "JAAA": 1.041, "BDX": 0.083414, "JUP": 0.197001, "GHO": 0.998504, "\u5e01\u5b89\u4eba\u751f": 0.642956, "ARB": 0.090069, "FIL": 0.731119, "XDC": 0.02840681, "FLR": 0.00646928, "LIT": 2.23, "YLDS": 0.999849, "USD0": 0.998978, "VVV": 11.58, "INJ": 5.35}}