{"timestamp": 1784737137, "base": "USD", "data": {"BTC": 65987, "ETH": 1940.21, "USDT": 0.99944, "BNB": 571.54, "USDC": 0.999893, "XRP": 1.15, "SOL": 78.35, "TRX": 0.328216, "FIGR_HELOC": 1.005, "HYPE": 57.85, "DOGE": 0.073056, "RAIN": 0.01437232, "USDS": 0.999934, "LEO": 9.71, "ZEC": 511.83, "WBT": 57.68, "ADA": 0.177909, "XMR": 348.27, "XLM": 0.190456, "LINK": 8.68, "CC": 0.123832, "DAI": 0.999861, "BCH": 219.87, "USD1": 0.999137, "GRAM": 1.52, "USDE": 0.999962, "LTC": 46.84, "USDG": 0.999709, "HBAR": 0.072969, "SUI": 0.772012, "USYC": 1.13, "AVAX": 6.62, "PYUSD": 0.999873, "CRO": 0.058326, "XAUT": 4143.44, "BUIDL": 1.0, "SHIB": 4.25e-06, "NEAR": 1.89, "UNI": 3.84, "USDY": 1.14, "ONDO": 0.412175, "TAO": 200.03, "PAXG": 4145.08, "WLFI": 0.055776, "OKB": 82.06, "ASTER": 0.625185, "HTX": 1.84e-06, "RLUSD": 1.0, "M": 1.16, "USDD": 0.999574, "AAVE": 97.56, "SKY": 0.063616, "DOT": 0.845267, "USDF": 0.995788, "MNT": 0.424818, "WLD": 0.3834, "BFUSD": 0.9987, "ICP": 2.21, "MORPHO": 1.87, "PEPE": 2.88e-06, "BGB": 1.69, "ETC": 7.01, "U": 0.999408, "EUTBL": 1.2, "USDGO": 1.0, "PI": 0.091484, "BCAP": 106.2, "QNT": 63.97, "KCS": 6.78, "STABLE": 0.03577558, "JTRSY": 1.11, "ENA": 0.089794, "ADI": 6.83, "EURSAFO": 1.15, "POL": 0.07861, "JST": 0.101238, "BEAT": 2.64, "RENDER": 1.53, "KAS": 0.02827457, "PUMP": 0.00193608, "NEXO": 0.76586, "ATOM": 1.47, "USTB": 11.15, "ALGO": 0.08415, "GT": 6.68, "JAAA": 1.042, "GHO": 0.999079, "BDX": 0.081989, "JUP": 0.192287, "FIL": 0.770629, "ARB": 0.090977, "LIT": 2.39, "\u5e01\u5b89\u4eba\u751f": 0.596181, "VVV": 12.36, "FLR": 0.00670841, "XDC": 0.02843393, "YLDS": 0.999896, "USD0": 0.999342, "HASH": 0.00946964, "USX": 0.999936}}