{"timestamp": 1783813480, "base": "USD", "data": {"BTC": 63891, "ETH": 1789.5, "USDT": 0.99934, "BNB": 575.22, "USDC": 0.999811, "XRP": 1.098, "SOL": 76.91, "TRX": 0.329782, "FIGR_HELOC": 1.041, "HYPE": 67.03, "DOGE": 0.073373, "USDS": 0.999803, "RAIN": 0.01449775, "LEO": 9.52, "ZEC": 509.67, "WBT": 55.86, "XLM": 0.187367, "ADA": 0.165973, "XMR": 322.35, "LINK": 7.92, "CC": 0.134867, "BCH": 244.44, "DAI": 0.999806, "GRAM": 1.64, "USD1": 0.999384, "USDE": 0.999911, "LTC": 44.77, "USDG": 0.999531, "USYC": 1.13, "HBAR": 0.06861, "SUI": 0.730404, "BUIDL": 1.0, "PYUSD": 0.999776, "AVAX": 6.56, "CRO": 0.055815, "SHIB": 4.3e-06, "XAUT": 4095.79, "NEAR": 1.87, "UNI": 3.68, "USDY": 1.14, "TAO": 208.81, "WLFI": 0.05834, "PAXG": 4099.31, "DEXE": 38.96, "OKB": 80.45, "ASTER": 0.624706, "M": 1.26, "HTX": 1.84e-06, "ONDO": 0.324788, "USDD": 0.999223, "RLUSD": 0.999669, "AAVE": 98.51, "DOT": 0.852298, "USDF": 0.99556, "WLD": 0.396992, "MNT": 0.423238, "SKY": 0.058507, "MORPHO": 2.08, "BFUSD": 0.998889, "ICP": 2.26, "BGB": 1.64, "PEPE": 2.72e-06, "ETC": 6.97, "PI": 0.097997, "U": 0.999516, "EUTBL": 1.2, "BCAP": 106.63, "KCS": 7.03, "QNT": 65.91, "USDGO": 0.999991, "JTRSY": 1.11, "STABLE": 0.03550273, "JST": 0.101288, "POL": 0.079622, "ATOM": 1.58, "ADI": 6.51, "KAS": 0.02936589, "RENDER": 1.55, "USTB": 11.14, "EURSAFO": 1.15, "ENA": 0.080203, "ALGO": 0.084489, "NEXO": 0.747038, "USDTB": 1.001, "BEAT": 2.31, "GT": 6.67, "\u5e01\u5b89\u4eba\u751f": 0.688285, "BDX": 0.087099, "JAAA": 1.041, "JUP": 0.203747, "LIT": 2.59, "FIL": 0.772299, "ARB": 0.094869, "GHO": 0.998578, "FLR": 0.00665191, "PUMP": 0.00139612, "USD0": 0.998679, "XDC": 0.02719502, "YLDS": 0.9998, "APT": 0.624603}}