{"timestamp": 1779950705, "base": "USD", "data": {"BTC": 72737, "ETH": 1970.91, "USDT": 0.998266, "BNB": 630.85, "XRP": 1.28, "USDC": 0.999303, "SOL": 80.49, "TRX": 0.360438, "FIGR_HELOC": 1.035, "DOGE": 0.097384, "HYPE": 56.88, "USDS": 0.999479, "LEO": 10.06, "RAIN": 0.01420493, "ZEC": 523.29, "ADA": 0.228655, "XMR": 380.76, "BCH": 325.07, "LINK": 8.8, "WBT": 53.39, "CC": 0.153251, "XLM": 0.167791, "TON": 1.78, "USD1": 0.997588, "USDE": 0.998827, "DAI": 0.999858, "M": 2.99, "LTC": 50.39, "AVAX": 8.76, "SUI": 0.909093, "HBAR": 0.082625, "PYUSD": 0.999909, "SHIB": 5.27e-06, "NEAR": 2.37, "USYC": 1.12, "CRO": 0.065114, "USDG": 0.999809, "XAUT": 4373.29, "BUIDL": 1.0, "TAO": 255.16, "USDY": 1.13, "MNT": 0.620324, "PAXG": 4381.46, "DOT": 1.18, "UNI": 3.03, "WLFI": 0.057725, "OKB": 85.33, "USDF": 0.994768, "RLUSD": 0.99976, "ONDO": 0.356188, "HTX": 1.9e-06, "ASTER": 0.660239, "SKY": 0.065225, "PI": 0.142056, "ICP": 2.66, "USDD": 1.001, "PEPE": 3.32e-06, "BGB": 1.99, "MORPHO": 2.08, "BFUSD": 0.997602, "ETC": 8.15, "AAVE": 80.24, "USDTB": 0.999706, "ATOM": 2.07, "WLD": 0.305687, "KCS": 7.74, "EUTBL": 1.22, "RENDER": 1.99, "U": 0.999606, "QNT": 70.14, "BCAP": 107.16, "POL": 0.087053, "ALGO": 0.103328, "USTB": 11.09, "JTRSY": 1.1, "STABLE": 0.03726021, "KAS": 0.03084059, "NEXO": 0.82201, "JST": 0.094492, "ENA": 0.088344, "DEXE": 16.48, "FIL": 0.958742, "APT": 0.903185, "GT": 6.76, "VVV": 14.86, "FLR": 0.0078073, "ARB": 0.101379, "XDC": 0.03108676, "BDX": 0.077549, "PUMP": 0.00167026, "JUP": 0.177611, "NIGHT": 0.03522232, "GHO": 0.998483, "HASH": 0.01052746, "USD0": 0.998379, "APXUSD": 0.9994, "OUSG": 115.38, "INJ": 5.36, "A7A5": 0.01324268, "UB": 0.206047}}