{"timestamp": 1780957176, "base": "USD", "data": {"BTC": 63283, "ETH": 1691.25, "USDT": 0.99959, "BNB": 605.02, "USDC": 0.999621, "XRP": 1.17, "SOL": 67.0, "TRX": 0.326862, "FIGR_HELOC": 1.027, "HYPE": 63.11, "DOGE": 0.086726, "USDS": 0.999715, "LEO": 9.41, "RAIN": 0.01329557, "ZEC": 465.81, "XLM": 0.20364, "ADA": 0.170854, "CC": 0.163751, "XMR": 317.55, "LINK": 8.03, "WBT": 45.21, "TON": 1.73, "USD1": 0.999045, "USDE": 0.999495, "DAI": 0.999671, "BCH": 210.21, "M": 3.18, "LAB": 12.18, "HBAR": 0.081626, "LTC": 43.39, "SUI": 0.758445, "AVAX": 6.79, "USYC": 1.13, "SHIB": 4.75e-06, "PYUSD": 0.999878, "CRO": 0.062195, "NEAR": 2.14, "XAUT": 4306.04, "USDG": 1.0, "BUIDL": 1.0, "USDY": 1.13, "TAO": 216.03, "PAXG": 4316.48, "WLFI": 0.057624, "MNT": 0.549737, "ONDO": 0.370127, "WLD": 0.496453, "RLUSD": 0.999815, "DOT": 0.980904, "ASTER": 0.634187, "UNI": 2.55, "HTX": 1.75e-06, "OKB": 72.9, "USDF": 0.995152, "PI": 0.129851, "SKY": 0.058502, "USDD": 1.0, "BFUSD": 0.998999, "ICP": 2.37, "BGB": 1.84, "BEAT": 4.26, "PEPE": 2.82e-06, "MORPHO": 1.8, "ETC": 7.14, "USDTB": 1.0, "EUTBL": 1.21, "DEXE": 21.44, "U": 0.9999, "BCAP": 107.06, "QNT": 66.96, "AAVE": 63.97, "USTB": 11.11, "ATOM": 1.78, "KAS": 0.03238407, "SIREN": 1.21, "KCS": 6.45, "JTRSY": 1.11, "RENDER": 1.66, "POL": 0.078588, "ALGO": 0.093165, "ENA": 0.086742, "NEXO": 0.793407, "VVV": 16.86, "STABLE": 0.03350036, "\u5e01\u5b89\u4eba\u751f": 0.716421, "JST": 0.080313, "GT": 6.4, "FLR": 0.00731963, "XDC": 0.03128828, "FIL": 0.779252, "BDX": 0.078409, "GHO": 0.999361, "INJ": 5.77, "PUMP": 0.00163205, "APT": 0.67712, "USD0": 0.998523, "HASH": 0.0101309, "NIGHT": 0.03278461, "JUP": 0.16074, "YLDS": 0.999803}}