{"timestamp": 1782559295, "base": "USD", "data": {"BTC": 60232, "ETH": 1578.99, "USDT": 0.9985, "BNB": 562.14, "USDC": 0.999743, "XRP": 1.056, "SOL": 71.64, "TRX": 0.320574, "FIGR_HELOC": 1.028, "HYPE": 62.87, "DOGE": 0.075015, "USDS": 0.999432, "RAIN": 0.01558687, "LEO": 9.35, "ZEC": 405.95, "LAB": 19.23, "XMR": 317.74, "XLM": 0.174743, "CC": 0.150428, "WBT": 48.22, "LINK": 7.34, "ADA": 0.14688, "USD1": 0.998942, "DAI": 0.999598, "USDE": 0.997946, "GRAM": 1.57, "BCH": 196.44, "LTC": 42.57, "HBAR": 0.072217, "USYC": 1.13, "USDG": 0.999656, "SUI": 0.697872, "AVAX": 6.48, "PYUSD": 0.999666, "CRO": 0.054763, "SHIB": 4.24e-06, "XAUT": 4068.34, "NEAR": 1.81, "BUIDL": 1.0, "USDY": 1.13, "TAO": 212.42, "PAXG": 4073.32, "WLFI": 0.057765, "UNI": 2.91, "ASTER": 0.626523, "OKB": 77.56, "WLD": 0.461191, "RLUSD": 0.999813, "ONDO": 0.316148, "HTX": 1.68e-06, "AAVE": 95.22, "MNT": 0.436393, "DOT": 0.839389, "USDF": 0.993018, "PI": 0.127799, "USDD": 0.999021, "BFUSD": 0.998191, "ICP": 2.17, "BGB": 1.65, "MORPHO": 1.76, "ETC": 7.24, "SKY": 0.04861324, "M": 0.787765, "U": 0.9996, "PEPE": 2.39e-06, "BCAP": 107.03, "DEXE": 20.79, "QNT": 65.8, "EUTBL": 1.2, "KCS": 6.77, "STABLE": 0.03802765, "JTRSY": 1.11, "USDGO": 0.999722, "RENDER": 1.6, "ATOM": 1.59, "USTB": 11.13, "KAS": 0.02791267, "ALGO": 0.085151, "POL": 0.071137, "JUP": 0.224902, "USDTB": 0.999777, "NEXO": 0.727857, "ENA": 0.078195, "\u5e01\u5b89\u4eba\u751f": 0.727022, "JST": 0.084993, "BEAT": 2.5, "GT": 6.54, "JAAA": 1.039, "BDX": 0.082693, "VVV": 13.31, "EURSAFO": 1.15, "ADI": 4.81, "GHO": 0.997731, "FLR": 0.00677007, "FIL": 0.739201, "XDC": 0.02816338, "YLDS": 0.999768, "USD0": 0.99875, "HASH": 0.00994172, "VELVET": 1.28}}