{"timestamp": 1782138532, "base": "USD", "data": {"BTC": 65003, "ETH": 1757.97, "USDT": 0.998853, "BNB": 598.97, "USDC": 0.999707, "XRP": 1.15, "SOL": 73.98, "TRX": 0.331491, "FIGR_HELOC": 1.02, "HYPE": 68.68, "DOGE": 0.084255, "USDS": 0.9997, "RAIN": 0.01458497, "LEO": 9.53, "ZEC": 458.47, "XLM": 0.212979, "WBT": 53.28, "XMR": 327.6, "LINK": 8.05, "ADA": 0.161184, "CC": 0.150302, "USD1": 0.999152, "LAB": 14.97, "GRAM": 1.67, "USDE": 0.99885, "DAI": 0.999597, "BCH": 202.6, "M": 2.94, "LTC": 45.37, "HBAR": 0.079835, "USYC": 1.13, "SUI": 0.732795, "USDG": 0.999982, "SHIB": 4.74e-06, "NEAR": 2.14, "AVAX": 6.38, "PYUSD": 0.999751, "CRO": 0.059516, "XAUT": 4177.28, "BUIDL": 1.0, "TAO": 233.55, "WLD": 0.64128, "USDY": 1.13, "UNI": 3.07, "PAXG": 4185.47, "WLFI": 0.059198, "MNT": 0.537461, "ASTER": 0.639236, "OKB": 80.37, "ONDO": 0.338756, "DOT": 0.968143, "RLUSD": 1.0, "HTX": 1.75e-06, "PI": 0.135983, "USDF": 0.99491, "SKY": 0.059816, "USDD": 0.998941, "BFUSD": 0.99872, "ICP": 2.3, "BGB": 1.77, "PEPE": 2.88e-06, "MORPHO": 1.85, "ETC": 7.38, "AAVE": 75.6, "QNT": 72.75, "U": 0.999705, "USTB": 11.12, "KCS": 7.26, "BCAP": 107.07, "ATOM": 1.82, "EUTBL": 1.2, "USDTB": 0.999194, "ENA": 0.097608, "RENDER": 1.7, "JTRSY": 1.11, "POL": 0.07974, "STABLE": 0.0353705, "DEXE": 18.01, "KAS": 0.03004237, "ALGO": 0.091706, "NEXO": 0.793667, "VVV": 15.77, "JAAA": 1.039, "GT": 6.77, "JST": 0.08285, "\u5e01\u5b89\u4eba\u751f": 0.705101, "JUP": 0.2119, "FLR": 0.00739416, "FIL": 0.808961, "BDX": 0.081574, "GHO": 0.998195, "XDC": 0.02919895, "YLDS": 0.999701, "EURSAFO": 1.15, "APT": 0.67626, "USD0": 0.998978, "ARB": 0.085606, "NIGHT": 0.03272308, "ADI": 4.25, "PUMP": 0.00151621}}