{"timestamp": 1782947050, "base": "USD", "data": {"BTC": 60289, "ETH": 1615.51, "USDT": 0.998905, "BNB": 552.09, "USDC": 0.999675, "XRP": 1.058, "SOL": 77.67, "TRX": 0.316461, "FIGR_HELOC": 1.039, "HYPE": 63.01, "DOGE": 0.07286, "RAIN": 0.01554041, "USDS": 0.999663, "LEO": 9.23, "ZEC": 419.96, "XLM": 0.19904, "WBT": 55.04, "XMR": 309.64, "ADA": 0.155328, "LINK": 7.43, "CC": 0.140805, "USD1": 0.999252, "DAI": 0.999707, "USDE": 0.998494, "BCH": 213.17, "GRAM": 1.56, "LTC": 42.9, "HBAR": 0.071874, "USYC": 1.13, "USDG": 0.999537, "SUI": 0.720439, "AVAX": 6.71, "LAB": 8.98, "PYUSD": 0.999835, "CRO": 0.055941, "SHIB": 4.33e-06, "XAUT": 4035.74, "NEAR": 1.84, "BUIDL": 1.0, "USDY": 1.13, "TAO": 204.91, "WLFI": 0.057875, "PAXG": 4038.14, "UNI": 2.82, "ASTER": 0.629488, "OKB": 79.81, "M": 1.25, "RLUSD": 1.0, "ONDO": 0.324104, "HTX": 1.65e-06, "USDF": 0.995272, "DOT": 0.836009, "MNT": 0.423053, "USDD": 0.998966, "MORPHO": 2.1, "BFUSD": 0.998301, "AAVE": 84.06, "WLD": 0.360842, "PI": 0.115352, "SKY": 0.053238, "ICP": 2.18, "BGB": 1.6, "ETC": 7.02, "DEXE": 22.88, "U": 0.999405, "PEPE": 2.35e-06, "QNT": 67.26, "BCAP": 106.97, "KCS": 6.86, "EUTBL": 1.2, "BEAT": 2.91, "JTRSY": 1.11, "USTB": 11.13, "USDGO": 1.0, "KAS": 0.03100646, "STABLE": 0.03487144, "ATOM": 1.54, "RENDER": 1.52, "JUP": 0.235621, "ALGO": 0.085826, "POL": 0.071392, "NEXO": 0.756672, "JST": 0.088369, "USDTB": 1.0, "ADI": 5.62, "GT": 6.55, "\u5e01\u5b89\u4eba\u751f": 0.696041, "JAAA": 1.04, "BDX": 0.086971, "ENA": 0.071656, "EURSAFO": 1.15, "VVV": 13.54, "VELVET": 1.52, "GHO": 0.9981, "FIL": 0.740716, "PUMP": 0.00142196, "FLR": 0.0064537, "YLDS": 0.99972, "XDC": 0.02785023, "USD0": 0.998519}}