{"timestamp": 1779935328, "base": "USD", "data": {"BTC": 74110, "ETH": 2014.33, "USDT": 0.998483, "BNB": 644.7, "XRP": 1.3, "USDC": 0.9997, "SOL": 82.06, "TRX": 0.366699, "FIGR_HELOC": 1.033, "DOGE": 0.100219, "HYPE": 57.82, "USDS": 0.999566, "LEO": 10.06, "RAIN": 0.0144847, "ZEC": 532.57, "ADA": 0.236824, "XMR": 390.65, "BCH": 334.59, "LINK": 9.09, "WBT": 54.43, "CC": 0.155907, "XLM": 0.17676, "TON": 1.81, "USD1": 0.998053, "USDE": 0.998955, "DAI": 0.998833, "LTC": 51.72, "AVAX": 9.04, "M": 2.93, "SUI": 0.951107, "HBAR": 0.085251, "PYUSD": 0.999965, "SHIB": 5.42e-06, "NEAR": 2.42, "USYC": 1.12, "CRO": 0.066714, "USDG": 0.999637, "XAUT": 4397.83, "TAO": 262.44, "BUIDL": 1.0, "USDY": 1.13, "DOT": 1.23, "MNT": 0.625449, "PAXG": 4405.18, "UNI": 3.07, "WLFI": 0.0589, "ONDO": 0.37476, "OKB": 86.34, "RLUSD": 1.0, "USDF": 0.994018, "ASTER": 0.673353, "HTX": 1.91e-06, "SKY": 0.066296, "ICP": 2.78, "PI": 0.144989, "PEPE": 3.45e-06, "USDD": 0.999079, "BGB": 2.01, "MORPHO": 2.14, "BFUSD": 0.9984, "ETC": 8.38, "AAVE": 82.5, "WLD": 0.330396, "ATOM": 2.13, "RENDER": 2.07, "USDTB": 0.999171, "KCS": 7.88, "QNT": 72.28, "EUTBL": 1.22, "U": 0.9997, "BCAP": 107.16, "POL": 0.09004, "ALGO": 0.106395, "JTRSY": 1.1, "USTB": 11.09, "STABLE": 0.03830943, "KAS": 0.03179164, "ENA": 0.092155, "NEXO": 0.830558, "JST": 0.096396, "FIL": 1.044, "DEXE": 16.62, "APT": 0.945235, "VVV": 16.39, "GT": 6.9, "FLR": 0.00792256, "ARB": 0.106437, "PUMP": 0.00178659, "XDC": 0.03130228, "JUP": 0.185536, "BDX": 0.077903, "GHO": 0.998484, "NIGHT": 0.03464854, "HASH": 0.01049111, "USD0": 0.998469, "INJ": 5.46, "APXUSD": 0.999427, "OUSG": 115.38, "FET": 0.235698, "VET": 0.00609779}}