{"timestamp": 1783895934, "base": "USD", "data": {"BTC": 63769, "ETH": 1801.77, "USDT": 0.999384, "BNB": 573.62, "USDC": 0.999824, "XRP": 1.084, "SOL": 76.66, "TRX": 0.331202, "FIGR_HELOC": 1.041, "HYPE": 67.38, "DOGE": 0.072573, "USDS": 0.999738, "RAIN": 0.01443621, "ZEC": 536.01, "LEO": 9.55, "WBT": 55.89, "XLM": 0.18624, "XMR": 326.77, "ADA": 0.161585, "LINK": 7.97, "CC": 0.134015, "BCH": 241.62, "DAI": 0.999904, "USD1": 0.999173, "GRAM": 1.61, "USDE": 0.999735, "LTC": 44.11, "USDG": 1.0, "USYC": 1.13, "SUI": 0.734874, "HBAR": 0.06742, "BUIDL": 1.0, "PYUSD": 0.999669, "AVAX": 6.4, "CRO": 0.05565, "XAUT": 4074.93, "SHIB": 4.22e-06, "NEAR": 1.9, "UNI": 3.62, "DEXE": 46.64, "USDY": 1.13, "TAO": 209.73, "WLFI": 0.057651, "PAXG": 4076.84, "OKB": 80.57, "HTX": 1.85e-06, "ASTER": 0.620865, "M": 1.23, "USDD": 0.999227, "ONDO": 0.32206, "RLUSD": 0.999951, "AAVE": 97.74, "WLD": 0.416271, "DOT": 0.846026, "USDF": 0.996427, "SKY": 0.059416, "MNT": 0.417424, "BFUSD": 0.998799, "MORPHO": 1.97, "ICP": 2.23, "BGB": 1.67, "PEPE": 2.75e-06, "ETC": 6.85, "PI": 0.095643, "U": 0.999903, "EUTBL": 1.2, "BCAP": 106.63, "KCS": 7.07, "QNT": 65.25, "USDGO": 0.999919, "STABLE": 0.03678626, "JTRSY": 1.11, "ADI": 6.94, "JST": 0.101363, "POL": 0.080722, "ATOM": 1.57, "RENDER": 1.53, "BEAT": 2.56, "KAS": 0.02871503, "USTB": 11.14, "EURSAFO": 1.15, "ENA": 0.079796, "ALGO": 0.083108, "NEXO": 0.737623, "USDTB": 1.0, "\u5e01\u5b89\u4eba\u751f": 0.711909, "GT": 6.68, "JAAA": 1.041, "JUP": 0.200488, "BDX": 0.083561, "LIT": 2.62, "FIL": 0.768977, "GHO": 0.998455, "ARB": 0.093121, "PUMP": 0.00145171, "FLR": 0.00650826, "USD0": 0.998465, "XDC": 0.02711804, "YLDS": 0.999999, "USX": 0.999934}}