{"timestamp": 1778169655, "base": "USD", "data": {"BTC": 79879, "ETH": 2293.47, "USDT": 0.999938, "BNB": 642.53, "XRP": 1.39, "USDC": 0.999631, "SOL": 88.31, "TRX": 0.348257, "FIGR_HELOC": 1.01, "DOGE": 0.107956, "WBT": 58.42, "USDS": 0.999776, "HYPE": 42.15, "ADA": 0.262146, "LEO": 10.35, "ZEC": 563.35, "BCH": 451.76, "XMR": 411.24, "LINK": 9.87, "TON": 2.41, "CC": 0.146549, "XLM": 0.159007, "M": 3.63, "USD1": 1.0, "DAI": 0.99978, "LTC": 56.31, "AVAX": 9.42, "USDE": 0.999323, "SUI": 0.973164, "HBAR": 0.089692, "SHIB": 6.26e-06, "RAIN": 0.00746363, "PYUSD": 0.999853, "CRO": 0.06999, "USYC": 1.12, "TAO": 305.47, "XAUT": 4715.23, "USDG": 0.999871, "BUIDL": 1.0, "WLFI": 0.072981, "PAXG": 4719.9, "DOT": 1.3, "MNT": 0.662572, "UNI": 3.41, "NEAR": 1.48, "PI": 0.177475, "SKY": 0.07979, "OKB": 85.44, "USDF": 0.998237, "HTX": 1.97e-06, "ONDO": 0.358749, "PEPE": 4.12e-06, "ASTER": 0.661327, "ICP": 2.96, "RLUSD": 1.0, "BGB": 2.1, "USDD": 0.999783, "ETC": 9.21, "AAVE": 92.45, "USDY": 1.13, "MORPHO": 2.1, "BFUSD": 0.999401, "JTRSY": 1.1, "ALGO": 0.126761, "KCS": 8.29, "ENA": 0.118223, "POL": 0.098192, "U": 1.0, "USTB": 11.07, "RENDER": 1.96, "QNT": 69.61, "EUTBL": 1.24, "KAS": 0.03578732, "BCAP": 105.77, "ATOM": 1.88, "NEXO": 0.89417, "WLD": 0.251416, "FIL": 1.063, "GT": 7.26, "APT": 1.006, "ARB": 0.125742, "SIREN": 1.052, "STABLE": 0.03315271, "JST": 0.084273, "PUMP": 0.00197897, "JUP": 0.20069, "FLR": 0.00774637, "VET": 0.0077153, "PENGU": 0.0103683, "DASH": 50.69, "USDTB": 0.999665, "BDX": 0.079472, "OUSG": 115.16, "SKYAI": 0.596571, "HASH": 0.01143017, "BONK": 6.75e-06, "XDC": 0.02941974, "VIRTUAL": 0.887659, "GHO": 0.999544, "VVV": 12.58}}