{"timestamp": 1781695740, "base": "USD", "data": {"BTC": 64638, "ETH": 1764.34, "USDT": 0.999038, "BNB": 602.75, "USDC": 0.999731, "XRP": 1.19, "SOL": 71.93, "TRX": 0.319592, "FIGR_HELOC": 1.035, "HYPE": 71.0, "DOGE": 0.085612, "USDS": 0.999701, "LEO": 9.69, "RAIN": 0.01404963, "ZEC": 497.06, "XLM": 0.22038, "XMR": 339.6, "WBT": 53.08, "ADA": 0.168482, "CC": 0.16085, "LINK": 8.14, "USD1": 0.999936, "USDE": 0.998973, "GRAM": 1.65, "BCH": 211.42, "DAI": 0.999727, "M": 3.04, "LAB": 12.73, "LTC": 44.96, "HBAR": 0.079945, "SUI": 0.78558, "USYC": 1.13, "NEAR": 2.28, "AVAX": 6.8, "SHIB": 4.93e-06, "USDG": 1.0, "PYUSD": 0.999924, "CRO": 0.059007, "XAUT": 4306.01, "TAO": 250.71, "BUIDL": 1.0, "WLD": 0.648677, "USDY": 1.13, "UNI": 3.31, "PAXG": 4318.31, "WLFI": 0.060155, "MNT": 0.549569, "ONDO": 0.369486, "ASTER": 0.657492, "DOT": 1.004, "RLUSD": 1.0, "OKB": 74.51, "HTX": 1.7e-06, "USDF": 0.994323, "PI": 0.132598, "USDD": 0.999111, "SKY": 0.057972, "ICP": 2.41, "BFUSD": 0.998653, "BGB": 1.81, "MORPHO": 1.92, "PEPE": 2.92e-06, "ETC": 7.29, "AAVE": 74.53, "QNT": 70.48, "ATOM": 1.97, "U": 0.999501, "USTB": 11.12, "BCAP": 107.07, "KCS": 7.21, "EUTBL": 1.22, "USDTB": 0.999719, "KAS": 0.03191007, "RENDER": 1.69, "JTRSY": 1.11, "ALGO": 0.096233, "NEXO": 0.825092, "ENA": 0.088126, "POL": 0.076429, "STABLE": 0.03391247, "DEXE": 15.91, "VVV": 15.92, "GT": 6.74, "JST": 0.081837, "JAAA": 1.038, "\u5e01\u5b89\u4eba\u751f": 0.671045, "FLR": 0.00762937, "JUP": 0.1933, "FIL": 0.80538, "BDX": 0.079822, "XDC": 0.0300494, "GHO": 0.998805, "YLDS": 0.999953, "USD0": 0.998833, "APT": 0.658946, "EURSAFO": 1.17, "INJ": 5.43, "ARB": 0.085895, "BEAT": 1.79, "A7A5": 0.01315605}}