{"timestamp": 1783025725, "base": "USD", "data": {"BTC": 61378, "ETH": 1698.68, "USDT": 0.999058, "BNB": 557.22, "USDC": 0.99982, "XRP": 1.082, "SOL": 80.83, "TRX": 0.317381, "FIGR_HELOC": 1.034, "HYPE": 66.27, "DOGE": 0.074054, "RAIN": 0.01551214, "USDS": 0.999655, "LEO": 9.12, "ZEC": 433.26, "XLM": 0.197487, "WBT": 55.5, "ADA": 0.161631, "XMR": 314.69, "LINK": 7.73, "CC": 0.140086, "DAI": 0.999725, "USD1": 0.998554, "GRAM": 1.68, "USDE": 0.998556, "BCH": 220.57, "LAB": 11.41, "LTC": 43.32, "HBAR": 0.071626, "USYC": 1.13, "USDG": 1.0, "SUI": 0.734666, "AVAX": 6.74, "PYUSD": 0.999978, "CRO": 0.055887, "SHIB": 4.28e-06, "XAUT": 4110.45, "NEAR": 1.93, "BUIDL": 1.0, "USDY": 1.14, "M": 1.61, "TAO": 210.06, "UNI": 3.2, "PAXG": 4113.36, "WLFI": 0.058389, "ASTER": 0.634976, "OKB": 80.89, "RLUSD": 0.999799, "ONDO": 0.330382, "HTX": 1.67e-06, "MNT": 0.437795, "DOT": 0.842637, "USDF": 0.995401, "WLD": 0.399582, "USDD": 0.997142, "SKY": 0.05868, "MORPHO": 2.05, "BFUSD": 0.99869, "AAVE": 86.81, "PI": 0.117204, "ICP": 2.19, "BGB": 1.69, "ETC": 7.07, "DEXE": 22.97, "PEPE": 2.43e-06, "U": 0.999604, "KCS": 7.14, "QNT": 67.24, "EUTBL": 1.21, "BCAP": 106.97, "BEAT": 3.03, "USDGO": 1.0, "JTRSY": 1.11, "USTB": 11.13, "KAS": 0.03071933, "STABLE": 0.03487929, "RENDER": 1.58, "JUP": 0.244874, "ATOM": 1.55, "POL": 0.073777, "NEXO": 0.770403, "ALGO": 0.085506, "JST": 0.087771, "USDTB": 1.0, "ENA": 0.076558, "GT": 6.65, "ADI": 5.64, "BDX": 0.087716, "JAAA": 1.04, "\u5e01\u5b89\u4eba\u751f": 0.67534, "EURSAFO": 1.15, "PUMP": 0.0015417, "VVV": 13.22, "FIL": 0.773162, "GHO": 0.998071, "FLR": 0.00666902, "XDC": 0.02822101, "YLDS": 0.999765, "USD0": 0.998596, "NIGHT": 0.03185353}}