{"timestamp": 1782241466, "base": "USD", "data": {"BTC": 62197, "ETH": 1654.96, "USDT": 0.998838, "BNB": 573.4, "USDC": 0.999769, "XRP": 1.097, "SOL": 68.83, "TRX": 0.328993, "FIGR_HELOC": 1.033, "HYPE": 61.8, "DOGE": 0.078516, "USDS": 0.999648, "RAIN": 0.01561226, "LEO": 9.52, "ZEC": 412.86, "XLM": 0.193935, "WBT": 50.59, "XMR": 314.96, "CC": 0.152326, "LINK": 7.56, "ADA": 0.149903, "USD1": 0.999251, "LAB": 15.09, "DAI": 0.999773, "USDE": 0.998853, "GRAM": 1.56, "BCH": 190.47, "M": 2.87, "HBAR": 0.077206, "LTC": 41.95, "USYC": 1.13, "SUI": 0.696343, "USDG": 0.999696, "PYUSD": 0.999927, "AVAX": 6.3, "SHIB": 4.53e-06, "CRO": 0.056443, "NEAR": 1.98, "XAUT": 4103.89, "BUIDL": 1.0, "USDY": 1.13, "TAO": 215.76, "WLD": 0.537645, "WLFI": 0.05876, "PAXG": 4107.89, "UNI": 2.88, "MNT": 0.514634, "ASTER": 0.619777, "RLUSD": 0.999784, "OKB": 76.61, "HTX": 1.73e-06, "DOT": 0.898641, "ONDO": 0.310156, "USDF": 0.995586, "PI": 0.127641, "USDD": 0.999277, "BFUSD": 0.998389, "SKY": 0.05534, "BGB": 1.72, "ICP": 2.15, "PEPE": 2.68e-06, "AAVE": 71.91, "ETC": 6.91, "DEXE": 23.11, "MORPHO": 1.64, "QNT": 70.59, "U": 0.999798, "USTB": 11.12, "BCAP": 107.03, "KCS": 6.98, "EUTBL": 1.2, "USDTB": 0.999482, "ATOM": 1.72, "JTRSY": 1.11, "ALGO": 0.093681, "STABLE": 0.03462629, "POL": 0.07738, "RENDER": 1.56, "ENA": 0.085742, "KAS": 0.02866635, "NEXO": 0.76981, "JAAA": 1.039, "JST": 0.083357, "GT": 6.65, "\u5e01\u5b89\u4eba\u751f": 0.702168, "JUP": 0.201347, "VVV": 13.94, "BDX": 0.081629, "FIL": 0.77067, "FLR": 0.00703499, "GHO": 0.997992, "BEAT": 2.05, "XDC": 0.02908192, "EURSAFO": 1.15, "USD0": 0.998962, "ADI": 4.41, "YLDS": 0.999704, "NIGHT": 0.03177537, "APT": 0.632767, "HASH": 0.00946781}}