{"timestamp": 1780173989, "base": "USD", "data": {"BTC": 73831, "ETH": 2023.87, "USDT": 0.998614, "BNB": 718.55, "XRP": 1.35, "USDC": 0.999682, "SOL": 82.78, "TRX": 0.346772, "FIGR_HELOC": 1.018, "DOGE": 0.10112, "HYPE": 67.4, "USDS": 0.999574, "LEO": 10.06, "RAIN": 0.01435829, "ZEC": 532.96, "ADA": 0.236862, "XLM": 0.240317, "XMR": 380.95, "LINK": 9.24, "WBT": 54.16, "BCH": 305.52, "CC": 0.153763, "TON": 1.85, "USD1": 0.998586, "USDE": 0.998985, "DAI": 0.999613, "HBAR": 0.096512, "LTC": 52.46, "AVAX": 8.97, "M": 2.9, "SUI": 0.908449, "SHIB": 5.53e-06, "PYUSD": 0.999772, "CRO": 0.067827, "NEAR": 2.31, "USYC": 1.13, "XAUT": 4503.95, "USDG": 0.999917, "TAO": 254.41, "BUIDL": 1.0, "MNT": 0.692265, "USDY": 1.13, "PAXG": 4518.03, "DOT": 1.2, "ASTER": 0.759525, "UNI": 3.07, "WLFI": 0.059164, "OKB": 89.05, "ONDO": 0.357968, "RLUSD": 0.999799, "USDF": 0.994426, "HTX": 1.82e-06, "PI": 0.14455, "BGB": 2.14, "SKY": 0.064306, "ICP": 2.68, "PEPE": 3.43e-06, "USDD": 0.999816, "MORPHO": 2.17, "BFUSD": 0.998321, "ETC": 8.24, "WLD": 0.377134, "AAVE": 83.27, "ALGO": 0.127261, "RENDER": 2.08, "U": 0.99961, "KCS": 7.9, "USDTB": 0.998813, "QNT": 71.7, "ATOM": 2.03, "EUTBL": 1.23, "BCAP": 107.16, "POL": 0.090343, "USTB": 11.1, "JTRSY": 1.1, "STABLE": 0.036718, "KAS": 0.03092921, "NEXO": 0.845961, "DEXE": 18.01, "JST": 0.096659, "ENA": 0.088832, "VVV": 16.82, "APT": 0.945683, "FIL": 0.986618, "GT": 6.97, "H": 0.384165, "FLR": 0.00775456, "XDC": 0.03350109, "INJ": 6.6, "ARB": 0.104583, "NIGHT": 0.03854799, "PUMP": 0.00179278, "BDX": 0.080006, "FET": 0.273907, "JUP": 0.186162, "LAB": 7.83, "HASH": 0.01101293, "GHO": 0.998919, "USD0": 0.998442, "APXUSD": 0.999644}}