{"timestamp": 1783585785, "base": "USD", "data": {"BTC": 62981, "ETH": 1755.69, "USDT": 0.999164, "BNB": 572.28, "USDC": 0.999856, "XRP": 1.097, "SOL": 78.18, "TRX": 0.331171, "FIGR_HELOC": 1.034, "HYPE": 68.25, "DOGE": 0.072917, "USDS": 0.999777, "RAIN": 0.01454932, "LEO": 9.49, "ZEC": 468.45, "WBT": 55.75, "ADA": 0.167849, "XLM": 0.181081, "XMR": 324.57, "LINK": 7.74, "CC": 0.129376, "BCH": 238.88, "DAI": 0.99973, "USD1": 0.998529, "USDE": 0.998823, "GRAM": 1.59, "LTC": 44.05, "USDG": 1.0, "USYC": 1.13, "HBAR": 0.070662, "SUI": 0.725285, "AVAX": 6.73, "PYUSD": 0.999715, "CRO": 0.056523, "SHIB": 4.29e-06, "XAUT": 4101.8, "NEAR": 1.92, "BUIDL": 1.0, "USDY": 1.13, "UNI": 3.36, "TAO": 206.85, "WLFI": 0.058234, "PAXG": 4106.14, "HTX": 1.86e-06, "ASTER": 0.62392, "OKB": 79.34, "M": 1.2, "RLUSD": 0.999886, "ONDO": 0.318602, "USDD": 0.99951, "MNT": 0.431395, "USDF": 0.996502, "DOT": 0.833834, "WLD": 0.385073, "SKY": 0.057759, "MORPHO": 2.06, "AAVE": 88.5, "DEXE": 28.61, "BFUSD": 0.998151, "ICP": 2.25, "BGB": 1.65, "PEPE": 2.62e-06, "PI": 0.100703, "ETC": 7.01, "U": 0.9998, "EUTBL": 1.21, "BCAP": 106.63, "QNT": 66.25, "KCS": 6.9, "JTRSY": 1.11, "USDGO": 0.999998, "STABLE": 0.0352056, "JST": 0.096171, "USTB": 11.14, "ATOM": 1.57, "POL": 0.076076, "RENDER": 1.55, "KAS": 0.02917343, "ALGO": 0.08555, "BDX": 0.095987, "ADI": 5.99, "NEXO": 0.745498, "EURSAFO": 1.15, "ENA": 0.076518, "USDTB": 1.0, "GT": 6.77, "JUP": 0.214635, "\u5e01\u5b89\u4eba\u751f": 0.701187, "JAAA": 1.04, "BEAT": 2.19, "FIL": 0.777175, "LIT": 2.48, "PUMP": 0.00152338, "GHO": 0.998203, "FLR": 0.00660827, "USD0": 0.998609, "XDC": 0.02741668, "YLDS": 0.999831, "ARB": 0.085317, "VVV": 11.35}}