{"timestamp": 1781982711, "base": "USD", "data": {"BTC": 63826, "ETH": 1725.53, "USDT": 0.998903, "BNB": 585.39, "USDC": 0.999952, "XRP": 1.14, "SOL": 71.68, "TRX": 0.324882, "FIGR_HELOC": 1.034, "HYPE": 69.75, "DOGE": 0.083147, "USDS": 0.999716, "RAIN": 0.01438486, "LEO": 9.58, "ZEC": 467.63, "XLM": 0.212353, "WBT": 52.47, "ADA": 0.160847, "XMR": 314.07, "LINK": 7.89, "CC": 0.151386, "USD1": 0.999918, "USDE": 0.998876, "GRAM": 1.61, "DAI": 0.999627, "LAB": 13.06, "BCH": 198.39, "M": 2.82, "HBAR": 0.080007, "LTC": 44.08, "USYC": 1.13, "SUI": 0.703352, "USDG": 0.999703, "NEAR": 2.14, "PYUSD": 0.999524, "SHIB": 4.7e-06, "CRO": 0.058632, "AVAX": 6.08, "XAUT": 4140.8, "BUIDL": 1.0, "TAO": 228.33, "USDY": 1.14, "WLD": 0.601049, "PAXG": 4149.36, "UNI": 3.0, "WLFI": 0.057898, "MNT": 0.532941, "ASTER": 0.645547, "ONDO": 0.3374, "RLUSD": 0.999621, "DOT": 0.957774, "OKB": 75.16, "HTX": 1.72e-06, "USDF": 0.994665, "PI": 0.134338, "USDD": 0.998988, "SKY": 0.058052, "BFUSD": 0.998914, "ICP": 2.27, "BGB": 1.77, "PEPE": 2.81e-06, "MORPHO": 1.82, "ETC": 7.43, "AAVE": 73.67, "QNT": 70.75, "U": 0.999651, "USTB": 11.12, "BCAP": 107.07, "KCS": 7.18, "EUTBL": 1.21, "ATOM": 1.8, "USDTB": 0.99975, "RENDER": 1.71, "JTRSY": 1.11, "POL": 0.080257, "ALGO": 0.092795, "KAS": 0.0300564, "ENA": 0.087198, "NEXO": 0.792882, "STABLE": 0.03278395, "JAAA": 1.039, "DEXE": 15.54, "JST": 0.084064, "GT": 6.66, "\u5e01\u5b89\u4eba\u751f": 0.701181, "VVV": 14.38, "JUP": 0.201819, "FLR": 0.00734448, "BDX": 0.080034, "FIL": 0.780872, "GHO": 0.998295, "XDC": 0.02947539, "YLDS": 0.999755, "EURSAFO": 1.15, "USD0": 0.999229, "HASH": 0.01005115, "BEAT": 1.87, "NIGHT": 0.03199706, "ARB": 0.082896, "APT": 0.631939}}