{"timestamp": 1780692387, "base": "USD", "data": {"BTC": 61261, "ETH": 1599.17, "USDT": 0.999532, "BNB": 575.19, "USDC": 0.999885, "XRP": 1.11, "SOL": 64.45, "TRX": 0.322419, "FIGR_HELOC": 1.034, "HYPE": 59.12, "DOGE": 0.082124, "USDS": 0.999907, "LEO": 9.64, "RAIN": 0.01319137, "XLM": 0.199305, "ZEC": 367.91, "ADA": 0.162434, "XMR": 312.87, "CC": 0.145357, "LINK": 7.42, "WBT": 43.8, "USD1": 0.999062, "USDE": 0.9995, "BCH": 218.93, "DAI": 0.999857, "TON": 1.52, "M": 2.9, "HBAR": 0.080446, "LTC": 43.38, "LAB": 9.9, "AVAX": 6.87, "PYUSD": 0.999845, "SUI": 0.706542, "USYC": 1.13, "SHIB": 4.59e-06, "XAUT": 4302.99, "CRO": 0.05833, "NEAR": 2.01, "USDG": 1.0, "BUIDL": 1.0, "USDY": 1.13, "PAXG": 4321.4, "TAO": 197.14, "WLFI": 0.056264, "WLD": 0.515847, "MNT": 0.518246, "RLUSD": 0.999835, "ONDO": 0.337246, "ASTER": 0.618951, "DOT": 0.945588, "HTX": 1.74e-06, "UNI": 2.46, "OKB": 70.6, "USDF": 0.995248, "USDD": 0.999764, "SKY": 0.058864, "PI": 0.124305, "BFUSD": 0.998968, "ICP": 2.32, "BGB": 1.82, "PEPE": 2.75e-06, "H": 0.590638, "MORPHO": 1.67, "ETC": 6.81, "USDTB": 0.999902, "U": 0.999996, "EUTBL": 1.21, "BCAP": 107.06, "USTB": 11.1, "QNT": 66.08, "AAVE": 62.13, "DEXE": 19.86, "RENDER": 1.68, "JTRSY": 1.11, "KCS": 6.36, "KAS": 0.03099061, "ATOM": 1.66, "ENA": 0.090812, "ALGO": 0.093608, "POL": 0.074442, "VVV": 16.36, "STABLE": 0.03234511, "NEXO": 0.738684, "JST": 0.080946, "\u5e01\u5b89\u4eba\u751f": 0.691398, "GT": 6.19, "BDX": 0.078934, "FIL": 0.740802, "GHO": 0.999124, "XDC": 0.02910053, "FLR": 0.00674541, "USD0": 0.998603, "APT": 0.672859, "YLDS": 0.999838, "JUP": 0.159364, "SIREN": 0.725189, "NIGHT": 0.03167904, "A7A5": 0.01309678, "BEAT": 1.77, "HASH": 0.00946949}}