{"timestamp": 1781741348, "base": "USD", "data": {"BTC": 64560, "ETH": 1752.32, "USDT": 0.999129, "BNB": 601.84, "USDC": 0.999785, "XRP": 1.19, "SOL": 72.11, "TRX": 0.321597, "FIGR_HELOC": 1.022, "HYPE": 71.5, "DOGE": 0.086029, "USDS": 0.999646, "RAIN": 0.01459307, "LEO": 9.7, "ZEC": 479.88, "XLM": 0.225915, "XMR": 337.84, "CC": 0.162592, "WBT": 53.23, "ADA": 0.167197, "LINK": 8.1, "USD1": 0.999648, "USDE": 0.999115, "GRAM": 1.67, "BCH": 212.66, "DAI": 0.999751, "LAB": 12.9, "M": 2.93, "HBAR": 0.081272, "LTC": 44.88, "SUI": 0.767722, "USYC": 1.13, "SHIB": 4.95e-06, "AVAX": 6.77, "NEAR": 2.18, "USDG": 1.0, "PYUSD": 1.0, "CRO": 0.059195, "XAUT": 4270.96, "BUIDL": 1.0, "TAO": 246.87, "WLD": 0.66059, "USDY": 1.13, "UNI": 3.22, "WLFI": 0.062672, "PAXG": 4279.75, "ASTER": 0.715597, "MNT": 0.542451, "ONDO": 0.365711, "DOT": 1.005, "RLUSD": 1.0, "HTX": 1.73e-06, "OKB": 73.76, "USDF": 0.994462, "PI": 0.132218, "USDD": 0.999089, "SKY": 0.057006, "BFUSD": 0.999184, "ICP": 2.35, "MORPHO": 1.99, "BGB": 1.81, "PEPE": 2.95e-06, "ETC": 7.33, "AAVE": 73.97, "QNT": 70.61, "U": 0.9996, "USTB": 11.12, "KCS": 7.26, "ATOM": 1.9, "BCAP": 107.07, "EUTBL": 1.21, "USDTB": 0.999815, "ENA": 0.096098, "ALGO": 0.099306, "RENDER": 1.7, "KAS": 0.03189205, "JTRSY": 1.11, "POL": 0.076898, "NEXO": 0.818988, "STABLE": 0.03410896, "VVV": 15.8, "GT": 6.73, "JST": 0.083669, "JAAA": 1.038, "\u5e01\u5b89\u4eba\u751f": 0.682575, "DEXE": 14.51, "FLR": 0.00754163, "FIL": 0.800858, "JUP": 0.189862, "BDX": 0.079826, "XDC": 0.02999436, "GHO": 0.998687, "APT": 0.673754, "YLDS": 0.999733, "USD0": 0.998913, "EURSAFO": 1.16, "ARB": 0.085889, "INJ": 5.47, "BEAT": 1.88, "A7A5": 0.01313589}}