{"timestamp": 1779920759, "base": "USD", "data": {"BTC": 74433, "ETH": 2022.06, "USDT": 0.998551, "BNB": 648.35, "XRP": 1.31, "USDC": 0.999707, "SOL": 82.52, "TRX": 0.368212, "FIGR_HELOC": 1.033, "DOGE": 0.100532, "HYPE": 59.74, "USDS": 0.999736, "LEO": 10.04, "ZEC": 546.82, "RAIN": 0.0144967, "ADA": 0.23712, "XMR": 394.49, "BCH": 337.36, "LINK": 9.16, "WBT": 54.64, "CC": 0.156177, "XLM": 0.161768, "TON": 1.85, "USD1": 0.998276, "USDE": 0.998899, "DAI": 0.999925, "LTC": 51.99, "M": 3.01, "AVAX": 9.04, "SUI": 0.961249, "HBAR": 0.085391, "NEAR": 2.57, "PYUSD": 0.999934, "SHIB": 5.43e-06, "USYC": 1.12, "CRO": 0.066804, "USDG": 0.99971, "XAUT": 4445.97, "TAO": 267.59, "BUIDL": 1.0, "USDY": 1.13, "DOT": 1.23, "PAXG": 4453.92, "MNT": 0.626096, "UNI": 3.22, "ONDO": 0.391354, "WLFI": 0.058931, "OKB": 86.92, "ASTER": 0.678816, "RLUSD": 1.0, "HTX": 1.92e-06, "USDF": 0.993686, "ICP": 2.88, "SKY": 0.066127, "PI": 0.143641, "PEPE": 3.47e-06, "USDD": 0.998533, "BGB": 2.01, "MORPHO": 2.17, "ETC": 8.47, "BFUSD": 0.998412, "AAVE": 83.58, "WLD": 0.341467, "RENDER": 2.13, "ATOM": 2.12, "USDTB": 0.999076, "KCS": 7.89, "QNT": 73.18, "EUTBL": 1.22, "U": 0.999599, "BCAP": 107.16, "POL": 0.089709, "ALGO": 0.10643, "JTRSY": 1.1, "USTB": 11.09, "KAS": 0.03200361, "STABLE": 0.03800602, "ENA": 0.093087, "NEXO": 0.830946, "FIL": 1.047, "JST": 0.095585, "DEXE": 16.73, "APT": 0.950772, "VVV": 16.67, "GT": 6.86, "FLR": 0.00805168, "ARB": 0.107233, "JUP": 0.189617, "PUMP": 0.00178411, "XDC": 0.03130976, "BDX": 0.078057, "GHO": 0.998699, "NIGHT": 0.03502041, "HASH": 0.01046971, "USD0": 0.998561, "FET": 0.244148, "DASH": 42.92, "INJ": 5.43, "APXUSD": 0.999477, "OUSG": 115.37}}