{"timestamp": 1781344334, "base": "USD", "data": {"BTC": 63746, "ETH": 1673.06, "USDT": 0.999457, "BNB": 603.2, "USDC": 0.999853, "XRP": 1.14, "SOL": 67.31, "TRX": 0.316371, "FIGR_HELOC": 1.031, "DOGE": 0.087145, "HYPE": 58.51, "USDS": 0.999713, "LEO": 9.43, "RAIN": 0.01298914, "ZEC": 413.93, "XLM": 0.190509, "ADA": 0.172459, "XMR": 339.73, "CC": 0.16338, "WBT": 52.08, "LINK": 7.95, "TON": 1.69, "USDE": 0.999491, "USD1": 1.0, "DAI": 0.999821, "BCH": 207.39, "M": 2.95, "HBAR": 0.078089, "LTC": 43.66, "SUI": 0.764951, "LAB": 9.82, "USYC": 1.13, "SHIB": 4.99e-06, "AVAX": 6.65, "PYUSD": 0.9999, "BEAT": 9.42, "CRO": 0.059907, "USDG": 0.999775, "NEAR": 2.02, "XAUT": 4201.63, "BUIDL": 1.0, "TAO": 243.45, "USDY": 1.14, "PAXG": 4212.17, "WLFI": 0.058967, "MNT": 0.541421, "ONDO": 0.362101, "ASTER": 0.636055, "DOT": 0.981768, "WLD": 0.48763, "RLUSD": 1.0, "OKB": 74.63, "UNI": 2.51, "HTX": 1.69e-06, "USDF": 0.99615, "PI": 0.127761, "USDD": 0.999552, "ICP": 2.44, "BFUSD": 0.999001, "SKY": 0.056246, "MORPHO": 1.97, "BGB": 1.79, "PEPE": 2.83e-06, "ETC": 7.18, "ATOM": 1.99, "AAVE": 66.61, "U": 1.0, "BCAP": 106.96, "EUTBL": 1.22, "QNT": 66.5, "USTB": 11.11, "KCS": 6.87, "USDTB": 1.0, "RENDER": 1.74, "STABLE": 0.03697427, "KAS": 0.03152754, "JTRSY": 1.11, "DEXE": 17.24, "POL": 0.074969, "VVV": 17.0, "NEXO": 0.795179, "ALGO": 0.088573, "ENA": 0.081299, "GT": 6.59, "JAAA": 1.038, "\u5e01\u5b89\u4eba\u751f": 0.676651, "FLR": 0.00781067, "JST": 0.076093, "FIL": 0.780534, "XDC": 0.03049203, "BDX": 0.077351, "GHO": 0.999012, "JUP": 0.17384, "NIGHT": 0.03458657, "YLDS": 0.999801, "APT": 0.667706, "USD0": 0.998624, "HASH": 0.01005393, "PUMP": 0.00154013, "ARB": 0.085542}}