{"timestamp": 1777938272, "base": "USD", "data": {"BTC": 79753, "ETH": 2345.12, "USDT": 0.999807, "XRP": 1.39, "BNB": 622.79, "USDC": 0.999837, "SOL": 84.06, "TRX": 0.341236, "FIGR_HELOC": 1.029, "DOGE": 0.110029, "WBT": 59.38, "USDS": 0.999799, "HYPE": 41.83, "LEO": 10.3, "ADA": 0.249882, "BCH": 443.34, "XMR": 405.42, "ZEC": 428.81, "LINK": 9.35, "CC": 0.14817, "XLM": 0.157288, "USD1": 0.999841, "TON": 1.63, "DAI": 0.999701, "LTC": 54.94, "AVAX": 9.16, "USDE": 0.999087, "HBAR": 0.087518, "SUI": 0.928691, "SHIB": 6.18e-06, "RAIN": 0.0074671, "M": 2.72, "PYUSD": 0.999802, "CRO": 0.068468, "USYC": 1.12, "TAO": 285.19, "XAUT": 4517.82, "USDG": 0.999868, "BUIDL": 1.0, "PAXG": 4515.71, "MNT": 0.638408, "UNI": 3.27, "DOT": 1.23, "WLFI": 0.064061, "PI": 0.18168, "SKY": 0.080504, "OKB": 85.03, "USDF": 0.997222, "HTX": 1.92e-06, "ASTER": 0.67119, "PEPE": 3.98e-06, "NEAR": 1.26, "RLUSD": 0.999938, "ONDO": 0.316098, "USDD": 0.999253, "BGB": 2.05, "AAVE": 92.17, "ETC": 8.68, "USDY": 1.12, "BFUSD": 0.999309, "JTRSY": 1.1, "ICP": 2.36, "MORPHO": 2.0, "KCS": 8.43, "POL": 0.09746, "U": 0.999952, "USTB": 11.07, "ALGO": 0.111952, "EUTBL": 1.23, "QNT": 67.34, "BCAP": 105.77, "ATOM": 1.89, "RENDER": 1.82, "KAS": 0.03339384, "NEXO": 0.902872, "ENA": 0.099975, "GT": 7.34, "WLD": 0.236261, "APT": 0.962794, "STABLE": 0.03365821, "FIL": 0.933373, "JST": 0.084785, "ARB": 0.115866, "SKYAI": 0.705528, "PUMP": 0.00182198, "FLR": 0.0075272, "PENGU": 0.01008489, "BDX": 0.079702, "VET": 0.00715, "OUSG": 115.13, "DASH": 47.94, "JUP": 0.17798, "GHO": 0.999627, "XDC": 0.02915098, "USDTB": 0.999684, "LUNC": 0.00010144, "SIREN": 0.768485, "USD0": 0.998382, "HASH": 0.01050099, "BONK": 6.23e-06}}