{"timestamp": 1783753755, "base": "USD", "data": {"BTC": 64145, "ETH": 1797.08, "USDT": 0.999246, "BNB": 575.77, "USDC": 0.999895, "XRP": 1.11, "SOL": 77.96, "TRX": 0.329802, "FIGR_HELOC": 1.033, "HYPE": 66.3, "DOGE": 0.074313, "USDS": 0.999837, "RAIN": 0.01439792, "LEO": 9.5, "ZEC": 498.83, "WBT": 56.17, "XLM": 0.190249, "ADA": 0.167153, "XMR": 322.63, "LINK": 7.98, "CC": 0.134741, "BCH": 244.35, "DAI": 0.999739, "GRAM": 1.69, "USD1": 0.999227, "USDE": 0.99969, "LTC": 44.92, "USDG": 0.999402, "HBAR": 0.070473, "USYC": 1.13, "SUI": 0.745721, "AVAX": 6.7, "BUIDL": 1.0, "PYUSD": 0.999937, "SHIB": 4.38e-06, "CRO": 0.055768, "XAUT": 4105.55, "NEAR": 1.88, "UNI": 3.5, "USDY": 1.14, "TAO": 212.33, "WLFI": 0.05813, "PAXG": 4110.06, "M": 1.33, "DEXE": 36.83, "OKB": 80.43, "ASTER": 0.625961, "HTX": 1.85e-06, "ONDO": 0.327666, "USDD": 0.999188, "RLUSD": 0.99998, "DOT": 0.875771, "AAVE": 95.32, "MNT": 0.431296, "USDF": 0.996817, "SKY": 0.059483, "WLD": 0.392832, "MORPHO": 2.07, "BFUSD": 0.998601, "ICP": 2.28, "BGB": 1.66, "PEPE": 2.75e-06, "ETC": 7.1, "PI": 0.098829, "U": 0.99981, "EUTBL": 1.2, "QNT": 67.58, "BCAP": 106.63, "KCS": 7.02, "USDGO": 1.0, "JST": 0.102729, "BEAT": 2.84, "JTRSY": 1.11, "STABLE": 0.03549843, "POL": 0.079985, "ATOM": 1.59, "RENDER": 1.57, "KAS": 0.02971504, "ADI": 6.29, "USTB": 11.14, "ENA": 0.081428, "EURSAFO": 1.15, "ALGO": 0.086146, "NEXO": 0.761136, "USDTB": 1.0, "GT": 6.72, "BDX": 0.090018, "JUP": 0.206257, "JAAA": 1.041, "\u5e01\u5b89\u4eba\u751f": 0.67563, "LIT": 2.6, "FIL": 0.788551, "GHO": 0.998363, "PUMP": 0.00143742, "ARB": 0.090637, "FLR": 0.00662587, "USD0": 0.999809, "XDC": 0.02713369, "YLDS": 0.999704, "APT": 0.628538}}