{"timestamp": 1780082884, "base": "USD", "data": {"BTC": 73239, "ETH": 2007.14, "USDT": 0.998682, "BNB": 640.33, "XRP": 1.31, "USDC": 0.999571, "SOL": 81.68, "TRX": 0.343683, "FIGR_HELOC": 1.032, "DOGE": 0.099297, "HYPE": 65.54, "USDS": 0.999647, "LEO": 9.98, "RAIN": 0.01447481, "ZEC": 529.6, "ADA": 0.231208, "XLM": 0.218381, "XMR": 366.92, "LINK": 8.94, "WBT": 53.77, "BCH": 302.76, "CC": 0.15411, "TON": 1.75, "USD1": 0.998316, "USDE": 0.998852, "DAI": 0.999363, "LTC": 51.53, "HBAR": 0.090895, "M": 3.0, "AVAX": 8.79, "SUI": 0.898916, "NEAR": 2.54, "SHIB": 5.37e-06, "PYUSD": 0.999766, "CRO": 0.067327, "USYC": 1.13, "XAUT": 4531.21, "USDG": 0.999793, "BUIDL": 1.0, "TAO": 248.76, "USDY": 1.14, "PAXG": 4541.44, "MNT": 0.641834, "DOT": 1.19, "UNI": 2.99, "WLFI": 0.057861, "OKB": 86.96, "ONDO": 0.361511, "ASTER": 0.670952, "RLUSD": 0.999794, "USDF": 0.995011, "HTX": 1.83e-06, "PI": 0.143256, "SKY": 0.064905, "ICP": 2.65, "PEPE": 3.37e-06, "USDD": 0.998832, "BGB": 1.98, "BFUSD": 0.998554, "MORPHO": 2.04, "ETC": 8.14, "AAVE": 81.76, "U": 0.999699, "USDTB": 0.998661, "KCS": 7.86, "ALGO": 0.116834, "QNT": 71.35, "ATOM": 2.03, "RENDER": 2.0, "EUTBL": 1.23, "WLD": 0.296565, "BCAP": 107.16, "POL": 0.08846, "USTB": 11.1, "STABLE": 0.03836186, "JTRSY": 1.1, "DEXE": 18.4, "KAS": 0.03056553, "NEXO": 0.837574, "JST": 0.094767, "ENA": 0.086722, "APT": 0.92473, "FIL": 0.957356, "VVV": 15.59, "GT": 6.79, "FLR": 0.00771823, "ARB": 0.102892, "INJ": 6.38, "XDC": 0.03176593, "BDX": 0.078493, "PUMP": 0.00172312, "JUP": 0.179951, "GHO": 0.99879, "NIGHT": 0.03484568, "HASH": 0.01066418, "FET": 0.250416, "USD0": 0.998417, "APXUSD": 0.999479, "OUSG": 115.39, "A7A5": 0.01304038}}