{"timestamp": 1779008328, "base": "USD", "data": {"BTC": 78050, "ETH": 2185.01, "USDT": 0.999567, "BNB": 653.64, "XRP": 1.41, "USDC": 0.999815, "SOL": 86.74, "TRX": 0.354606, "FIGR_HELOC": 1.039, "DOGE": 0.110246, "WBT": 57.56, "USDS": 0.999648, "HYPE": 42.79, "ADA": 0.255585, "LEO": 10.05, "ZEC": 516.27, "BCH": 414.37, "XMR": 389.35, "LINK": 9.75, "CC": 0.153437, "TON": 1.92, "XLM": 0.151581, "USD1": 0.999822, "DAI": 0.999519, "USDE": 1.0, "LTC": 56.24, "SUI": 1.07, "M": 3.22, "AVAX": 9.31, "HBAR": 0.091366, "RAIN": 0.00751292, "PYUSD": 0.999577, "SHIB": 5.82e-06, "CRO": 0.071405, "USDG": 0.999682, "USYC": 1.12, "XAUT": 4529.81, "BUIDL": 1.0, "TAO": 269.87, "UNI": 3.5, "DOT": 1.28, "PAXG": 4529.93, "MNT": 0.642141, "NEAR": 1.53, "WLFI": 0.061386, "USDY": 1.13, "USDF": 0.998595, "HTX": 1.96e-06, "OKB": 83.63, "ONDO": 0.354891, "ASTER": 0.66599, "PI": 0.158685, "SKY": 0.070182, "PEPE": 3.77e-06, "RLUSD": 0.999741, "USDD": 0.999359, "ICP": 2.62, "ETC": 9.07, "BGB": 2.01, "AAVE": 90.88, "BFUSD": 0.998995, "QNT": 78.88, "MORPHO": 1.78, "KCS": 8.1, "USDTB": 0.999417, "JTRSY": 1.1, "ATOM": 2.09, "U": 0.999991, "EUTBL": 1.22, "USTB": 11.08, "POL": 0.092233, "ALGO": 0.109906, "ENA": 0.10719, "BCAP": 105.87, "RENDER": 1.84, "KAS": 0.03462813, "NEXO": 0.874635, "WLD": 0.243251, "STABLE": 0.03568975, "FLR": 0.00918502, "APT": 0.953033, "GT": 7.19, "JST": 0.089531, "FIL": 0.973319, "ARB": 0.120816, "JUP": 0.199023, "VVV": 13.89, "XDC": 0.03134078, "PUMP": 0.00173917, "BDX": 0.078835, "DEXE": 13.03, "VET": 0.00683372, "GHO": 0.999402, "HASH": 0.01095245, "USD0": 0.998084, "OUSG": 115.25, "BONK": 6.26e-06, "PENGU": 0.00846731, "NIGHT": 0.03201397, "DASH": 41.71}}