{"timestamp": 1784328064, "base": "USD", "data": {"BTC": 63883, "ETH": 1837.42, "USDT": 0.999325, "BNB": 566.96, "USDC": 0.999888, "XRP": 1.087, "SOL": 74.87, "TRX": 0.322767, "FIGR_HELOC": 1.008, "HYPE": 59.72, "DOGE": 0.07241, "USDS": 0.999886, "RAIN": 0.01411324, "ZEC": 542.84, "LEO": 9.81, "WBT": 55.68, "XLM": 0.185043, "XMR": 330.19, "ADA": 0.165522, "LINK": 8.23, "CC": 0.128121, "DAI": 0.999814, "BCH": 219.4, "USD1": 0.999155, "GRAM": 1.49, "USDE": 0.999807, "LTC": 45.04, "USDG": 1.002, "USYC": 1.13, "SUI": 0.736276, "HBAR": 0.065959, "PYUSD": 0.999902, "CRO": 0.060093, "AVAX": 6.56, "BUIDL": 1.0, "NEAR": 1.92, "XAUT": 4003.53, "SHIB": 4.13e-06, "UNI": 3.56, "USDY": 1.14, "TAO": 193.43, "WLFI": 0.056985, "ONDO": 0.369576, "PAXG": 4003.74, "OKB": 80.97, "DEXE": 36.35, "ASTER": 0.621937, "M": 1.25, "HTX": 1.82e-06, "RLUSD": 0.999993, "USDD": 0.999321, "DOT": 0.84826, "USDF": 0.995809, "MNT": 0.425586, "SKY": 0.059485, "WLD": 0.386417, "AAVE": 90.08, "BFUSD": 0.998591, "MORPHO": 1.97, "ICP": 2.14, "PEPE": 2.73e-06, "BGB": 1.64, "ETC": 7.03, "U": 0.99997, "USDGO": 1.0, "EUTBL": 1.21, "BCAP": 106.19, "QNT": 65.52, "KCS": 6.63, "POL": 0.082785, "STABLE": 0.03567393, "PI": 0.079974, "JTRSY": 1.11, "EURSAFO": 1.15, "ADI": 6.58, "JST": 0.097714, "ATOM": 1.51, "ENA": 0.081604, "KAS": 0.02786325, "USTB": 11.15, "RENDER": 1.47, "NEXO": 0.749745, "ALGO": 0.082577, "BEAT": 2.39, "GT": 6.67, "\u5e01\u5b89\u4eba\u751f": 0.69798, "JAAA": 1.041, "PUMP": 0.00165552, "BDX": 0.083949, "JUP": 0.195158, "FIL": 0.76187, "GHO": 0.998858, "ARB": 0.090261, "LIT": 2.29, "FLR": 0.00652593, "XDC": 0.02782595, "USD0": 0.998648, "YLDS": 0.999816, "VVV": 11.13, "USX": 0.999848}}