{"timestamp": 1784300802, "base": "USD", "data": {"BTC": 63094, "ETH": 1819.04, "USDT": 0.999137, "BNB": 560.68, "USDC": 0.999847, "XRP": 1.08, "SOL": 74.22, "TRX": 0.32264, "FIGR_HELOC": 1.019, "HYPE": 60.02, "DOGE": 0.071777, "USDS": 0.999823, "RAIN": 0.01411447, "ZEC": 537.27, "LEO": 9.79, "WBT": 55.05, "XLM": 0.185153, "XMR": 322.64, "LINK": 8.09, "ADA": 0.161958, "CC": 0.128303, "DAI": 0.999818, "BCH": 217.18, "USD1": 0.999009, "GRAM": 1.54, "USDE": 0.999734, "LTC": 44.47, "USDG": 1.004, "USYC": 1.13, "SUI": 0.729208, "HBAR": 0.066155, "PYUSD": 0.999764, "AVAX": 6.44, "CRO": 0.057283, "BUIDL": 1.0, "NEAR": 1.91, "XAUT": 3998.93, "SHIB": 4.11e-06, "UNI": 3.48, "USDY": 1.14, "TAO": 191.97, "ONDO": 0.371901, "WLFI": 0.056972, "PAXG": 3994.05, "OKB": 80.27, "ASTER": 0.61894, "M": 1.24, "DEXE": 35.23, "HTX": 1.82e-06, "RLUSD": 1.0, "USDD": 0.999058, "DOT": 0.84333, "USDF": 0.996584, "MNT": 0.425751, "SKY": 0.0598, "AAVE": 90.69, "WLD": 0.378417, "BFUSD": 0.998225, "ICP": 2.13, "PEPE": 2.7e-06, "BGB": 1.62, "ETC": 6.97, "U": 0.999821, "USDGO": 0.999902, "EUTBL": 1.21, "QNT": 67.22, "MORPHO": 2.0, "BCAP": 106.19, "KCS": 6.64, "POL": 0.083656, "PI": 0.081334, "STABLE": 0.03586695, "JTRSY": 1.11, "EURSAFO": 1.15, "ADI": 6.53, "JST": 0.09822, "ATOM": 1.51, "BEAT": 2.5, "USTB": 11.15, "ENA": 0.079831, "KAS": 0.02775546, "RENDER": 1.47, "NEXO": 0.74308, "ALGO": 0.082099, "GT": 6.61, "\u5e01\u5b89\u4eba\u751f": 0.702956, "JAAA": 1.041, "PUMP": 0.00168605, "BDX": 0.084389, "JUP": 0.195095, "FIL": 0.762103, "GHO": 0.998671, "FLR": 0.00649801, "XDC": 0.02815754, "ARB": 0.087918, "USD0": 0.99875, "YLDS": 0.999894, "LIT": 2.19, "USX": 0.999872, "APT": 0.59957}}