{"timestamp": 1778961507, "base": "USD", "data": {"BTC": 78226, "ETH": 2178.72, "USDT": 0.999528, "BNB": 655.88, "XRP": 1.42, "USDC": 0.999677, "SOL": 86.66, "TRX": 0.354427, "FIGR_HELOC": 1.032, "DOGE": 0.10955, "WBT": 57.62, "USDS": 0.999756, "HYPE": 41.6, "ADA": 0.255115, "LEO": 9.86, "ZEC": 514.69, "BCH": 417.35, "XMR": 387.71, "LINK": 9.75, "CC": 0.150733, "TON": 1.91, "XLM": 0.151866, "USD1": 0.999756, "DAI": 0.999544, "USDE": 0.999935, "LTC": 56.12, "SUI": 1.064, "M": 3.18, "AVAX": 9.32, "HBAR": 0.091496, "RAIN": 0.00736798, "SHIB": 5.88e-06, "PYUSD": 0.999776, "CRO": 0.071189, "USDG": 0.999575, "USYC": 1.12, "XAUT": 4536.81, "BUIDL": 1.0, "TAO": 275.82, "UNI": 3.51, "DOT": 1.27, "PAXG": 4536.05, "MNT": 0.641209, "WLFI": 0.061271, "NEAR": 1.5, "USDY": 1.13, "USDF": 0.997836, "HTX": 1.96e-06, "OKB": 83.79, "ASTER": 0.669521, "ONDO": 0.347125, "PI": 0.159824, "SKY": 0.069883, "PEPE": 3.77e-06, "RLUSD": 0.99977, "USDD": 0.999764, "ICP": 2.63, "ETC": 9.07, "BGB": 2.01, "AAVE": 90.36, "BFUSD": 0.999201, "QNT": 81.03, "MORPHO": 1.79, "KCS": 8.09, "USDTB": 0.999122, "JTRSY": 1.1, "ATOM": 2.03, "U": 0.99975, "EUTBL": 1.22, "USTB": 11.08, "ALGO": 0.110918, "ENA": 0.107482, "POL": 0.090966, "BCAP": 105.87, "RENDER": 1.84, "KAS": 0.03420965, "NEXO": 0.872379, "STABLE": 0.03667541, "WLD": 0.241054, "FLR": 0.00918412, "APT": 0.95179, "JST": 0.091133, "FIL": 0.975658, "GT": 7.14, "ARB": 0.120095, "JUP": 0.199999, "XDC": 0.0323374, "PUMP": 0.00175146, "VVV": 13.31, "BDX": 0.079041, "DEXE": 12.92, "VET": 0.00683999, "GHO": 0.99935, "OUSG": 115.25, "USD0": 0.998097, "HASH": 0.01040296, "BONK": 6.27e-06, "NIGHT": 0.03206139, "PENGU": 0.00846528, "YLDS": 0.999719}}