{"timestamp": 1783714534, "base": "USD", "data": {"BTC": 63782, "ETH": 1791.47, "USDT": 0.999339, "BNB": 575.78, "USDC": 0.999846, "XRP": 1.1, "SOL": 77.84, "TRX": 0.330618, "FIGR_HELOC": 1.002, "HYPE": 67.05, "DOGE": 0.074131, "USDS": 0.999753, "RAIN": 0.01440437, "LEO": 9.5, "ZEC": 503.78, "WBT": 55.85, "XLM": 0.189771, "ADA": 0.166848, "XMR": 322.92, "LINK": 7.91, "CC": 0.132818, "BCH": 245.88, "DAI": 0.99978, "GRAM": 1.65, "USD1": 0.99921, "USDE": 0.999677, "LTC": 44.61, "USDG": 0.999843, "USYC": 1.13, "HBAR": 0.069881, "SUI": 0.736931, "AVAX": 6.74, "PYUSD": 0.99994, "SHIB": 4.37e-06, "CRO": 0.0558, "XAUT": 4101.05, "NEAR": 1.87, "BUIDL": 1.0, "UNI": 3.53, "USDY": 1.14, "TAO": 211.67, "WLFI": 0.058047, "PAXG": 4103.68, "M": 1.31, "OKB": 80.83, "ASTER": 0.629092, "HTX": 1.84e-06, "DEXE": 35.01, "ONDO": 0.326046, "USDD": 0.999231, "RLUSD": 1.0, "DOT": 0.872705, "AAVE": 96.61, "MORPHO": 2.18, "USDF": 0.996479, "MNT": 0.429356, "SKY": 0.059421, "WLD": 0.380916, "BFUSD": 0.998799, "ICP": 2.28, "PEPE": 2.83e-06, "BGB": 1.66, "ETC": 7.08, "PI": 0.099156, "U": 0.999832, "EUTBL": 1.2, "QNT": 68.68, "BCAP": 106.63, "KCS": 7.07, "USDGO": 0.999909, "JST": 0.102413, "JTRSY": 1.11, "STABLE": 0.03512772, "POL": 0.079736, "ATOM": 1.59, "KAS": 0.0297391, "BEAT": 2.64, "RENDER": 1.56, "ADI": 6.31, "USTB": 11.14, "EURSAFO": 1.15, "ALGO": 0.086053, "ENA": 0.080114, "NEXO": 0.765793, "USDTB": 1.0, "GT": 6.74, "BDX": 0.088882, "JAAA": 1.041, "\u5e01\u5b89\u4eba\u751f": 0.679983, "JUP": 0.203488, "LIT": 2.54, "FIL": 0.788743, "GHO": 0.998587, "PUMP": 0.00146008, "ARB": 0.091178, "FLR": 0.00666006, "USD0": 0.998144, "XDC": 0.02730098, "YLDS": 0.999705, "VVV": 11.15}}