{"timestamp": 1777764466, "base": "USD", "data": {"BTC": 78742, "ETH": 2321.21, "USDT": 0.999851, "XRP": 1.39, "BNB": 618.37, "USDC": 0.99994, "SOL": 84.39, "TRX": 0.329879, "FIGR_HELOC": 1.04, "DOGE": 0.108631, "WBT": 58.75, "USDS": 0.999926, "HYPE": 41.33, "LEO": 10.31, "ADA": 0.250417, "BCH": 445.85, "XMR": 383.5, "LINK": 9.18, "ZEC": 387.65, "CC": 0.148043, "XLM": 0.16002, "USD1": 1.0, "DAI": 0.999774, "LTC": 55.22, "AVAX": 9.19, "USDE": 0.999071, "M": 2.99, "HBAR": 0.088629, "SUI": 0.927295, "SHIB": 6.28e-06, "RAIN": 0.00764856, "TON": 1.34, "PYUSD": 0.999846, "CRO": 0.068325, "USYC": 1.12, "TAO": 286.73, "XAUT": 4598.32, "USDG": 0.999827, "BUIDL": 1.0, "PAXG": 4597.39, "MNT": 0.631244, "UNI": 3.26, "DOT": 1.23, "SKY": 0.081003, "PI": 0.178222, "USDF": 0.996679, "WLFI": 0.055819, "OKB": 83.93, "ASTER": 0.682765, "PEPE": 3.99e-06, "NEAR": 1.29, "HTX": 1.85e-06, "RLUSD": 1.0, "USDD": 1.0, "AAVE": 93.28, "BGB": 2.02, "ONDO": 0.283048, "ETC": 8.53, "USDY": 1.13, "BFUSD": 0.999507, "JTRSY": 1.1, "ICP": 2.36, "MORPHO": 1.97, "KCS": 8.44, "POL": 0.097371, "U": 1.0, "QNT": 69.15, "ALGO": 0.112301, "USTB": 11.07, "EUTBL": 1.23, "BCAP": 105.75, "ATOM": 1.88, "RENDER": 1.79, "KAS": 0.03330116, "NEXO": 0.910169, "ENA": 0.102588, "GT": 7.25, "APT": 1.002, "WLD": 0.242669, "ARB": 0.123249, "STABLE": 0.03344626, "FIL": 0.931648, "JST": 0.084473, "PUMP": 0.00182242, "FLR": 0.00756621, "PENGU": 0.00991426, "VET": 0.00722305, "BDX": 0.080008, "OUSG": 115.1, "JUP": 0.180603, "HASH": 0.01142258, "GHO": 0.999692, "XDC": 0.02928544, "USDTB": 0.999419, "USDM": 0.996038, "USD0": 0.999061, "BONK": 6.3e-06, "TRUMP": 2.36, "YLDS": 0.999903, "NIGHT": 0.03159999}}