{"timestamp": 1779548062, "base": "USD", "data": {"BTC": 75361, "ETH": 2052.51, "USDT": 0.998817, "BNB": 645.11, "XRP": 1.33, "USDC": 0.999711, "SOL": 83.76, "TRX": 0.358679, "FIGR_HELOC": 1.022, "DOGE": 0.100434, "HYPE": 56.24, "USDS": 0.999668, "ZEC": 591.66, "LEO": 9.91, "ADA": 0.241053, "BCH": 347.06, "XMR": 376.67, "LINK": 9.25, "WBT": 55.53, "CC": 0.158226, "XLM": 0.144019, "USD1": 0.99916, "TON": 1.76, "USDE": 0.999223, "DAI": 0.999562, "SUI": 1.026, "LTC": 52.42, "AVAX": 9.04, "HBAR": 0.087182, "M": 2.77, "PYUSD": 0.999816, "RAIN": 0.00730969, "SHIB": 5.58e-06, "CRO": 0.069307, "USYC": 1.13, "NEAR": 2.16, "USDG": 0.999787, "XAUT": 4498.94, "TAO": 266.36, "BUIDL": 1.0, "UNI": 3.36, "USDY": 1.13, "MNT": 0.643222, "PAXG": 4503.18, "DOT": 1.23, "ONDO": 0.412158, "WLFI": 0.062245, "HTX": 2.01e-06, "USDF": 0.997214, "RLUSD": 1.0, "ASTER": 0.676498, "OKB": 81.49, "SKY": 0.069956, "PI": 0.15043, "USDD": 0.999172, "PEPE": 3.53e-06, "ICP": 2.53, "ETC": 8.8, "BGB": 1.96, "BFUSD": 0.998502, "AAVE": 84.3, "MORPHO": 1.99, "QNT": 77.92, "USDTB": 0.998938, "EUTBL": 1.22, "KCS": 7.85, "ATOM": 2.05, "U": 0.99965, "ALGO": 0.112239, "USTB": 11.09, "BCAP": 105.74, "RENDER": 1.84, "POL": 0.089569, "WLD": 0.279184, "JTRSY": 1.1, "KAS": 0.03324992, "ENA": 0.096278, "NEXO": 0.861641, "VVV": 17.66, "JST": 0.09174, "STABLE": 0.03337254, "APT": 0.930741, "FIL": 0.945693, "GT": 6.92, "FLR": 0.0082736, "ARB": 0.106286, "JUP": 0.195052, "DEXE": 13.78, "HASH": 0.01140379, "XDC": 0.03150463, "BDX": 0.078676, "PUMP": 0.00168278, "GHO": 0.998773, "VET": 0.00651241, "USD0": 0.9984, "NIGHT": 0.03334964, "OUSG": 115.33, "DASH": 43.44, "PENGU": 0.00870566, "BONK": 5.91e-06}}