{"timestamp": 1783098885, "base": "USD", "data": {"BTC": 62179, "ETH": 1734.31, "USDT": 0.999106, "BNB": 567.28, "USDC": 0.99984, "XRP": 1.12, "SOL": 81.57, "TRX": 0.320313, "FIGR_HELOC": 1.039, "HYPE": 70.13, "DOGE": 0.076555, "RAIN": 0.01545434, "USDS": 0.999644, "LEO": 9.15, "ZEC": 457.66, "XLM": 0.202003, "WBT": 56.18, "ADA": 0.175735, "XMR": 326.73, "LINK": 7.86, "CC": 0.138118, "DAI": 0.999903, "USD1": 0.998783, "BCH": 228.46, "GRAM": 1.66, "USDE": 0.998557, "LTC": 43.87, "HBAR": 0.071558, "USYC": 1.13, "SUI": 0.757275, "USDG": 1.0, "AVAX": 6.84, "PYUSD": 1.0, "CRO": 0.059157, "NEAR": 2.02, "SHIB": 4.37e-06, "XAUT": 4159.54, "BUIDL": 1.0, "USDY": 1.13, "TAO": 215.22, "UNI": 3.28, "LAB": 6.1, "PAXG": 4164.44, "M": 1.4, "WLFI": 0.056767, "ASTER": 0.648088, "OKB": 80.32, "ONDO": 0.332852, "RLUSD": 0.999983, "WLD": 0.430227, "HTX": 1.67e-06, "DOT": 0.882512, "MNT": 0.43665, "USDF": 0.995705, "USDD": 1.0, "SKY": 0.0583, "AAVE": 88.73, "BFUSD": 0.998461, "MORPHO": 1.99, "PI": 0.117571, "ICP": 2.22, "BGB": 1.7, "ETC": 7.23, "PEPE": 2.58e-06, "DEXE": 23.11, "U": 0.999698, "QNT": 68.1, "KCS": 7.18, "EUTBL": 1.21, "BCAP": 106.97, "USDGO": 0.999943, "JTRSY": 1.11, "BEAT": 2.78, "KAS": 0.0308427, "STABLE": 0.03512259, "USTB": 11.13, "RENDER": 1.61, "ATOM": 1.6, "JUP": 0.243377, "ALGO": 0.089181, "POL": 0.073506, "NEXO": 0.767767, "JST": 0.089735, "ENA": 0.078801, "USDTB": 1.0, "GT": 6.74, "ADI": 5.72, "BDX": 0.089497, "EURSAFO": 1.15, "\u5e01\u5b89\u4eba\u751f": 0.684366, "JAAA": 1.04, "PUMP": 0.00162619, "VVV": 13.84, "FIL": 0.800028, "FLR": 0.00692987, "GHO": 0.998031, "XDC": 0.02844662, "USD0": 0.998633, "YLDS": 0.999703, "NIGHT": 0.03268813}}