{"timestamp": 1778008232, "base": "USD", "data": {"BTC": 81472, "ETH": 2371.57, "USDT": 0.999906, "XRP": 1.41, "BNB": 630.4, "USDC": 0.999837, "SOL": 85.88, "TRX": 0.345737, "FIGR_HELOC": 1.031, "DOGE": 0.113565, "WBT": 60.23, "USDS": 0.999929, "HYPE": 44.21, "ADA": 0.258126, "LEO": 10.34, "BCH": 454.84, "XMR": 404.77, "ZEC": 431.98, "LINK": 9.71, "CC": 0.148588, "XLM": 0.158658, "TON": 1.87, "USD1": 0.999905, "DAI": 0.999843, "M": 3.31, "LTC": 55.75, "AVAX": 9.39, "HBAR": 0.090345, "USDE": 0.999233, "SUI": 0.961018, "SHIB": 6.28e-06, "RAIN": 0.00741212, "PYUSD": 1.0, "CRO": 0.069583, "USYC": 1.12, "TAO": 283.88, "XAUT": 4551.62, "USDG": 0.999905, "BUIDL": 1.0, "PAXG": 4550.59, "DOT": 1.27, "UNI": 3.36, "MNT": 0.644136, "WLFI": 0.065568, "PI": 0.181094, "SKY": 0.08091, "OKB": 85.88, "USDF": 0.998362, "HTX": 1.95e-06, "ASTER": 0.674456, "PEPE": 4.09e-06, "NEAR": 1.28, "ONDO": 0.317277, "RLUSD": 0.999998, "USDD": 1.0, "BGB": 2.05, "AAVE": 93.34, "ICP": 2.56, "ETC": 8.9, "MORPHO": 2.23, "USDY": 1.13, "BFUSD": 0.999201, "JTRSY": 1.1, "KCS": 8.52, "ALGO": 0.117827, "POL": 0.097657, "U": 1.001, "ENA": 0.113441, "USTB": 11.07, "QNT": 68.04, "EUTBL": 1.23, "RENDER": 1.89, "BCAP": 105.77, "ATOM": 1.87, "KAS": 0.03430332, "NEXO": 0.910566, "GT": 7.29, "WLD": 0.242848, "APT": 0.968377, "SKYAI": 0.767871, "STABLE": 0.0337531, "FIL": 0.952926, "ARB": 0.119307, "JST": 0.085019, "PENGU": 0.01140259, "FLR": 0.00762361, "PUMP": 0.00182605, "VET": 0.0073558, "LUNC": 0.00011377, "JUP": 0.188952, "USDTB": 0.999876, "BDX": 0.080004, "OUSG": 115.13, "HASH": 0.01137957, "DASH": 46.32, "GHO": 0.99988, "XDC": 0.02918155, "BONK": 6.46e-06, "USD0": 0.998388, "TRUMP": 2.39}}