{"timestamp": 1782062426, "base": "USD", "data": {"BTC": 64104, "ETH": 1726.64, "USDT": 0.998853, "BNB": 590.14, "USDC": 0.999797, "XRP": 1.14, "SOL": 74.36, "TRX": 0.327084, "FIGR_HELOC": 1.034, "HYPE": 68.18, "DOGE": 0.083542, "USDS": 0.99978, "RAIN": 0.01442753, "LEO": 9.51, "ZEC": 451.98, "XLM": 0.213409, "WBT": 52.57, "ADA": 0.161942, "XMR": 317.34, "LINK": 7.95, "CC": 0.150638, "USD1": 1.0, "GRAM": 1.7, "USDE": 0.99899, "DAI": 0.999908, "LAB": 13.13, "BCH": 198.63, "M": 2.83, "LTC": 45.37, "HBAR": 0.079863, "USYC": 1.13, "SUI": 0.710543, "NEAR": 2.17, "USDG": 0.999829, "PYUSD": 1.0, "SHIB": 4.69e-06, "CRO": 0.059009, "AVAX": 6.28, "XAUT": 4149.3, "BUIDL": 1.0, "TAO": 235.59, "WLD": 0.642017, "USDY": 1.13, "UNI": 3.06, "PAXG": 4155.54, "WLFI": 0.059303, "MNT": 0.536915, "ASTER": 0.641807, "ONDO": 0.339202, "DOT": 0.963318, "RLUSD": 1.0, "OKB": 76.03, "HTX": 1.72e-06, "PI": 0.135641, "USDF": 0.995471, "SKY": 0.059574, "USDD": 0.998846, "BFUSD": 0.998909, "ICP": 2.28, "BGB": 1.76, "MORPHO": 1.86, "PEPE": 2.84e-06, "ETC": 7.37, "AAVE": 74.59, "QNT": 70.59, "U": 1.0, "USTB": 11.12, "KCS": 7.3, "BCAP": 107.07, "EUTBL": 1.21, "USDTB": 1.002, "ATOM": 1.77, "RENDER": 1.69, "JTRSY": 1.11, "POL": 0.080726, "ENA": 0.091024, "KAS": 0.02990631, "ALGO": 0.091675, "STABLE": 0.03430074, "NEXO": 0.789785, "JUP": 0.2237, "JAAA": 1.039, "VVV": 15.52, "GT": 6.69, "JST": 0.083168, "\u5e01\u5b89\u4eba\u751f": 0.707975, "DEXE": 14.2, "FLR": 0.0074409, "FIL": 0.807516, "BDX": 0.079586, "GHO": 0.99818, "XDC": 0.02987064, "YLDS": 0.999806, "EURSAFO": 1.15, "USD0": 0.999146, "APT": 0.657956, "NIGHT": 0.03289019, "ARB": 0.084075, "PUMP": 0.00152765, "ADI": 4.14}}