{"timestamp": 1778055063, "base": "USD", "data": {"BTC": 81555, "ETH": 2376.6, "USDT": 0.999775, "XRP": 1.43, "BNB": 639.96, "USDC": 0.999743, "SOL": 87.89, "TRX": 0.342132, "DOGE": 0.115928, "FIGR_HELOC": 1.033, "WBT": 60.2, "USDS": 0.999734, "HYPE": 44.49, "ZEC": 590.95, "ADA": 0.265564, "LEO": 10.35, "BCH": 471.82, "XMR": 422.42, "LINK": 9.92, "TON": 2.14, "CC": 0.148378, "XLM": 0.163286, "M": 3.55, "USD1": 0.99977, "LTC": 57.29, "DAI": 0.999703, "AVAX": 9.59, "SUI": 0.994589, "HBAR": 0.091475, "USDE": 0.99909, "SHIB": 6.42e-06, "RAIN": 0.00739818, "PYUSD": 1.0, "CRO": 0.071197, "USYC": 1.12, "TAO": 294.0, "XAUT": 4662.41, "USDG": 0.99979, "BUIDL": 1.0, "PAXG": 4665.4, "DOT": 1.31, "UNI": 3.41, "MNT": 0.65304, "WLFI": 0.065776, "PI": 0.183305, "SKY": 0.079325, "OKB": 86.54, "USDF": 0.998946, "PEPE": 4.23e-06, "HTX": 1.95e-06, "NEAR": 1.37, "ASTER": 0.68172, "ONDO": 0.321921, "RLUSD": 0.999851, "ICP": 2.75, "USDD": 0.999899, "BGB": 2.08, "ETC": 9.28, "AAVE": 94.63, "MORPHO": 2.28, "USDY": 1.13, "BFUSD": 0.999, "JTRSY": 1.1, "KCS": 8.51, "ALGO": 0.123783, "POL": 0.09938, "U": 0.999491, "USTB": 11.07, "QNT": 69.98, "ENA": 0.112171, "RENDER": 1.94, "EUTBL": 1.23, "ATOM": 1.93, "KAS": 0.03532727, "BCAP": 105.77, "NEXO": 0.900351, "WLD": 0.2545, "FIL": 1.078, "GT": 7.33, "APT": 1.023, "SKYAI": 0.793928, "STABLE": 0.03427105, "ARB": 0.121593, "JST": 0.083721, "PENGU": 0.01112683, "DASH": 54.48, "PUMP": 0.00191206, "FLR": 0.00777191, "VET": 0.0076577, "JUP": 0.194829, "USDTB": 1.0, "BDX": 0.079942, "OUSG": 115.14, "LUNC": 0.00011067, "BONK": 6.83e-06, "XDC": 0.03010371, "HASH": 0.01132424, "GHO": 0.999719, "SIREN": 0.772756, "TRUMP": 2.41}}