{"timestamp": 1780772846, "base": "USD", "data": {"BTC": 60562, "ETH": 1555.06, "USDT": 0.999536, "BNB": 573.67, "USDC": 0.999771, "XRP": 1.084, "SOL": 61.68, "TRX": 0.322483, "FIGR_HELOC": 1.03, "HYPE": 56.81, "DOGE": 0.080844, "USDS": 0.99978, "LEO": 9.44, "RAIN": 0.01282621, "XLM": 0.206312, "CC": 0.158088, "ZEC": 357.01, "ADA": 0.156913, "XMR": 296.51, "LINK": 7.32, "WBT": 43.14, "USD1": 0.999508, "USDE": 0.999472, "BCH": 213.98, "DAI": 0.999728, "TON": 1.6, "M": 2.86, "LAB": 11.24, "HBAR": 0.07874, "LTC": 42.17, "AVAX": 6.63, "SUI": 0.707798, "PYUSD": 1.0, "USYC": 1.13, "SHIB": 4.51e-06, "XAUT": 4286.67, "CRO": 0.058116, "USDG": 1.0, "NEAR": 1.87, "BUIDL": 1.0, "USDY": 1.13, "PAXG": 4292.21, "TAO": 194.3, "WLFI": 0.055461, "MNT": 0.518311, "RLUSD": 0.999879, "ASTER": 0.621294, "DOT": 0.93309, "ONDO": 0.320947, "HTX": 1.73e-06, "UNI": 2.43, "USDF": 0.996101, "OKB": 69.14, "WLD": 0.410999, "USDD": 0.999697, "BFUSD": 0.999501, "PI": 0.123152, "SKY": 0.055469, "BGB": 1.83, "ICP": 2.28, "PEPE": 2.65e-06, "H": 0.582539, "ETC": 6.74, "MORPHO": 1.63, "USDTB": 1.0, "U": 1.0, "EUTBL": 1.21, "BCAP": 107.06, "USTB": 11.1, "DEXE": 20.15, "QNT": 64.25, "AAVE": 60.46, "JTRSY": 1.11, "ENA": 0.090306, "KAS": 0.03042158, "ATOM": 1.62, "RENDER": 1.59, "ALGO": 0.092077, "KCS": 6.09, "POL": 0.076076, "STABLE": 0.03305497, "VVV": 15.87, "\u5e01\u5b89\u4eba\u751f": 0.739652, "NEXO": 0.736224, "JST": 0.082174, "GT": 6.11, "BEAT": 2.2, "SIREN": 0.851048, "BDX": 0.078706, "XDC": 0.02939762, "GHO": 0.999269, "FIL": 0.72828, "FLR": 0.00665866, "USD0": 0.998517, "APT": 0.650501, "YLDS": 0.999706, "A7A5": 0.01311763, "NIGHT": 0.03087214, "JUP": 0.152903, "INJ": 5.06}}