{"timestamp": 1780896218, "base": "USD", "data": {"BTC": 62631, "ETH": 1653.03, "USDT": 0.999515, "BNB": 594.44, "USDC": 0.999656, "XRP": 1.14, "SOL": 65.33, "TRX": 0.32701, "FIGR_HELOC": 1.033, "HYPE": 61.04, "DOGE": 0.084844, "USDS": 0.999685, "LEO": 9.67, "RAIN": 0.01316056, "ZEC": 423.7, "XLM": 0.200122, "CC": 0.164594, "ADA": 0.160879, "XMR": 302.34, "LINK": 7.76, "WBT": 44.49, "USD1": 0.998538, "TON": 1.69, "USDE": 0.999466, "BCH": 221.26, "DAI": 0.999821, "M": 2.99, "LAB": 12.45, "HBAR": 0.081189, "LTC": 42.25, "SUI": 0.736822, "PYUSD": 0.999274, "AVAX": 6.59, "USYC": 1.13, "SHIB": 4.67e-06, "CRO": 0.060485, "NEAR": 2.04, "XAUT": 4289.49, "USDG": 1.0, "BUIDL": 1.0, "USDY": 1.14, "TAO": 208.95, "PAXG": 4301.49, "MNT": 0.544361, "WLFI": 0.05515, "RLUSD": 0.999809, "ONDO": 0.346247, "ASTER": 0.628663, "DOT": 0.957308, "WLD": 0.476538, "HTX": 1.76e-06, "UNI": 2.54, "OKB": 72.03, "USDF": 0.996345, "PI": 0.128529, "USDD": 0.999698, "SKY": 0.057274, "BFUSD": 0.9994, "H": 0.715603, "BGB": 1.83, "ICP": 2.31, "PEPE": 2.76e-06, "BEAT": 3.97, "MORPHO": 1.7, "ETC": 6.99, "DEXE": 21.77, "USDTB": 1.0, "U": 0.9999, "QNT": 68.26, "EUTBL": 1.21, "BCAP": 107.06, "USTB": 11.1, "AAVE": 62.21, "SIREN": 1.25, "ATOM": 1.72, "KCS": 6.49, "JTRSY": 1.11, "KAS": 0.03120516, "RENDER": 1.63, "POL": 0.07878, "ALGO": 0.092146, "\u5e01\u5b89\u4eba\u751f": 0.81046, "ENA": 0.086634, "NEXO": 0.772723, "STABLE": 0.03281163, "VVV": 16.19, "GT": 6.36, "JST": 0.07879, "FLR": 0.00710752, "BDX": 0.078425, "FIL": 0.758965, "XDC": 0.02947318, "GHO": 0.999219, "USD0": 0.998529, "INJ": 5.41, "APT": 0.658019, "HASH": 0.00986941, "PUMP": 0.00152142, "YLDS": 0.999962, "A7A5": 0.01313169}}