{"timestamp": 1781232273, "base": "USD", "data": {"BTC": 63508, "ETH": 1673.57, "USDT": 0.998608, "BNB": 604.69, "USDC": 0.999692, "XRP": 1.14, "SOL": 67.07, "TRX": 0.315329, "FIGR_HELOC": 1.03, "DOGE": 0.086305, "HYPE": 59.27, "USDS": 0.999558, "LEO": 9.44, "RAIN": 0.01327801, "XMR": 392.09, "ZEC": 430.96, "XLM": 0.193529, "ADA": 0.170933, "CC": 0.163837, "WBT": 51.99, "LINK": 7.91, "TON": 1.74, "USDE": 0.99903, "USD1": 0.997991, "DAI": 0.999569, "BCH": 204.82, "M": 2.95, "HBAR": 0.079884, "LTC": 42.6, "SUI": 0.757034, "USYC": 1.13, "LAB": 9.41, "AVAX": 6.65, "SHIB": 4.83e-06, "PYUSD": 0.999794, "NEAR": 2.09, "CRO": 0.060048, "USDG": 0.999874, "XAUT": 4167.1, "BEAT": 8.69, "BUIDL": 1.0, "USDY": 1.13, "TAO": 214.0, "PAXG": 4179.46, "WLFI": 0.058724, "ONDO": 0.367438, "MNT": 0.542162, "WLD": 0.49988, "ASTER": 0.629292, "RLUSD": 1.0, "DOT": 0.950879, "UNI": 2.51, "OKB": 72.12, "HTX": 1.67e-06, "USDF": 0.994279, "PI": 0.127249, "USDD": 0.998611, "SKY": 0.056899, "BFUSD": 0.998356, "MORPHO": 1.97, "ICP": 2.27, "BGB": 1.77, "PEPE": 2.8e-06, "ETC": 7.29, "ATOM": 1.99, "USDTB": 0.999156, "QNT": 69.14, "U": 0.999404, "DEXE": 21.26, "EUTBL": 1.22, "AAVE": 64.5, "BCAP": 106.96, "USTB": 11.11, "KCS": 6.72, "JTRSY": 1.11, "RENDER": 1.66, "KAS": 0.0310575, "NEXO": 0.802164, "POL": 0.074441, "ALGO": 0.088647, "STABLE": 0.03364829, "VELVET": 1.8, "ENA": 0.079198, "VVV": 15.29, "GT": 6.46, "JAAA": 1.038, "\u5e01\u5b89\u4eba\u751f": 0.675333, "FLR": 0.00756855, "JST": 0.07384, "XDC": 0.03055366, "FIL": 0.760627, "GHO": 0.998637, "INJ": 5.57, "USD0": 0.99854, "YLDS": 0.999817, "NIGHT": 0.03285769, "JUP": 0.161328, "APT": 0.650199, "ARB": 0.083373, "A7A5": 0.01324006}}