{"timestamp": 1781931891, "base": "USD", "data": {"BTC": 63512, "ETH": 1712.38, "USDT": 0.999048, "BNB": 580.48, "USDC": 0.999804, "XRP": 1.14, "SOL": 70.78, "TRX": 0.322043, "FIGR_HELOC": 1.034, "HYPE": 69.99, "DOGE": 0.083419, "USDS": 0.999701, "RAIN": 0.01445173, "LEO": 9.55, "ZEC": 470.63, "XLM": 0.213237, "WBT": 52.29, "ADA": 0.162899, "CC": 0.152884, "LINK": 7.92, "XMR": 308.28, "USD1": 1.0, "USDE": 0.998998, "GRAM": 1.59, "DAI": 0.99975, "BCH": 198.03, "M": 2.88, "LAB": 11.66, "HBAR": 0.079911, "LTC": 43.96, "USYC": 1.13, "SUI": 0.713518, "NEAR": 2.17, "USDG": 0.99979, "SHIB": 4.71e-06, "PYUSD": 0.999608, "CRO": 0.05835, "AVAX": 5.98, "XAUT": 4146.27, "BUIDL": 1.0, "TAO": 229.63, "USDY": 1.14, "WLD": 0.6166, "PAXG": 4152.68, "UNI": 3.03, "WLFI": 0.058681, "MNT": 0.529223, "ONDO": 0.350519, "ASTER": 0.626554, "RLUSD": 0.999662, "DOT": 0.960121, "OKB": 75.76, "HTX": 1.71e-06, "PI": 0.136081, "USDF": 0.994878, "USDD": 0.999315, "SKY": 0.058075, "BFUSD": 0.999002, "ICP": 2.27, "BGB": 1.76, "MORPHO": 1.89, "ETC": 7.61, "PEPE": 2.83e-06, "AAVE": 74.21, "QNT": 70.57, "U": 0.999893, "USTB": 11.12, "BCAP": 107.07, "KCS": 7.22, "EUTBL": 1.21, "ATOM": 1.8, "USDTB": 0.999678, "RENDER": 1.76, "POL": 0.081675, "JTRSY": 1.11, "ALGO": 0.094663, "KAS": 0.02998177, "ENA": 0.088319, "NEXO": 0.790652, "STABLE": 0.03267926, "DEXE": 16.24, "JAAA": 1.039, "\u5e01\u5b89\u4eba\u751f": 0.716808, "GT": 6.67, "JST": 0.082325, "VVV": 14.65, "JUP": 0.195184, "FLR": 0.00737239, "BDX": 0.081599, "FIL": 0.788882, "GHO": 0.998419, "XDC": 0.02947779, "BEAT": 2.02, "YLDS": 0.999708, "EURSAFO": 1.16, "USD0": 0.999183, "ARB": 0.083428, "NIGHT": 0.03189644, "APT": 0.629409, "HASH": 0.00941215}}