{"timestamp": 1783531255, "base": "USD", "data": {"BTC": 62020, "ETH": 1733.55, "USDT": 0.999091, "BNB": 565.8, "USDC": 0.999833, "XRP": 1.086, "SOL": 77.07, "TRX": 0.329091, "FIGR_HELOC": 1.031, "HYPE": 67.48, "DOGE": 0.072307, "USDS": 0.999771, "RAIN": 0.01461143, "LEO": 9.46, "ZEC": 461.55, "WBT": 54.97, "ADA": 0.166478, "XLM": 0.181744, "XMR": 319.14, "LINK": 7.61, "CC": 0.125838, "BCH": 235.2, "DAI": 0.999722, "USD1": 0.998979, "USDE": 0.998497, "GRAM": 1.59, "LTC": 43.56, "USDG": 0.999656, "USYC": 1.13, "HBAR": 0.069584, "SUI": 0.707971, "PYUSD": 0.999735, "AVAX": 6.42, "CRO": 0.056558, "SHIB": 4.25e-06, "XAUT": 4056.77, "NEAR": 1.88, "BUIDL": 1.0, "USDY": 1.14, "UNI": 3.35, "TAO": 204.18, "WLFI": 0.05919, "PAXG": 4059.93, "M": 1.3, "HTX": 1.86e-06, "ASTER": 0.622336, "OKB": 79.11, "RLUSD": 0.999917, "ONDO": 0.314803, "USDD": 0.99987, "USDF": 0.996637, "DOT": 0.827539, "MNT": 0.41641, "MORPHO": 2.1, "DEXE": 28.99, "AAVE": 87.67, "WLD": 0.376975, "BFUSD": 0.998272, "SKY": 0.055107, "ICP": 2.19, "BGB": 1.64, "PI": 0.101053, "PEPE": 2.59e-06, "ETC": 6.92, "U": 0.9997, "EUTBL": 1.2, "BCAP": 106.63, "QNT": 64.62, "KCS": 6.81, "JTRSY": 1.11, "USDGO": 0.999807, "STABLE": 0.03553254, "USTB": 11.14, "JST": 0.096142, "POL": 0.0762, "ATOM": 1.56, "KAS": 0.02899261, "RENDER": 1.53, "ALGO": 0.084486, "ADI": 5.99, "NEXO": 0.731725, "USDTB": 1.0, "JUP": 0.215948, "EURSAFO": 1.15, "BDX": 0.090264, "ENA": 0.074192, "BEAT": 2.29, "\u5e01\u5b89\u4eba\u751f": 0.703107, "GT": 6.58, "JAAA": 1.04, "FIL": 0.761807, "PUMP": 0.00149074, "GHO": 0.998029, "LIT": 2.37, "FLR": 0.0065583, "USD0": 0.998618, "XDC": 0.02702123, "YLDS": 0.999807, "NIGHT": 0.03182279, "USX": 0.999801}}