{"timestamp": 1784771938, "base": "USD", "data": {"BTC": 65810, "ETH": 1928.37, "USDT": 0.999449, "BNB": 570.57, "USDC": 0.999976, "XRP": 1.14, "SOL": 77.92, "TRX": 0.328822, "FIGR_HELOC": 1.008, "HYPE": 58.99, "DOGE": 0.072781, "RAIN": 0.01436634, "USDS": 0.999908, "LEO": 9.83, "ZEC": 516.24, "WBT": 57.41, "XMR": 351.47, "ADA": 0.174788, "LINK": 8.61, "XLM": 0.186392, "CC": 0.121972, "DAI": 1.0, "BCH": 219.27, "USD1": 0.999317, "GRAM": 1.49, "USDE": 0.999744, "LTC": 47.19, "USDG": 0.999846, "HBAR": 0.073341, "SUI": 0.761462, "USYC": 1.13, "AVAX": 6.61, "PYUSD": 0.999877, "CRO": 0.057598, "BUIDL": 1.0, "XAUT": 4112.15, "SHIB": 4.25e-06, "NEAR": 1.88, "UNI": 3.79, "USDY": 1.14, "ONDO": 0.413719, "TAO": 196.27, "PAXG": 4111.66, "OKB": 82.23, "WLFI": 0.052743, "ASTER": 0.621356, "HTX": 1.85e-06, "RLUSD": 0.999999, "USDD": 0.99941, "AAVE": 98.21, "M": 1.13, "SKY": 0.063327, "USDF": 0.99594, "DOT": 0.831361, "MNT": 0.419709, "WLD": 0.383974, "BFUSD": 0.998598, "MORPHO": 1.93, "ICP": 2.22, "PEPE": 2.87e-06, "BGB": 1.7, "ETC": 6.93, "U": 0.999655, "EUTBL": 1.21, "PI": 0.09282, "USDGO": 1.0, "BCAP": 106.2, "QNT": 63.44, "KCS": 6.68, "STABLE": 0.03731489, "ADI": 6.98, "JTRSY": 1.11, "ENA": 0.090427, "EURSAFO": 1.15, "POL": 0.079096, "JST": 0.102173, "BEAT": 2.6, "USTB": 11.15, "RENDER": 1.51, "KAS": 0.02807775, "ATOM": 1.46, "PUMP": 0.00190649, "ALGO": 0.084378, "NEXO": 0.755272, "GT": 6.68, "JAAA": 1.042, "GHO": 0.999053, "BDX": 0.082316, "JUP": 0.189731, "\u5e01\u5b89\u4eba\u751f": 0.618686, "FIL": 0.756693, "ARB": 0.090377, "VVV": 12.4, "LIT": 2.31, "FLR": 0.00663623, "YLDS": 0.999998, "XDC": 0.02830825, "USD0": 0.99944, "APT": 0.626474, "HASH": 0.00943632}}