{"timestamp": 1783512877, "base": "USD", "data": {"BTC": 62323, "ETH": 1748.34, "USDT": 0.999156, "BNB": 565.6, "USDC": 0.999923, "XRP": 1.087, "SOL": 77.5, "TRX": 0.327542, "FIGR_HELOC": 1.025, "HYPE": 68.71, "DOGE": 0.072065, "USDS": 0.999844, "RAIN": 0.01478613, "LEO": 9.44, "ZEC": 465.77, "WBT": 55.21, "XLM": 0.183226, "ADA": 0.167214, "XMR": 322.38, "LINK": 7.63, "CC": 0.126744, "BCH": 234.32, "DAI": 0.999689, "USD1": 0.998874, "USDE": 0.998472, "GRAM": 1.6, "LTC": 43.66, "USDG": 0.999582, "USYC": 1.13, "HBAR": 0.069568, "SUI": 0.707691, "PYUSD": 1.0, "AVAX": 6.43, "CRO": 0.056908, "SHIB": 4.23e-06, "XAUT": 4061.03, "NEAR": 1.88, "BUIDL": 1.0, "USDY": 1.14, "UNI": 3.3, "TAO": 205.46, "PAXG": 4062.84, "WLFI": 0.057634, "M": 1.35, "HTX": 1.84e-06, "ASTER": 0.619428, "OKB": 77.73, "RLUSD": 0.999928, "ONDO": 0.319654, "USDD": 0.999187, "USDF": 0.99693, "DOT": 0.832895, "MORPHO": 2.13, "MNT": 0.41527, "DEXE": 28.89, "AAVE": 88.05, "WLD": 0.376376, "BFUSD": 0.998331, "SKY": 0.053502, "ICP": 2.18, "BGB": 1.65, "PI": 0.103186, "PEPE": 2.58e-06, "ETC": 6.94, "U": 0.9997, "EUTBL": 1.2, "BCAP": 106.63, "QNT": 65.13, "KCS": 6.82, "JTRSY": 1.11, "STABLE": 0.03573802, "USDGO": 0.99998, "USTB": 11.14, "JST": 0.095844, "POL": 0.076194, "ATOM": 1.56, "KAS": 0.0289536, "RENDER": 1.53, "LAB": 2.52, "ALGO": 0.084574, "BDX": 0.093678, "ADI": 5.82, "NEXO": 0.728313, "USDTB": 1.0, "JUP": 0.217871, "EURSAFO": 1.15, "GT": 6.64, "ENA": 0.073742, "\u5e01\u5b89\u4eba\u751f": 0.704583, "BEAT": 2.26, "JAAA": 1.04, "FIL": 0.752779, "PUMP": 0.00148762, "GHO": 0.998206, "LIT": 2.3, "FLR": 0.00654928, "USD0": 0.99884, "XDC": 0.02699558, "YLDS": 0.999814, "NIGHT": 0.03199937}}