{"timestamp": 1784400629, "base": "USD", "data": {"BTC": 64453, "ETH": 1854.82, "USDT": 0.999286, "BNB": 570.55, "USDC": 0.99983, "XRP": 1.09, "SOL": 75.18, "TRX": 0.325005, "FIGR_HELOC": 1.031, "HYPE": 59.66, "DOGE": 0.072302, "USDS": 0.999805, "RAIN": 0.01424766, "ZEC": 558.23, "LEO": 9.79, "WBT": 56.16, "XLM": 0.186788, "XMR": 332.54, "LINK": 8.31, "ADA": 0.165146, "CC": 0.125031, "DAI": 0.999665, "BCH": 220.43, "USD1": 0.999278, "USDE": 0.999875, "GRAM": 1.47, "LTC": 47.25, "USDG": 1.003, "USYC": 1.13, "SUI": 0.739226, "HBAR": 0.066623, "PYUSD": 0.999784, "AVAX": 6.56, "CRO": 0.05869, "BUIDL": 1.0, "NEAR": 1.93, "XAUT": 4007.44, "SHIB": 4.14e-06, "UNI": 3.52, "USDY": 1.14, "TAO": 194.53, "WLFI": 0.057095, "PAXG": 4007.29, "OKB": 81.14, "ONDO": 0.347197, "DEXE": 36.01, "ASTER": 0.620728, "HTX": 1.83e-06, "M": 1.23, "RLUSD": 1.0, "USDD": 0.999229, "SKY": 0.062755, "USDF": 0.995147, "DOT": 0.834977, "MNT": 0.41884, "AAVE": 89.32, "BFUSD": 0.998411, "WLD": 0.370654, "MORPHO": 2.0, "ICP": 2.15, "PEPE": 2.75e-06, "BGB": 1.65, "ETC": 6.99, "U": 0.999927, "USDGO": 0.999817, "EUTBL": 1.21, "BCAP": 106.19, "QNT": 64.78, "PI": 0.084518, "KCS": 6.64, "STABLE": 0.0355686, "JTRSY": 1.11, "POL": 0.081037, "EURSAFO": 1.15, "ADI": 6.52, "JST": 0.098356, "ATOM": 1.5, "ENA": 0.080336, "USTB": 11.15, "KAS": 0.02767182, "RENDER": 1.47, "NEXO": 0.753507, "ALGO": 0.082307, "BEAT": 2.38, "GT": 6.75, "\u5e01\u5b89\u4eba\u751f": 0.693522, "JAAA": 1.041, "PUMP": 0.0016324, "BDX": 0.082943, "JUP": 0.192538, "GHO": 0.998916, "FIL": 0.747893, "FLR": 0.00651753, "ARB": 0.088139, "XDC": 0.02807664, "YLDS": 0.999845, "USD0": 0.998687, "LIT": 2.2, "VVV": 11.43, "USX": 0.999857}}