{"timestamp": 1783201818, "base": "USD", "data": {"BTC": 63246, "ETH": 1788.95, "USDT": 0.999189, "BNB": 573.89, "USDC": 0.999851, "XRP": 1.17, "SOL": 81.94, "TRX": 0.325718, "FIGR_HELOC": 1.009, "HYPE": 69.87, "DOGE": 0.078166, "RAIN": 0.01541478, "USDS": 0.999752, "LEO": 9.17, "ZEC": 469.1, "ADA": 0.191826, "XLM": 0.209915, "WBT": 57.24, "XMR": 327.56, "LINK": 8.05, "CC": 0.139978, "GRAM": 1.8, "LAB": 15.09, "BCH": 233.86, "DAI": 0.999837, "USD1": 0.998956, "USDE": 0.998617, "LTC": 45.07, "HBAR": 0.076207, "SUI": 0.772359, "USYC": 1.13, "USDG": 0.999969, "AVAX": 7.0, "PYUSD": 0.999878, "CRO": 0.060656, "SHIB": 4.48e-06, "NEAR": 2.0, "XAUT": 4159.09, "BUIDL": 1.0, "USDY": 1.13, "TAO": 217.01, "UNI": 3.24, "PAXG": 4163.95, "WLFI": 0.057486, "M": 1.37, "ASTER": 0.646032, "OKB": 81.04, "ONDO": 0.338112, "RLUSD": 1.0, "HTX": 1.7e-06, "DOT": 0.89286, "WLD": 0.428016, "MNT": 0.453795, "USDF": 0.996101, "USDD": 1.0, "AAVE": 89.35, "SKY": 0.057046, "BFUSD": 0.99878, "PI": 0.116638, "MORPHO": 1.94, "ICP": 2.26, "BGB": 1.73, "PEPE": 2.74e-06, "ETC": 7.31, "DEXE": 23.37, "U": 0.999999, "QNT": 68.52, "EUTBL": 1.21, "KCS": 7.17, "BCAP": 106.97, "BEAT": 2.91, "USDGO": 1.0, "JTRSY": 1.11, "USTB": 11.13, "KAS": 0.03127059, "RENDER": 1.62, "ATOM": 1.59, "STABLE": 0.03409337, "ALGO": 0.091228, "\u5e01\u5b89\u4eba\u751f": 0.798732, "POL": 0.073804, "JUP": 0.236765, "NEXO": 0.781771, "JST": 0.090351, "ENA": 0.079431, "USDTB": 1.001, "ADI": 5.78, "GT": 6.79, "BDX": 0.088575, "EURSAFO": 1.15, "JAAA": 1.04, "FIL": 0.803567, "PUMP": 0.00157034, "FLR": 0.00707456, "GHO": 0.998341, "VVV": 12.27, "XDC": 0.02879911, "NIGHT": 0.03416848, "AERO": 0.585135, "LIT": 2.25}}