{"timestamp": 1779389688, "base": "USD", "data": {"BTC": 77355, "ETH": 2126.6, "USDT": 0.99905, "BNB": 655.18, "XRP": 1.37, "USDC": 0.999731, "SOL": 87.1, "TRX": 0.364226, "FIGR_HELOC": 1.026, "DOGE": 0.105504, "HYPE": 58.54, "WBT": 57.25, "ZEC": 669.44, "USDS": 0.999664, "ADA": 0.251828, "LEO": 9.89, "BCH": 379.99, "XMR": 402.95, "LINK": 9.74, "CC": 0.160158, "TON": 2.04, "XLM": 0.147353, "USD1": 0.999929, "SUI": 1.15, "USDE": 0.999045, "DAI": 0.999535, "LTC": 54.16, "AVAX": 9.46, "HBAR": 0.090145, "PYUSD": 1.0, "RAIN": 0.00752757, "M": 2.76, "SHIB": 5.83e-06, "CRO": 0.069345, "USYC": 1.12, "TAO": 282.17, "USDG": 0.999712, "XAUT": 4527.39, "BUIDL": 1.0, "NEAR": 1.83, "UNI": 3.6, "MNT": 0.680294, "DOT": 1.28, "PAXG": 4531.35, "USDY": 1.12, "ONDO": 0.414876, "WLFI": 0.063419, "HTX": 2.02e-06, "ASTER": 0.696809, "USDF": 0.997628, "RLUSD": 1.0, "OKB": 80.84, "SKY": 0.07142, "PI": 0.153539, "PEPE": 3.8e-06, "USDD": 0.999175, "ICP": 2.55, "ETC": 8.99, "BGB": 2.0, "AAVE": 88.81, "BFUSD": 0.9988, "MORPHO": 1.98, "USDTB": 0.999114, "KCS": 7.95, "QNT": 73.42, "EUTBL": 1.22, "ATOM": 2.03, "ALGO": 0.116078, "U": 1.003, "RENDER": 1.93, "USTB": 11.09, "POL": 0.090942, "ENA": 0.106491, "JTRSY": 1.1, "BCAP": 105.74, "KAS": 0.03438968, "WLD": 0.266969, "NEXO": 0.871606, "VVV": 18.11, "APT": 0.971416, "STABLE": 0.03433743, "JST": 0.091716, "FIL": 1.0, "GT": 7.03, "FLR": 0.00841771, "ARB": 0.113653, "JUP": 0.211836, "XDC": 0.03448496, "DEXE": 14.45, "PUMP": 0.00181318, "HASH": 0.01171602, "DASH": 48.78, "BDX": 0.07874, "PENGU": 0.00937396, "GHO": 0.998986, "VET": 0.00667073, "OUSG": 115.31, "USD0": 0.998438, "BONK": 6.19e-06, "KITE": 0.233842}}