{"timestamp": 1783723970, "base": "USD", "data": {"BTC": 64075, "ETH": 1792.96, "USDT": 0.999318, "BNB": 575.49, "USDC": 0.999923, "XRP": 1.1, "SOL": 78.05, "TRX": 0.330452, "FIGR_HELOC": 1.018, "HYPE": 67.47, "DOGE": 0.074079, "USDS": 0.999685, "RAIN": 0.01443851, "LEO": 9.51, "ZEC": 499.7, "WBT": 56.07, "XLM": 0.190007, "ADA": 0.166915, "XMR": 320.73, "LINK": 7.95, "CC": 0.133768, "BCH": 245.98, "DAI": 0.999778, "GRAM": 1.66, "USD1": 0.999215, "USDE": 0.999547, "LTC": 44.69, "USDG": 0.999397, "USYC": 1.13, "HBAR": 0.070032, "SUI": 0.740341, "AVAX": 6.75, "BUIDL": 1.0, "PYUSD": 0.999793, "SHIB": 4.39e-06, "CRO": 0.055718, "XAUT": 4106.27, "NEAR": 1.89, "UNI": 3.55, "USDY": 1.13, "TAO": 212.56, "WLFI": 0.05823, "PAXG": 4110.51, "M": 1.33, "OKB": 80.57, "ASTER": 0.629093, "HTX": 1.85e-06, "DEXE": 34.93, "ONDO": 0.329683, "USDD": 0.999256, "RLUSD": 1.0, "DOT": 0.877857, "AAVE": 96.79, "MORPHO": 2.19, "USDF": 0.997417, "MNT": 0.43005, "SKY": 0.059661, "WLD": 0.383089, "BFUSD": 0.998571, "ICP": 2.29, "PEPE": 2.81e-06, "BGB": 1.67, "ETC": 7.08, "PI": 0.099166, "U": 0.999845, "EUTBL": 1.2, "QNT": 68.18, "BCAP": 106.63, "KCS": 7.02, "USDGO": 1.0, "JST": 0.102286, "JTRSY": 1.11, "STABLE": 0.03512776, "POL": 0.079729, "BEAT": 2.69, "ATOM": 1.59, "KAS": 0.02973447, "RENDER": 1.57, "ADI": 6.32, "USTB": 11.14, "ENA": 0.081563, "EURSAFO": 1.15, "ALGO": 0.085909, "NEXO": 0.758913, "USDTB": 1.0, "GT": 6.79, "BDX": 0.088492, "JAAA": 1.041, "\u5e01\u5b89\u4eba\u751f": 0.677914, "LIT": 2.71, "JUP": 0.201991, "FIL": 0.788311, "GHO": 0.998352, "ARB": 0.093433, "PUMP": 0.00146522, "FLR": 0.00665064, "USD0": 0.998954, "XDC": 0.02728811, "YLDS": 0.9998, "VVV": 11.3}}