{"timestamp": 1779781025, "base": "USD", "data": {"BTC": 76568, "ETH": 2092.11, "USDT": 0.998745, "BNB": 655.0, "XRP": 1.34, "USDC": 0.999563, "SOL": 84.05, "TRX": 0.372975, "FIGR_HELOC": 1.03, "DOGE": 0.100935, "HYPE": 59.67, "USDS": 0.999518, "ZEC": 615.36, "LEO": 10.0, "ADA": 0.240685, "XMR": 384.46, "BCH": 348.6, "LINK": 9.46, "WBT": 56.38, "CC": 0.16284, "TON": 1.88, "XLM": 0.147993, "USD1": 0.998409, "USDE": 0.998783, "DAI": 0.99954, "SUI": 1.025, "LTC": 52.32, "AVAX": 9.25, "M": 2.98, "RAIN": 0.00803133, "HBAR": 0.087298, "PYUSD": 0.999793, "NEAR": 2.71, "SHIB": 5.53e-06, "CRO": 0.068116, "USYC": 1.13, "USDG": 0.999625, "TAO": 278.54, "XAUT": 4509.89, "BUIDL": 1.0, "USDY": 1.13, "MNT": 0.644992, "PAXG": 4517.28, "DOT": 1.25, "UNI": 3.27, "ONDO": 0.419442, "OKB": 93.87, "WLFI": 0.060078, "HTX": 2.05e-06, "ASTER": 0.68189, "USDF": 0.99699, "RLUSD": 0.999768, "SKY": 0.069835, "PI": 0.14647, "USDD": 0.9989, "PEPE": 3.55e-06, "ICP": 2.64, "BGB": 2.0, "ETC": 8.83, "MORPHO": 2.17, "BFUSD": 0.997919, "AAVE": 85.9, "WLD": 0.348644, "RENDER": 2.28, "QNT": 78.63, "ATOM": 2.14, "USDTB": 0.999149, "KCS": 8.07, "EUTBL": 1.22, "U": 0.999607, "ALGO": 0.111731, "USTB": 11.09, "POL": 0.092312, "BCAP": 107.16, "JTRSY": 1.1, "KAS": 0.03305451, "ENA": 0.098485, "STABLE": 0.03691427, "NEXO": 0.84958, "DEXE": 17.3, "VVV": 17.45, "JST": 0.093643, "APT": 0.9694, "FIL": 0.981503, "GT": 7.05, "FLR": 0.00822029, "ARB": 0.108489, "JUP": 0.200224, "XDC": 0.03214407, "PUMP": 0.00176718, "BDX": 0.078369, "GHO": 0.998794, "VET": 0.00653172, "DASH": 44.05, "HASH": 0.0104479, "USD0": 0.998441, "INJ": 5.49, "OUSG": 115.33, "PENGU": 0.00861701, "FET": 0.235699}}