{"timestamp": 1779216878, "base": "USD", "data": {"BTC": 76813, "ETH": 2115.2, "USDT": 0.999092, "BNB": 640.27, "XRP": 1.36, "USDC": 0.999735, "SOL": 84.42, "TRX": 0.355143, "FIGR_HELOC": 1.033, "DOGE": 0.103546, "WBT": 56.6, "HYPE": 48.27, "USDS": 0.999587, "ZEC": 574.49, "ADA": 0.248665, "LEO": 9.94, "BCH": 368.56, "XMR": 391.8, "LINK": 9.49, "CC": 0.150199, "TON": 2.02, "XLM": 0.144429, "M": 3.56, "USD1": 0.999654, "USDE": 0.999475, "DAI": 0.999741, "SUI": 1.059, "LTC": 54.04, "AVAX": 9.13, "HBAR": 0.088266, "RAIN": 0.00746661, "PYUSD": 0.99972, "SHIB": 5.7e-06, "CRO": 0.068823, "USYC": 1.12, "USDG": 0.999671, "XAUT": 4498.35, "BUIDL": 1.0, "TAO": 257.56, "UNI": 3.47, "USDY": 1.14, "NEAR": 1.65, "PAXG": 4498.55, "MNT": 0.62725, "DOT": 1.23, "WLFI": 0.059981, "ONDO": 0.370137, "USDF": 0.997699, "HTX": 1.96e-06, "ASTER": 0.650236, "OKB": 79.6, "RLUSD": 0.999936, "SKY": 0.068508, "PI": 0.149284, "PEPE": 3.65e-06, "USDD": 0.99952, "ETC": 9.09, "BGB": 2.0, "ICP": 2.5, "AAVE": 88.25, "BFUSD": 0.9988, "MORPHO": 1.77, "USDTB": 0.998709, "QNT": 73.79, "KCS": 7.91, "USTB": 11.09, "ATOM": 2.06, "JTRSY": 1.1, "EUTBL": 1.22, "U": 1.0, "ALGO": 0.111575, "BCAP": 105.74, "POL": 0.089818, "RENDER": 1.84, "KAS": 0.0343035, "ENA": 0.10336, "NEXO": 0.88283, "WLD": 0.239539, "STABLE": 0.03488401, "VVV": 16.96, "JST": 0.091376, "APT": 0.937024, "GT": 6.95, "FIL": 0.94222, "ARB": 0.114747, "FLR": 0.00823792, "DEXE": 13.99, "JUP": 0.195954, "XDC": 0.03256076, "BDX": 0.078659, "PUMP": 0.00169149, "GHO": 0.999206, "VET": 0.0065524, "USD0": 0.998263, "HASH": 0.01036639, "OUSG": 115.28, "PENGU": 0.00864011, "KITE": 0.238634, "DASH": 42.61, "BONK": 5.92e-06}}