{"timestamp": 1777731338, "base": "USD", "data": {"BTC": 78312, "ETH": 2305.57, "USDT": 0.999811, "XRP": 1.39, "BNB": 616.71, "USDC": 0.999781, "SOL": 83.92, "TRX": 0.33164, "FIGR_HELOC": 1.033, "DOGE": 0.108733, "WBT": 58.45, "USDS": 0.999837, "HYPE": 41.35, "LEO": 10.32, "ADA": 0.248781, "BCH": 445.98, "XMR": 386.3, "LINK": 9.1, "ZEC": 372.89, "CC": 0.148587, "XLM": 0.160024, "USD1": 0.999865, "DAI": 0.999716, "LTC": 55.33, "AVAX": 9.12, "USDE": 0.999061, "HBAR": 0.088232, "M": 2.96, "SHIB": 6.3e-06, "SUI": 0.920378, "RAIN": 0.00769146, "TON": 1.33, "PYUSD": 0.999861, "CRO": 0.068379, "USYC": 1.12, "XAUT": 4601.31, "TAO": 275.55, "USDG": 0.999801, "BUIDL": 1.0, "PAXG": 4601.37, "MNT": 0.631489, "UNI": 3.23, "DOT": 1.21, "SKY": 0.081818, "PI": 0.177482, "USDF": 0.996761, "OKB": 83.5, "WLFI": 0.054566, "ASTER": 0.659166, "HTX": 1.84e-06, "NEAR": 1.28, "PEPE": 3.94e-06, "RLUSD": 0.999934, "USDD": 1.0, "BGB": 2.02, "AAVE": 92.32, "ONDO": 0.279826, "ETC": 8.5, "USDY": 1.13, "BFUSD": 0.9992, "JTRSY": 1.1, "ICP": 2.34, "MORPHO": 1.97, "KCS": 8.34, "POL": 0.097115, "U": 0.999644, "QNT": 68.97, "USTB": 11.07, "EUTBL": 1.23, "BCAP": 105.75, "ALGO": 0.107787, "ATOM": 1.88, "NEXO": 0.901938, "RENDER": 1.72, "ENA": 0.101791, "KAS": 0.03238835, "GT": 7.18, "APT": 0.99335, "WLD": 0.23703, "ARB": 0.122738, "STABLE": 0.0338398, "JST": 0.084373, "FIL": 0.921674, "PUMP": 0.00181545, "FLR": 0.00745921, "PENGU": 0.01009784, "BDX": 0.080071, "VET": 0.00715789, "OUSG": 115.1, "JUP": 0.179103, "HASH": 0.0113096, "XDC": 0.02935344, "GHO": 0.999743, "USDTB": 0.999526, "USD0": 0.999057, "BONK": 6.26e-06, "TRUMP": 2.31, "YLDS": 0.999906, "NIGHT": 0.03162839, "SIREN": 0.701813}}