{"timestamp": 1781944968, "base": "USD", "data": {"BTC": 63406, "ETH": 1721.99, "USDT": 0.999031, "BNB": 585.37, "USDC": 0.999762, "XRP": 1.15, "SOL": 71.37, "TRX": 0.322438, "FIGR_HELOC": 1.034, "HYPE": 70.32, "DOGE": 0.083814, "USDS": 0.99972, "RAIN": 0.01443612, "LEO": 9.51, "ZEC": 469.76, "XLM": 0.21511, "WBT": 52.31, "ADA": 0.162604, "CC": 0.152951, "LINK": 7.93, "XMR": 313.51, "USD1": 1.0, "USDE": 0.999002, "GRAM": 1.6, "DAI": 0.99975, "BCH": 198.68, "LAB": 12.2, "M": 2.86, "HBAR": 0.079986, "LTC": 44.06, "USYC": 1.13, "SUI": 0.715241, "USDG": 0.999904, "NEAR": 2.14, "SHIB": 4.71e-06, "PYUSD": 0.999863, "CRO": 0.058532, "AVAX": 6.13, "XAUT": 4144.62, "BUIDL": 1.0, "TAO": 230.65, "USDY": 1.14, "WLD": 0.603696, "PAXG": 4151.82, "WLFI": 0.058699, "UNI": 2.98, "MNT": 0.529019, "ASTER": 0.650451, "ONDO": 0.349516, "DOT": 0.964473, "RLUSD": 0.999968, "OKB": 75.97, "HTX": 1.71e-06, "USDF": 0.993774, "PI": 0.13396, "USDD": 0.999128, "SKY": 0.058328, "BFUSD": 0.998906, "ICP": 2.3, "BGB": 1.76, "MORPHO": 1.87, "PEPE": 2.83e-06, "ETC": 7.52, "AAVE": 74.05, "QNT": 70.38, "U": 0.999883, "USTB": 11.12, "BCAP": 107.07, "KCS": 7.17, "EUTBL": 1.21, "ATOM": 1.8, "USDTB": 0.999735, "RENDER": 1.74, "POL": 0.082525, "JTRSY": 1.11, "ALGO": 0.093997, "KAS": 0.03042678, "ENA": 0.088642, "NEXO": 0.794508, "STABLE": 0.03233261, "DEXE": 15.82, "JAAA": 1.039, "GT": 6.7, "\u5e01\u5b89\u4eba\u751f": 0.708638, "JST": 0.082481, "VVV": 14.86, "JUP": 0.199504, "FLR": 0.00736058, "BDX": 0.081034, "FIL": 0.785971, "GHO": 0.998406, "XDC": 0.02947401, "YLDS": 0.999687, "EURSAFO": 1.15, "USD0": 0.999075, "ARB": 0.084057, "BEAT": 1.85, "NIGHT": 0.03196951, "APT": 0.634305, "A7A5": 0.01295979}}