{"timestamp": 1782644384, "base": "USD", "data": {"BTC": 60085, "ETH": 1574.8, "USDT": 0.998552, "BNB": 554.54, "USDC": 0.999681, "XRP": 1.047, "SOL": 71.36, "TRX": 0.322714, "FIGR_HELOC": 1.044, "HYPE": 62.73, "DOGE": 0.073362, "USDS": 0.999568, "RAIN": 0.01551576, "LEO": 9.42, "ZEC": 384.49, "CC": 0.152578, "XMR": 309.14, "XLM": 0.170942, "WBT": 47.99, "LAB": 17.45, "LINK": 7.24, "ADA": 0.144646, "USD1": 0.99925, "DAI": 0.999525, "USDE": 0.998117, "GRAM": 1.56, "BCH": 192.34, "LTC": 42.82, "USYC": 1.13, "HBAR": 0.071165, "USDG": 0.999713, "SUI": 0.683959, "PYUSD": 0.999861, "AVAX": 6.31, "CRO": 0.054315, "XAUT": 4065.62, "SHIB": 4.19e-06, "NEAR": 1.86, "BUIDL": 1.0, "USDY": 1.14, "TAO": 207.63, "WLFI": 0.058259, "PAXG": 4070.11, "UNI": 2.92, "ASTER": 0.619688, "OKB": 76.81, "RLUSD": 0.999894, "WLD": 0.451467, "HTX": 1.67e-06, "ONDO": 0.307951, "USDF": 0.99489, "MNT": 0.427377, "USDD": 0.998669, "PI": 0.126518, "DOT": 0.806151, "AAVE": 89.01, "BFUSD": 0.998183, "ICP": 2.15, "SKY": 0.04965009, "BGB": 1.64, "MORPHO": 1.77, "ETC": 7.05, "DEXE": 22.21, "U": 0.999718, "PEPE": 2.38e-06, "BCAP": 107.03, "QNT": 65.25, "EUTBL": 1.2, "STABLE": 0.03798388, "KCS": 6.74, "M": 0.675899, "JTRSY": 1.11, "USDGO": 0.999938, "ATOM": 1.57, "RENDER": 1.56, "ALGO": 0.086572, "USTB": 11.13, "KAS": 0.0276517, "POL": 0.071209, "JST": 0.086644, "USDTB": 0.999458, "JUP": 0.217135, "BEAT": 2.49, "NEXO": 0.71582, "ENA": 0.075919, "GT": 6.57, "JAAA": 1.039, "VELVET": 1.58, "BDX": 0.084076, "VVV": 13.71, "ADI": 4.94, "\u5e01\u5b89\u4eba\u751f": 0.616518, "EURSAFO": 1.15, "PUMP": 0.00149761, "GHO": 0.997804, "FLR": 0.00667903, "FIL": 0.726544, "YLDS": 1.0, "XDC": 0.02778357, "USD0": 0.99852}}