{"timestamp": 1780411524, "base": "USD", "data": {"BTC": 67821, "ETH": 1930.96, "USDT": 0.99821, "BNB": 672.52, "XRP": 1.24, "USDC": 0.999863, "SOL": 77.31, "TRX": 0.336686, "FIGR_HELOC": 1.031, "HYPE": 72.34, "DOGE": 0.096003, "USDS": 0.999236, "ZEC": 561.8, "LEO": 10.01, "RAIN": 0.01401003, "ADA": 0.219077, "XLM": 0.223827, "XMR": 337.97, "LINK": 8.65, "LAB": 19.97, "CC": 0.153132, "WBT": 49.9, "BCH": 282.91, "TON": 1.99, "USD1": 0.997777, "USDE": 0.998358, "DAI": 0.999596, "M": 3.35, "HBAR": 0.088985, "LTC": 48.37, "AVAX": 8.46, "NEAR": 2.64, "SUI": 0.831532, "SHIB": 5.33e-06, "PYUSD": 0.999835, "USYC": 1.13, "CRO": 0.063824, "XAUT": 4477.68, "USDG": 0.999828, "BUIDL": 1.0, "TAO": 242.33, "USDY": 1.13, "PAXG": 4492.92, "MNT": 0.624087, "DOT": 1.11, "WLFI": 0.058308, "RLUSD": 0.999971, "OKB": 85.95, "ONDO": 0.358504, "UNI": 2.82, "ASTER": 0.664165, "ICP": 3.06, "USDF": 0.994494, "HTX": 1.78e-06, "SKY": 0.066771, "PI": 0.140551, "USDD": 0.999411, "WLD": 0.413083, "BGB": 1.98, "PEPE": 3.23e-06, "BFUSD": 0.998004, "MORPHO": 1.97, "H": 0.679357, "ETC": 7.8, "AAVE": 75.42, "RENDER": 2.11, "QNT": 74.21, "USDTB": 0.999171, "ALGO": 0.117053, "KCS": 7.65, "EUTBL": 1.23, "BCAP": 107.16, "POL": 0.09102, "U": 0.999493, "ATOM": 1.84, "USTB": 11.1, "JTRSY": 1.11, "DEXE": 18.15, "STABLE": 0.03571619, "VVV": 17.68, "NEXO": 0.809438, "JST": 0.094644, "KAS": 0.02914929, "ENA": 0.083957, "GT": 6.83, "APT": 0.872734, "FIL": 0.907754, "INJ": 6.9, "JUP": 0.19587, "XDC": 0.03195402, "NIGHT": 0.03815857, "FLR": 0.00732834, "\u5e01\u5b89\u4eba\u751f": 0.632658, "PUMP": 0.00173535, "BDX": 0.078492, "FET": 0.265065, "ARB": 0.094773, "GHO": 0.999283, "USD0": 0.998362, "HASH": 0.01013781}}