{"timestamp": 1782566067, "base": "USD", "data": {"BTC": 60330, "ETH": 1584.38, "USDT": 0.998568, "BNB": 563.61, "USDC": 0.999783, "XRP": 1.061, "SOL": 72.13, "TRX": 0.320273, "FIGR_HELOC": 1.028, "HYPE": 63.35, "DOGE": 0.075448, "USDS": 0.999476, "RAIN": 0.01560345, "LEO": 9.35, "ZEC": 408.87, "XLM": 0.175972, "XMR": 313.7, "CC": 0.151231, "WBT": 48.26, "LINK": 7.37, "ADA": 0.147189, "LAB": 15.52, "USD1": 0.998959, "DAI": 0.99955, "USDE": 0.997933, "GRAM": 1.57, "BCH": 197.51, "LTC": 42.76, "HBAR": 0.072683, "USYC": 1.13, "USDG": 1.0, "SUI": 0.704437, "AVAX": 6.54, "PYUSD": 0.999787, "CRO": 0.055079, "SHIB": 4.26e-06, "XAUT": 4066.57, "NEAR": 1.82, "BUIDL": 1.0, "USDY": 1.14, "TAO": 212.62, "PAXG": 4073.44, "WLFI": 0.057744, "UNI": 2.92, "ASTER": 0.627711, "OKB": 77.95, "WLD": 0.463064, "RLUSD": 0.999841, "ONDO": 0.318081, "HTX": 1.67e-06, "AAVE": 96.4, "MNT": 0.438753, "DOT": 0.842849, "USDF": 0.993005, "PI": 0.128243, "USDD": 0.998727, "BFUSD": 0.998301, "ICP": 2.19, "MORPHO": 1.79, "BGB": 1.64, "SKY": 0.04872615, "ETC": 7.22, "M": 0.817016, "DEXE": 21.85, "U": 0.999701, "PEPE": 2.41e-06, "BCAP": 107.03, "QNT": 66.24, "EUTBL": 1.2, "STABLE": 0.038772, "KCS": 6.79, "JTRSY": 1.11, "USDGO": 1.0, "RENDER": 1.6, "ATOM": 1.6, "ALGO": 0.086722, "KAS": 0.02808123, "POL": 0.071716, "USTB": 11.13, "JUP": 0.222396, "USDTB": 0.999806, "BEAT": 2.55, "ENA": 0.078704, "NEXO": 0.729923, "JST": 0.085213, "\u5e01\u5b89\u4eba\u751f": 0.722136, "GT": 6.56, "JAAA": 1.039, "BDX": 0.083449, "VVV": 13.4, "ADI": 4.93, "EURSAFO": 1.15, "GHO": 0.997842, "FIL": 0.742224, "FLR": 0.00675669, "VELVET": 1.34, "YLDS": 0.999829, "XDC": 0.02801266, "USD0": 0.99865, "PUMP": 0.00131952}}