{"timestamp": 1779101992, "base": "USD", "data": {"BTC": 76761, "ETH": 2114.2, "USDT": 0.999429, "BNB": 638.32, "XRP": 1.38, "USDC": 0.999788, "SOL": 84.28, "TRX": 0.356584, "FIGR_HELOC": 1.039, "DOGE": 0.104162, "WBT": 56.59, "USDS": 0.999629, "HYPE": 45.32, "LEO": 10.08, "ADA": 0.248207, "ZEC": 520.35, "BCH": 359.4, "XMR": 386.75, "LINK": 9.41, "CC": 0.15399, "TON": 1.93, "XLM": 0.146849, "USD1": 1.0, "DAI": 0.999651, "USDE": 0.999724, "M": 3.21, "SUI": 1.031, "LTC": 53.48, "AVAX": 9.06, "HBAR": 0.088475, "RAIN": 0.00738226, "PYUSD": 0.999902, "SHIB": 5.64e-06, "CRO": 0.069051, "USDG": 0.999723, "USYC": 1.12, "XAUT": 4534.71, "BUIDL": 1.0, "TAO": 257.32, "UNI": 3.39, "PAXG": 4534.55, "MNT": 0.627275, "DOT": 1.23, "NEAR": 1.51, "WLFI": 0.059903, "USDY": 1.13, "HTX": 1.98e-06, "USDF": 0.997241, "OKB": 81.47, "ASTER": 0.648599, "ONDO": 0.335256, "SKY": 0.068816, "RLUSD": 1.0, "PI": 0.148734, "PEPE": 3.61e-06, "USDD": 0.998655, "ICP": 2.52, "BGB": 1.99, "ETC": 8.71, "AAVE": 88.33, "BFUSD": 0.998999, "QNT": 76.22, "USDTB": 0.999363, "JTRSY": 1.1, "KCS": 7.9, "MORPHO": 1.66, "ATOM": 2.02, "U": 0.999881, "EUTBL": 1.22, "USTB": 11.08, "BCAP": 105.87, "POL": 0.08977, "ALGO": 0.105853, "KAS": 0.03401955, "ENA": 0.102927, "RENDER": 1.75, "STABLE": 0.03759101, "NEXO": 0.847256, "WLD": 0.231977, "JST": 0.088663, "GT": 7.08, "APT": 0.919855, "FLR": 0.00873017, "FIL": 0.9339, "ARB": 0.114941, "DEXE": 13.9, "JUP": 0.194238, "VVV": 13.67, "XDC": 0.03085751, "BDX": 0.078758, "PUMP": 0.00168575, "GHO": 0.999392, "VET": 0.00662947, "HASH": 0.01052048, "USD0": 0.998076, "OUSG": 115.25, "YLDS": 0.999983, "NIGHT": 0.03163266, "DASH": 41.11, "KITE": 0.228502}}