{"timestamp": 1781370815, "base": "USD", "data": {"BTC": 63935, "ETH": 1674.06, "USDT": 0.999382, "BNB": 607.72, "USDC": 0.99983, "XRP": 1.15, "SOL": 67.93, "TRX": 0.317166, "FIGR_HELOC": 1.035, "DOGE": 0.087422, "HYPE": 59.34, "USDS": 0.999763, "LEO": 9.53, "RAIN": 0.01298634, "ZEC": 408.8, "XMR": 345.3, "ADA": 0.17292, "XLM": 0.187704, "CC": 0.160071, "WBT": 52.21, "LINK": 7.98, "TON": 1.72, "USDE": 0.999354, "USD1": 1.0, "DAI": 0.999816, "BCH": 206.29, "M": 2.96, "HBAR": 0.078189, "LTC": 43.74, "SUI": 0.765503, "USYC": 1.13, "SHIB": 4.99e-06, "AVAX": 6.69, "LAB": 9.23, "PYUSD": 0.999865, "NEAR": 2.12, "CRO": 0.059619, "USDG": 0.99985, "XAUT": 4206.8, "TAO": 264.78, "BUIDL": 1.0, "USDY": 1.14, "BEAT": 7.25, "PAXG": 4216.13, "WLFI": 0.058755, "MNT": 0.547041, "ONDO": 0.365988, "WLD": 0.501957, "ASTER": 0.636359, "DOT": 0.981518, "RLUSD": 0.999891, "UNI": 2.54, "OKB": 74.18, "HTX": 1.69e-06, "USDF": 0.995147, "PI": 0.13143, "ICP": 2.53, "USDD": 0.999383, "BFUSD": 0.999, "SKY": 0.056216, "MORPHO": 1.95, "BGB": 1.79, "PEPE": 2.84e-06, "ETC": 7.18, "ATOM": 1.96, "AAVE": 66.04, "U": 1.0, "BCAP": 106.96, "EUTBL": 1.22, "QNT": 66.69, "USTB": 11.11, "KCS": 6.92, "USDTB": 0.999746, "RENDER": 1.76, "JTRSY": 1.11, "KAS": 0.03143743, "STABLE": 0.0361863, "POL": 0.075389, "NEXO": 0.799847, "ENA": 0.085332, "DEXE": 16.92, "ALGO": 0.087745, "VVV": 16.51, "GT": 6.74, "JAAA": 1.038, "FLR": 0.00791829, "\u5e01\u5b89\u4eba\u751f": 0.676581, "JST": 0.075262, "FIL": 0.782271, "XDC": 0.03047812, "BDX": 0.078365, "GHO": 0.999076, "JUP": 0.171958, "APT": 0.670218, "YLDS": 0.999612, "NIGHT": 0.03350756, "USD0": 0.99861, "HASH": 0.01005038, "PUMP": 0.00153724, "ARB": 0.085625}}