{"timestamp": 1782505657, "base": "USD", "data": {"BTC": 59678, "ETH": 1576.16, "USDT": 0.998598, "BNB": 565.95, "USDC": 0.999759, "XRP": 1.047, "SOL": 72.73, "TRX": 0.320023, "FIGR_HELOC": 1.016, "HYPE": 64.4, "DOGE": 0.075668, "RAIN": 0.0156859, "USDS": 0.999472, "LEO": 9.21, "ZEC": 418.74, "XLM": 0.179455, "XMR": 318.83, "LAB": 18.98, "CC": 0.152301, "WBT": 48.3, "ADA": 0.148163, "LINK": 7.34, "USD1": 0.999052, "DAI": 0.99974, "USDE": 0.998092, "GRAM": 1.56, "BCH": 197.85, "LTC": 42.04, "HBAR": 0.071895, "USYC": 1.13, "USDG": 0.999538, "SUI": 0.69819, "AVAX": 6.39, "PYUSD": 0.999956, "CRO": 0.054946, "SHIB": 4.23e-06, "XAUT": 4055.62, "BUIDL": 1.0, "NEAR": 1.82, "USDY": 1.14, "TAO": 213.61, "UNI": 2.98, "WLFI": 0.057984, "PAXG": 4060.35, "ASTER": 0.628786, "WLD": 0.474414, "OKB": 75.2, "RLUSD": 1.0, "ONDO": 0.317428, "HTX": 1.68e-06, "MNT": 0.439892, "DOT": 0.858766, "AAVE": 94.37, "USDF": 0.993166, "USDD": 0.998456, "PI": 0.127029, "BFUSD": 0.998271, "ICP": 2.22, "SKY": 0.04991258, "ETC": 7.33, "BGB": 1.63, "MORPHO": 1.72, "M": 0.773643, "U": 0.999788, "PEPE": 2.39e-06, "QNT": 67.13, "BCAP": 107.03, "DEXE": 20.78, "EUTBL": 1.2, "KCS": 6.78, "STABLE": 0.03739856, "JTRSY": 1.11, "USDGO": 1.0, "ATOM": 1.6, "RENDER": 1.56, "KAS": 0.02819479, "USTB": 11.13, "POL": 0.07148, "JUP": 0.227503, "ALGO": 0.083344, "ENA": 0.080016, "USDTB": 0.999858, "NEXO": 0.735524, "\u5e01\u5b89\u4eba\u751f": 0.722801, "BDX": 0.081556, "BEAT": 2.45, "JST": 0.081841, "GT": 6.5, "JAAA": 1.039, "VVV": 13.63, "EURSAFO": 1.15, "GHO": 0.997828, "ADI": 4.75, "FIL": 0.749736, "FLR": 0.0068375, "YLDS": 0.999778, "XDC": 0.02801636, "USD0": 0.99896, "PUMP": 0.00133067, "HASH": 0.00940371}}