{"timestamp": 1784513416, "base": "USD", "data": {"BTC": 64829, "ETH": 1877.41, "USDT": 0.999215, "BNB": 570.53, "USDC": 0.999851, "XRP": 1.1, "SOL": 76.81, "TRX": 0.326681, "FIGR_HELOC": 1.042, "HYPE": 60.45, "DOGE": 0.072618, "USDS": 0.999829, "RAIN": 0.01436726, "ZEC": 542.33, "LEO": 9.78, "WBT": 56.54, "XLM": 0.188118, "LINK": 8.46, "XMR": 333.68, "ADA": 0.166044, "CC": 0.128065, "DAI": 0.999959, "BCH": 212.77, "USD1": 0.999194, "USDE": 0.999939, "GRAM": 1.45, "LTC": 47.25, "USDG": 1.002, "SUI": 0.75291, "USYC": 1.13, "PYUSD": 0.999821, "HBAR": 0.066154, "AVAX": 6.57, "CRO": 0.058418, "BUIDL": 1.0, "NEAR": 1.92, "SHIB": 4.17e-06, "XAUT": 4003.72, "UNI": 3.5, "USDY": 1.14, "TAO": 197.7, "WLFI": 0.057145, "PAXG": 4000.44, "OKB": 80.26, "ONDO": 0.346425, "ASTER": 0.621436, "HTX": 1.84e-06, "DEXE": 34.69, "M": 1.2, "RLUSD": 0.999932, "USDD": 0.999379, "SKY": 0.061392, "USDF": 0.995761, "MNT": 0.42512, "DOT": 0.813412, "AAVE": 89.34, "BFUSD": 0.998208, "MORPHO": 2.0, "WLD": 0.365066, "PEPE": 2.87e-06, "ICP": 2.14, "BGB": 1.63, "ETC": 6.91, "PI": 0.096433, "U": 1.0, "USDGO": 0.999908, "EUTBL": 1.21, "BCAP": 106.19, "QNT": 64.13, "KCS": 6.69, "ADI": 7.23, "STABLE": 0.0355802, "JTRSY": 1.11, "POL": 0.081136, "EURSAFO": 1.15, "PUMP": 0.00204237, "JST": 0.097057, "KAS": 0.02827828, "RENDER": 1.49, "ENA": 0.079954, "USTB": 11.15, "ATOM": 1.46, "NEXO": 0.757623, "ALGO": 0.082437, "BEAT": 2.33, "GT": 6.71, "JAAA": 1.041, "\u5e01\u5b89\u4eba\u751f": 0.670548, "JUP": 0.199517, "BDX": 0.082567, "GHO": 0.998832, "ARB": 0.088522, "FIL": 0.719761, "XDC": 0.02853564, "FLR": 0.00649846, "YLDS": 0.999899, "LIT": 2.23, "USD0": 0.998785, "VVV": 11.64, "USX": 0.999878}}