{"timestamp": 1780013068, "base": "USD", "data": {"BTC": 73561, "ETH": 2008.6, "USDT": 0.998585, "BNB": 638.3, "XRP": 1.31, "USDC": 0.999627, "SOL": 82.07, "TRX": 0.352346, "FIGR_HELOC": 1.021, "DOGE": 0.099523, "HYPE": 61.57, "USDS": 0.999621, "LEO": 10.02, "ZEC": 547.07, "RAIN": 0.01426207, "ADA": 0.234768, "XLM": 0.205887, "XMR": 353.76, "LINK": 9.0, "WBT": 53.97, "BCH": 300.28, "CC": 0.154668, "TON": 1.77, "USD1": 0.997975, "USDE": 0.999003, "DAI": 0.999303, "LTC": 51.63, "HBAR": 0.091147, "M": 2.98, "AVAX": 8.93, "SUI": 0.929767, "SHIB": 5.37e-06, "NEAR": 2.42, "PYUSD": 1.0, "CRO": 0.067025, "USYC": 1.13, "XAUT": 4474.35, "USDG": 0.999852, "TAO": 260.65, "BUIDL": 1.0, "USDY": 1.13, "PAXG": 4481.84, "MNT": 0.630154, "DOT": 1.21, "UNI": 3.05, "OKB": 88.53, "WLFI": 0.05844, "ONDO": 0.368911, "ASTER": 0.675092, "RLUSD": 0.999761, "HTX": 1.86e-06, "USDF": 0.994996, "PI": 0.145145, "SKY": 0.065391, "ICP": 2.73, "PEPE": 3.38e-06, "USDD": 0.999369, "BGB": 1.99, "BFUSD": 0.998573, "MORPHO": 2.05, "ETC": 8.25, "AAVE": 80.82, "U": 0.999701, "KCS": 7.88, "USDTB": 0.998855, "ATOM": 2.06, "QNT": 71.45, "RENDER": 2.0, "EUTBL": 1.23, "ALGO": 0.116468, "BCAP": 107.16, "WLD": 0.280106, "POL": 0.087417, "USTB": 11.1, "JTRSY": 1.1, "STABLE": 0.03727652, "KAS": 0.03109046, "NEXO": 0.830514, "DEXE": 17.07, "ENA": 0.088294, "JST": 0.093109, "APT": 0.940854, "FIL": 0.95975, "VVV": 16.16, "GT": 6.82, "FLR": 0.00779631, "ARB": 0.104448, "XDC": 0.0320681, "PUMP": 0.00170494, "BDX": 0.07727, "NIGHT": 0.03556113, "GHO": 0.998733, "JUP": 0.175656, "HASH": 0.01036878, "USD0": 0.998468, "INJ": 5.47, "APXUSD": 0.999287, "OUSG": 115.39, "FET": 0.230024, "A7A5": 0.0132038}}