{"timestamp": 1778024469, "base": "USD", "data": {"BTC": 80827, "ETH": 2356.35, "USDT": 0.999869, "XRP": 1.41, "BNB": 629.96, "USDC": 0.999809, "SOL": 86.22, "TRX": 0.344384, "FIGR_HELOC": 1.033, "DOGE": 0.114495, "WBT": 59.74, "USDS": 0.999797, "HYPE": 43.66, "ADA": 0.261684, "LEO": 10.34, "BCH": 461.79, "ZEC": 511.47, "XMR": 414.06, "LINK": 9.74, "CC": 0.14737, "XLM": 0.159555, "TON": 1.98, "USD1": 0.999464, "M": 3.48, "DAI": 0.999377, "LTC": 56.26, "AVAX": 9.38, "HBAR": 0.090188, "USDE": 0.999225, "SUI": 0.965608, "SHIB": 6.32e-06, "RAIN": 0.00735975, "PYUSD": 0.999841, "CRO": 0.069807, "USYC": 1.12, "TAO": 290.99, "XAUT": 4577.3, "USDG": 0.999857, "BUIDL": 1.0, "PAXG": 4573.69, "DOT": 1.27, "MNT": 0.644568, "UNI": 3.35, "WLFI": 0.065649, "PI": 0.183276, "SKY": 0.080057, "OKB": 85.79, "USDF": 0.998134, "HTX": 1.94e-06, "ASTER": 0.671704, "PEPE": 4.1e-06, "NEAR": 1.29, "ONDO": 0.320031, "RLUSD": 0.999761, "ICP": 2.67, "USDD": 0.999866, "BGB": 2.06, "AAVE": 93.13, "ETC": 8.99, "MORPHO": 2.22, "USDY": 1.13, "BFUSD": 0.999101, "JTRSY": 1.1, "KCS": 8.47, "ALGO": 0.119258, "POL": 0.097858, "U": 0.999672, "USTB": 11.07, "QNT": 68.52, "ENA": 0.109057, "EUTBL": 1.23, "RENDER": 1.89, "BCAP": 105.77, "ATOM": 1.88, "KAS": 0.03429544, "NEXO": 0.904608, "GT": 7.37, "WLD": 0.244767, "APT": 0.984996, "STABLE": 0.03363934, "FIL": 0.968952, "ARB": 0.118989, "JST": 0.08535, "SKYAI": 0.725658, "PENGU": 0.01103989, "PUMP": 0.00184711, "FLR": 0.00762254, "VET": 0.00750211, "JUP": 0.191285, "LUNC": 0.00011433, "USDTB": 0.999837, "BDX": 0.079826, "DASH": 48.4, "OUSG": 115.14, "HASH": 0.01133211, "GHO": 0.999624, "XDC": 0.02902671, "BONK": 6.48e-06, "USD0": 0.998407, "TRUMP": 2.37}}