{"timestamp": 1776897257, "base": "USD", "data": {"BTC": 78578, "ETH": 2397.92, "USDT": 1.0, "XRP": 1.44, "BNB": 640.57, "USDC": 0.999713, "SOL": 87.38, "TRX": 0.329625, "FIGR_HELOC": 1.036, "DOGE": 0.096518, "WBT": 56.0, "USDS": 0.999861, "HYPE": 41.27, "LEO": 10.27, "ADA": 0.251105, "BCH": 463.15, "XMR": 375.12, "LINK": 9.38, "XLM": 0.17799, "CC": 0.152351, "M": 4.4, "ZEC": 323.25, "DAI": 0.999583, "USDE": 0.999349, "LTC": 55.86, "USD1": 1.0, "AVAX": 9.45, "HBAR": 0.091231, "SUI": 0.955857, "RAIN": 0.00775299, "SHIB": 6.17e-06, "PYUSD": 0.999864, "TON": 1.37, "CRO": 0.07014, "USYC": 1.12, "XAUT": 4718.9, "BUIDL": 1.0, "WLFI": 0.078533, "TAO": 248.66, "USDG": 0.999773, "PAXG": 4724.14, "DOT": 1.27, "MNT": 0.650016, "UNI": 3.35, "SKY": 0.083413, "NEAR": 1.41, "USDF": 0.997006, "OKB": 84.54, "PI": 0.169074, "ASTER": 0.676048, "HTX": 1.83e-06, "PEPE": 3.85e-06, "JTRSY": 1.1, "RLUSD": 0.999918, "AAVE": 94.91, "ICP": 2.52, "USDD": 1.0, "BGB": 1.95, "ETC": 8.54, "BFUSD": 1.0, "USDY": 1.12, "ONDO": 0.263642, "KCS": 8.54, "GT": 7.41, "PUMP": 0.00185867, "MORPHO": 1.97, "QNT": 73.81, "U": 0.999344, "EUTBL": 1.23, "POL": 0.093421, "ENA": 0.109213, "RENDER": 1.83, "ATOM": 1.87, "KAS": 0.03446529, "ALGO": 0.103684, "NEXO": 0.912333, "WLD": 0.268278, "USDTB": 0.999599, "USTB": 11.06, "ARB": 0.130369, "APT": 0.955348, "BCAP": 82.76, "FIL": 0.937974, "JST": 0.082743, "FLR": 0.00803341, "TRUMP": 2.94, "VET": 0.00722244, "JUP": 0.174683, "NIGHT": 0.03738555, "BDX": 0.079749, "HASH": 0.01070198, "OUSG": 115.01, "XDC": 0.03006821, "YLDS": 0.99978, "GHO": 0.998896, "STABLE": 0.02634404, "BONK": 6.44e-06, "DEXE": 12.11, "USD0": 0.998176, "PENGU": 0.00833927}}