{"timestamp": 1776591288, "base": "USD", "data": {"BTC": 75142, "ETH": 2316.24, "USDT": 1.0, "XRP": 1.42, "BNB": 620.65, "USDC": 0.99987, "SOL": 84.99, "TRX": 0.333471, "FIGR_HELOC": 1.035, "DOGE": 0.093852, "WBT": 54.53, "USDS": 0.999652, "HYPE": 42.98, "LEO": 10.14, "ADA": 0.245855, "BCH": 440.07, "LINK": 9.16, "XMR": 352.07, "M": 3.46, "USDE": 0.99938, "CC": 0.1479, "XLM": 0.167711, "ZEC": 322.52, "DAI": 0.999434, "LTC": 55.11, "USD1": 0.99982, "PYUSD": 0.999722, "AVAX": 9.2, "HBAR": 0.088046, "SUI": 0.943785, "RAIN": 0.00762505, "SHIB": 5.99e-06, "TON": 1.29, "CRO": 0.069567, "USYC": 1.12, "XAUT": 4776.28, "BUIDL": 1.0, "WLFI": 0.078275, "PAXG": 4781.4, "TAO": 244.83, "USDG": 0.999723, "MNT": 0.652211, "DOT": 1.26, "UNI": 3.28, "USDF": 0.998478, "OKB": 83.62, "SKY": 0.075621, "PI": 0.171497, "NEAR": 1.34, "ASTER": 0.670322, "HTX": 1.82e-06, "PEPE": 3.73e-06, "JTRSY": 1.1, "USDD": 1.0, "RLUSD": 0.999894, "AAVE": 92.71, "ICP": 2.45, "USDY": 1.13, "BFUSD": 0.999794, "BGB": 1.87, "ETC": 8.34, "ONDO": 0.25381, "KCS": 8.47, "GT": 7.14, "MORPHO": 1.96, "PUMP": 0.00183121, "QNT": 73.5, "ENA": 0.118043, "EUTBL": 1.24, "U": 0.999332, "POL": 0.088979, "KAS": 0.03423825, "ALGO": 0.104544, "RENDER": 1.76, "ATOM": 1.77, "NEXO": 0.889433, "USDTB": 1.0, "USTB": 11.05, "WLD": 0.262592, "ARB": 0.125652, "BCAP": 82.76, "APT": 0.9295, "FIL": 0.922535, "DEXE": 14.91, "FLR": 0.00806297, "TRUMP": 2.83, "HASH": 0.01150472, "JUP": 0.176272, "BDX": 0.079927, "NIGHT": 0.03689049, "JST": 0.071656, "VET": 0.00707957, "OUSG": 114.95, "XDC": 0.02979157, "YLDS": 1.0, "GHO": 0.998907, "STABLE": 0.02556703, "USD0": 0.998166, "BONK": 5.98e-06, "CAKE": 1.53}}