{"timestamp": 1778001335, "base": "USD", "data": {"BTC": 81292, "ETH": 2364.47, "USDT": 0.999856, "XRP": 1.41, "BNB": 628.68, "USDC": 0.999853, "SOL": 85.23, "TRX": 0.344062, "FIGR_HELOC": 1.031, "DOGE": 0.112774, "WBT": 60.1, "USDS": 0.999649, "HYPE": 43.98, "ADA": 0.257206, "LEO": 10.32, "BCH": 454.35, "XMR": 405.01, "ZEC": 432.39, "LINK": 9.68, "CC": 0.147758, "XLM": 0.158451, "TON": 1.8, "USD1": 0.999785, "DAI": 0.999801, "M": 3.36, "LTC": 55.51, "AVAX": 9.37, "USDE": 0.999191, "HBAR": 0.08946, "SUI": 0.958315, "SHIB": 6.26e-06, "RAIN": 0.00742945, "PYUSD": 0.999973, "CRO": 0.069395, "USYC": 1.12, "TAO": 282.05, "XAUT": 4548.62, "USDG": 0.999873, "BUIDL": 1.0, "PAXG": 4546.92, "DOT": 1.26, "UNI": 3.35, "MNT": 0.641305, "WLFI": 0.064682, "PI": 0.182204, "SKY": 0.080943, "OKB": 85.57, "USDF": 0.998874, "HTX": 1.95e-06, "ASTER": 0.671352, "PEPE": 4.06e-06, "NEAR": 1.27, "ONDO": 0.318086, "RLUSD": 0.999909, "USDD": 1.0, "BGB": 2.06, "AAVE": 93.13, "ETC": 8.91, "ICP": 2.5, "MORPHO": 2.25, "USDY": 1.12, "BFUSD": 0.999301, "JTRSY": 1.1, "KCS": 8.5, "ALGO": 0.117099, "POL": 0.097709, "U": 0.999397, "USTB": 11.07, "ENA": 0.110766, "QNT": 67.75, "EUTBL": 1.23, "RENDER": 1.87, "BCAP": 105.77, "ATOM": 1.86, "KAS": 0.03398773, "NEXO": 0.900517, "GT": 7.28, "WLD": 0.241176, "APT": 0.964247, "SKYAI": 0.758229, "STABLE": 0.03401348, "FIL": 0.945896, "ARB": 0.118833, "PENGU": 0.01165843, "JST": 0.085495, "LUNC": 0.00011907, "PUMP": 0.00181906, "FLR": 0.00759774, "JUP": 0.189507, "VET": 0.00731463, "BDX": 0.079929, "OUSG": 115.13, "GHO": 0.999764, "XDC": 0.02920165, "DASH": 45.78, "USDTB": 0.99981, "BONK": 6.43e-06, "USD0": 0.998373, "SIREN": 0.764317, "TRUMP": 2.36}}