{"timestamp": 1778161494, "base": "USD", "data": {"BTC": 80644, "ETH": 2316.84, "USDT": 0.999925, "BNB": 647.59, "XRP": 1.4, "USDC": 0.999536, "SOL": 88.97, "TRX": 0.347832, "FIGR_HELOC": 1.02, "DOGE": 0.110494, "WBT": 59.0, "USDS": 0.999836, "HYPE": 42.66, "ADA": 0.266969, "ZEC": 575.35, "LEO": 10.36, "BCH": 458.16, "XMR": 415.13, "LINK": 9.99, "TON": 2.47, "CC": 0.146545, "XLM": 0.160414, "M": 3.76, "USD1": 0.999851, "LTC": 57.15, "DAI": 0.999595, "AVAX": 9.57, "USDE": 0.999324, "SUI": 0.988032, "HBAR": 0.090969, "SHIB": 6.34e-06, "RAIN": 0.00738813, "PYUSD": 0.999925, "CRO": 0.070677, "USYC": 1.12, "TAO": 308.26, "XAUT": 4736.43, "USDG": 0.999901, "BUIDL": 1.0, "WLFI": 0.072022, "PAXG": 4743.08, "DOT": 1.33, "UNI": 3.47, "MNT": 0.664527, "NEAR": 1.5, "SKY": 0.080567, "PI": 0.179114, "OKB": 86.61, "USDF": 0.998204, "HTX": 1.96e-06, "ONDO": 0.364566, "PEPE": 4.2e-06, "ASTER": 0.670801, "ICP": 3.11, "RLUSD": 1.0, "BGB": 2.14, "ETC": 9.25, "USDD": 0.999776, "AAVE": 93.32, "MORPHO": 2.12, "USDY": 1.13, "BFUSD": 0.999499, "JTRSY": 1.1, "KCS": 8.38, "ALGO": 0.126623, "ENA": 0.123068, "POL": 0.099675, "RENDER": 1.98, "U": 0.999581, "USTB": 11.07, "QNT": 70.22, "KAS": 0.03657341, "EUTBL": 1.24, "ATOM": 1.92, "BCAP": 105.77, "NEXO": 0.897011, "WLD": 0.255978, "FIL": 1.092, "SIREN": 1.13, "APT": 1.023, "GT": 7.31, "ARB": 0.128452, "STABLE": 0.03321223, "PUMP": 0.00202845, "JST": 0.084711, "JUP": 0.207591, "FLR": 0.00781942, "VET": 0.00777415, "DASH": 52.63, "PENGU": 0.01056803, "SKYAI": 0.626204, "USDTB": 0.999657, "BDX": 0.079496, "OUSG": 115.16, "VIRTUAL": 0.928239, "BONK": 6.88e-06, "HASH": 0.01142641, "XDC": 0.0297186, "VVV": 12.76, "GHO": 0.999675}}