{"timestamp": 1784461744, "base": "USD", "data": {"BTC": 64482, "ETH": 1873.77, "USDT": 0.99922, "BNB": 567.7, "USDC": 0.999828, "XRP": 1.097, "SOL": 76.13, "TRX": 0.327255, "FIGR_HELOC": 1.042, "HYPE": 61.09, "DOGE": 0.072564, "USDS": 0.999825, "RAIN": 0.01458543, "ZEC": 556.59, "LEO": 9.82, "WBT": 56.28, "XLM": 0.188062, "XMR": 336.26, "LINK": 8.36, "ADA": 0.165184, "CC": 0.125582, "DAI": 0.999597, "BCH": 217.23, "USD1": 0.998995, "USDE": 0.9998, "GRAM": 1.45, "LTC": 47.03, "USDG": 1.001, "SUI": 0.750624, "USYC": 1.13, "HBAR": 0.066713, "PYUSD": 0.999806, "AVAX": 6.49, "CRO": 0.05902, "BUIDL": 1.0, "NEAR": 1.92, "XAUT": 4005.05, "SHIB": 4.15e-06, "UNI": 3.52, "USDY": 1.14, "TAO": 198.27, "WLFI": 0.05692, "PAXG": 4003.44, "ONDO": 0.352525, "OKB": 80.72, "ASTER": 0.621287, "HTX": 1.85e-06, "DEXE": 34.46, "M": 1.21, "RLUSD": 1.0, "USDD": 0.999237, "USDF": 0.994564, "DOT": 0.831946, "SKY": 0.060015, "MNT": 0.419229, "AAVE": 89.39, "WLD": 0.372362, "BFUSD": 0.998441, "MORPHO": 2.0, "ICP": 2.16, "PEPE": 2.84e-06, "BGB": 1.64, "ETC": 6.95, "U": 0.999711, "PI": 0.09168, "USDGO": 0.999989, "EUTBL": 1.21, "BCAP": 106.19, "QNT": 64.25, "KCS": 6.67, "STABLE": 0.03596645, "JTRSY": 1.11, "POL": 0.081176, "EURSAFO": 1.15, "JST": 0.097915, "ADI": 6.25, "ATOM": 1.48, "RENDER": 1.48, "ENA": 0.080372, "USTB": 11.15, "KAS": 0.0278387, "NEXO": 0.760613, "ALGO": 0.082091, "BEAT": 2.31, "GT": 6.69, "\u5e01\u5b89\u4eba\u751f": 0.689848, "JAAA": 1.041, "PUMP": 0.00164966, "GHO": 0.998912, "BDX": 0.082103, "JUP": 0.190957, "FIL": 0.730851, "FLR": 0.00656134, "ARB": 0.089451, "XDC": 0.02821292, "VVV": 11.81, "YLDS": 0.999898, "LIT": 2.22, "USD0": 0.998696, "USX": 0.999911}}