{"timestamp": 1781777265, "base": "USD", "data": {"BTC": 64091, "ETH": 1744.1, "USDT": 0.999168, "BNB": 589.77, "USDC": 0.999799, "XRP": 1.18, "SOL": 71.76, "TRX": 0.320803, "FIGR_HELOC": 1.02, "HYPE": 71.7, "DOGE": 0.084976, "USDS": 0.999707, "RAIN": 0.01455268, "LEO": 9.64, "XLM": 0.239448, "ZEC": 469.75, "CC": 0.164345, "WBT": 53.03, "ADA": 0.166915, "XMR": 330.81, "LINK": 8.03, "LAB": 15.78, "USD1": 1.0, "USDE": 0.998948, "GRAM": 1.66, "BCH": 209.17, "DAI": 0.999796, "M": 2.99, "HBAR": 0.080647, "LTC": 44.22, "USYC": 1.13, "SUI": 0.751313, "NEAR": 2.23, "AVAX": 6.66, "SHIB": 4.87e-06, "USDG": 1.0, "PYUSD": 1.0, "CRO": 0.05896, "XAUT": 4248.99, "BUIDL": 1.0, "TAO": 240.33, "USDY": 1.14, "WLD": 0.627752, "UNI": 3.14, "WLFI": 0.06135, "PAXG": 4258.03, "ASTER": 0.675002, "ONDO": 0.366578, "MNT": 0.53889, "DOT": 0.982644, "RLUSD": 0.999943, "HTX": 1.72e-06, "OKB": 73.2, "USDF": 0.994376, "PI": 0.131423, "USDD": 0.999369, "SKY": 0.057396, "BFUSD": 0.998891, "MORPHO": 2.01, "ICP": 2.3, "BGB": 1.8, "PEPE": 2.9e-06, "AAVE": 74.52, "ETC": 7.14, "QNT": 70.36, "U": 0.999872, "USTB": 11.12, "BCAP": 107.07, "KCS": 7.21, "ATOM": 1.85, "EUTBL": 1.21, "USDTB": 1.0, "ALGO": 0.101604, "RENDER": 1.7, "ENA": 0.094729, "JTRSY": 1.11, "KAS": 0.03108519, "POL": 0.076511, "NEXO": 0.80902, "STABLE": 0.03378903, "GT": 6.74, "\u5e01\u5b89\u4eba\u751f": 0.718406, "VVV": 15.28, "JST": 0.082354, "JAAA": 1.038, "DEXE": 14.54, "FLR": 0.00746043, "BDX": 0.081934, "FIL": 0.796577, "JUP": 0.188659, "XDC": 0.03048044, "GHO": 0.998725, "YLDS": 0.999736, "USD0": 0.999007, "EURSAFO": 1.16, "APT": 0.656841, "ARB": 0.085299, "HASH": 0.00996206, "INJ": 5.28, "PUMP": 0.00150174}}