{"timestamp": 1778774800, "base": "USD", "data": {"BTC": 81331, "ETH": 2299.25, "USDT": 0.999649, "BNB": 679.43, "XRP": 1.47, "USDC": 0.999753, "SOL": 93.09, "TRX": 0.354349, "FIGR_HELOC": 1.034, "DOGE": 0.1136, "WBT": 60.07, "USDS": 0.999829, "HYPE": 42.56, "ADA": 0.270163, "LEO": 10.17, "ZEC": 543.67, "BCH": 435.11, "LINK": 10.65, "XMR": 401.47, "CC": 0.164024, "TON": 2.13, "XLM": 0.163741, "SUI": 1.22, "LTC": 58.03, "USD1": 0.999791, "M": 3.37, "DAI": 0.999612, "AVAX": 10.05, "HBAR": 0.095795, "USDE": 1.0, "SHIB": 6.36e-06, "RAIN": 0.00756961, "PYUSD": 0.999975, "USDG": 0.999544, "CRO": 0.075923, "USYC": 1.12, "TAO": 305.97, "XAUT": 4675.49, "UNI": 3.76, "DOT": 1.37, "BUIDL": 1.0, "MNT": 0.679448, "WLFI": 0.069309, "PAXG": 4676.17, "NEAR": 1.62, "ONDO": 0.400224, "USDY": 1.13, "OKB": 85.35, "HTX": 1.98e-06, "PI": 0.170578, "USDF": 0.998534, "ASTER": 0.676498, "PEPE": 4.12e-06, "SKY": 0.073152, "ICP": 2.93, "RLUSD": 0.999926, "AAVE": 99.02, "ETC": 9.46, "BGB": 2.09, "USDD": 0.99971, "BFUSD": 0.999399, "MORPHO": 1.95, "QNT": 78.13, "KCS": 8.34, "ENA": 0.123067, "JTRSY": 1.1, "ALGO": 0.12082, "ATOM": 2.05, "KAS": 0.03797413, "U": 1.0, "RENDER": 1.94, "POL": 0.094085, "USTB": 11.08, "EUTBL": 1.23, "BCAP": 105.87, "STABLE": 0.04243933, "NEXO": 0.917847, "WLD": 0.263742, "APT": 1.063, "FIL": 1.06, "ARB": 0.134179, "USDTB": 0.999598, "GT": 7.33, "JST": 0.090178, "FLR": 0.00893405, "JUP": 0.227399, "XDC": 0.03451562, "PUMP": 0.00191711, "VVV": 14.69, "VET": 0.00743208, "BONK": 6.99e-06, "BDX": 0.079128, "DEXE": 12.86, "HASH": 0.01132498, "OUSG": 115.23, "GHO": 0.99942, "DASH": 45.93, "PENGU": 0.00921021, "UB": 0.22954, "TRUMP": 2.4}}