{"timestamp": 1780181457, "base": "USD", "data": {"BTC": 73745, "ETH": 2019.62, "USDT": 0.998613, "BNB": 713.6, "XRP": 1.34, "USDC": 0.999664, "SOL": 82.45, "TRX": 0.346915, "FIGR_HELOC": 1.018, "DOGE": 0.10043, "HYPE": 67.4, "USDS": 0.999545, "LEO": 10.07, "RAIN": 0.01433824, "ZEC": 526.22, "ADA": 0.235613, "XLM": 0.228695, "XMR": 367.89, "LINK": 9.17, "WBT": 54.06, "BCH": 302.19, "CC": 0.15352, "TON": 1.81, "USD1": 0.998402, "USDE": 0.998916, "DAI": 0.999389, "HBAR": 0.094724, "LTC": 52.3, "AVAX": 8.92, "M": 2.88, "SUI": 0.902093, "SHIB": 5.48e-06, "PYUSD": 0.999217, "CRO": 0.06754, "USYC": 1.13, "NEAR": 2.28, "XAUT": 4502.83, "USDG": 0.999773, "BUIDL": 1.0, "TAO": 253.46, "MNT": 0.669554, "USDY": 1.15, "PAXG": 4516.32, "DOT": 1.18, "UNI": 3.04, "ASTER": 0.742868, "OKB": 89.79, "WLFI": 0.058708, "ONDO": 0.370858, "RLUSD": 0.999877, "USDF": 0.994482, "HTX": 1.82e-06, "PI": 0.144298, "BGB": 2.15, "SKY": 0.064089, "ICP": 2.64, "USDD": 0.998996, "PEPE": 3.4e-06, "MORPHO": 2.17, "BFUSD": 0.998058, "ETC": 8.18, "AAVE": 82.52, "WLD": 0.347897, "ALGO": 0.124761, "RENDER": 2.07, "KCS": 7.95, "U": 0.999604, "USDTB": 0.999129, "QNT": 71.16, "ATOM": 2.01, "EUTBL": 1.23, "BCAP": 107.16, "POL": 0.089784, "USTB": 11.1, "JTRSY": 1.1, "NEXO": 0.847974, "KAS": 0.03063974, "STABLE": 0.03603304, "DEXE": 17.79, "JST": 0.096725, "ENA": 0.088032, "VVV": 16.9, "APT": 0.936753, "FIL": 0.967428, "GT": 7.01, "XDC": 0.03370403, "FLR": 0.0077074, "H": 0.364186, "INJ": 6.54, "ARB": 0.103415, "NIGHT": 0.03848744, "PUMP": 0.00177377, "BDX": 0.080151, "JUP": 0.184962, "FET": 0.271516, "LAB": 7.86, "GHO": 0.998965, "HASH": 0.01076761, "USD0": 0.998435, "APXUSD": 0.999624}}