{"timestamp": 1781122472, "base": "USD", "data": {"BTC": 61751, "ETH": 1625.56, "USDT": 0.999019, "BNB": 586.95, "USDC": 0.999865, "XRP": 1.097, "SOL": 63.33, "TRX": 0.321301, "FIGR_HELOC": 1.025, "DOGE": 0.08296, "HYPE": 53.81, "USDS": 0.999679, "LEO": 9.48, "RAIN": 0.01315933, "ZEC": 413.02, "CC": 0.16398, "XLM": 0.184466, "XMR": 323.55, "WBT": 50.63, "ADA": 0.16039, "LINK": 7.59, "USDE": 0.999054, "USD1": 0.999086, "TON": 1.62, "DAI": 0.999664, "BCH": 195.15, "M": 2.77, "HBAR": 0.077717, "LTC": 41.56, "USYC": 1.13, "SUI": 0.731816, "PYUSD": 0.999776, "AVAX": 6.45, "SHIB": 4.63e-06, "CRO": 0.059436, "USDG": 0.999949, "NEAR": 2.01, "XAUT": 4064.04, "LAB": 8.08, "BUIDL": 1.0, "USDY": 1.13, "TAO": 201.74, "WLFI": 0.059231, "BEAT": 6.53, "PAXG": 4074.64, "MNT": 0.530421, "RLUSD": 0.99994, "ASTER": 0.603489, "ONDO": 0.332779, "HTX": 1.71e-06, "DOT": 0.91874, "WLD": 0.45107, "UNI": 2.4, "OKB": 70.36, "USDF": 0.99466, "USDD": 0.998915, "PI": 0.123887, "BFUSD": 0.999, "MORPHO": 2.02, "SKY": 0.054764, "BGB": 1.76, "ICP": 2.23, "PEPE": 2.69e-06, "ETC": 6.89, "U": 0.999705, "USDTB": 0.999445, "EUTBL": 1.22, "BCAP": 106.96, "QNT": 64.62, "AAVE": 61.51, "USTB": 11.11, "ATOM": 1.78, "KCS": 6.49, "JTRSY": 1.11, "KAS": 0.03047421, "DEXE": 17.87, "ALGO": 0.088627, "RENDER": 1.52, "NEXO": 0.787317, "STABLE": 0.03345614, "POL": 0.072632, "\u5e01\u5b89\u4eba\u751f": 0.704564, "JST": 0.080119, "JAAA": 1.037, "ENA": 0.071963, "GT": 6.28, "VVV": 13.37, "XDC": 0.03106669, "BDX": 0.079452, "GHO": 0.999032, "HASH": 0.01106166, "FLR": 0.0068548, "FIL": 0.734282, "USD0": 0.998797, "YLDS": 0.999677, "SIREN": 0.744814, "APT": 0.629938, "USX": 0.999538, "EURSAFO": 1.16, "A7A5": 0.01288127}}