{"timestamp": 1780731682, "base": "USD", "data": {"BTC": 60960, "ETH": 1572.52, "USDT": 0.999429, "BNB": 577.09, "USDC": 0.999677, "XRP": 1.09, "SOL": 62.72, "TRX": 0.321105, "FIGR_HELOC": 1.029, "HYPE": 59.95, "DOGE": 0.081194, "USDS": 0.999618, "LEO": 9.62, "RAIN": 0.01303563, "XLM": 0.199291, "ZEC": 380.23, "CC": 0.150537, "ADA": 0.156857, "XMR": 308.32, "LINK": 7.37, "WBT": 43.51, "USD1": 0.999105, "BCH": 224.82, "USDE": 0.999364, "DAI": 0.999785, "TON": 1.53, "M": 2.84, "HBAR": 0.079055, "LTC": 42.7, "LAB": 9.22, "AVAX": 6.67, "PYUSD": 0.999892, "SUI": 0.702603, "USYC": 1.13, "SHIB": 4.48e-06, "XAUT": 4292.88, "CRO": 0.057639, "USDG": 1.0, "NEAR": 1.94, "BUIDL": 1.0, "USDY": 1.13, "PAXG": 4306.78, "TAO": 194.37, "WLFI": 0.055819, "MNT": 0.514711, "RLUSD": 0.99976, "ONDO": 0.330301, "DOT": 0.938251, "ASTER": 0.605268, "HTX": 1.73e-06, "UNI": 2.43, "WLD": 0.4463, "USDF": 0.995793, "OKB": 68.33, "USDD": 0.999852, "SKY": 0.058498, "BFUSD": 0.999099, "PI": 0.122438, "BGB": 1.83, "ICP": 2.28, "PEPE": 2.67e-06, "MORPHO": 1.65, "H": 0.583545, "ETC": 6.77, "USDTB": 1.0, "U": 0.999907, "EUTBL": 1.21, "BCAP": 107.06, "USTB": 11.1, "QNT": 64.81, "AAVE": 61.31, "DEXE": 19.33, "JTRSY": 1.11, "ENA": 0.092642, "RENDER": 1.64, "ATOM": 1.63, "KCS": 6.16, "KAS": 0.03011375, "ALGO": 0.092228, "POL": 0.076129, "VVV": 16.46, "STABLE": 0.03172478, "NEXO": 0.733326, "JST": 0.08345, "\u5e01\u5b89\u4eba\u751f": 0.693525, "GT": 6.15, "BDX": 0.07947, "GHO": 0.999214, "XDC": 0.02911924, "FLR": 0.0066575, "FIL": 0.720608, "USD0": 0.998415, "SIREN": 0.756804, "APT": 0.653671, "BEAT": 1.86, "YLDS": 0.999692, "NIGHT": 0.03126224, "JUP": 0.155424, "INJ": 5.15, "A7A5": 0.01308728}}