{"timestamp": 1781839901, "base": "USD", "data": {"BTC": 62763, "ETH": 1698.3, "USDT": 0.998961, "BNB": 578.49, "USDC": 0.999873, "XRP": 1.14, "SOL": 69.25, "TRX": 0.321089, "FIGR_HELOC": 1.012, "HYPE": 67.34, "DOGE": 0.083083, "USDS": 0.999391, "RAIN": 0.0144647, "LEO": 9.54, "XLM": 0.228914, "ZEC": 448.68, "CC": 0.159828, "WBT": 51.84, "ADA": 0.162384, "XMR": 321.47, "LINK": 7.9, "LAB": 18.04, "USD1": 0.999796, "USDE": 0.998871, "GRAM": 1.63, "DAI": 0.999991, "BCH": 195.73, "M": 2.89, "HBAR": 0.079906, "LTC": 43.61, "USYC": 1.13, "SUI": 0.720663, "USDG": 0.999978, "SHIB": 4.75e-06, "NEAR": 2.14, "PYUSD": 0.999792, "CRO": 0.058573, "AVAX": 6.18, "XAUT": 4152.37, "BUIDL": 1.0, "TAO": 230.86, "WLD": 0.636982, "USDY": 1.14, "UNI": 3.07, "PAXG": 4160.36, "WLFI": 0.058108, "ONDO": 0.35942, "MNT": 0.527324, "ASTER": 0.630166, "DOT": 0.966855, "RLUSD": 0.999969, "HTX": 1.7e-06, "OKB": 72.86, "USDF": 0.994181, "PI": 0.130443, "USDD": 0.999383, "SKY": 0.058402, "BFUSD": 0.9987, "MORPHO": 1.97, "BGB": 1.78, "ICP": 2.24, "PEPE": 2.82e-06, "ETC": 7.22, "AAVE": 73.49, "USTB": 11.12, "U": 0.999876, "QNT": 69.3, "BCAP": 107.07, "KCS": 7.1, "EUTBL": 1.21, "ATOM": 1.81, "USDTB": 0.999883, "RENDER": 1.71, "JTRSY": 1.11, "ALGO": 0.094686, "ENA": 0.090836, "KAS": 0.03029936, "POL": 0.07774, "STABLE": 0.03354752, "NEXO": 0.796068, "DEXE": 16.54, "GT": 6.56, "\u5e01\u5b89\u4eba\u751f": 0.687849, "JAAA": 1.038, "JST": 0.07932, "VVV": 14.33, "FLR": 0.00735661, "BDX": 0.082107, "JUP": 0.190609, "FIL": 0.782413, "GHO": 0.998463, "XDC": 0.02983445, "YLDS": 0.999805, "EURSAFO": 1.15, "USD0": 0.999467, "HASH": 0.01011973, "ARB": 0.084941, "APT": 0.636433, "NIGHT": 0.03123414, "INJ": 5.14}}