{"timestamp": 1782679979, "base": "USD", "data": {"BTC": 59574, "ETH": 1570.83, "USDT": 0.998602, "BNB": 549.17, "USDC": 0.999722, "XRP": 1.045, "SOL": 70.68, "TRX": 0.322584, "FIGR_HELOC": 1.044, "HYPE": 61.97, "DOGE": 0.073134, "USDS": 0.99954, "RAIN": 0.01557352, "LEO": 9.43, "ZEC": 381.96, "XMR": 312.3, "CC": 0.150379, "XLM": 0.17171, "WBT": 47.69, "LINK": 7.24, "ADA": 0.143419, "LAB": 16.85, "USD1": 0.99948, "DAI": 0.999691, "USDE": 0.998176, "GRAM": 1.56, "BCH": 191.4, "LTC": 42.55, "USYC": 1.13, "HBAR": 0.071019, "USDG": 0.999702, "AVAX": 6.4, "SUI": 0.681043, "PYUSD": 0.999829, "XAUT": 4068.22, "CRO": 0.054062, "SHIB": 4.15e-06, "NEAR": 1.84, "BUIDL": 1.0, "USDY": 1.14, "TAO": 205.19, "PAXG": 4071.9, "WLFI": 0.057824, "UNI": 2.9, "ASTER": 0.620714, "OKB": 78.09, "RLUSD": 0.999938, "WLD": 0.442095, "HTX": 1.67e-06, "ONDO": 0.308482, "USDF": 0.994439, "MNT": 0.426291, "USDD": 0.998753, "DOT": 0.811619, "AAVE": 89.93, "PI": 0.124465, "BFUSD": 0.998301, "ICP": 2.14, "SKY": 0.04978785, "BGB": 1.63, "MORPHO": 1.73, "ETC": 7.05, "DEXE": 22.41, "U": 0.99978, "PEPE": 2.37e-06, "BCAP": 107.03, "M": 0.72369, "EUTBL": 1.2, "QNT": 64.45, "KCS": 6.74, "JTRSY": 1.11, "STABLE": 0.03561607, "USDGO": 0.999874, "ATOM": 1.57, "RENDER": 1.53, "ALGO": 0.087229, "USTB": 11.13, "KAS": 0.02759773, "JST": 0.088527, "POL": 0.070838, "VELVET": 1.79, "USDTB": 0.999466, "BEAT": 2.53, "NEXO": 0.710684, "ENA": 0.076113, "\u5e01\u5b89\u4eba\u751f": 0.703536, "JUP": 0.211113, "GT": 6.54, "JAAA": 1.039, "BDX": 0.086138, "ADI": 5.03, "VVV": 13.24, "EURSAFO": 1.15, "GHO": 0.997887, "PUMP": 0.00142446, "FLR": 0.00659316, "FIL": 0.718387, "YLDS": 0.999593, "XDC": 0.02777615, "USD0": 0.998474}}