{"timestamp": 1778540196, "base": "USD", "data": {"BTC": 81832, "ETH": 2341.99, "USDT": 0.999737, "XRP": 1.47, "BNB": 669.33, "USDC": 0.999855, "SOL": 97.62, "TRX": 0.351145, "FIGR_HELOC": 1.03, "DOGE": 0.11145, "WBT": 60.17, "USDS": 0.999885, "ADA": 0.280923, "HYPE": 41.94, "LEO": 10.22, "ZEC": 558.27, "BCH": 450.3, "LINK": 10.59, "XMR": 417.19, "TON": 2.45, "CC": 0.164928, "XLM": 0.168294, "SUI": 1.3, "LTC": 58.68, "USD1": 0.999155, "DAI": 0.999685, "AVAX": 10.16, "M": 3.28, "HBAR": 0.0968, "USDE": 0.999613, "SHIB": 6.6e-06, "RAIN": 0.00751645, "USDG": 0.999942, "PYUSD": 1.0, "CRO": 0.077593, "TAO": 321.83, "USYC": 1.12, "XAUT": 4737.43, "UNI": 3.89, "BUIDL": 1.0, "MNT": 0.696946, "DOT": 1.37, "PAXG": 4739.13, "WLFI": 0.067046, "ONDO": 0.432473, "NEAR": 1.55, "USDY": 1.13, "ICP": 3.34, "OKB": 87.46, "PEPE": 4.34e-06, "PI": 0.172307, "USDF": 0.9995, "ASTER": 0.690898, "HTX": 1.96e-06, "SKY": 0.075547, "RLUSD": 1.0, "AAVE": 101.29, "ETC": 9.78, "BGB": 2.14, "USDD": 0.999894, "MORPHO": 2.13, "BFUSD": 0.999599, "ENA": 0.129006, "KCS": 8.57, "JTRSY": 1.1, "KAS": 0.04019969, "ALGO": 0.123475, "POL": 0.103009, "QNT": 73.15, "ATOM": 2.03, "U": 0.999974, "RENDER": 1.97, "USTB": 11.08, "EUTBL": 1.24, "BCAP": 105.87, "WLD": 0.278936, "NEXO": 0.922347, "APT": 1.13, "FIL": 1.13, "ARB": 0.14128, "SIREN": 1.14, "JUP": 0.248349, "GT": 7.52, "VVV": 17.19, "STABLE": 0.03426811, "FLR": 0.00870951, "JST": 0.087714, "PUMP": 0.00209598, "VET": 0.00775932, "BONK": 7.56e-06, "PENGU": 0.01028411, "XDC": 0.03221256, "B": 0.634401, "BDX": 0.07986, "HASH": 0.01161217, "OUSG": 115.21, "DASH": 47.03, "DEXE": 12.78, "NIGHT": 0.03530729, "GHO": 0.999489}}