{"timestamp": 1779313463, "base": "USD", "data": {"BTC": 77567, "ETH": 2130.78, "USDT": 0.999034, "BNB": 649.74, "XRP": 1.37, "USDC": 0.999732, "SOL": 86.1, "TRX": 0.35929, "FIGR_HELOC": 1.035, "DOGE": 0.103998, "HYPE": 52.65, "WBT": 57.2, "ZEC": 676.83, "USDS": 0.999657, "ADA": 0.250372, "LEO": 10.04, "BCH": 373.83, "XMR": 401.9, "LINK": 9.63, "CC": 0.155579, "TON": 2.06, "XLM": 0.143612, "USD1": 0.999679, "USDE": 0.999381, "DAI": 0.99971, "SUI": 1.072, "LTC": 54.13, "M": 3.18, "AVAX": 9.29, "HBAR": 0.089148, "RAIN": 0.00749265, "PYUSD": 0.999697, "SHIB": 5.78e-06, "CRO": 0.06918, "USYC": 1.12, "XAUT": 4531.57, "USDG": 0.999698, "TAO": 272.74, "BUIDL": 1.0, "UNI": 3.63, "NEAR": 1.71, "MNT": 0.658612, "USDY": 1.14, "PAXG": 4531.71, "DOT": 1.25, "WLFI": 0.063284, "ONDO": 0.404571, "HTX": 2e-06, "ASTER": 0.694478, "USDF": 0.99709, "RLUSD": 0.999983, "OKB": 80.76, "SKY": 0.07005, "PI": 0.151355, "PEPE": 3.72e-06, "USDD": 0.999497, "ICP": 2.56, "ETC": 9.03, "BGB": 2.0, "AAVE": 88.57, "BFUSD": 0.998501, "MORPHO": 1.86, "USDTB": 0.998987, "KCS": 7.99, "QNT": 73.52, "EUTBL": 1.22, "ALGO": 0.117097, "U": 0.999923, "ATOM": 2.0, "RENDER": 1.91, "JTRSY": 1.1, "USTB": 11.09, "POL": 0.090887, "BCAP": 105.74, "ENA": 0.106041, "KAS": 0.03493876, "NEXO": 0.886577, "WLD": 0.24993, "JST": 0.093912, "VVV": 16.88, "APT": 0.95303, "STABLE": 0.03397566, "FIL": 0.968307, "GT": 7.04, "FLR": 0.0084044, "JUP": 0.213175, "ARB": 0.111536, "XDC": 0.03441796, "DEXE": 13.93, "DASH": 48.91, "PUMP": 0.00173821, "BDX": 0.078844, "GHO": 0.998985, "VET": 0.00665436, "PENGU": 0.00907512, "OUSG": 115.31, "USD0": 0.998547, "HASH": 0.01012889, "BONK": 6.11e-06, "KITE": 0.234469}}