{"timestamp": 1778950110, "base": "USD", "data": {"BTC": 78137, "ETH": 2172.41, "USDT": 0.999532, "BNB": 655.89, "XRP": 1.41, "USDC": 0.999822, "SOL": 86.6, "TRX": 0.354006, "FIGR_HELOC": 1.031, "DOGE": 0.109601, "WBT": 57.59, "USDS": 0.999755, "HYPE": 40.67, "ADA": 0.255338, "LEO": 9.92, "ZEC": 503.65, "BCH": 417.49, "XMR": 387.4, "LINK": 9.73, "CC": 0.149982, "TON": 1.95, "XLM": 0.152713, "USD1": 0.999863, "DAI": 0.999488, "LTC": 56.16, "USDE": 1.0, "SUI": 1.063, "M": 3.17, "AVAX": 9.32, "HBAR": 0.091708, "RAIN": 0.00732007, "PYUSD": 0.999638, "SHIB": 5.88e-06, "CRO": 0.071402, "USDG": 0.999777, "USYC": 1.12, "XAUT": 4533.1, "BUIDL": 1.0, "TAO": 273.48, "UNI": 3.5, "DOT": 1.27, "PAXG": 4532.37, "MNT": 0.643794, "WLFI": 0.061392, "NEAR": 1.49, "USDY": 1.13, "USDF": 0.997794, "HTX": 1.95e-06, "OKB": 83.23, "ASTER": 0.66936, "ONDO": 0.34768, "PI": 0.160707, "SKY": 0.069625, "PEPE": 3.77e-06, "RLUSD": 0.9999, "USDD": 0.999502, "ICP": 2.66, "ETC": 9.06, "BGB": 2.01, "AAVE": 90.42, "BFUSD": 0.999006, "QNT": 82.52, "MORPHO": 1.78, "KCS": 8.04, "USDTB": 0.999405, "JTRSY": 1.1, "U": 0.999579, "EUTBL": 1.22, "ATOM": 2.0, "USTB": 11.08, "ALGO": 0.110916, "ENA": 0.107184, "BCAP": 105.87, "POL": 0.090493, "RENDER": 1.84, "KAS": 0.03424456, "NEXO": 0.859556, "STABLE": 0.03651829, "WLD": 0.240441, "FLR": 0.00923202, "APT": 0.954937, "JST": 0.091227, "FIL": 0.974681, "GT": 7.13, "ARB": 0.120521, "JUP": 0.199654, "XDC": 0.03234115, "PUMP": 0.00175267, "BDX": 0.078968, "DEXE": 12.89, "VVV": 12.9, "VET": 0.00685347, "GHO": 0.999351, "USD0": 0.998295, "OUSG": 115.25, "HASH": 0.01047422, "BONK": 6.27e-06, "PENGU": 0.00848057, "NIGHT": 0.03192559, "YLDS": 0.999835}}