{"timestamp": 1784757516, "base": "USD", "data": {"BTC": 66028, "ETH": 1935.71, "USDT": 0.999448, "BNB": 571.18, "USDC": 1.0, "XRP": 1.14, "SOL": 77.96, "TRX": 0.32836, "FIGR_HELOC": 1.007, "HYPE": 59.1, "DOGE": 0.072946, "RAIN": 0.01434918, "USDS": 0.999948, "LEO": 9.71, "ZEC": 513.76, "WBT": 57.63, "XMR": 352.6, "ADA": 0.175128, "LINK": 8.64, "XLM": 0.188367, "CC": 0.122411, "DAI": 0.99991, "BCH": 219.95, "USD1": 0.999302, "GRAM": 1.51, "USDE": 0.999809, "LTC": 47.49, "USDG": 0.999965, "HBAR": 0.072471, "SUI": 0.766442, "USYC": 1.13, "AVAX": 6.65, "PYUSD": 0.999911, "CRO": 0.057903, "BUIDL": 1.0, "XAUT": 4127.02, "SHIB": 4.26e-06, "NEAR": 1.87, "UNI": 3.82, "USDY": 1.14, "ONDO": 0.416457, "TAO": 197.25, "PAXG": 4125.03, "WLFI": 0.056407, "OKB": 81.99, "ASTER": 0.623811, "HTX": 1.85e-06, "RLUSD": 1.0, "USDD": 0.999503, "M": 1.14, "AAVE": 98.1, "SKY": 0.063799, "DOT": 0.839585, "USDF": 0.996125, "MNT": 0.420601, "WLD": 0.389139, "BFUSD": 0.998737, "MORPHO": 1.94, "ICP": 2.21, "PEPE": 2.9e-06, "BGB": 1.7, "ETC": 6.95, "U": 1.0, "EUTBL": 1.2, "USDGO": 1.0, "PI": 0.091853, "BCAP": 106.2, "KCS": 6.78, "QNT": 63.72, "STABLE": 0.03607812, "ENA": 0.091521, "JTRSY": 1.11, "EURSAFO": 1.15, "ADI": 6.83, "POL": 0.079281, "JST": 0.102103, "BEAT": 2.58, "USTB": 11.15, "RENDER": 1.52, "KAS": 0.02815852, "PUMP": 0.00191194, "ATOM": 1.47, "ALGO": 0.08421, "NEXO": 0.750188, "GT": 6.69, "JAAA": 1.042, "BDX": 0.082524, "GHO": 0.999026, "JUP": 0.190879, "FIL": 0.766287, "\u5e01\u5b89\u4eba\u751f": 0.602444, "ARB": 0.090534, "VVV": 12.22, "LIT": 2.31, "FLR": 0.0066207, "XDC": 0.02838419, "YLDS": 0.999999, "USD0": 0.999438, "APT": 0.624694, "HASH": 0.00946326}}