{"timestamp": 1783363814, "base": "USD", "data": {"BTC": 63724, "ETH": 1792.15, "USDT": 0.999239, "BNB": 584.08, "USDC": 0.999872, "XRP": 1.15, "SOL": 81.79, "TRX": 0.328413, "FIGR_HELOC": 1.034, "HYPE": 71.48, "DOGE": 0.076848, "USDS": 0.999583, "RAIN": 0.01508188, "LEO": 9.39, "ZEC": 448.86, "ADA": 0.183446, "WBT": 57.37, "XLM": 0.199053, "XMR": 323.98, "LINK": 8.01, "CC": 0.137224, "BCH": 245.13, "GRAM": 1.78, "DAI": 0.999623, "LAB": 14.52, "USD1": 0.998672, "USDE": 0.998597, "LTC": 45.16, "HBAR": 0.074495, "USDG": 0.999897, "USYC": 1.13, "SUI": 0.747067, "AVAX": 6.96, "PYUSD": 0.999943, "CRO": 0.059213, "NEAR": 2.07, "SHIB": 4.39e-06, "XAUT": 4153.89, "BUIDL": 1.0, "USDY": 1.13, "TAO": 215.25, "UNI": 3.2, "PAXG": 4157.81, "WLFI": 0.058029, "ASTER": 0.636343, "OKB": 79.77, "ONDO": 0.336877, "HTX": 1.77e-06, "RLUSD": 0.999958, "DOT": 0.891194, "USDD": 0.999274, "M": 1.11, "AAVE": 95.63, "MNT": 0.438213, "WLD": 0.411205, "USDF": 0.996435, "BFUSD": 0.998549, "DEXE": 28.08, "SKY": 0.055962, "MORPHO": 1.99, "PI": 0.11282, "ICP": 2.21, "BGB": 1.71, "PEPE": 2.74e-06, "ETC": 7.11, "U": 0.9997, "EUTBL": 1.21, "BCAP": 106.97, "KCS": 7.1, "QNT": 66.6, "USDGO": 0.999715, "JTRSY": 1.11, "USTB": 11.13, "RENDER": 1.6, "KAS": 0.03026327, "ATOM": 1.6, "STABLE": 0.03404363, "POL": 0.075398, "ALGO": 0.088894, "JST": 0.093105, "JUP": 0.239334, "BEAT": 2.48, "NEXO": 0.756802, "ENA": 0.07844, "ADI": 5.85, "USDTB": 0.999904, "BDX": 0.092061, "GT": 6.77, "\u5e01\u5b89\u4eba\u751f": 0.714938, "EURSAFO": 1.15, "JAAA": 1.04, "PUMP": 0.00164714, "LIT": 2.61, "FIL": 0.797187, "FLR": 0.00690022, "GHO": 0.998349, "NIGHT": 0.03389902, "VVV": 11.91, "XDC": 0.02813544, "AERO": 0.578389}}