{"timestamp": 1783090965, "base": "USD", "data": {"BTC": 62129, "ETH": 1736.12, "USDT": 0.998912, "BNB": 565.54, "USDC": 0.999833, "XRP": 1.11, "SOL": 81.63, "TRX": 0.320209, "FIGR_HELOC": 1.039, "HYPE": 70.32, "DOGE": 0.076661, "RAIN": 0.01546842, "USDS": 0.99961, "LEO": 9.16, "ZEC": 461.69, "XLM": 0.201679, "WBT": 56.17, "ADA": 0.170751, "XMR": 321.65, "LINK": 7.85, "CC": 0.137673, "DAI": 0.999789, "BCH": 229.25, "USD1": 0.998581, "GRAM": 1.69, "USDE": 0.998405, "LTC": 43.57, "HBAR": 0.071779, "USYC": 1.13, "SUI": 0.75362, "USDG": 0.99975, "AVAX": 6.85, "PYUSD": 0.999888, "CRO": 0.059014, "NEAR": 2.08, "SHIB": 4.35e-06, "XAUT": 4155.18, "BUIDL": 1.0, "USDY": 1.14, "TAO": 217.01, "UNI": 3.28, "M": 1.5, "LAB": 6.31, "PAXG": 4159.74, "WLFI": 0.056506, "ASTER": 0.643932, "OKB": 80.38, "ONDO": 0.335458, "RLUSD": 0.999955, "HTX": 1.67e-06, "WLD": 0.424261, "DOT": 0.870489, "MNT": 0.437506, "USDF": 0.995711, "USDD": 0.999851, "AAVE": 90.42, "SKY": 0.058205, "BFUSD": 0.998302, "PI": 0.1182, "MORPHO": 1.97, "ICP": 2.24, "BGB": 1.7, "ETC": 7.21, "DEXE": 23.15, "PEPE": 2.57e-06, "U": 0.999502, "QNT": 68.05, "EUTBL": 1.21, "KCS": 7.15, "BCAP": 106.97, "USDGO": 0.99987, "JTRSY": 1.11, "STABLE": 0.03556095, "KAS": 0.03084191, "BEAT": 2.73, "USTB": 11.13, "RENDER": 1.61, "ATOM": 1.59, "JUP": 0.242798, "POL": 0.074087, "ALGO": 0.088202, "NEXO": 0.767164, "JST": 0.089052, "ENA": 0.07864, "USDTB": 1.0, "GT": 6.75, "ADI": 5.71, "BDX": 0.089498, "EURSAFO": 1.15, "\u5e01\u5b89\u4eba\u751f": 0.686339, "JAAA": 1.04, "PUMP": 0.00162622, "VVV": 13.84, "FIL": 0.80308, "FLR": 0.00689984, "GHO": 0.997823, "XDC": 0.02843727, "USD0": 0.998509, "YLDS": 0.999817, "NIGHT": 0.03216429}}