{"timestamp": 1778032984, "base": "USD", "data": {"BTC": 81347, "ETH": 2370.77, "USDT": 0.999835, "XRP": 1.42, "BNB": 634.12, "USDC": 0.999749, "SOL": 86.77, "TRX": 0.343812, "FIGR_HELOC": 1.033, "DOGE": 0.11498, "WBT": 60.16, "USDS": 0.999798, "HYPE": 44.0, "ADA": 0.262696, "LEO": 10.35, "BCH": 463.21, "ZEC": 519.45, "XMR": 407.37, "LINK": 9.82, "CC": 0.147597, "TON": 2.03, "XLM": 0.161653, "USD1": 0.999615, "M": 3.47, "DAI": 0.99934, "LTC": 56.57, "AVAX": 9.49, "SUI": 0.984257, "HBAR": 0.090879, "USDE": 0.999083, "SHIB": 6.41e-06, "RAIN": 0.00736653, "PYUSD": 0.999825, "CRO": 0.070595, "USYC": 1.12, "TAO": 289.52, "XAUT": 4612.86, "USDG": 0.999885, "BUIDL": 1.0, "PAXG": 4614.31, "DOT": 1.29, "UNI": 3.38, "MNT": 0.648693, "WLFI": 0.065814, "PI": 0.183448, "SKY": 0.080047, "OKB": 86.64, "USDF": 0.997155, "ASTER": 0.686614, "HTX": 1.95e-06, "PEPE": 4.19e-06, "NEAR": 1.31, "ONDO": 0.322204, "RLUSD": 0.999763, "ICP": 2.76, "USDD": 0.99987, "BGB": 2.06, "ETC": 9.13, "AAVE": 94.03, "MORPHO": 2.26, "USDY": 1.13, "BFUSD": 0.999, "JTRSY": 1.1, "KCS": 8.46, "ALGO": 0.119314, "POL": 0.098517, "U": 0.998932, "USTB": 11.07, "QNT": 69.36, "ENA": 0.111104, "RENDER": 1.91, "EUTBL": 1.23, "ATOM": 1.92, "BCAP": 105.77, "KAS": 0.03492407, "NEXO": 0.906346, "GT": 7.38, "WLD": 0.249877, "APT": 1.009, "FIL": 1.032, "SKYAI": 0.788338, "STABLE": 0.03385561, "ARB": 0.120284, "JST": 0.08466, "PENGU": 0.01114019, "PUMP": 0.00188455, "FLR": 0.00764261, "VET": 0.00758405, "JUP": 0.194403, "LUNC": 0.00011357, "USDTB": 0.999805, "DASH": 48.96, "BDX": 0.079888, "OUSG": 115.14, "HASH": 0.01135278, "GHO": 0.999845, "XDC": 0.02916166, "BONK": 6.58e-06, "USD0": 0.998327, "TRUMP": 2.39}}