{"timestamp": 1784079658, "base": "USD", "data": {"BTC": 64691, "ETH": 1874.84, "USDT": 0.999294, "BNB": 580.45, "USDC": 0.999854, "XRP": 1.11, "SOL": 77.66, "TRX": 0.325773, "FIGR_HELOC": 1.036, "HYPE": 65.17, "DOGE": 0.074044, "USDS": 0.99976, "RAIN": 0.01477624, "ZEC": 555.49, "LEO": 9.69, "WBT": 56.52, "XLM": 0.183826, "XMR": 332.31, "LINK": 8.33, "ADA": 0.164151, "CC": 0.139175, "BCH": 234.77, "DAI": 0.999666, "GRAM": 1.61, "USD1": 0.99906, "USDE": 0.999789, "LTC": 45.11, "USDG": 1.0, "SUI": 0.759434, "USYC": 1.13, "HBAR": 0.067303, "BUIDL": 1.0, "AVAX": 6.67, "PYUSD": 0.99978, "NEAR": 2.01, "CRO": 0.05555, "SHIB": 4.21e-06, "XAUT": 4041.7, "UNI": 3.66, "USDY": 1.13, "TAO": 199.53, "DEXE": 39.98, "WLFI": 0.057332, "PAXG": 4040.76, "OKB": 81.3, "ASTER": 0.629978, "HTX": 1.82e-06, "M": 1.23, "USDD": 0.999289, "ONDO": 0.318413, "RLUSD": 1.0, "AAVE": 98.96, "WLD": 0.415302, "DOT": 0.858691, "SKY": 0.061441, "USDF": 0.995442, "MNT": 0.420785, "MORPHO": 2.02, "BFUSD": 0.998749, "ICP": 2.21, "PEPE": 2.8e-06, "BGB": 1.68, "ETC": 7.1, "U": 0.99968, "EUTBL": 1.21, "BCAP": 106.19, "KCS": 7.0, "QNT": 65.55, "USDGO": 0.999991, "STABLE": 0.03773402, "POL": 0.084668, "ADI": 7.03, "JTRSY": 1.11, "JST": 0.099781, "PI": 0.076617, "EURSAFO": 1.15, "ATOM": 1.56, "BEAT": 2.61, "ENA": 0.08371, "KAS": 0.02897954, "RENDER": 1.52, "USTB": 11.14, "ALGO": 0.084624, "NEXO": 0.757008, "\u5e01\u5b89\u4eba\u751f": 0.754702, "USDTB": 1.0, "GT": 6.72, "BDX": 0.089167, "JUP": 0.210423, "JAAA": 1.041, "LIT": 2.61, "PUMP": 0.00161735, "FIL": 0.785167, "GHO": 0.998312, "ARB": 0.092215, "FLR": 0.0066351, "USD0": 0.998567, "XDC": 0.0272764, "YLDS": 0.999721, "APT": 0.624409}}