{"timestamp": 1777417959, "base": "USD", "data": {"BTC": 76291, "ETH": 2287.54, "USDT": 0.999857, "XRP": 1.38, "BNB": 623.61, "USDC": 0.999904, "SOL": 83.78, "TRX": 0.323084, "FIGR_HELOC": 1.04, "DOGE": 0.099342, "WBT": 54.0, "USDS": 0.999716, "HYPE": 40.08, "LEO": 10.36, "ADA": 0.246781, "BCH": 451.41, "XMR": 379.06, "LINK": 9.23, "CC": 0.148719, "ZEC": 335.15, "XLM": 0.161974, "USD1": 1.0, "DAI": 0.999799, "M": 3.36, "LTC": 55.48, "AVAX": 9.16, "HBAR": 0.088911, "USDE": 0.999178, "SUI": 0.923643, "SHIB": 6.13e-06, "RAIN": 0.00744924, "PYUSD": 0.999703, "TON": 1.3, "CRO": 0.069125, "USYC": 1.12, "XAUT": 4586.28, "TAO": 257.32, "USDG": 0.999758, "WLFI": 0.073771, "BUIDL": 1.0, "PAXG": 4585.05, "MNT": 0.629646, "DOT": 1.23, "UNI": 3.25, "PI": 0.193978, "SKY": 0.086145, "USDF": 0.996949, "NEAR": 1.35, "OKB": 82.73, "ASTER": 0.65208, "HTX": 1.83e-06, "PEPE": 3.87e-06, "RLUSD": 0.999958, "AAVE": 96.6, "USDD": 0.999783, "BGB": 1.96, "USDY": 1.12, "ICP": 2.39, "BFUSD": 0.999397, "JTRSY": 1.1, "ETC": 8.39, "ONDO": 0.263811, "MORPHO": 1.96, "KCS": 8.43, "GT": 7.3, "PUMP": 0.00187644, "U": 0.999757, "QNT": 69.07, "ALGO": 0.112242, "EUTBL": 1.23, "ATOM": 1.96, "POL": 0.092022, "BCAP": 105.75, "USTB": 11.06, "ENA": 0.105824, "RENDER": 1.74, "KAS": 0.03265005, "NEXO": 0.889027, "WLD": 0.250909, "STABLE": 0.03635378, "APT": 0.962574, "ARB": 0.124451, "JST": 0.084471, "HASH": 0.01255648, "FIL": 0.91791, "FLR": 0.00759023, "PENGU": 0.01024112, "JUP": 0.189041, "BDX": 0.079861, "VET": 0.00714853, "DEXE": 13.17, "OUSG": 115.07, "XDC": 0.02974697, "USDTB": 1.0, "GHO": 0.999198, "TRUMP": 2.49, "NIGHT": 0.03439487, "USD0": 0.998206, "BONK": 6.23e-06, "YLDS": 0.99985}}