{"timestamp": 1782552237, "base": "USD", "data": {"BTC": 60247, "ETH": 1577.86, "USDT": 0.998516, "BNB": 563.62, "USDC": 0.999773, "XRP": 1.054, "SOL": 71.67, "TRX": 0.320648, "FIGR_HELOC": 1.028, "HYPE": 62.86, "DOGE": 0.075235, "USDS": 0.99944, "RAIN": 0.01561488, "LEO": 9.41, "ZEC": 406.05, "LAB": 19.07, "XLM": 0.173606, "CC": 0.150889, "XMR": 312.35, "WBT": 48.17, "LINK": 7.34, "ADA": 0.14669, "USD1": 0.999055, "DAI": 0.99961, "USDE": 0.997953, "GRAM": 1.59, "BCH": 195.62, "LTC": 42.57, "HBAR": 0.072032, "USYC": 1.13, "USDG": 0.999588, "SUI": 0.701871, "AVAX": 6.52, "PYUSD": 0.999785, "CRO": 0.054796, "SHIB": 4.24e-06, "XAUT": 4068.87, "NEAR": 1.79, "BUIDL": 1.0, "USDY": 1.14, "TAO": 212.6, "PAXG": 4074.77, "WLFI": 0.057698, "UNI": 2.91, "ASTER": 0.628874, "OKB": 77.86, "WLD": 0.458822, "RLUSD": 0.99996, "ONDO": 0.315493, "HTX": 1.67e-06, "AAVE": 95.45, "MNT": 0.435059, "DOT": 0.841855, "USDF": 0.99269, "PI": 0.127668, "USDD": 0.998199, "BFUSD": 0.998281, "ICP": 2.17, "BGB": 1.65, "MORPHO": 1.78, "ETC": 7.28, "SKY": 0.04886514, "M": 0.770201, "U": 0.999602, "PEPE": 2.41e-06, "BCAP": 107.03, "DEXE": 20.72, "QNT": 65.8, "EUTBL": 1.2, "KCS": 6.77, "STABLE": 0.03748765, "JTRSY": 1.11, "USDGO": 0.999907, "RENDER": 1.61, "ATOM": 1.58, "USTB": 11.13, "KAS": 0.02792706, "ALGO": 0.085345, "POL": 0.0714, "JUP": 0.222985, "USDTB": 0.999551, "ENA": 0.078322, "NEXO": 0.726492, "\u5e01\u5b89\u4eba\u751f": 0.72532, "JST": 0.084445, "GT": 6.56, "JAAA": 1.039, "BDX": 0.082978, "VVV": 13.32, "EURSAFO": 1.15, "BEAT": 2.13, "ADI": 4.79, "GHO": 0.997791, "FIL": 0.743618, "FLR": 0.00678301, "XDC": 0.02817643, "YLDS": 0.999824, "USD0": 0.998758, "HASH": 0.0099384, "PUMP": 0.00129901}}