{"timestamp": 1783951805, "base": "USD", "data": {"BTC": 62261, "ETH": 1767.21, "USDT": 0.9991, "BNB": 567.36, "USDC": 0.999817, "XRP": 1.069, "SOL": 75.49, "TRX": 0.325809, "FIGR_HELOC": 1.013, "HYPE": 63.94, "DOGE": 0.072115, "USDS": 0.999718, "RAIN": 0.01435176, "LEO": 9.52, "ZEC": 504.74, "WBT": 54.62, "XLM": 0.182053, "XMR": 322.49, "LINK": 7.91, "ADA": 0.158188, "CC": 0.133338, "BCH": 238.83, "DAI": 0.999579, "USD1": 0.998984, "GRAM": 1.6, "USDE": 0.999692, "LTC": 43.23, "USDG": 0.999881, "USYC": 1.13, "SUI": 0.725061, "HBAR": 0.066872, "BUIDL": 1.0, "PYUSD": 0.999667, "AVAX": 6.55, "CRO": 0.054742, "NEAR": 1.91, "XAUT": 4028.98, "SHIB": 4.18e-06, "UNI": 3.49, "USDY": 1.14, "DEXE": 42.65, "TAO": 205.63, "WLFI": 0.057382, "PAXG": 4031.0, "OKB": 79.89, "ASTER": 0.619997, "HTX": 1.81e-06, "M": 1.23, "USDD": 0.999008, "RLUSD": 1.0, "ONDO": 0.315401, "WLD": 0.416039, "AAVE": 95.01, "USDF": 0.995861, "DOT": 0.828747, "MNT": 0.422681, "SKY": 0.058394, "MORPHO": 2.02, "BFUSD": 0.998363, "ICP": 2.19, "PEPE": 2.75e-06, "BGB": 1.63, "ETC": 6.93, "U": 0.999948, "EUTBL": 1.2, "BCAP": 106.63, "QNT": 65.08, "USDGO": 0.999826, "KCS": 6.78, "STABLE": 0.0371817, "ADI": 7.07, "PI": 0.079877, "JTRSY": 1.11, "POL": 0.081476, "JST": 0.098178, "ATOM": 1.54, "KAS": 0.02850589, "RENDER": 1.51, "BEAT": 2.5, "EURSAFO": 1.15, "USTB": 11.14, "ENA": 0.078938, "ALGO": 0.083107, "BDX": 0.093008, "USDTB": 1.0, "NEXO": 0.723039, "GT": 6.66, "\u5e01\u5b89\u4eba\u751f": 0.702263, "JUP": 0.208384, "JAAA": 1.041, "FIL": 0.75752, "PUMP": 0.00148911, "GHO": 0.998416, "LIT": 2.39, "ARB": 0.093475, "FLR": 0.0063824, "USD0": 0.998192, "XDC": 0.02692131, "YLDS": 0.999702, "USX": 0.999744}}