{"timestamp": 1776584714, "base": "USD", "data": {"BTC": 75212, "ETH": 2315.63, "USDT": 1.0, "XRP": 1.42, "BNB": 620.97, "USDC": 0.999964, "SOL": 84.73, "TRX": 0.329963, "FIGR_HELOC": 1.035, "DOGE": 0.094029, "WBT": 54.43, "USDS": 0.99972, "HYPE": 43.11, "LEO": 10.14, "ADA": 0.245288, "BCH": 441.03, "LINK": 9.15, "XMR": 350.43, "M": 3.55, "USDE": 0.999457, "CC": 0.146628, "XLM": 0.16796, "ZEC": 322.47, "DAI": 0.999742, "LTC": 55.04, "USD1": 1.0, "PYUSD": 0.999753, "AVAX": 9.17, "HBAR": 0.088219, "SUI": 0.942577, "RAIN": 0.00760843, "SHIB": 5.98e-06, "TON": 1.28, "CRO": 0.069414, "USYC": 1.12, "XAUT": 4778.66, "WLFI": 0.078915, "BUIDL": 1.0, "PAXG": 4780.45, "TAO": 242.11, "USDG": 0.999815, "MNT": 0.655149, "DOT": 1.25, "UNI": 3.26, "USDF": 0.998572, "PI": 0.173023, "OKB": 83.64, "SKY": 0.075618, "NEAR": 1.33, "ASTER": 0.66915, "HTX": 1.8e-06, "PEPE": 3.74e-06, "JTRSY": 1.1, "USDD": 1.0, "RLUSD": 0.999788, "AAVE": 92.62, "ICP": 2.45, "BFUSD": 0.999802, "USDY": 1.13, "BGB": 1.87, "ETC": 8.34, "ONDO": 0.254161, "KCS": 8.46, "GT": 7.11, "PUMP": 0.00183104, "MORPHO": 1.94, "QNT": 73.18, "ENA": 0.118505, "EUTBL": 1.24, "U": 1.001, "POL": 0.088649, "KAS": 0.03433858, "ALGO": 0.1054, "RENDER": 1.76, "NEXO": 0.893279, "ATOM": 1.77, "USDTB": 1.0, "USTB": 11.05, "WLD": 0.261037, "BCAP": 82.76, "ARB": 0.124774, "APT": 0.92592, "FIL": 0.919346, "DEXE": 15.14, "FLR": 0.00810376, "TRUMP": 2.83, "HASH": 0.01148209, "JUP": 0.177285, "BDX": 0.080091, "NIGHT": 0.03684447, "JST": 0.071457, "VET": 0.00706898, "OUSG": 114.95, "XDC": 0.02980057, "YLDS": 1.0, "GHO": 0.99931, "STABLE": 0.02556185, "USD0": 0.998186, "BONK": 5.97e-06, "CAKE": 1.53}}