{"timestamp": 1779572708, "base": "USD", "data": {"BTC": 76574, "ETH": 2111.54, "USDT": 0.99871, "BNB": 655.67, "XRP": 1.36, "USDC": 0.999757, "SOL": 86.17, "TRX": 0.361675, "FIGR_HELOC": 1.03, "DOGE": 0.103456, "HYPE": 58.26, "USDS": 0.999555, "ZEC": 639.57, "LEO": 9.96, "ADA": 0.247322, "BCH": 356.78, "XMR": 386.37, "LINK": 9.62, "WBT": 56.52, "CC": 0.160509, "XLM": 0.147395, "TON": 1.82, "USD1": 0.998945, "USDE": 0.99906, "DAI": 0.999484, "SUI": 1.077, "LTC": 53.66, "AVAX": 9.46, "HBAR": 0.090308, "M": 2.87, "RAIN": 0.00756512, "PYUSD": 0.999471, "SHIB": 5.71e-06, "NEAR": 2.42, "CRO": 0.069627, "USYC": 1.13, "USDG": 0.999664, "TAO": 284.52, "XAUT": 4502.82, "BUIDL": 1.0, "UNI": 3.48, "DOT": 1.31, "MNT": 0.660541, "USDY": 1.14, "PAXG": 4510.12, "ONDO": 0.422411, "WLFI": 0.062477, "HTX": 2e-06, "USDF": 0.996828, "ASTER": 0.682844, "RLUSD": 0.999938, "OKB": 82.43, "SKY": 0.070372, "PI": 0.151911, "PEPE": 3.66e-06, "USDD": 0.998676, "ICP": 2.61, "ETC": 9.02, "BGB": 1.98, "MORPHO": 2.1, "AAVE": 87.53, "BFUSD": 0.998501, "QNT": 77.84, "USDTB": 0.999176, "ATOM": 2.12, "KCS": 8.04, "EUTBL": 1.22, "WLD": 0.305801, "ALGO": 0.115594, "U": 0.999583, "RENDER": 1.95, "USTB": 11.09, "POL": 0.091394, "BCAP": 105.74, "JTRSY": 1.1, "ENA": 0.103385, "KAS": 0.03386398, "NEXO": 0.878733, "VVV": 18.51, "APT": 0.980462, "JST": 0.09182, "FIL": 0.988484, "STABLE": 0.03340817, "GT": 7.0, "FLR": 0.00840925, "JUP": 0.210208, "ARB": 0.110294, "PUMP": 0.00179581, "DEXE": 13.56, "XDC": 0.03175451, "BDX": 0.078628, "HASH": 0.01136456, "VET": 0.00685695, "DASH": 45.88, "GHO": 0.999006, "PENGU": 0.00910026, "NIGHT": 0.03382923, "USD0": 0.998476, "OUSG": 115.33, "BONK": 6.18e-06}}