{"timestamp": 1781909109, "base": "USD", "data": {"BTC": 63250, "ETH": 1706.58, "USDT": 0.999126, "BNB": 580.46, "USDC": 0.999817, "XRP": 1.13, "SOL": 69.28, "TRX": 0.323123, "FIGR_HELOC": 1.036, "HYPE": 70.01, "DOGE": 0.083057, "USDS": 0.999732, "RAIN": 0.01443368, "LEO": 9.5, "ZEC": 460.99, "XLM": 0.21795, "WBT": 52.12, "ADA": 0.161483, "CC": 0.154039, "LINK": 7.91, "XMR": 315.35, "USD1": 1.0, "USDE": 0.99895, "GRAM": 1.6, "DAI": 0.999719, "BCH": 197.3, "LAB": 12.43, "M": 2.88, "HBAR": 0.0803, "LTC": 43.75, "USYC": 1.13, "SUI": 0.712997, "USDG": 1.0, "NEAR": 2.15, "SHIB": 4.74e-06, "PYUSD": 1.0, "CRO": 0.058451, "AVAX": 5.95, "XAUT": 4146.79, "BUIDL": 1.0, "TAO": 226.23, "USDY": 1.14, "WLD": 0.624626, "UNI": 3.06, "PAXG": 4153.6, "WLFI": 0.059148, "MNT": 0.528271, "ONDO": 0.351692, "ASTER": 0.631298, "RLUSD": 1.0, "OKB": 77.24, "DOT": 0.955835, "HTX": 1.72e-06, "PI": 0.135591, "USDF": 0.995965, "USDD": 0.999139, "SKY": 0.057832, "BFUSD": 0.999001, "MORPHO": 1.93, "ICP": 2.24, "BGB": 1.76, "ETC": 7.63, "PEPE": 2.81e-06, "AAVE": 72.72, "QNT": 71.6, "U": 1.0, "USTB": 11.12, "BCAP": 107.07, "KCS": 7.22, "EUTBL": 1.21, "ATOM": 1.8, "USDTB": 0.99971, "RENDER": 1.73, "JTRSY": 1.11, "POL": 0.07991, "ALGO": 0.09444, "KAS": 0.02974501, "ENA": 0.087932, "STABLE": 0.03342073, "NEXO": 0.789973, "DEXE": 16.73, "JAAA": 1.039, "\u5e01\u5b89\u4eba\u751f": 0.709392, "GT": 6.63, "JST": 0.080993, "VVV": 14.32, "FLR": 0.00735731, "FIL": 0.791567, "JUP": 0.188328, "BDX": 0.080419, "GHO": 0.998616, "XDC": 0.02970169, "YLDS": 0.99942, "EURSAFO": 1.16, "USD0": 0.999293, "HASH": 0.01012877, "BEAT": 1.89, "ARB": 0.083526, "APT": 0.629344, "NIGHT": 0.03095737}}