{"timestamp": 1783382407, "base": "USD", "data": {"BTC": 64003, "ETH": 1797.57, "USDT": 0.999395, "BNB": 585.43, "USDC": 0.999947, "XRP": 1.14, "SOL": 81.92, "TRX": 0.329449, "FIGR_HELOC": 1.035, "HYPE": 70.57, "DOGE": 0.076584, "USDS": 0.999833, "RAIN": 0.01509303, "LEO": 9.4, "ZEC": 453.19, "ADA": 0.184004, "XLM": 0.199907, "WBT": 57.46, "XMR": 323.26, "LINK": 8.02, "CC": 0.138172, "BCH": 241.83, "GRAM": 1.78, "LAB": 15.28, "DAI": 0.999634, "USD1": 0.999047, "USDE": 0.998747, "LTC": 44.83, "HBAR": 0.073219, "USDG": 0.999935, "USYC": 1.13, "SUI": 0.74885, "AVAX": 6.92, "PYUSD": 1.0, "CRO": 0.059127, "NEAR": 2.05, "SHIB": 4.39e-06, "XAUT": 4148.94, "BUIDL": 1.0, "USDY": 1.14, "TAO": 214.5, "UNI": 3.18, "PAXG": 4153.26, "WLFI": 0.058118, "ASTER": 0.637584, "OKB": 80.02, "ONDO": 0.333068, "HTX": 1.77e-06, "RLUSD": 1.0, "M": 1.2, "DOT": 0.884894, "USDD": 0.997083, "MNT": 0.441209, "WLD": 0.408812, "AAVE": 94.03, "USDF": 0.996785, "BFUSD": 0.99869, "SKY": 0.056377, "MORPHO": 2.01, "DEXE": 27.76, "PI": 0.113191, "ICP": 2.22, "BGB": 1.7, "PEPE": 2.73e-06, "ETC": 7.11, "U": 0.999896, "EUTBL": 1.21, "KCS": 7.12, "BCAP": 106.63, "QNT": 66.16, "USTB": 11.13, "USDGO": 1.0, "JTRSY": 1.11, "RENDER": 1.62, "KAS": 0.03023626, "ATOM": 1.6, "STABLE": 0.03414609, "POL": 0.074701, "JST": 0.093204, "BEAT": 2.57, "ALGO": 0.088386, "JUP": 0.237166, "NEXO": 0.761108, "ENA": 0.078282, "ADI": 5.87, "USDTB": 1.001, "BDX": 0.092166, "GT": 6.79, "\u5e01\u5b89\u4eba\u751f": 0.718802, "EURSAFO": 1.15, "JAAA": 1.04, "PUMP": 0.00162734, "LIT": 2.58, "FIL": 0.793388, "GHO": 0.998443, "FLR": 0.00688874, "NIGHT": 0.03422755, "XDC": 0.02821235, "AERO": 0.582464, "USD0": 0.998611}}