{"timestamp": 1784128756, "base": "USD", "data": {"BTC": 65291, "ETH": 1927.93, "USDT": 0.999105, "BNB": 580.29, "USDC": 0.999826, "XRP": 1.12, "SOL": 77.88, "TRX": 0.327317, "FIGR_HELOC": 1.036, "HYPE": 67.92, "DOGE": 0.074481, "USDS": 0.999728, "RAIN": 0.01462339, "ZEC": 573.35, "LEO": 9.81, "WBT": 57.21, "LINK": 8.57, "XLM": 0.187342, "XMR": 331.45, "ADA": 0.165809, "CC": 0.138645, "BCH": 234.0, "DAI": 0.999726, "USD1": 0.998618, "GRAM": 1.59, "USDE": 0.999733, "LTC": 45.51, "USDG": 1.001, "SUI": 0.757578, "USYC": 1.13, "HBAR": 0.068121, "AVAX": 6.7, "BUIDL": 1.0, "PYUSD": 0.999728, "NEAR": 2.07, "CRO": 0.055779, "SHIB": 4.27e-06, "XAUT": 4037.56, "UNI": 3.63, "USDY": 1.14, "TAO": 199.33, "PAXG": 4037.99, "WLFI": 0.056913, "OKB": 82.17, "M": 1.29, "DEXE": 36.46, "ASTER": 0.630941, "HTX": 1.82e-06, "ONDO": 0.333933, "RLUSD": 0.999812, "AAVE": 96.68, "DOT": 0.857068, "WLD": 0.410335, "SKY": 0.061957, "USDD": 0.999158, "MNT": 0.429977, "USDF": 0.995548, "MORPHO": 2.07, "BFUSD": 0.998456, "ICP": 2.21, "PEPE": 2.86e-06, "BGB": 1.69, "ETC": 7.13, "U": 0.999141, "EUTBL": 1.21, "USDGO": 0.999898, "BCAP": 106.19, "KCS": 6.99, "QNT": 65.34, "STABLE": 0.03688128, "PI": 0.081784, "POL": 0.083707, "ADI": 7.05, "JTRSY": 1.11, "EURSAFO": 1.15, "JST": 0.099562, "ATOM": 1.57, "ENA": 0.083938, "BEAT": 2.58, "RENDER": 1.53, "KAS": 0.02884847, "USTB": 11.15, "NEXO": 0.767558, "ALGO": 0.085161, "\u5e01\u5b89\u4eba\u751f": 0.750209, "USDTB": 1.0, "GT": 6.77, "BDX": 0.088696, "JUP": 0.209406, "JAAA": 1.041, "PUMP": 0.00163413, "LIT": 2.54, "FIL": 0.792836, "GHO": 0.99829, "FLR": 0.00669875, "ARB": 0.089064, "USD0": 0.998614, "XDC": 0.02759283, "YLDS": 0.999722, "APT": 0.626266}}