{"timestamp": 1777325805, "base": "USD", "data": {"BTC": 76943, "ETH": 2291.43, "USDT": 0.999907, "XRP": 1.39, "BNB": 624.39, "USDC": 0.999896, "SOL": 84.39, "TRX": 0.32606, "FIGR_HELOC": 1.031, "DOGE": 0.098182, "WBT": 54.37, "USDS": 0.998992, "HYPE": 41.43, "LEO": 10.35, "ADA": 0.245895, "BCH": 448.57, "XMR": 382.35, "LINK": 9.24, "ZEC": 352.88, "CC": 0.147474, "XLM": 0.164787, "M": 3.81, "USD1": 0.99988, "DAI": 0.999689, "LTC": 55.41, "AVAX": 9.18, "HBAR": 0.08922, "USDE": 0.999149, "SUI": 0.925416, "SHIB": 6.1e-06, "RAIN": 0.00728344, "PYUSD": 0.999469, "TON": 1.3, "CRO": 0.069582, "USYC": 1.12, "XAUT": 4677.13, "USDG": 0.999759, "TAO": 246.63, "WLFI": 0.072195, "BUIDL": 1.0, "PAXG": 4674.51, "MNT": 0.635458, "SKY": 0.089158, "DOT": 1.22, "UNI": 3.22, "PI": 0.181625, "USDF": 0.997434, "NEAR": 1.35, "OKB": 83.38, "HTX": 1.83e-06, "PEPE": 3.83e-06, "ASTER": 0.645536, "RLUSD": 0.999965, "AAVE": 96.79, "USDD": 0.999812, "BGB": 1.97, "JTRSY": 1.1, "ICP": 2.41, "USDY": 1.12, "BFUSD": 0.99952, "ETC": 8.34, "ONDO": 0.261314, "MORPHO": 1.95, "KCS": 8.42, "GT": 7.27, "USTB": 11.06, "EUTBL": 1.23, "ALGO": 0.115574, "PUMP": 0.00174621, "U": 0.999535, "QNT": 69.58, "ATOM": 1.99, "POL": 0.091817, "ENA": 0.105738, "RENDER": 1.77, "KAS": 0.03315417, "NEXO": 0.893608, "WLD": 0.25133, "STABLE": 0.03534403, "APT": 0.955217, "ARB": 0.124948, "BCAP": 82.76, "HASH": 0.01246296, "FIL": 0.911783, "JST": 0.082331, "JUP": 0.193064, "DEXE": 14.29, "FLR": 0.0077055, "PENGU": 0.0099104, "BDX": 0.079841, "VET": 0.00717962, "OUSG": 115.06, "XDC": 0.02941281, "USDTB": 1.0, "TRUMP": 2.51, "GHO": 0.999059, "NIGHT": 0.03473388, "USD0": 0.998231, "BONK": 6.15e-06, "YLDS": 0.999945}}