{"timestamp": 1784232117, "base": "USD", "data": {"BTC": 64220, "ETH": 1873.77, "USDT": 0.999254, "BNB": 575.35, "USDC": 0.999872, "XRP": 1.097, "SOL": 75.82, "TRX": 0.322884, "FIGR_HELOC": 1.035, "HYPE": 62.36, "DOGE": 0.073128, "USDS": 0.999849, "RAIN": 0.01452336, "ZEC": 546.24, "LEO": 9.83, "WBT": 56.11, "XLM": 0.189907, "XMR": 337.89, "LINK": 8.4, "ADA": 0.162714, "CC": 0.131091, "DAI": 0.999759, "BCH": 222.36, "USD1": 0.998811, "GRAM": 1.53, "USDE": 0.999754, "LTC": 45.22, "USDG": 1.003, "SUI": 0.747938, "USYC": 1.13, "HBAR": 0.067289, "AVAX": 6.59, "PYUSD": 0.999826, "CRO": 0.059266, "NEAR": 2.03, "BUIDL": 1.0, "SHIB": 4.15e-06, "XAUT": 3980.6, "UNI": 3.62, "USDY": 1.14, "TAO": 193.48, "ONDO": 0.375223, "WLFI": 0.057321, "PAXG": 3975.73, "OKB": 80.43, "ASTER": 0.621163, "DEXE": 35.02, "M": 1.23, "HTX": 1.81e-06, "RLUSD": 1.0, "MNT": 0.445123, "USDD": 0.999182, "DOT": 0.856203, "SKY": 0.061166, "USDF": 0.995801, "WLD": 0.396198, "AAVE": 92.32, "BFUSD": 0.998466, "MORPHO": 2.01, "ICP": 2.15, "BGB": 1.66, "PEPE": 2.74e-06, "ETC": 7.0, "U": 0.999933, "EUTBL": 1.21, "USDGO": 1.0, "STABLE": 0.03978808, "BCAP": 106.19, "KCS": 6.78, "QNT": 63.87, "POL": 0.082591, "ADI": 7.01, "JTRSY": 1.11, "JST": 0.097889, "PI": 0.076429, "EURSAFO": 1.15, "ENA": 0.084118, "ATOM": 1.53, "BEAT": 2.53, "KAS": 0.02840635, "USTB": 11.15, "RENDER": 1.49, "NEXO": 0.745391, "ALGO": 0.08285, "\u5e01\u5b89\u4eba\u751f": 0.717872, "GT": 6.67, "PUMP": 0.00173414, "BDX": 0.088186, "JAAA": 1.041, "JUP": 0.201438, "FIL": 0.776959, "LIT": 2.46, "GHO": 0.998265, "FLR": 0.00662075, "ARB": 0.089784, "USD0": 0.99873, "YLDS": 0.999908, "XDC": 0.02718554, "USX": 1.0, "VVV": 10.94}}