{"timestamp": 1784166631, "base": "USD", "data": {"BTC": 64658, "ETH": 1919.62, "USDT": 0.999298, "BNB": 578.87, "USDC": 0.999862, "XRP": 1.11, "SOL": 76.91, "TRX": 0.324309, "FIGR_HELOC": 1.037, "HYPE": 66.46, "DOGE": 0.073932, "USDS": 0.999777, "RAIN": 0.01456549, "ZEC": 566.56, "LEO": 9.81, "WBT": 56.74, "XLM": 0.187671, "LINK": 8.49, "XMR": 329.25, "ADA": 0.16462, "CC": 0.135418, "DAI": 0.999761, "BCH": 222.11, "USD1": 0.998694, "GRAM": 1.57, "USDE": 0.999742, "LTC": 45.2, "USDG": 1.002, "SUI": 0.750217, "USYC": 1.13, "HBAR": 0.067581, "AVAX": 6.69, "PYUSD": 0.999754, "NEAR": 2.06, "BUIDL": 1.0, "CRO": 0.055569, "SHIB": 4.22e-06, "XAUT": 4035.97, "UNI": 3.68, "USDY": 1.14, "TAO": 200.27, "WLFI": 0.057319, "PAXG": 4033.59, "ONDO": 0.366648, "DEXE": 36.5, "OKB": 81.2, "ASTER": 0.63, "M": 1.25, "HTX": 1.8e-06, "RLUSD": 1.0, "AAVE": 96.21, "SKY": 0.062466, "USDD": 0.999272, "WLD": 0.407421, "DOT": 0.842426, "USDF": 0.995861, "MNT": 0.426569, "MORPHO": 2.06, "BFUSD": 0.998414, "ICP": 2.17, "PEPE": 2.78e-06, "BGB": 1.67, "ETC": 7.04, "U": 0.999544, "EUTBL": 1.21, "USDGO": 0.99991, "BCAP": 106.19, "KCS": 6.95, "QNT": 65.37, "STABLE": 0.03692167, "POL": 0.082804, "ADI": 6.98, "JTRSY": 1.11, "PI": 0.078541, "EURSAFO": 1.16, "JST": 0.097841, "ATOM": 1.54, "ENA": 0.083429, "KAS": 0.02886627, "RENDER": 1.53, "BEAT": 2.54, "USTB": 11.15, "ALGO": 0.085066, "NEXO": 0.759203, "\u5e01\u5b89\u4eba\u751f": 0.736989, "GT": 6.71, "JUP": 0.206822, "JAAA": 1.041, "PUMP": 0.00167243, "BDX": 0.083796, "FIL": 0.786678, "LIT": 2.43, "GHO": 0.99859, "FLR": 0.00662588, "ARB": 0.087577, "USD0": 0.998631, "YLDS": 0.999872, "XDC": 0.0274395, "APT": 0.622358, "USX": 0.999765}}