{"timestamp": 1782296074, "base": "USD", "data": {"BTC": 62507, "ETH": 1662.76, "USDT": 0.998703, "BNB": 575.68, "USDC": 0.99975, "XRP": 1.096, "SOL": 69.11, "TRX": 0.330751, "FIGR_HELOC": 1.033, "HYPE": 62.16, "DOGE": 0.07872, "USDS": 0.999892, "RAIN": 0.01572505, "LEO": 9.5, "ZEC": 413.07, "XLM": 0.191335, "XMR": 326.02, "WBT": 50.89, "CC": 0.151241, "LINK": 7.6, "ADA": 0.148664, "LAB": 16.28, "USD1": 0.999392, "DAI": 0.999706, "USDE": 0.998461, "GRAM": 1.58, "BCH": 193.1, "M": 2.83, "HBAR": 0.076774, "LTC": 42.01, "USYC": 1.13, "USDG": 0.999712, "SUI": 0.698274, "AVAX": 6.41, "PYUSD": 0.999933, "SHIB": 4.55e-06, "CRO": 0.056144, "NEAR": 1.96, "XAUT": 4051.2, "BUIDL": 1.0, "USDY": 1.13, "TAO": 220.32, "WLFI": 0.058669, "PAXG": 4057.18, "WLD": 0.5277, "UNI": 2.9, "MNT": 0.513815, "ASTER": 0.629215, "OKB": 77.83, "RLUSD": 0.999694, "HTX": 1.73e-06, "DOT": 0.90178, "ONDO": 0.304783, "USDF": 0.99566, "PI": 0.128787, "USDD": 0.999251, "BFUSD": 0.998098, "SKY": 0.055107, "ICP": 2.18, "BGB": 1.71, "PEPE": 2.64e-06, "ETC": 7.05, "AAVE": 72.52, "DEXE": 22.96, "MORPHO": 1.65, "U": 0.999801, "QNT": 69.21, "USTB": 11.12, "BCAP": 107.03, "KCS": 7.1, "EUTBL": 1.19, "USDTB": 0.999481, "JTRSY": 1.11, "ATOM": 1.66, "RENDER": 1.6, "STABLE": 0.03435852, "POL": 0.07653, "ALGO": 0.090792, "KAS": 0.02847473, "ENA": 0.083536, "NEXO": 0.770129, "JST": 0.084022, "GT": 6.67, "JUP": 0.213425, "\u5e01\u5b89\u4eba\u751f": 0.706503, "JAAA": 1.039, "BDX": 0.082725, "BEAT": 2.19, "VVV": 13.29, "FIL": 0.77615, "FLR": 0.00697724, "GHO": 0.997682, "EURSAFO": 1.14, "XDC": 0.02908054, "YLDS": 0.999802, "ADI": 4.42, "USD0": 0.998953, "APT": 0.640087, "NIGHT": 0.0307493, "HASH": 0.00947196}}