{"timestamp": 1783115906, "base": "USD", "data": {"BTC": 62711, "ETH": 1763.37, "USDT": 0.999081, "BNB": 573.59, "USDC": 0.999923, "XRP": 1.13, "SOL": 82.63, "TRX": 0.322243, "FIGR_HELOC": 1.01, "HYPE": 71.0, "DOGE": 0.078133, "RAIN": 0.01548965, "USDS": 0.99979, "LEO": 9.16, "ZEC": 466.94, "XLM": 0.204766, "WBT": 56.75, "ADA": 0.179532, "XMR": 324.14, "LINK": 7.98, "CC": 0.14049, "DAI": 1.0, "BCH": 229.87, "GRAM": 1.69, "USD1": 0.999156, "USDE": 0.998627, "LTC": 45.14, "HBAR": 0.073313, "SUI": 0.775309, "USYC": 1.13, "AVAX": 7.0, "USDG": 1.0, "PYUSD": 0.999988, "CRO": 0.061173, "NEAR": 2.05, "SHIB": 4.47e-06, "XAUT": 4161.46, "BUIDL": 1.0, "USDY": 1.14, "TAO": 216.49, "UNI": 3.25, "M": 1.5, "LAB": 6.07, "PAXG": 4168.49, "WLFI": 0.057182, "ASTER": 0.651485, "OKB": 80.89, "ONDO": 0.335558, "RLUSD": 0.999963, "WLD": 0.433636, "HTX": 1.67e-06, "DOT": 0.888239, "MNT": 0.448338, "USDF": 0.996904, "USDD": 0.999068, "SKY": 0.059155, "AAVE": 87.8, "BFUSD": 0.998462, "PI": 0.118425, "MORPHO": 1.94, "ICP": 2.24, "BGB": 1.73, "PEPE": 2.81e-06, "ETC": 7.29, "DEXE": 23.18, "U": 0.999798, "QNT": 68.43, "KCS": 7.18, "EUTBL": 1.21, "BCAP": 106.97, "USDGO": 1.0, "JTRSY": 1.11, "USTB": 11.13, "KAS": 0.03132211, "BEAT": 2.76, "STABLE": 0.03504628, "RENDER": 1.62, "ATOM": 1.6, "JUP": 0.244163, "ALGO": 0.090091, "POL": 0.073689, "NEXO": 0.773786, "JST": 0.089877, "ENA": 0.07985, "USDTB": 1.0, "ADI": 5.75, "GT": 6.71, "BDX": 0.088171, "EURSAFO": 1.15, "\u5e01\u5b89\u4eba\u751f": 0.68335, "JAAA": 1.04, "PUMP": 0.00163498, "FIL": 0.811041, "VVV": 13.41, "FLR": 0.00697896, "GHO": 0.998005, "XDC": 0.02860451, "USD0": 0.998739, "NIGHT": 0.03323112, "YLDS": 0.999898}}