{"timestamp": 1781591146, "base": "USD", "data": {"BTC": 66203, "ETH": 1763.93, "USDT": 0.999369, "BNB": 614.1, "XRP": 1.23, "USDC": 0.999639, "SOL": 73.79, "TRX": 0.318002, "FIGR_HELOC": 1.027, "HYPE": 71.84, "DOGE": 0.087328, "USDS": 0.999661, "LEO": 9.71, "ZEC": 524.47, "RAIN": 0.01369634, "XLM": 0.214891, "ADA": 0.17755, "XMR": 345.39, "CC": 0.164797, "WBT": 54.11, "LINK": 8.22, "GRAM": 1.7, "USD1": 0.999942, "USDE": 0.999499, "BCH": 223.11, "DAI": 0.999869, "M": 2.98, "HBAR": 0.081969, "LTC": 45.52, "SUI": 0.785743, "NEAR": 2.43, "LAB": 10.01, "USYC": 1.13, "SHIB": 5.01e-06, "AVAX": 6.82, "CRO": 0.062151, "PYUSD": 0.999905, "USDG": 1.0, "XAUT": 4297.07, "TAO": 263.73, "BUIDL": 1.0, "USDY": 1.12, "WLD": 0.590407, "PAXG": 4306.87, "WLFI": 0.059936, "MNT": 0.575028, "UNI": 2.92, "ONDO": 0.372047, "ASTER": 0.65408, "DOT": 1.008, "RLUSD": 0.999943, "OKB": 75.5, "HTX": 1.7e-06, "PI": 0.136074, "USDF": 0.994122, "USDD": 0.999396, "ICP": 2.43, "SKY": 0.057419, "BFUSD": 0.998739, "BGB": 1.83, "MORPHO": 1.93, "PEPE": 2.95e-06, "ETC": 7.37, "AAVE": 74.41, "BEAT": 3.72, "QNT": 71.69, "U": 0.999895, "ATOM": 1.96, "USTB": 11.11, "BCAP": 107.07, "KCS": 7.15, "EUTBL": 1.22, "RENDER": 1.8, "USDTB": 0.99989, "KAS": 0.0332301, "DEXE": 19.44, "JTRSY": 1.11, "STABLE": 0.03607089, "ALGO": 0.094781, "POL": 0.077752, "NEXO": 0.812717, "ENA": 0.086224, "VVV": 15.49, "GT": 6.81, "\u5e01\u5b89\u4eba\u751f": 0.686571, "JAAA": 1.038, "JST": 0.079899, "FLR": 0.0079387, "JUP": 0.198651, "BDX": 0.082019, "FIL": 0.794209, "XDC": 0.03067805, "GHO": 0.998783, "INJ": 5.65, "APT": 0.676656, "NIGHT": 0.03365482, "USD0": 0.999051, "YLDS": 0.999806, "PUMP": 0.00156622, "ARB": 0.085937}}