{"timestamp": 1779048144, "base": "USD", "data": {"BTC": 78386, "ETH": 2192.21, "USDT": 0.999471, "BNB": 655.68, "XRP": 1.42, "USDC": 0.999832, "SOL": 86.75, "TRX": 0.356144, "FIGR_HELOC": 1.039, "DOGE": 0.110707, "WBT": 57.74, "USDS": 0.999582, "HYPE": 46.77, "ADA": 0.255153, "LEO": 10.1, "ZEC": 526.95, "BCH": 413.58, "XMR": 391.64, "LINK": 9.75, "CC": 0.154044, "TON": 1.96, "XLM": 0.151564, "USD1": 0.999823, "DAI": 0.999536, "USDE": 0.999747, "LTC": 56.03, "SUI": 1.073, "M": 3.19, "AVAX": 9.31, "HBAR": 0.091054, "RAIN": 0.00750659, "PYUSD": 0.999562, "SHIB": 5.81e-06, "CRO": 0.071376, "USDG": 0.99964, "USYC": 1.12, "BUIDL": 1.0, "XAUT": 4526.6, "TAO": 269.38, "UNI": 3.58, "DOT": 1.28, "PAXG": 4527.68, "MNT": 0.643534, "NEAR": 1.53, "WLFI": 0.060621, "USDY": 1.13, "HTX": 1.97e-06, "USDF": 0.998429, "OKB": 83.51, "ONDO": 0.355393, "ASTER": 0.66412, "PI": 0.160481, "SKY": 0.070308, "PEPE": 3.76e-06, "RLUSD": 1.0, "USDD": 0.99959, "ICP": 2.61, "ETC": 9.0, "BGB": 1.99, "AAVE": 90.59, "BFUSD": 0.9989, "QNT": 78.44, "MORPHO": 1.77, "KCS": 8.08, "USDTB": 0.999208, "JTRSY": 1.1, "ATOM": 2.06, "U": 0.999542, "EUTBL": 1.22, "USTB": 11.08, "POL": 0.092267, "ALGO": 0.109228, "ENA": 0.107036, "BCAP": 105.87, "RENDER": 1.84, "KAS": 0.0341749, "NEXO": 0.879162, "WLD": 0.242017, "STABLE": 0.0357932, "FLR": 0.00920252, "APT": 0.946118, "GT": 7.19, "JST": 0.088987, "FIL": 0.967502, "ARB": 0.119099, "VVV": 14.9, "JUP": 0.198944, "XDC": 0.03159128, "PUMP": 0.00176676, "DEXE": 13.34, "BDX": 0.078849, "HASH": 0.0114554, "VET": 0.00678745, "GHO": 0.99934, "USD0": 0.998175, "OUSG": 115.25, "BONK": 6.21e-06, "PENGU": 0.00857473, "NIGHT": 0.03203096, "YLDS": 0.999714}}