{"timestamp": 1782572951, "base": "USD", "data": {"BTC": 60568, "ETH": 1595.06, "USDT": 0.998495, "BNB": 564.31, "USDC": 0.999819, "XRP": 1.068, "SOL": 72.64, "TRX": 0.320281, "FIGR_HELOC": 1.028, "HYPE": 63.91, "DOGE": 0.075849, "RAIN": 0.01564278, "USDS": 0.999374, "LEO": 9.37, "ZEC": 409.35, "XLM": 0.176598, "XMR": 315.44, "CC": 0.151206, "WBT": 48.38, "LINK": 7.41, "ADA": 0.148367, "LAB": 15.31, "USD1": 0.998846, "DAI": 0.999521, "USDE": 0.998036, "GRAM": 1.57, "BCH": 198.79, "LTC": 42.86, "HBAR": 0.07291, "USYC": 1.13, "USDG": 0.999929, "AVAX": 6.61, "SUI": 0.705717, "PYUSD": 0.999692, "CRO": 0.05534, "SHIB": 4.27e-06, "XAUT": 4067.36, "NEAR": 1.88, "BUIDL": 1.0, "USDY": 1.14, "TAO": 213.92, "WLFI": 0.058235, "PAXG": 4072.35, "UNI": 2.95, "ASTER": 0.629124, "OKB": 78.9, "WLD": 0.466756, "RLUSD": 1.0, "ONDO": 0.318365, "HTX": 1.67e-06, "MNT": 0.4491, "AAVE": 97.07, "DOT": 0.844702, "USDF": 0.993185, "PI": 0.128631, "USDD": 0.998628, "BFUSD": 0.998241, "ICP": 2.18, "MORPHO": 1.8, "BGB": 1.64, "SKY": 0.0487437, "ETC": 7.24, "PEPE": 2.44e-06, "U": 0.999599, "DEXE": 21.67, "M": 0.767165, "BCAP": 107.03, "QNT": 66.57, "EUTBL": 1.2, "KCS": 6.84, "STABLE": 0.03796889, "JTRSY": 1.11, "USDGO": 0.999891, "RENDER": 1.59, "ATOM": 1.6, "KAS": 0.0280837, "ALGO": 0.086362, "USTB": 11.13, "POL": 0.071701, "BEAT": 2.63, "JUP": 0.226056, "USDTB": 0.999604, "NEXO": 0.735922, "ENA": 0.078573, "JST": 0.085373, "\u5e01\u5b89\u4eba\u751f": 0.724888, "GT": 6.55, "JAAA": 1.039, "BDX": 0.083522, "VVV": 13.58, "ADI": 4.94, "EURSAFO": 1.15, "GHO": 0.997785, "FIL": 0.746213, "FLR": 0.00677257, "VELVET": 1.35, "YLDS": 0.999935, "XDC": 0.02802914, "PUMP": 0.00136793, "USD0": 0.998613}}