{"timestamp": 1780608308, "base": "USD", "data": {"BTC": 63510, "ETH": 1770.64, "USDT": 0.998954, "BNB": 603.33, "USDC": 0.999651, "XRP": 1.17, "SOL": 68.56, "TRX": 0.331658, "FIGR_HELOC": 1.001, "HYPE": 66.27, "DOGE": 0.088368, "USDS": 0.999593, "LEO": 9.87, "RAIN": 0.01416963, "ZEC": 504.17, "XMR": 372.13, "XLM": 0.205162, "ADA": 0.182933, "LINK": 8.0, "CC": 0.149858, "WBT": 46.11, "BCH": 247.21, "USD1": 0.999134, "TON": 1.71, "USDE": 0.99879, "M": 3.32, "DAI": 0.99966, "LAB": 12.36, "HBAR": 0.084875, "LTC": 45.9, "AVAX": 7.69, "SUI": 0.774094, "PYUSD": 0.999765, "NEAR": 2.27, "SHIB": 4.93e-06, "USYC": 1.13, "CRO": 0.060871, "XAUT": 4449.64, "USDG": 1.0, "BUIDL": 1.0, "USDY": 1.12, "PAXG": 4464.95, "TAO": 211.31, "WLFI": 0.061036, "MNT": 0.55632, "ONDO": 0.37162, "WLD": 0.523732, "DOT": 1.046, "RLUSD": 0.999833, "ASTER": 0.656579, "UNI": 2.65, "HTX": 1.78e-06, "OKB": 74.41, "ICP": 2.76, "USDF": 0.995107, "SKY": 0.064904, "USDD": 0.999528, "PI": 0.129011, "BFUSD": 0.998701, "BGB": 1.88, "PEPE": 2.95e-06, "MORPHO": 1.81, "ETC": 7.36, "AAVE": 71.44, "H": 0.558804, "QNT": 69.45, "USDTB": 0.998982, "EUTBL": 1.22, "DEXE": 21.22, "RENDER": 1.9, "BCAP": 107.06, "POL": 0.089404, "U": 0.9999, "USTB": 11.1, "ATOM": 1.8, "KCS": 6.8, "STABLE": 0.03933985, "ALGO": 0.101173, "JTRSY": 1.11, "ENA": 0.094751, "KAS": 0.02963464, "VVV": 16.88, "NEXO": 0.776093, "\u5e01\u5b89\u4eba\u751f": 0.712676, "FIL": 0.883025, "GT": 6.53, "JST": 0.076732, "NIGHT": 0.03800984, "APT": 0.756717, "BDX": 0.079608, "FLR": 0.0070753, "JUP": 0.181293, "XDC": 0.03007294, "GHO": 0.99913, "PUMP": 0.00165579, "ARB": 0.089091, "USD0": 0.998515, "YLDS": 0.999868, "INJ": 5.42, "SIREN": 0.73638}}