{"timestamp": 1784483481, "base": "USD", "data": {"BTC": 64551, "ETH": 1868.26, "USDT": 0.999256, "BNB": 568.2, "USDC": 0.999836, "XRP": 1.095, "SOL": 75.97, "TRX": 0.326808, "FIGR_HELOC": 1.042, "HYPE": 60.97, "DOGE": 0.072273, "USDS": 0.999867, "RAIN": 0.01443106, "ZEC": 551.8, "LEO": 9.8, "WBT": 56.29, "XLM": 0.189833, "XMR": 332.3, "LINK": 8.33, "ADA": 0.165239, "CC": 0.127737, "DAI": 0.999672, "BCH": 216.65, "USD1": 0.999127, "USDE": 0.999924, "GRAM": 1.43, "LTC": 47.45, "USDG": 1.001, "SUI": 0.747089, "USYC": 1.13, "HBAR": 0.066552, "PYUSD": 0.999757, "AVAX": 6.48, "CRO": 0.058762, "BUIDL": 1.0, "NEAR": 1.92, "XAUT": 4012.53, "SHIB": 4.14e-06, "UNI": 3.49, "USDY": 1.14, "TAO": 196.79, "WLFI": 0.057194, "PAXG": 4007.29, "ONDO": 0.346116, "OKB": 80.07, "HTX": 1.86e-06, "ASTER": 0.618943, "DEXE": 35.22, "M": 1.19, "RLUSD": 1.0, "USDD": 0.99924, "SKY": 0.062187, "USDF": 0.995196, "MNT": 0.422731, "DOT": 0.818569, "AAVE": 89.35, "BFUSD": 0.998359, "MORPHO": 2.0, "WLD": 0.358999, "PEPE": 2.83e-06, "ICP": 2.14, "BGB": 1.64, "ETC": 6.9, "U": 0.999701, "PI": 0.093529, "USDGO": 1.0, "EUTBL": 1.21, "BCAP": 106.19, "QNT": 64.26, "KCS": 6.63, "STABLE": 0.03587409, "JTRSY": 1.11, "POL": 0.080741, "EURSAFO": 1.15, "ADI": 6.39, "JST": 0.097802, "ATOM": 1.49, "KAS": 0.02804819, "RENDER": 1.48, "USTB": 11.15, "ENA": 0.079986, "NEXO": 0.755037, "ALGO": 0.082174, "BEAT": 2.37, "GT": 6.68, "JAAA": 1.041, "\u5e01\u5b89\u4eba\u751f": 0.682435, "PUMP": 0.00169443, "BDX": 0.082755, "GHO": 0.9988, "JUP": 0.192214, "ARB": 0.088789, "FIL": 0.717412, "XDC": 0.028417, "FLR": 0.0064877, "YLDS": 0.999813, "USD0": 0.998691, "LIT": 2.2, "VVV": 11.59, "USX": 0.999875}}