{"timestamp": 1777946620, "base": "USD", "data": {"BTC": 80330, "ETH": 2360.18, "USDT": 0.999795, "XRP": 1.4, "BNB": 624.56, "USDC": 0.999789, "SOL": 84.37, "TRX": 0.340616, "FIGR_HELOC": 1.029, "DOGE": 0.110947, "WBT": 59.75, "USDS": 0.999757, "HYPE": 42.15, "LEO": 10.32, "ADA": 0.250836, "BCH": 443.73, "XMR": 402.1, "ZEC": 426.46, "LINK": 9.42, "CC": 0.148852, "XLM": 0.158362, "TON": 1.76, "USD1": 0.999909, "DAI": 0.999749, "LTC": 55.03, "AVAX": 9.24, "USDE": 0.999099, "HBAR": 0.087959, "SUI": 0.933367, "SHIB": 6.22e-06, "RAIN": 0.00747254, "M": 2.67, "PYUSD": 0.999874, "CRO": 0.068687, "USYC": 1.12, "TAO": 289.18, "XAUT": 4537.13, "USDG": 0.999814, "BUIDL": 1.0, "PAXG": 4536.26, "MNT": 0.641032, "UNI": 3.3, "DOT": 1.23, "WLFI": 0.064342, "PI": 0.180956, "SKY": 0.080994, "OKB": 85.19, "USDF": 0.997281, "HTX": 1.92e-06, "ASTER": 0.673768, "PEPE": 4.02e-06, "NEAR": 1.26, "RLUSD": 0.999879, "ONDO": 0.308752, "USDD": 0.999755, "BGB": 2.06, "AAVE": 92.89, "ETC": 8.78, "USDY": 1.13, "BFUSD": 0.999196, "JTRSY": 1.1, "ICP": 2.37, "MORPHO": 2.04, "KCS": 8.47, "POL": 0.09801, "U": 1.0, "ALGO": 0.114696, "USTB": 11.07, "EUTBL": 1.23, "QNT": 67.42, "ATOM": 1.9, "BCAP": 105.77, "RENDER": 1.82, "KAS": 0.03365098, "ENA": 0.10141, "NEXO": 0.904928, "GT": 7.33, "WLD": 0.238665, "APT": 0.96826, "STABLE": 0.03460634, "JST": 0.086187, "FIL": 0.938698, "ARB": 0.117191, "PENGU": 0.01062338, "PUMP": 0.00183975, "FLR": 0.00756152, "SKYAI": 0.632794, "BDX": 0.080052, "VET": 0.00719271, "OUSG": 115.13, "JUP": 0.181108, "DASH": 47.47, "GHO": 0.999598, "USDTB": 0.999836, "XDC": 0.02900956, "USD0": 0.998269, "BONK": 6.31e-06, "HASH": 0.01050228, "SIREN": 0.758405, "LUNC": 9.853e-05}}