{"timestamp": 1784293694, "base": "USD", "data": {"BTC": 62900, "ETH": 1822.86, "USDT": 0.999094, "BNB": 558.78, "USDC": 0.999898, "XRP": 1.075, "SOL": 74.14, "TRX": 0.322436, "FIGR_HELOC": 1.02, "HYPE": 59.63, "DOGE": 0.071565, "USDS": 0.999805, "RAIN": 0.01415046, "LEO": 9.8, "ZEC": 527.95, "WBT": 55.0, "XLM": 0.182744, "LINK": 8.13, "XMR": 323.39, "ADA": 0.159351, "CC": 0.128567, "DAI": 0.999799, "BCH": 218.19, "USD1": 0.999227, "GRAM": 1.53, "USDE": 0.999741, "LTC": 44.25, "USDG": 1.004, "USYC": 1.13, "SUI": 0.727374, "HBAR": 0.065705, "PYUSD": 0.999765, "AVAX": 6.43, "CRO": 0.058126, "BUIDL": 1.0, "NEAR": 1.9, "XAUT": 3968.5, "SHIB": 4.1e-06, "UNI": 3.47, "USDY": 1.14, "TAO": 191.07, "ONDO": 0.37188, "WLFI": 0.056899, "PAXG": 3965.09, "DEXE": 36.01, "OKB": 80.07, "ASTER": 0.615869, "HTX": 1.81e-06, "M": 1.22, "RLUSD": 1.0, "USDD": 0.999018, "MNT": 0.437784, "DOT": 0.844273, "USDF": 0.996857, "SKY": 0.059439, "AAVE": 90.27, "WLD": 0.378017, "BFUSD": 0.998158, "ICP": 2.12, "BGB": 1.63, "PEPE": 2.69e-06, "ETC": 6.94, "U": 1.0, "USDGO": 1.0, "EUTBL": 1.21, "MORPHO": 2.01, "BCAP": 106.19, "QNT": 66.29, "KCS": 6.62, "POL": 0.083985, "PI": 0.081409, "JTRSY": 1.11, "STABLE": 0.03537486, "ADI": 6.85, "EURSAFO": 1.15, "JST": 0.098652, "ATOM": 1.49, "BEAT": 2.49, "USTB": 11.15, "KAS": 0.02780648, "ENA": 0.079816, "RENDER": 1.46, "NEXO": 0.7496, "ALGO": 0.082649, "\u5e01\u5b89\u4eba\u751f": 0.713225, "GT": 6.64, "JAAA": 1.041, "BDX": 0.086542, "PUMP": 0.00162569, "JUP": 0.192442, "FIL": 0.763878, "GHO": 0.99878, "FLR": 0.00650958, "ARB": 0.08828, "XDC": 0.02801148, "USD0": 0.99875, "YLDS": 0.999842, "LIT": 2.17, "USX": 0.999952, "APT": 0.597978}}