{"timestamp": 1780455346, "base": "USD", "data": {"BTC": 66632, "ETH": 1852.26, "USDT": 0.998695, "BNB": 644.82, "USDC": 0.999651, "XRP": 1.22, "SOL": 74.3, "TRX": 0.332152, "FIGR_HELOC": 1.035, "HYPE": 69.99, "DOGE": 0.092594, "USDS": 0.999791, "ZEC": 625.09, "LEO": 10.07, "RAIN": 0.01379135, "ADA": 0.211912, "XLM": 0.221592, "XMR": 334.66, "LINK": 8.36, "CC": 0.149147, "WBT": 48.69, "TON": 2.0, "BCH": 261.71, "USD1": 0.998166, "LAB": 14.39, "USDE": 0.999061, "DAI": 0.999819, "M": 3.26, "HBAR": 0.0863, "LTC": 47.63, "AVAX": 8.17, "NEAR": 2.69, "SUI": 0.809913, "SHIB": 5.23e-06, "PYUSD": 1.0, "USYC": 1.13, "CRO": 0.06271, "XAUT": 4450.92, "USDG": 0.999896, "BUIDL": 1.0, "TAO": 226.46, "USDY": 1.14, "PAXG": 4467.84, "MNT": 0.602615, "WLFI": 0.059676, "ONDO": 0.384872, "DOT": 1.083, "RLUSD": 0.999891, "OKB": 84.16, "UNI": 2.81, "ASTER": 0.676495, "ICP": 3.1, "USDF": 0.994376, "HTX": 1.76e-06, "SKY": 0.066652, "PI": 0.138606, "USDD": 0.997628, "BGB": 1.93, "WLD": 0.391687, "BFUSD": 0.998301, "PEPE": 3.12e-06, "MORPHO": 1.96, "H": 0.669352, "ETC": 7.76, "AAVE": 74.13, "RENDER": 2.16, "QNT": 74.13, "DEXE": 22.12, "KCS": 7.52, "USDTB": 0.999591, "EUTBL": 1.22, "ALGO": 0.111439, "BCAP": 107.16, "POL": 0.090457, "ATOM": 1.84, "USTB": 11.1, "U": 0.999501, "VVV": 19.42, "JTRSY": 1.11, "STABLE": 0.03588465, "ENA": 0.091283, "JST": 0.093933, "NEXO": 0.799903, "KAS": 0.02892682, "GT": 6.77, "FIL": 0.875816, "APT": 0.829468, "\u5e01\u5b89\u4eba\u751f": 0.667753, "JUP": 0.19828, "INJ": 6.35, "NIGHT": 0.03796681, "XDC": 0.03120528, "FLR": 0.00719096, "BDX": 0.07814, "PUMP": 0.00166732, "GHO": 0.999308, "ARB": 0.091505, "FET": 0.249653, "USD0": 0.998524, "HASH": 0.01000712}}