{"timestamp": 1782441298, "base": "USD", "data": {"BTC": 58792, "USDT": 0.998512, "ETH": 1535.37, "BNB": 553.91, "USDC": 0.999682, "XRP": 1.019, "SOL": 66.46, "TRX": 0.322069, "FIGR_HELOC": 1.033, "HYPE": 62.02, "DOGE": 0.073056, "USDS": 0.999498, "RAIN": 0.01567636, "LEO": 9.33, "ZEC": 405.46, "XLM": 0.172359, "CC": 0.147761, "XMR": 303.6, "LAB": 18.13, "WBT": 47.57, "LINK": 7.08, "ADA": 0.140323, "USD1": 0.998638, "DAI": 0.999484, "USDE": 0.998149, "GRAM": 1.55, "BCH": 186.79, "USYC": 1.13, "HBAR": 0.071989, "LTC": 40.36, "USDG": 0.999641, "PYUSD": 0.999958, "SUI": 0.666101, "AVAX": 6.03, "CRO": 0.053841, "XAUT": 3995.9, "SHIB": 4.13e-06, "BUIDL": 1.0, "NEAR": 1.78, "USDY": 1.14, "TAO": 207.92, "WLFI": 0.05744, "PAXG": 3999.0, "UNI": 2.81, "ASTER": 0.618509, "WLD": 0.461749, "RLUSD": 1.0, "OKB": 74.24, "HTX": 1.67e-06, "ONDO": 0.303489, "USDF": 0.993313, "MNT": 0.425499, "USDD": 0.996041, "PI": 0.127725, "DOT": 0.815456, "BFUSD": 0.99811, "AAVE": 82.04, "SKY": 0.051053, "ICP": 2.11, "BGB": 1.63, "M": 0.834979, "DEXE": 23.25, "ETC": 6.88, "MORPHO": 1.64, "U": 0.9997, "BCAP": 107.03, "PEPE": 2.29e-06, "QNT": 63.7, "USDTB": 0.999535, "EUTBL": 1.2, "KCS": 6.68, "STABLE": 0.03643866, "JTRSY": 1.11, "ATOM": 1.59, "USTB": 11.13, "RENDER": 1.47, "POL": 0.071021, "KAS": 0.02728172, "ENA": 0.08031, "ALGO": 0.08246, "JUP": 0.214428, "NEXO": 0.709447, "\u5e01\u5b89\u4eba\u751f": 0.705817, "BDX": 0.090893, "JST": 0.080656, "GT": 6.45, "JAAA": 1.039, "BEAT": 2.23, "VVV": 13.37, "GHO": 0.998112, "EURSAFO": 1.14, "FLR": 0.00669048, "ADI": 4.5, "FIL": 0.712424, "YLDS": 0.999818, "XDC": 0.02815302, "USD0": 0.998738, "USX": 0.999287, "NIGHT": 0.03040069, "HASH": 0.0091866}}