{"timestamp": 1780800257, "base": "USD", "data": {"BTC": 61261, "ETH": 1585.49, "USDT": 0.999566, "BNB": 578.0, "USDC": 0.999691, "XRP": 1.11, "SOL": 63.23, "TRX": 0.3235, "FIGR_HELOC": 1.033, "HYPE": 57.69, "DOGE": 0.083092, "USDS": 0.999716, "LEO": 9.43, "RAIN": 0.01306137, "XLM": 0.21162, "CC": 0.164885, "ZEC": 375.59, "ADA": 0.160264, "XMR": 293.84, "LINK": 7.53, "WBT": 43.66, "LAB": 15.05, "TON": 1.73, "USD1": 0.999031, "USDE": 0.999358, "BCH": 217.97, "DAI": 0.99996, "M": 3.23, "HBAR": 0.081042, "LTC": 41.57, "SUI": 0.749761, "AVAX": 6.74, "PYUSD": 0.999808, "USYC": 1.13, "SHIB": 4.62e-06, "XAUT": 4298.22, "CRO": 0.058521, "USDG": 1.0, "NEAR": 1.9, "BUIDL": 1.0, "USDY": 1.13, "PAXG": 4305.63, "TAO": 201.62, "WLFI": 0.056215, "MNT": 0.519449, "RLUSD": 0.999876, "ONDO": 0.333199, "ASTER": 0.625528, "DOT": 0.951776, "HTX": 1.75e-06, "UNI": 2.51, "WLD": 0.446803, "OKB": 70.16, "USDF": 0.996252, "USDD": 0.999724, "PI": 0.127203, "BFUSD": 0.9991, "ICP": 2.33, "SKY": 0.055299, "BGB": 1.84, "H": 0.658875, "PEPE": 2.72e-06, "MORPHO": 1.68, "ETC": 6.9, "USDTB": 0.999914, "U": 0.999999, "QNT": 67.85, "EUTBL": 1.21, "BCAP": 107.06, "USTB": 11.1, "DEXE": 20.57, "AAVE": 62.1, "JTRSY": 1.11, "ENA": 0.092268, "ATOM": 1.66, "RENDER": 1.63, "KCS": 6.24, "POL": 0.078587, "\u5e01\u5b89\u4eba\u751f": 0.835709, "ALGO": 0.093502, "KAS": 0.0301088, "STABLE": 0.03378822, "NEXO": 0.75181, "VVV": 16.01, "JST": 0.084194, "BEAT": 2.33, "GT": 6.2, "SIREN": 0.863069, "BDX": 0.078447, "XDC": 0.02990135, "FIL": 0.744983, "GHO": 0.999382, "FLR": 0.00682671, "USD0": 0.998499, "APT": 0.669669, "YLDS": 0.999611, "INJ": 5.25, "NIGHT": 0.03102577, "A7A5": 0.01307846, "JUP": 0.154334}}