{"timestamp": 1783821308, "base": "USD", "data": {"BTC": 64089, "ETH": 1806.03, "USDT": 0.999338, "BNB": 573.66, "USDC": 0.999821, "XRP": 1.097, "SOL": 76.75, "TRX": 0.329497, "FIGR_HELOC": 1.041, "HYPE": 67.27, "DOGE": 0.073272, "USDS": 0.999776, "RAIN": 0.01476038, "LEO": 9.58, "ZEC": 512.0, "WBT": 56.12, "XLM": 0.185933, "ADA": 0.165239, "XMR": 323.91, "LINK": 7.96, "CC": 0.135044, "BCH": 246.13, "DAI": 0.999706, "GRAM": 1.65, "USD1": 0.999199, "USDE": 0.99992, "LTC": 44.72, "USDG": 0.999692, "USYC": 1.13, "HBAR": 0.068243, "SUI": 0.729366, "BUIDL": 1.0, "PYUSD": 0.999757, "AVAX": 6.5, "CRO": 0.055916, "SHIB": 4.3e-06, "XAUT": 4096.42, "NEAR": 1.89, "UNI": 3.66, "USDY": 1.14, "TAO": 208.44, "WLFI": 0.058071, "PAXG": 4099.28, "DEXE": 38.17, "M": 1.28, "OKB": 80.29, "HTX": 1.84e-06, "ASTER": 0.6216, "ONDO": 0.325946, "USDD": 0.999163, "RLUSD": 1.0, "AAVE": 98.88, "DOT": 0.856777, "USDF": 0.996988, "SKY": 0.060755, "WLD": 0.401173, "MNT": 0.42079, "MORPHO": 2.1, "BFUSD": 0.998889, "ICP": 2.27, "PEPE": 2.72e-06, "BGB": 1.64, "ETC": 6.91, "PI": 0.097674, "U": 0.999889, "EUTBL": 1.2, "BCAP": 106.63, "KCS": 7.03, "QNT": 66.06, "USDGO": 1.0, "STABLE": 0.03598438, "JTRSY": 1.11, "JST": 0.100722, "POL": 0.079439, "ATOM": 1.58, "ADI": 6.53, "KAS": 0.02930456, "RENDER": 1.54, "USTB": 11.14, "EURSAFO": 1.15, "ENA": 0.080367, "ALGO": 0.08443, "NEXO": 0.747973, "USDTB": 1.0, "GT": 6.69, "BDX": 0.089988, "\u5e01\u5b89\u4eba\u751f": 0.68895, "BEAT": 2.22, "JAAA": 1.041, "JUP": 0.201611, "LIT": 2.66, "FIL": 0.779873, "ARB": 0.095923, "GHO": 0.998502, "FLR": 0.00662135, "PUMP": 0.00139998, "USD0": 0.998653, "XDC": 0.02704657, "YLDS": 0.999799, "APT": 0.626536}}