{"timestamp": 1783187847, "base": "USD", "data": {"BTC": 63284, "ETH": 1799.76, "USDT": 0.999208, "BNB": 577.6, "XRP": 1.18, "USDC": 0.999799, "SOL": 82.58, "TRX": 0.325578, "FIGR_HELOC": 1.009, "HYPE": 70.58, "DOGE": 0.079009, "RAIN": 0.01546287, "USDS": 0.999742, "LEO": 9.14, "ZEC": 468.51, "ADA": 0.197317, "XLM": 0.212739, "WBT": 57.16, "XMR": 327.29, "LINK": 8.13, "CC": 0.139303, "GRAM": 1.81, "BCH": 232.62, "DAI": 0.99966, "USD1": 0.998747, "LAB": 14.3, "USDE": 0.998704, "LTC": 45.54, "HBAR": 0.075092, "SUI": 0.780048, "USYC": 1.13, "AVAX": 7.08, "USDG": 0.99991, "PYUSD": 0.999856, "CRO": 0.061291, "NEAR": 2.03, "SHIB": 4.47e-06, "XAUT": 4163.6, "BUIDL": 1.0, "USDY": 1.14, "TAO": 218.38, "UNI": 3.26, "M": 1.48, "PAXG": 4167.43, "WLFI": 0.056843, "ASTER": 0.650857, "OKB": 81.35, "ONDO": 0.345827, "RLUSD": 0.99964, "WLD": 0.43924, "HTX": 1.7e-06, "DOT": 0.895395, "MNT": 0.455459, "USDF": 0.996426, "USDD": 0.998529, "AAVE": 89.76, "SKY": 0.057607, "BFUSD": 0.9986, "PI": 0.116373, "ICP": 2.28, "MORPHO": 1.95, "BGB": 1.73, "PEPE": 2.78e-06, "ETC": 7.35, "DEXE": 23.48, "U": 0.9999, "QNT": 68.99, "KCS": 7.19, "EUTBL": 1.21, "BCAP": 106.97, "BEAT": 2.99, "USDGO": 0.999917, "JTRSY": 1.11, "USTB": 11.13, "KAS": 0.03110074, "RENDER": 1.62, "ATOM": 1.6, "STABLE": 0.03413682, "ALGO": 0.091646, "POL": 0.074399, "JUP": 0.237673, "NEXO": 0.779421, "\u5e01\u5b89\u4eba\u751f": 0.772584, "JST": 0.089938, "ENA": 0.080905, "USDTB": 1.0, "GT": 6.75, "ADI": 5.73, "BDX": 0.088954, "EURSAFO": 1.15, "JAAA": 1.04, "PUMP": 0.00160879, "FIL": 0.813623, "FLR": 0.00711011, "GHO": 0.998291, "VVV": 12.39, "AERO": 0.598677, "XDC": 0.02884135, "NIGHT": 0.03462152, "LIT": 2.22}}