{"timestamp": 1783205385, "base": "USD", "data": {"BTC": 63119, "ETH": 1782.02, "USDT": 0.999194, "BNB": 576.26, "USDC": 0.999881, "XRP": 1.16, "SOL": 81.8, "TRX": 0.325701, "FIGR_HELOC": 1.009, "HYPE": 69.84, "DOGE": 0.077846, "RAIN": 0.0153783, "USDS": 0.999758, "LEO": 9.16, "ZEC": 465.71, "ADA": 0.191734, "XLM": 0.206734, "WBT": 57.07, "XMR": 328.36, "LINK": 8.01, "CC": 0.139845, "GRAM": 1.8, "LAB": 15.1, "BCH": 234.56, "DAI": 0.999835, "USD1": 0.99932, "USDE": 0.998636, "LTC": 44.96, "HBAR": 0.076236, "SUI": 0.767472, "USYC": 1.13, "USDG": 1.0, "AVAX": 6.98, "PYUSD": 1.0, "CRO": 0.060375, "SHIB": 4.46e-06, "NEAR": 2.0, "XAUT": 4160.44, "BUIDL": 1.0, "USDY": 1.14, "TAO": 217.02, "UNI": 3.21, "PAXG": 4163.75, "M": 1.39, "WLFI": 0.057354, "ASTER": 0.645358, "OKB": 80.74, "ONDO": 0.336763, "RLUSD": 0.999805, "HTX": 1.7e-06, "DOT": 0.885671, "MNT": 0.451977, "WLD": 0.423125, "USDF": 0.996202, "USDD": 1.0, "AAVE": 88.74, "BFUSD": 0.99878, "SKY": 0.056435, "PI": 0.117127, "MORPHO": 1.95, "ICP": 2.25, "BGB": 1.72, "PEPE": 2.73e-06, "ETC": 7.28, "DEXE": 23.26, "U": 1.0, "QNT": 68.34, "EUTBL": 1.21, "KCS": 7.17, "BCAP": 106.97, "BEAT": 2.88, "USDGO": 0.999904, "JTRSY": 1.11, "USTB": 11.13, "KAS": 0.03140146, "RENDER": 1.61, "ATOM": 1.6, "STABLE": 0.0341104, "ALGO": 0.090545, "\u5e01\u5b89\u4eba\u751f": 0.799698, "POL": 0.073694, "JUP": 0.236069, "NEXO": 0.781011, "JST": 0.090266, "ENA": 0.078735, "ADI": 5.81, "USDTB": 1.001, "GT": 6.77, "BDX": 0.088577, "EURSAFO": 1.15, "JAAA": 1.04, "FIL": 0.798714, "PUMP": 0.00156262, "FLR": 0.00707363, "GHO": 0.998316, "VVV": 12.28, "XDC": 0.02880186, "NIGHT": 0.03412403, "LIT": 2.26, "AERO": 0.581083}}