{"timestamp": 1784804495, "base": "USD", "data": {"BTC": 65690, "ETH": 1927.34, "USDT": 0.99954, "BNB": 569.68, "USDC": 0.999809, "XRP": 1.13, "SOL": 77.69, "TRX": 0.328112, "FIGR_HELOC": 1.002, "WBT": 57.36, "HYPE": 59.1, "DOGE": 0.072365, "RAIN": 0.01439538, "USDS": 0.999995, "LEO": 9.73, "ZEC": 514.55, "XMR": 352.99, "ADA": 0.174585, "LINK": 8.62, "XLM": 0.184875, "CC": 0.120517, "DAI": 0.999992, "BCH": 216.14, "USD1": 0.999108, "GRAM": 1.51, "USDE": 0.999808, "LTC": 46.76, "USDG": 1.0, "HBAR": 0.073778, "SUI": 0.768714, "USYC": 1.13, "AVAX": 6.58, "CRO": 0.058792, "PYUSD": 0.999817, "BUIDL": 1.0, "XAUT": 4087.65, "SHIB": 4.23e-06, "NEAR": 1.89, "UNI": 3.83, "USDY": 1.14, "WLFI": 0.063827, "ONDO": 0.403884, "TAO": 195.67, "PAXG": 4086.33, "OKB": 84.88, "ASTER": 0.623066, "HTX": 1.85e-06, "RLUSD": 1.0, "USDD": 0.999424, "M": 1.15, "AAVE": 97.01, "SKY": 0.06131, "USDF": 0.996163, "DOT": 0.821254, "MNT": 0.417441, "WLD": 0.382062, "BFUSD": 0.998497, "MORPHO": 1.98, "ICP": 2.19, "PEPE": 2.85e-06, "BGB": 1.68, "ETC": 6.95, "U": 0.999797, "USDGO": 1.0, "STABLE": 0.04164204, "PI": 0.091185, "BCAP": 106.2, "QNT": 63.86, "KCS": 6.69, "ENA": 0.091453, "BEAT": 2.82, "JTRSY": 1.11, "POL": 0.078775, "JST": 0.102007, "USTB": 11.15, "RENDER": 1.51, "KAS": 0.02814799, "PUMP": 0.00191219, "ATOM": 1.46, "ALGO": 0.083095, "NEXO": 0.744176, "GT": 6.68, "JAAA": 1.042, "BDX": 0.082369, "GHO": 0.998702, "\u5e01\u5b89\u4eba\u751f": 0.64621, "JUP": 0.193315, "FIL": 0.739711, "ARB": 0.088801, "VVV": 12.32, "YLDS": 0.999655, "FLR": 0.00657234, "XDC": 0.0283671, "LIT": 2.22, "USD0": 0.999496, "EUTBL": 1.23, "USX": 0.999598, "APT": 0.617889, "INJ": 5.19, "HASH": 0.00888341}}