{"timestamp": 1782118282, "base": "USD", "data": {"BTC": 64105, "ETH": 1746.46, "USDT": 0.998788, "BNB": 592.64, "USDC": 0.999671, "XRP": 1.13, "SOL": 73.86, "TRX": 0.330098, "FIGR_HELOC": 1.034, "HYPE": 67.4, "DOGE": 0.083499, "USDS": 0.999731, "RAIN": 0.01440772, "LEO": 9.58, "ZEC": 452.26, "XLM": 0.211126, "WBT": 52.6, "XMR": 321.91, "ADA": 0.161062, "LINK": 7.99, "CC": 0.149932, "USD1": 0.998959, "LAB": 14.96, "USDE": 0.99869, "GRAM": 1.66, "DAI": 0.999712, "BCH": 199.87, "M": 2.93, "LTC": 44.96, "HBAR": 0.079231, "USYC": 1.13, "SUI": 0.710925, "USDG": 0.99998, "NEAR": 2.16, "SHIB": 4.67e-06, "PYUSD": 0.999944, "CRO": 0.058998, "AVAX": 6.25, "XAUT": 4176.81, "BUIDL": 1.0, "TAO": 232.03, "WLD": 0.636959, "USDY": 1.12, "PAXG": 4184.57, "WLFI": 0.05919, "UNI": 3.01, "MNT": 0.535225, "ASTER": 0.634437, "ONDO": 0.336679, "RLUSD": 0.999692, "DOT": 0.962415, "OKB": 76.3, "HTX": 1.73e-06, "PI": 0.135395, "USDF": 0.994776, "SKY": 0.058871, "USDD": 0.999139, "BFUSD": 0.998499, "ICP": 2.26, "BGB": 1.76, "PEPE": 2.84e-06, "MORPHO": 1.82, "AAVE": 75.65, "ETC": 7.32, "QNT": 70.91, "U": 0.999534, "USTB": 11.12, "KCS": 7.41, "BCAP": 107.07, "EUTBL": 1.21, "ATOM": 1.8, "USDTB": 0.999779, "ENA": 0.095435, "RENDER": 1.68, "JTRSY": 1.11, "POL": 0.079424, "KAS": 0.02957598, "STABLE": 0.03394054, "ALGO": 0.089647, "NEXO": 0.788651, "JAAA": 1.039, "VVV": 15.6, "DEXE": 15.64, "GT": 6.73, "JST": 0.083242, "JUP": 0.212022, "\u5e01\u5b89\u4eba\u751f": 0.694823, "FLR": 0.00740735, "FIL": 0.805785, "BDX": 0.080735, "GHO": 0.998275, "XDC": 0.02933986, "YLDS": 0.999703, "EURSAFO": 1.15, "APT": 0.67001, "USD0": 0.998999, "NIGHT": 0.03316793, "ARB": 0.085105, "ADI": 4.23, "PUMP": 0.00150607}}