{"timestamp": 1783180936, "base": "USD", "data": {"BTC": 62865, "ETH": 1788.57, "USDT": 0.999221, "BNB": 576.04, "USDC": 0.999837, "XRP": 1.17, "SOL": 82.16, "TRX": 0.325487, "FIGR_HELOC": 1.009, "HYPE": 70.57, "DOGE": 0.078456, "RAIN": 0.01549036, "USDS": 0.999713, "LEO": 9.15, "ZEC": 464.97, "XLM": 0.210813, "ADA": 0.190726, "WBT": 56.94, "XMR": 329.0, "LINK": 8.08, "CC": 0.138957, "GRAM": 1.8, "LAB": 15.33, "BCH": 231.57, "DAI": 0.999695, "USD1": 0.999028, "USDE": 0.998799, "LTC": 45.13, "HBAR": 0.074708, "SUI": 0.771636, "USYC": 1.13, "USDG": 1.0, "AVAX": 6.98, "PYUSD": 1.0, "CRO": 0.061164, "NEAR": 2.03, "SHIB": 4.47e-06, "XAUT": 4159.95, "BUIDL": 1.0, "USDY": 1.14, "M": 1.57, "TAO": 214.89, "UNI": 3.26, "PAXG": 4165.59, "WLFI": 0.056606, "ASTER": 0.64809, "OKB": 81.53, "ONDO": 0.335357, "RLUSD": 0.999941, "HTX": 1.7e-06, "WLD": 0.436137, "DOT": 0.88695, "MNT": 0.452538, "USDF": 0.996298, "USDD": 1.0, "AAVE": 89.5, "SKY": 0.058234, "BFUSD": 0.998698, "PI": 0.116571, "MORPHO": 1.94, "ICP": 2.26, "BGB": 1.73, "PEPE": 2.75e-06, "ETC": 7.35, "DEXE": 23.5, "U": 1.0, "QNT": 68.93, "EUTBL": 1.21, "KCS": 7.15, "BCAP": 106.97, "BEAT": 3.02, "USDGO": 1.0, "JTRSY": 1.11, "USTB": 11.13, "KAS": 0.03118846, "RENDER": 1.61, "STABLE": 0.0343984, "ATOM": 1.6, "ALGO": 0.090726, "POL": 0.074083, "JUP": 0.237054, "NEXO": 0.777228, "JST": 0.089728, "\u5e01\u5b89\u4eba\u751f": 0.764472, "ENA": 0.081027, "USDTB": 1.001, "GT": 6.75, "ADI": 5.73, "BDX": 0.088741, "EURSAFO": 1.15, "JAAA": 1.04, "FIL": 0.80727, "PUMP": 0.00156777, "FLR": 0.00708148, "GHO": 0.998253, "VVV": 12.32, "XDC": 0.02879158, "NIGHT": 0.03407045, "AERO": 0.584791, "LIT": 2.21}}