{"timestamp": 1778400218, "base": "USD", "data": {"BTC": 80712, "ETH": 2326.68, "USDT": 0.999801, "XRP": 1.42, "BNB": 648.15, "USDC": 0.999832, "SOL": 93.43, "TRX": 0.349637, "FIGR_HELOC": 1.029, "DOGE": 0.108494, "WBT": 59.55, "USDS": 0.999715, "HYPE": 43.05, "ZEC": 609.01, "ADA": 0.270639, "LEO": 10.3, "BCH": 452.73, "LINK": 10.42, "XMR": 406.85, "TON": 2.44, "CC": 0.15267, "XLM": 0.162113, "LTC": 58.32, "USD1": 0.999204, "DAI": 0.999627, "M": 3.36, "SUI": 1.092, "AVAX": 9.93, "HBAR": 0.094075, "USDE": 0.999641, "SHIB": 6.43e-06, "RAIN": 0.00748786, "PYUSD": 0.999817, "CRO": 0.071417, "TAO": 313.09, "USYC": 1.12, "XAUT": 4708.58, "USDG": 0.999897, "UNI": 4.0, "BUIDL": 1.0, "DOT": 1.35, "MNT": 0.683028, "PAXG": 4710.17, "WLFI": 0.067681, "NEAR": 1.56, "ONDO": 0.406843, "ICP": 3.43, "OKB": 88.04, "SKY": 0.079384, "PI": 0.173056, "ASTER": 0.700195, "PEPE": 4.24e-06, "USDF": 0.997557, "HTX": 1.97e-06, "RLUSD": 0.999983, "ETC": 9.67, "BGB": 2.13, "AAVE": 97.29, "USDD": 0.999997, "MORPHO": 2.13, "USDY": 1.12, "BFUSD": 0.999198, "JTRSY": 1.1, "ENA": 0.129521, "ALGO": 0.128632, "KCS": 8.44, "POL": 0.102281, "QNT": 73.01, "RENDER": 2.01, "U": 0.999972, "KAS": 0.03677948, "EUTBL": 1.24, "USTB": 11.08, "ATOM": 1.93, "BCAP": 105.77, "FIL": 1.18, "NEXO": 0.912804, "WLD": 0.269641, "APT": 1.098, "SIREN": 1.2, "ARB": 0.140826, "GT": 7.49, "JUP": 0.247996, "PUMP": 0.00216004, "STABLE": 0.03399701, "FLR": 0.00842915, "JST": 0.084306, "VVV": 15.11, "VET": 0.00774578, "PENGU": 0.01052721, "BONK": 7.2e-06, "USDTB": 0.999256, "DASH": 49.01, "BDX": 0.079691, "OUSG": 115.18, "XDC": 0.03014892, "VIRTUAL": 0.899327, "GHO": 0.999708, "TRUMP": 2.45, "DEXE": 12.0}}