{"timestamp": 1778224700, "base": "USD", "data": {"BTC": 79324, "ETH": 2269.91, "USDT": 0.999808, "BNB": 635.71, "XRP": 1.38, "USDC": 0.999863, "SOL": 87.81, "TRX": 0.350232, "FIGR_HELOC": 1.003, "DOGE": 0.106238, "WBT": 58.45, "USDS": 0.99983, "HYPE": 42.28, "ADA": 0.261042, "ZEC": 572.36, "LEO": 10.37, "BCH": 449.3, "XMR": 397.75, "TON": 2.71, "LINK": 9.82, "CC": 0.145176, "XLM": 0.157751, "M": 3.83, "USD1": 0.999301, "DAI": 0.999547, "LTC": 56.3, "AVAX": 9.46, "USDE": 0.999328, "HBAR": 0.089813, "SUI": 0.960262, "SHIB": 6.26e-06, "RAIN": 0.00749263, "PYUSD": 0.99986, "CRO": 0.06932, "USYC": 1.12, "TAO": 300.13, "XAUT": 4707.32, "USDG": 0.999969, "BUIDL": 1.0, "WLFI": 0.073883, "PAXG": 4708.86, "DOT": 1.31, "MNT": 0.661929, "UNI": 3.41, "NEAR": 1.49, "SKY": 0.080314, "PI": 0.172072, "ICP": 3.23, "OKB": 85.04, "USDF": 0.998253, "HTX": 1.97e-06, "ONDO": 0.359509, "PEPE": 4.13e-06, "ASTER": 0.660947, "RLUSD": 0.999802, "BGB": 2.12, "ETC": 9.32, "USDD": 0.999089, "AAVE": 92.47, "USDY": 1.13, "BFUSD": 0.9992, "JTRSY": 1.1, "MORPHO": 2.07, "ALGO": 0.128006, "KCS": 8.23, "ENA": 0.118366, "POL": 0.099464, "QNT": 72.52, "U": 0.999554, "RENDER": 1.96, "EUTBL": 1.24, "BCAP": 105.77, "KAS": 0.03514755, "USTB": 11.07, "ATOM": 1.86, "NEXO": 0.887671, "WLD": 0.25586, "FIL": 1.095, "APT": 1.031, "GT": 7.23, "ARB": 0.127598, "SIREN": 1.058, "STABLE": 0.03285658, "JST": 0.084468, "PUMP": 0.00201168, "JUP": 0.203307, "FLR": 0.00779453, "VET": 0.00754768, "PENGU": 0.01020309, "DASH": 49.65, "USDTB": 0.99965, "VVV": 13.51, "SKYAI": 0.609194, "BDX": 0.079556, "OUSG": 115.17, "BONK": 6.81e-06, "VIRTUAL": 0.903155, "XDC": 0.0293498, "GHO": 0.999806, "DEXE": 12.06}}