{"timestamp": 1778837999, "base": "USD", "data": {"BTC": 80514, "ETH": 2256.62, "USDT": 0.999715, "BNB": 682.5, "XRP": 1.47, "USDC": 0.999741, "SOL": 91.23, "TRX": 0.352098, "FIGR_HELOC": 1.033, "DOGE": 0.114569, "WBT": 59.09, "USDS": 0.999718, "HYPE": 45.46, "ADA": 0.266864, "LEO": 10.23, "ZEC": 533.77, "BCH": 430.98, "LINK": 10.29, "XMR": 394.13, "CC": 0.161008, "TON": 2.09, "XLM": 0.158903, "SUI": 1.14, "LTC": 58.25, "USD1": 0.999927, "DAI": 0.99964, "M": 3.24, "USDE": 1.0, "AVAX": 9.76, "HBAR": 0.093579, "SHIB": 6.27e-06, "RAIN": 0.0074565, "PYUSD": 0.999846, "USDG": 0.999549, "CRO": 0.075135, "USYC": 1.12, "TAO": 299.08, "XAUT": 4554.01, "BUIDL": 1.0, "UNI": 3.7, "MNT": 0.682377, "DOT": 1.33, "WLFI": 0.067531, "PAXG": 4551.57, "NEAR": 1.55, "USDY": 1.13, "ONDO": 0.378157, "OKB": 86.72, "PI": 0.169699, "USDF": 0.998262, "HTX": 1.96e-06, "ASTER": 0.670936, "SKY": 0.07305, "PEPE": 4.02e-06, "RLUSD": 0.999803, "ICP": 2.68, "USDD": 0.999793, "ETC": 9.33, "AAVE": 96.22, "BGB": 2.07, "BFUSD": 0.999101, "MORPHO": 1.95, "QNT": 78.0, "KCS": 8.33, "JTRSY": 1.1, "ENA": 0.11822, "ALGO": 0.115974, "U": 1.0, "ATOM": 2.0, "USTB": 11.08, "POL": 0.093781, "KAS": 0.03631096, "EUTBL": 1.22, "RENDER": 1.88, "BCAP": 105.87, "NEXO": 0.912587, "STABLE": 0.03808049, "WLD": 0.251768, "APT": 1.017, "FLR": 0.00953923, "USDTB": 0.999252, "FIL": 1.029, "ARB": 0.128192, "GT": 7.39, "JST": 0.091028, "JUP": 0.21784, "XDC": 0.03565187, "PUMP": 0.00185918, "VVV": 14.38, "VET": 0.00721449, "BDX": 0.079091, "HASH": 0.01145945, "DEXE": 12.98, "BONK": 6.77e-06, "OUSG": 115.24, "GHO": 0.999497, "DASH": 45.25, "PENGU": 0.00898834, "UB": 0.22456, "USD0": 0.998245}}