{"timestamp": 1779746834, "base": "USD", "data": {"BTC": 77292, "ETH": 2110.04, "USDT": 0.999049, "BNB": 661.25, "XRP": 1.35, "USDC": 0.999795, "SOL": 85.25, "TRX": 0.371677, "FIGR_HELOC": 1.03, "DOGE": 0.102183, "HYPE": 61.59, "USDS": 0.999641, "ZEC": 650.75, "LEO": 9.98, "ADA": 0.243946, "XMR": 386.31, "BCH": 350.79, "LINK": 9.5, "WBT": 56.84, "CC": 0.166967, "TON": 1.95, "XLM": 0.149506, "USD1": 0.998803, "USDE": 0.99919, "DAI": 0.999614, "SUI": 1.046, "LTC": 52.71, "AVAX": 9.32, "RAIN": 0.00803221, "M": 2.94, "HBAR": 0.088282, "NEAR": 2.77, "PYUSD": 0.999597, "SHIB": 5.57e-06, "CRO": 0.068965, "USYC": 1.13, "USDG": 0.99977, "TAO": 281.0, "XAUT": 4549.95, "BUIDL": 1.0, "MNT": 0.651466, "PAXG": 4557.8, "ONDO": 0.44048, "DOT": 1.27, "USDY": 1.13, "UNI": 3.33, "WLFI": 0.061449, "HTX": 2.03e-06, "ASTER": 0.688942, "USDF": 0.997358, "OKB": 83.13, "RLUSD": 1.0, "SKY": 0.070142, "PI": 0.148689, "USDD": 0.999346, "PEPE": 3.59e-06, "ICP": 2.71, "MORPHO": 2.24, "ETC": 8.98, "BGB": 2.0, "BFUSD": 0.998875, "AAVE": 86.39, "QNT": 80.04, "WLD": 0.333274, "RENDER": 2.18, "ATOM": 2.15, "USDTB": 0.999135, "KCS": 8.05, "EUTBL": 1.22, "U": 1.001, "ALGO": 0.113048, "USTB": 11.09, "POL": 0.092735, "BCAP": 105.74, "JTRSY": 1.1, "KAS": 0.03370245, "ENA": 0.100184, "STABLE": 0.03718474, "NEXO": 0.850888, "VVV": 17.64, "DEXE": 17.3, "APT": 0.973093, "JST": 0.092664, "FIL": 0.990166, "GT": 7.04, "FLR": 0.00829731, "ARB": 0.108758, "JUP": 0.202269, "XDC": 0.03233582, "PUMP": 0.00180275, "BDX": 0.078611, "GHO": 0.998928, "DASH": 45.25, "HASH": 0.01076656, "VET": 0.00665426, "INJ": 5.65, "PENGU": 0.00889353, "USD0": 0.998423, "OUSG": 115.33, "NIGHT": 0.0325615}}