{"timestamp": 1781897256, "base": "USD", "data": {"BTC": 62956, "ETH": 1699.47, "USDT": 0.999076, "BNB": 578.12, "USDC": 0.999785, "XRP": 1.13, "SOL": 68.87, "TRX": 0.322452, "FIGR_HELOC": 1.012, "HYPE": 71.06, "DOGE": 0.082885, "USDS": 0.999755, "RAIN": 0.01444518, "LEO": 9.52, "ZEC": 452.09, "XLM": 0.219952, "WBT": 51.94, "CC": 0.15461, "ADA": 0.160756, "XMR": 307.45, "LINK": 7.86, "USD1": 1.0, "USDE": 0.999057, "GRAM": 1.57, "DAI": 0.999643, "LAB": 12.66, "BCH": 197.01, "M": 2.89, "HBAR": 0.08014, "LTC": 44.0, "USYC": 1.13, "SUI": 0.70793, "USDG": 0.999753, "SHIB": 4.74e-06, "PYUSD": 0.99988, "NEAR": 2.12, "CRO": 0.058483, "XAUT": 4141.18, "AVAX": 5.7, "BUIDL": 1.0, "TAO": 225.06, "USDY": 1.14, "WLD": 0.614263, "PAXG": 4148.83, "UNI": 3.01, "WLFI": 0.058771, "MNT": 0.524507, "ONDO": 0.35032, "ASTER": 0.624062, "RLUSD": 1.0, "DOT": 0.950982, "OKB": 76.5, "HTX": 1.72e-06, "USDF": 0.995964, "PI": 0.135428, "USDD": 0.99948, "SKY": 0.057586, "BFUSD": 0.9991, "BGB": 1.77, "ICP": 2.23, "MORPHO": 1.89, "ETC": 7.54, "PEPE": 2.8e-06, "AAVE": 72.05, "QNT": 71.08, "U": 0.999908, "USTB": 11.12, "BCAP": 107.07, "KCS": 7.17, "EUTBL": 1.21, "ATOM": 1.8, "USDTB": 0.999866, "RENDER": 1.72, "JTRSY": 1.11, "ALGO": 0.094722, "POL": 0.079032, "KAS": 0.02989484, "ENA": 0.088011, "STABLE": 0.03346265, "NEXO": 0.785301, "DEXE": 16.64, "JAAA": 1.039, "\u5e01\u5b89\u4eba\u751f": 0.714522, "GT": 6.6, "JST": 0.080249, "VVV": 14.45, "FLR": 0.00735383, "BDX": 0.080303, "FIL": 0.783753, "JUP": 0.18484, "GHO": 0.998531, "XDC": 0.02968204, "YLDS": 0.999669, "EURSAFO": 1.16, "HASH": 0.01018403, "USD0": 0.999293, "ARB": 0.083169, "APT": 0.62694, "BEAT": 1.81, "NIGHT": 0.03062565}}