{"timestamp": 1778481038, "base": "USD", "data": {"BTC": 80961, "ETH": 2338.72, "USDT": 0.999734, "XRP": 1.46, "BNB": 653.56, "USDC": 0.999804, "SOL": 95.94, "TRX": 0.350024, "FIGR_HELOC": 1.0, "DOGE": 0.10988, "WBT": 59.64, "USDS": 0.999713, "ADA": 0.279171, "HYPE": 42.15, "ZEC": 575.48, "LEO": 10.22, "BCH": 451.5, "LINK": 10.59, "XMR": 407.73, "TON": 2.31, "CC": 0.15418, "XLM": 0.167098, "SUI": 1.31, "LTC": 58.99, "DAI": 0.999653, "USD1": 0.998858, "AVAX": 10.12, "M": 3.31, "HBAR": 0.096338, "USDE": 0.99947, "SHIB": 6.53e-06, "RAIN": 0.00756015, "PYUSD": 0.999896, "CRO": 0.074648, "TAO": 321.91, "USYC": 1.12, "USDG": 0.999996, "XAUT": 4663.7, "UNI": 3.95, "BUIDL": 1.0, "MNT": 0.70801, "DOT": 1.36, "PAXG": 4661.93, "WLFI": 0.067975, "ONDO": 0.442097, "NEAR": 1.55, "ICP": 3.36, "OKB": 87.45, "SKY": 0.078792, "PEPE": 4.34e-06, "PI": 0.173919, "ASTER": 0.692144, "USDF": 0.999459, "HTX": 1.97e-06, "RLUSD": 1.0, "ETC": 9.82, "AAVE": 100.78, "BGB": 2.14, "USDD": 1.0, "USDY": 1.15, "MORPHO": 2.14, "BFUSD": 0.999199, "JTRSY": 1.1, "ENA": 0.129696, "KCS": 8.49, "ALGO": 0.124482, "POL": 0.104258, "QNT": 73.59, "KAS": 0.03860218, "U": 0.999759, "RENDER": 1.98, "ATOM": 2.01, "EUTBL": 1.24, "USTB": 11.08, "BCAP": 105.77, "WLD": 0.283004, "APT": 1.14, "NEXO": 0.917656, "FIL": 1.14, "ARB": 0.1418, "JUP": 0.259696, "GT": 7.45, "SIREN": 1.12, "STABLE": 0.03449326, "VVV": 16.87, "PUMP": 0.00213482, "FLR": 0.00861828, "JST": 0.086714, "VET": 0.00780233, "BONK": 7.51e-06, "PENGU": 0.0103229, "XDC": 0.03199236, "USDTB": 0.999445, "BDX": 0.079779, "CAKE": 1.58, "OUSG": 115.18, "DASH": 47.45, "DEXE": 12.84, "HASH": 0.01121808, "GHO": 0.999564}}