{"timestamp": 1784062266, "base": "USD", "data": {"BTC": 64438, "ETH": 1873.92, "USDT": 0.999316, "BNB": 579.46, "USDC": 0.999847, "XRP": 1.11, "SOL": 77.0, "TRX": 0.325199, "FIGR_HELOC": 1.037, "HYPE": 65.38, "DOGE": 0.074071, "USDS": 0.99973, "RAIN": 0.01478555, "ZEC": 536.61, "LEO": 9.56, "WBT": 56.7, "XLM": 0.184814, "LINK": 8.29, "XMR": 327.23, "ADA": 0.163235, "CC": 0.132695, "BCH": 236.09, "DAI": 1.0, "GRAM": 1.62, "USD1": 0.998934, "USDE": 0.999837, "LTC": 44.89, "USDG": 0.99978, "SUI": 0.758409, "USYC": 1.13, "HBAR": 0.06656, "BUIDL": 1.0, "AVAX": 6.64, "PYUSD": 0.999762, "NEAR": 2.02, "CRO": 0.05553, "SHIB": 4.21e-06, "XAUT": 4045.13, "UNI": 3.69, "USDY": 1.13, "TAO": 203.56, "DEXE": 41.64, "WLFI": 0.057705, "PAXG": 4043.39, "OKB": 80.74, "ASTER": 0.626887, "HTX": 1.81e-06, "M": 1.24, "USDD": 1.0, "ONDO": 0.313909, "RLUSD": 1.0, "AAVE": 99.05, "WLD": 0.415436, "DOT": 0.845069, "SKY": 0.061066, "USDF": 0.995571, "MNT": 0.420455, "MORPHO": 2.02, "BFUSD": 0.998765, "ICP": 2.22, "PEPE": 2.81e-06, "BGB": 1.68, "ETC": 7.07, "U": 0.999927, "EUTBL": 1.2, "BCAP": 106.19, "KCS": 6.99, "USDGO": 0.999917, "QNT": 64.58, "STABLE": 0.0372482, "POL": 0.084507, "ADI": 6.98, "JTRSY": 1.11, "JST": 0.100185, "EURSAFO": 1.15, "PI": 0.075437, "ATOM": 1.55, "ENA": 0.084016, "BEAT": 2.57, "RENDER": 1.51, "KAS": 0.02851432, "USTB": 11.14, "ALGO": 0.084414, "NEXO": 0.752042, "\u5e01\u5b89\u4eba\u751f": 0.751691, "USDTB": 1.0, "GT": 6.7, "JUP": 0.207418, "JAAA": 1.041, "BDX": 0.084031, "LIT": 2.6, "FIL": 0.77897, "GHO": 0.998298, "ARB": 0.090652, "PUMP": 0.00143252, "FLR": 0.00659734, "USD0": 0.998247, "XDC": 0.02722235, "YLDS": 0.999809, "VVV": 11.07}}