{"timestamp": 1784732263, "base": "USD", "data": {"BTC": 65681, "ETH": 1929.04, "USDT": 0.999263, "BNB": 570.52, "USDC": 0.999849, "XRP": 1.14, "SOL": 77.71, "TRX": 0.328222, "FIGR_HELOC": 1.005, "HYPE": 58.39, "DOGE": 0.072696, "RAIN": 0.01434947, "USDS": 0.999763, "LEO": 9.71, "ZEC": 511.58, "WBT": 57.35, "XMR": 349.65, "ADA": 0.174714, "LINK": 8.64, "XLM": 0.18876, "CC": 0.123933, "DAI": 0.999786, "BCH": 219.99, "USD1": 0.999015, "GRAM": 1.52, "USDE": 0.999692, "LTC": 46.74, "USDG": 0.999654, "HBAR": 0.071821, "SUI": 0.766977, "USYC": 1.13, "AVAX": 6.55, "PYUSD": 0.999634, "CRO": 0.058104, "BUIDL": 1.0, "XAUT": 4135.53, "SHIB": 4.24e-06, "NEAR": 1.88, "UNI": 3.75, "USDY": 1.14, "ONDO": 0.410643, "TAO": 198.55, "PAXG": 4136.27, "WLFI": 0.056633, "OKB": 81.86, "ASTER": 0.624815, "HTX": 1.84e-06, "RLUSD": 1.0, "M": 1.17, "USDD": 0.99925, "AAVE": 96.97, "SKY": 0.063507, "DOT": 0.837986, "USDF": 0.995757, "MNT": 0.422658, "WLD": 0.381306, "BFUSD": 0.998669, "MORPHO": 1.96, "ICP": 2.19, "PEPE": 2.84e-06, "BGB": 1.69, "ETC": 6.97, "U": 0.999641, "EUTBL": 1.2, "USDGO": 0.999991, "PI": 0.091677, "BCAP": 106.2, "QNT": 64.12, "KCS": 6.71, "STABLE": 0.03569221, "JTRSY": 1.11, "ADI": 6.86, "EURSAFO": 1.15, "POL": 0.078857, "ENA": 0.088086, "JST": 0.100877, "BEAT": 2.65, "RENDER": 1.52, "PUMP": 0.00195673, "KAS": 0.02808529, "ATOM": 1.46, "USTB": 11.15, "NEXO": 0.755908, "ALGO": 0.083419, "GT": 6.64, "JAAA": 1.042, "BDX": 0.082552, "GHO": 0.998945, "JUP": 0.191154, "FIL": 0.765499, "ARB": 0.090343, "\u5e01\u5b89\u4eba\u751f": 0.595139, "VVV": 12.49, "HASH": 0.01043161, "LIT": 2.32, "FLR": 0.0066328, "XDC": 0.02850881, "YLDS": 0.999866, "USD0": 0.999248, "USX": 0.999829}}