{"timestamp": 1779148679, "base": "USD", "data": {"BTC": 76934, "ETH": 2128.19, "USDT": 0.999288, "BNB": 642.78, "XRP": 1.39, "USDC": 0.999773, "SOL": 85.25, "TRX": 0.35542, "FIGR_HELOC": 1.036, "DOGE": 0.104604, "WBT": 56.85, "HYPE": 47.49, "USDS": 0.999552, "ZEC": 560.4, "LEO": 10.11, "ADA": 0.251224, "BCH": 378.74, "XMR": 383.33, "LINK": 9.58, "CC": 0.149105, "TON": 1.99, "XLM": 0.147097, "USD1": 0.999658, "DAI": 0.999769, "USDE": 0.999863, "SUI": 1.061, "LTC": 54.3, "M": 3.2, "AVAX": 9.23, "HBAR": 0.090049, "RAIN": 0.00741359, "PYUSD": 0.999724, "SHIB": 5.74e-06, "CRO": 0.069891, "USYC": 1.12, "USDG": 0.999716, "XAUT": 4572.88, "BUIDL": 1.0, "TAO": 260.36, "UNI": 3.53, "PAXG": 4575.05, "USDY": 1.13, "DOT": 1.25, "NEAR": 1.62, "MNT": 0.627315, "WLFI": 0.061693, "ONDO": 0.384048, "HTX": 1.97e-06, "USDF": 0.997441, "OKB": 81.79, "ASTER": 0.654871, "PI": 0.153799, "SKY": 0.069699, "RLUSD": 0.999818, "PEPE": 3.69e-06, "USDD": 0.998833, "ICP": 2.59, "ETC": 8.92, "BGB": 1.99, "AAVE": 89.31, "BFUSD": 0.998601, "QNT": 76.19, "MORPHO": 1.71, "KCS": 8.02, "USDTB": 0.999197, "ATOM": 2.07, "JTRSY": 1.1, "USTB": 11.08, "U": 0.999616, "EUTBL": 1.23, "ALGO": 0.108828, "POL": 0.090841, "BCAP": 105.74, "KAS": 0.03478246, "ENA": 0.105324, "RENDER": 1.82, "NEXO": 0.875074, "WLD": 0.241252, "STABLE": 0.03484661, "APT": 0.945331, "JST": 0.089609, "GT": 7.06, "FIL": 0.958353, "FLR": 0.00843683, "ARB": 0.117266, "VVV": 14.96, "JUP": 0.199563, "DEXE": 13.62, "XDC": 0.03078464, "BDX": 0.078826, "PUMP": 0.00171388, "GHO": 0.999192, "VET": 0.00676192, "HASH": 0.01050534, "USD0": 0.997867, "OUSG": 115.28, "KITE": 0.239539, "DASH": 42.64, "PENGU": 0.00857928, "YLDS": 0.999853}}