{"timestamp": 1779904389, "base": "USD", "data": {"BTC": 74809, "ETH": 2053.91, "USDT": 0.998386, "BNB": 651.17, "XRP": 1.32, "USDC": 0.999715, "SOL": 83.39, "TRX": 0.369883, "FIGR_HELOC": 1.025, "DOGE": 0.101187, "HYPE": 59.19, "USDS": 0.999546, "LEO": 10.03, "ZEC": 552.85, "ADA": 0.238621, "RAIN": 0.01302785, "XMR": 392.54, "BCH": 341.6, "LINK": 9.26, "WBT": 55.02, "CC": 0.158018, "XLM": 0.16043, "TON": 1.89, "USD1": 0.998103, "USDE": 0.998725, "DAI": 0.999568, "LTC": 52.11, "M": 3.03, "AVAX": 9.12, "SUI": 0.978605, "HBAR": 0.085392, "PYUSD": 0.999883, "NEAR": 2.52, "SHIB": 5.49e-06, "CRO": 0.067052, "USYC": 1.12, "USDG": 0.999662, "XAUT": 4439.64, "TAO": 271.58, "BUIDL": 1.0, "USDY": 1.13, "DOT": 1.25, "MNT": 0.632519, "PAXG": 4447.27, "UNI": 3.26, "ONDO": 0.394352, "WLFI": 0.059372, "OKB": 87.73, "HTX": 1.95e-06, "ASTER": 0.683155, "RLUSD": 1.0, "USDF": 0.994911, "ICP": 2.89, "SKY": 0.067139, "PI": 0.142809, "PEPE": 3.51e-06, "USDD": 0.999754, "BGB": 2.0, "MORPHO": 2.18, "ETC": 8.57, "BFUSD": 0.998318, "AAVE": 84.76, "WLD": 0.344365, "RENDER": 2.16, "ATOM": 2.16, "QNT": 73.98, "KCS": 7.96, "USDTB": 0.99889, "EUTBL": 1.22, "U": 0.999501, "BCAP": 107.16, "POL": 0.090169, "ALGO": 0.106539, "JTRSY": 1.1, "KAS": 0.03225358, "USTB": 11.09, "STABLE": 0.0378591, "ENA": 0.094845, "NEXO": 0.840846, "FIL": 1.04, "JST": 0.095502, "VVV": 17.36, "APT": 0.96961, "DEXE": 16.46, "GT": 6.9, "FLR": 0.00807409, "ARB": 0.108659, "JUP": 0.193995, "PUMP": 0.0018056, "XDC": 0.03159559, "BDX": 0.079272, "GHO": 0.998526, "NIGHT": 0.03456243, "HASH": 0.01046278, "INJ": 5.59, "USD0": 0.998446, "DASH": 43.28, "OUSG": 115.37, "FET": 0.238646, "UB": 0.213288}}