{"timestamp": 1782815197, "base": "USD", "data": {"BTC": 59263, "ETH": 1581.23, "USDT": 0.998382, "BNB": 549.1, "USDC": 0.999562, "XRP": 1.041, "SOL": 73.62, "TRX": 0.317582, "FIGR_HELOC": 1.045, "HYPE": 65.33, "DOGE": 0.072412, "RAIN": 0.01577091, "USDS": 0.999444, "LEO": 9.52, "ZEC": 392.05, "XLM": 0.177869, "XMR": 310.01, "WBT": 47.16, "LINK": 7.27, "ADA": 0.144675, "CC": 0.136421, "USD1": 0.998804, "DAI": 0.999571, "USDE": 0.99792, "LAB": 13.86, "GRAM": 1.6, "BCH": 201.3, "LTC": 42.35, "USYC": 1.13, "HBAR": 0.070453, "USDG": 0.999616, "AVAX": 6.6, "SUI": 0.692691, "PYUSD": 0.999794, "SHIB": 4.24e-06, "CRO": 0.053655, "XAUT": 4014.83, "NEAR": 1.84, "BUIDL": 1.0, "USDY": 1.13, "TAO": 204.21, "WLFI": 0.059076, "PAXG": 4018.82, "UNI": 2.83, "OKB": 80.07, "ASTER": 0.619224, "RLUSD": 0.999957, "ONDO": 0.311209, "HTX": 1.66e-06, "WLD": 0.418278, "USDF": 0.994739, "MNT": 0.4225, "USDD": 0.998609, "DOT": 0.812178, "AAVE": 89.19, "BFUSD": 0.998256, "SKY": 0.054112, "PI": 0.112654, "MORPHO": 1.86, "ICP": 2.15, "BGB": 1.62, "ETC": 6.98, "DEXE": 22.94, "U": 0.999311, "PEPE": 2.34e-06, "BCAP": 106.97, "QNT": 65.7, "EUTBL": 1.2, "STABLE": 0.03900607, "KCS": 6.93, "M": 0.708176, "KAS": 0.0318313, "JTRSY": 1.11, "USTB": 11.13, "USDGO": 1.0, "BEAT": 2.81, "RENDER": 1.53, "ATOM": 1.52, "ALGO": 0.084985, "POL": 0.069959, "USDTB": 0.999574, "JST": 0.085949, "NEXO": 0.704523, "ADI": 5.55, "BDX": 0.089619, "GT": 6.51, "\u5e01\u5b89\u4eba\u751f": 0.690342, "JAAA": 1.039, "JUP": 0.203423, "ENA": 0.072567, "VELVET": 1.57, "VVV": 13.22, "EURSAFO": 1.15, "GHO": 0.997944, "PUMP": 0.00145128, "FIL": 0.738399, "YLDS": 0.999557, "FLR": 0.00643759, "XDC": 0.02777203, "USD0": 0.998311}}