{"timestamp": 1781989567, "base": "USD", "data": {"BTC": 63870, "ETH": 1729.38, "USDT": 0.998853, "BNB": 585.59, "USDC": 0.999856, "XRP": 1.14, "SOL": 71.97, "TRX": 0.325387, "FIGR_HELOC": 1.034, "HYPE": 69.78, "DOGE": 0.083296, "USDS": 0.999631, "RAIN": 0.01441706, "LEO": 9.59, "ZEC": 470.84, "XLM": 0.212593, "WBT": 52.54, "ADA": 0.161302, "XMR": 316.29, "LINK": 7.9, "CC": 0.151579, "USD1": 1.0, "USDE": 0.998904, "GRAM": 1.62, "DAI": 0.999795, "LAB": 13.44, "BCH": 198.43, "M": 2.86, "HBAR": 0.080097, "LTC": 44.12, "USYC": 1.13, "SUI": 0.704467, "USDG": 0.999893, "NEAR": 2.16, "SHIB": 4.71e-06, "PYUSD": 0.999725, "CRO": 0.058677, "AVAX": 6.13, "XAUT": 4141.81, "BUIDL": 1.0, "TAO": 230.43, "USDY": 1.14, "WLD": 0.604625, "PAXG": 4150.1, "UNI": 3.0, "WLFI": 0.057666, "MNT": 0.533527, "ASTER": 0.645787, "ONDO": 0.339609, "RLUSD": 1.0, "DOT": 0.959319, "OKB": 75.28, "HTX": 1.72e-06, "USDF": 0.995771, "PI": 0.134666, "USDD": 0.999023, "SKY": 0.05827, "BFUSD": 0.999011, "ICP": 2.28, "BGB": 1.77, "PEPE": 2.82e-06, "MORPHO": 1.82, "ETC": 7.37, "AAVE": 74.89, "QNT": 70.23, "U": 0.999688, "USTB": 11.12, "BCAP": 107.07, "KCS": 7.2, "EUTBL": 1.21, "ATOM": 1.8, "USDTB": 0.999494, "RENDER": 1.71, "JTRSY": 1.11, "POL": 0.080333, "ALGO": 0.092855, "KAS": 0.02998106, "ENA": 0.087272, "NEXO": 0.794127, "STABLE": 0.03301644, "JAAA": 1.039, "DEXE": 15.39, "JST": 0.084123, "GT": 6.7, "\u5e01\u5b89\u4eba\u751f": 0.707015, "JUP": 0.204033, "VVV": 14.39, "FLR": 0.00737189, "BDX": 0.080738, "FIL": 0.779631, "GHO": 0.998219, "XDC": 0.02963689, "YLDS": 0.999692, "EURSAFO": 1.15, "USD0": 0.999113, "HASH": 0.01005635, "NIGHT": 0.03210827, "ARB": 0.083111, "BEAT": 1.83, "APT": 0.634647}}