{"timestamp": 1784272388, "base": "USD", "data": {"BTC": 62835, "ETH": 1828.96, "USDT": 0.999139, "BNB": 569.06, "USDC": 0.999982, "XRP": 1.085, "SOL": 74.49, "TRX": 0.321965, "FIGR_HELOC": 1.02, "HYPE": 59.23, "DOGE": 0.071755, "USDS": 0.999812, "RAIN": 0.01438224, "LEO": 9.8, "ZEC": 530.8, "WBT": 54.92, "XLM": 0.183072, "XMR": 330.08, "LINK": 8.17, "ADA": 0.158949, "CC": 0.130808, "DAI": 0.999725, "BCH": 222.85, "USD1": 0.998801, "USDE": 0.999703, "GRAM": 1.45, "LTC": 44.92, "USDG": 1.002, "USYC": 1.13, "SUI": 0.733341, "HBAR": 0.06617, "PYUSD": 0.999723, "AVAX": 6.48, "CRO": 0.057885, "BUIDL": 1.0, "NEAR": 1.94, "XAUT": 3996.81, "SHIB": 4.12e-06, "UNI": 3.52, "USDY": 1.14, "TAO": 190.3, "WLFI": 0.056911, "PAXG": 3993.44, "ONDO": 0.365307, "DEXE": 36.07, "OKB": 80.1, "ASTER": 0.61404, "M": 1.23, "HTX": 1.8e-06, "RLUSD": 1.0, "USDD": 0.999086, "MNT": 0.438758, "DOT": 0.852522, "USDF": 0.995157, "SKY": 0.060144, "AAVE": 90.66, "WLD": 0.37914, "BFUSD": 0.998113, "MORPHO": 2.01, "ICP": 2.13, "PEPE": 2.72e-06, "BGB": 1.62, "ETC": 6.89, "U": 0.999482, "EUTBL": 1.21, "USDGO": 0.999995, "STABLE": 0.0394228, "BCAP": 106.19, "QNT": 64.14, "KCS": 6.62, "ADI": 7.05, "POL": 0.082372, "JTRSY": 1.11, "PI": 0.078385, "JST": 0.09757, "EURSAFO": 1.15, "ATOM": 1.51, "BEAT": 2.52, "ENA": 0.080536, "USTB": 11.15, "KAS": 0.02796406, "RENDER": 1.47, "ALGO": 0.08261, "NEXO": 0.735716, "\u5e01\u5b89\u4eba\u751f": 0.71132, "BDX": 0.089873, "GT": 6.6, "JAAA": 1.041, "PUMP": 0.00164237, "JUP": 0.192698, "FIL": 0.769385, "GHO": 0.998691, "FLR": 0.00652917, "ARB": 0.088389, "USD0": 0.998828, "YLDS": 0.99983, "XDC": 0.02761088, "LIT": 2.19, "USX": 0.999799, "APT": 0.601038}}