{"timestamp": 1784527647, "base": "USD", "data": {"BTC": 64054, "ETH": 1853.13, "USDT": 0.999119, "BNB": 564.53, "USDC": 0.99983, "XRP": 1.087, "SOL": 75.86, "TRX": 0.326304, "FIGR_HELOC": 1.042, "HYPE": 60.31, "DOGE": 0.071641, "USDS": 0.999728, "RAIN": 0.01425794, "ZEC": 532.26, "LEO": 9.71, "WBT": 55.84, "XLM": 0.185768, "XMR": 333.17, "LINK": 8.33, "ADA": 0.162227, "CC": 0.12587, "DAI": 0.999881, "USD1": 0.999173, "BCH": 211.23, "USDE": 0.999769, "GRAM": 1.45, "LTC": 46.98, "USDG": 1.001, "SUI": 0.741662, "USYC": 1.13, "PYUSD": 0.999756, "HBAR": 0.065772, "AVAX": 6.48, "CRO": 0.057735, "BUIDL": 1.0, "NEAR": 1.9, "XAUT": 4008.19, "SHIB": 4.14e-06, "USDY": 1.14, "UNI": 3.44, "TAO": 194.28, "WLFI": 0.057008, "PAXG": 4005.18, "OKB": 79.97, "ASTER": 0.619817, "ONDO": 0.341241, "HTX": 1.84e-06, "DEXE": 35.15, "M": 1.22, "RLUSD": 1.0, "USDD": 0.999114, "USDF": 0.995551, "SKY": 0.060744, "MNT": 0.423611, "AAVE": 89.21, "DOT": 0.807308, "BFUSD": 0.998121, "MORPHO": 1.99, "WLD": 0.359827, "PEPE": 2.83e-06, "ICP": 2.12, "BGB": 1.63, "ETC": 6.84, "U": 1.0, "PI": 0.094329, "USDGO": 1.0, "EUTBL": 1.21, "BCAP": 106.19, "QNT": 63.23, "KCS": 6.63, "ADI": 7.14, "JTRSY": 1.11, "STABLE": 0.0352865, "POL": 0.080842, "EURSAFO": 1.15, "JST": 0.096441, "PUMP": 0.00196257, "KAS": 0.0278324, "RENDER": 1.47, "USTB": 11.15, "ENA": 0.079189, "ATOM": 1.45, "NEXO": 0.753694, "ALGO": 0.081728, "BEAT": 2.35, "GT": 6.68, "JAAA": 1.041, "BDX": 0.08292, "JUP": 0.195736, "GHO": 0.998757, "\u5e01\u5b89\u4eba\u751f": 0.628185, "XDC": 0.02862538, "ARB": 0.085918, "FIL": 0.707824, "FLR": 0.00648528, "YLDS": 0.999805, "USD0": 0.998783, "LIT": 2.19, "VVV": 11.44, "CAKE": 1.38}}