{"timestamp": 1780047504, "base": "USD", "data": {"BTC": 73737, "ETH": 2009.83, "USDT": 0.998565, "BNB": 638.37, "XRP": 1.33, "USDC": 0.99952, "SOL": 82.36, "TRX": 0.343412, "FIGR_HELOC": 1.032, "DOGE": 0.09959, "HYPE": 63.06, "USDS": 0.999573, "LEO": 9.94, "RAIN": 0.01465941, "ZEC": 541.29, "ADA": 0.235462, "XLM": 0.212725, "XMR": 367.94, "LINK": 9.03, "WBT": 54.14, "CC": 0.157801, "BCH": 302.35, "TON": 1.78, "USD1": 0.998122, "USDE": 0.998592, "DAI": 0.999375, "LTC": 51.71, "HBAR": 0.091966, "M": 3.06, "AVAX": 8.95, "SUI": 0.925482, "NEAR": 2.53, "SHIB": 5.41e-06, "PYUSD": 0.999824, "CRO": 0.067245, "USYC": 1.13, "XAUT": 4503.98, "USDG": 0.999683, "TAO": 259.23, "BUIDL": 1.0, "USDY": 1.14, "MNT": 0.643031, "PAXG": 4516.25, "DOT": 1.22, "UNI": 3.02, "WLFI": 0.058781, "OKB": 87.27, "ONDO": 0.372009, "RLUSD": 0.99983, "ASTER": 0.66892, "USDF": 0.99473, "HTX": 1.81e-06, "ICP": 2.78, "PI": 0.14415, "SKY": 0.065401, "PEPE": 3.4e-06, "USDD": 0.999524, "BGB": 1.99, "MORPHO": 2.07, "BFUSD": 0.998246, "ETC": 8.23, "AAVE": 82.01, "RENDER": 2.09, "KCS": 7.94, "U": 0.9995, "ALGO": 0.119066, "USDTB": 0.998649, "QNT": 72.19, "ATOM": 2.03, "EUTBL": 1.22, "WLD": 0.301816, "BCAP": 107.16, "POL": 0.088458, "USTB": 11.1, "STABLE": 0.03873741, "DEXE": 18.63, "JTRSY": 1.1, "KAS": 0.03134904, "NEXO": 0.828765, "JST": 0.09494, "ENA": 0.08723, "APT": 0.928248, "FIL": 0.965527, "VVV": 15.99, "GT": 6.82, "FLR": 0.00782741, "ARB": 0.105343, "XDC": 0.0317755, "INJ": 6.07, "PUMP": 0.00171262, "BDX": 0.077541, "JUP": 0.178205, "NIGHT": 0.03532235, "GHO": 0.998787, "HASH": 0.01057547, "USD0": 0.998598, "FET": 0.242112, "APXUSD": 0.999289, "OUSG": 115.39, "VET": 0.00595841}}