{"timestamp": 1779526675, "base": "USD", "data": {"BTC": 74586, "ETH": 2027.06, "USDT": 0.99883, "BNB": 639.7, "XRP": 1.31, "USDC": 0.999795, "SOL": 81.98, "TRX": 0.359995, "FIGR_HELOC": 1.022, "DOGE": 0.099501, "HYPE": 55.92, "USDS": 0.999676, "ZEC": 588.37, "LEO": 9.92, "ADA": 0.238058, "BCH": 356.09, "XMR": 375.93, "LINK": 9.14, "WBT": 54.89, "CC": 0.154979, "USD1": 0.999064, "TON": 1.76, "XLM": 0.140499, "USDE": 0.999062, "DAI": 0.999531, "SUI": 1.003, "LTC": 51.99, "AVAX": 8.88, "HBAR": 0.085617, "M": 2.78, "PYUSD": 0.99975, "RAIN": 0.00726565, "SHIB": 5.51e-06, "CRO": 0.067291, "USYC": 1.12, "USDG": 0.999812, "NEAR": 2.07, "XAUT": 4494.81, "BUIDL": 1.0, "TAO": 260.01, "USDY": 1.13, "PAXG": 4497.58, "MNT": 0.635877, "UNI": 3.3, "DOT": 1.21, "WLFI": 0.060213, "ONDO": 0.385116, "HTX": 2.02e-06, "USDF": 0.996673, "RLUSD": 0.999919, "ASTER": 0.667148, "OKB": 80.97, "SKY": 0.069228, "PI": 0.148667, "USDD": 0.99909, "PEPE": 3.48e-06, "BGB": 1.96, "ICP": 2.46, "ETC": 8.65, "BFUSD": 0.998501, "AAVE": 83.4, "MORPHO": 1.93, "QNT": 74.94, "USDTB": 0.999191, "EUTBL": 1.22, "KCS": 7.8, "ATOM": 2.04, "U": 1.0, "ALGO": 0.109716, "USTB": 11.09, "BCAP": 105.74, "JTRSY": 1.1, "POL": 0.087869, "RENDER": 1.79, "WLD": 0.264403, "KAS": 0.03265026, "ENA": 0.095685, "NEXO": 0.851641, "VVV": 17.51, "JST": 0.09315, "STABLE": 0.03336745, "APT": 0.912566, "GT": 6.93, "FIL": 0.928258, "FLR": 0.00817488, "ARB": 0.104456, "DEXE": 13.86, "HASH": 0.01195116, "JUP": 0.191098, "XDC": 0.03108315, "BDX": 0.078946, "GHO": 0.998872, "PUMP": 0.00164299, "USD0": 0.998468, "VET": 0.00644776, "OUSG": 115.33, "DASH": 43.33, "NIGHT": 0.03227735, "PENGU": 0.00848406, "APXUSD": 0.999602}}