{"timestamp": 1783192098, "base": "USD", "data": {"BTC": 63171, "ETH": 1792.4, "USDT": 0.999217, "BNB": 576.25, "XRP": 1.18, "USDC": 0.999865, "SOL": 82.2, "TRX": 0.326037, "FIGR_HELOC": 1.009, "HYPE": 69.61, "DOGE": 0.079105, "RAIN": 0.01542427, "USDS": 0.999766, "LEO": 9.15, "ZEC": 470.5, "ADA": 0.19553, "XLM": 0.211078, "WBT": 57.13, "XMR": 330.01, "LINK": 8.09, "CC": 0.139768, "GRAM": 1.79, "LAB": 15.49, "BCH": 233.32, "DAI": 0.999808, "USD1": 0.99893, "USDE": 0.998655, "LTC": 45.33, "HBAR": 0.075086, "SUI": 0.775882, "USYC": 1.13, "AVAX": 7.05, "USDG": 0.999909, "PYUSD": 0.99993, "CRO": 0.060924, "SHIB": 4.54e-06, "NEAR": 2.0, "XAUT": 4157.85, "BUIDL": 1.0, "USDY": 1.14, "TAO": 217.83, "UNI": 3.23, "M": 1.44, "PAXG": 4161.77, "WLFI": 0.056779, "ASTER": 0.647321, "OKB": 81.01, "ONDO": 0.344073, "RLUSD": 0.999924, "HTX": 1.7e-06, "WLD": 0.434899, "DOT": 0.896983, "MNT": 0.451956, "USDF": 0.996384, "USDD": 1.001, "AAVE": 89.98, "SKY": 0.057363, "BFUSD": 0.99864, "PI": 0.116709, "ICP": 2.27, "MORPHO": 1.91, "BGB": 1.73, "PEPE": 2.75e-06, "ETC": 7.33, "DEXE": 23.51, "U": 1.0, "QNT": 68.73, "KCS": 7.18, "EUTBL": 1.21, "BCAP": 106.97, "BEAT": 2.95, "USDGO": 1.0, "JTRSY": 1.11, "USTB": 11.13, "KAS": 0.03100961, "RENDER": 1.62, "ATOM": 1.6, "STABLE": 0.03402187, "ALGO": 0.091133, "POL": 0.073901, "JUP": 0.235171, "NEXO": 0.77674, "JST": 0.090205, "\u5e01\u5b89\u4eba\u751f": 0.768791, "ENA": 0.080057, "USDTB": 1.0, "GT": 6.76, "ADI": 5.72, "BDX": 0.089035, "EURSAFO": 1.15, "JAAA": 1.04, "FIL": 0.806681, "PUMP": 0.00157918, "FLR": 0.00710741, "GHO": 0.998367, "VVV": 12.28, "XDC": 0.02886969, "NIGHT": 0.03402661, "AERO": 0.585491, "USD0": 0.998729}}