{"timestamp": 1784396924, "base": "USD", "data": {"BTC": 64412, "ETH": 1848.82, "USDT": 0.999248, "BNB": 571.71, "USDC": 0.99985, "XRP": 1.092, "SOL": 75.27, "TRX": 0.323609, "FIGR_HELOC": 1.03, "HYPE": 59.72, "DOGE": 0.072321, "USDS": 0.999836, "ZEC": 558.67, "RAIN": 0.01379163, "LEO": 9.79, "WBT": 56.1, "XLM": 0.187734, "XMR": 332.93, "LINK": 8.29, "ADA": 0.164911, "CC": 0.125002, "DAI": 0.999922, "BCH": 220.75, "USD1": 0.999137, "USDE": 0.999843, "GRAM": 1.46, "LTC": 47.58, "USDG": 1.003, "USYC": 1.13, "SUI": 0.739144, "HBAR": 0.066787, "PYUSD": 0.999899, "AVAX": 6.56, "CRO": 0.059005, "BUIDL": 1.0, "NEAR": 1.92, "XAUT": 4012.35, "SHIB": 4.15e-06, "UNI": 3.52, "USDY": 1.14, "TAO": 194.04, "WLFI": 0.057256, "PAXG": 4011.66, "OKB": 80.74, "ONDO": 0.3443, "ASTER": 0.620519, "HTX": 1.82e-06, "M": 1.23, "DEXE": 34.82, "RLUSD": 1.0, "USDD": 0.999233, "SKY": 0.06148, "USDF": 0.995125, "DOT": 0.834894, "MNT": 0.418244, "AAVE": 89.05, "BFUSD": 0.998421, "WLD": 0.370198, "MORPHO": 1.98, "ICP": 2.15, "PEPE": 2.75e-06, "BGB": 1.65, "ETC": 7.0, "U": 1.0, "USDGO": 0.999816, "EUTBL": 1.21, "BCAP": 106.19, "QNT": 64.87, "PI": 0.084105, "KCS": 6.64, "STABLE": 0.03552526, "JTRSY": 1.11, "POL": 0.081007, "EURSAFO": 1.15, "ADI": 6.55, "JST": 0.098306, "ATOM": 1.49, "ENA": 0.080655, "USTB": 11.15, "KAS": 0.02779033, "RENDER": 1.47, "NEXO": 0.750984, "BEAT": 2.4, "ALGO": 0.082378, "GT": 6.71, "\u5e01\u5b89\u4eba\u751f": 0.691863, "JAAA": 1.041, "PUMP": 0.00165085, "BDX": 0.083027, "JUP": 0.192628, "FIL": 0.749049, "GHO": 0.998943, "FLR": 0.0064972, "ARB": 0.088574, "XDC": 0.02801932, "YLDS": 0.99992, "LIT": 2.23, "USD0": 0.998718, "VVV": 11.39, "USX": 0.999896}}