{"timestamp": 1780177988, "base": "USD", "data": {"BTC": 73860, "ETH": 2026.26, "USDT": 0.998578, "BNB": 719.18, "XRP": 1.35, "USDC": 0.999685, "SOL": 82.93, "TRX": 0.347247, "FIGR_HELOC": 1.018, "DOGE": 0.101205, "HYPE": 67.38, "USDS": 0.999557, "LEO": 10.07, "RAIN": 0.01435135, "ZEC": 532.32, "ADA": 0.237773, "XLM": 0.238074, "XMR": 372.81, "LINK": 9.27, "WBT": 54.2, "BCH": 305.49, "CC": 0.153779, "TON": 1.84, "USD1": 0.998454, "USDE": 0.998934, "DAI": 0.999459, "HBAR": 0.096092, "LTC": 52.5, "AVAX": 9.0, "M": 2.88, "SUI": 0.913135, "SHIB": 5.53e-06, "PYUSD": 0.999576, "CRO": 0.067748, "NEAR": 2.3, "USYC": 1.13, "XAUT": 4503.05, "USDG": 0.999692, "TAO": 255.99, "BUIDL": 1.0, "MNT": 0.682266, "USDY": 1.13, "PAXG": 4518.24, "DOT": 1.2, "ASTER": 0.770513, "UNI": 3.07, "WLFI": 0.059285, "OKB": 89.31, "ONDO": 0.372559, "RLUSD": 0.99991, "USDF": 0.994284, "HTX": 1.82e-06, "PI": 0.14478, "BGB": 2.14, "SKY": 0.064312, "ICP": 2.67, "PEPE": 3.44e-06, "USDD": 0.999735, "MORPHO": 2.17, "BFUSD": 0.998232, "ETC": 8.26, "AAVE": 83.3, "WLD": 0.363323, "ALGO": 0.12695, "RENDER": 2.13, "U": 0.999609, "KCS": 7.91, "USDTB": 0.99867, "QNT": 71.68, "ATOM": 2.03, "EUTBL": 1.23, "BCAP": 107.16, "POL": 0.090391, "USTB": 11.1, "JTRSY": 1.1, "STABLE": 0.03716299, "KAS": 0.03097164, "NEXO": 0.846016, "DEXE": 17.96, "JST": 0.096557, "ENA": 0.088906, "VVV": 16.92, "APT": 0.948042, "FIL": 0.985602, "GT": 7.01, "H": 0.388554, "XDC": 0.03380109, "FLR": 0.0077521, "INJ": 6.65, "ARB": 0.104702, "NIGHT": 0.03857541, "PUMP": 0.00179656, "JUP": 0.187182, "FET": 0.274812, "BDX": 0.080217, "LAB": 7.99, "HASH": 0.01127685, "GHO": 0.999055, "USD0": 0.998441, "APXUSD": 0.999634}}