{"timestamp": 1781248504, "base": "USD", "data": {"BTC": 62972, "ETH": 1656.92, "USDT": 0.998685, "BNB": 598.01, "USDC": 0.99961, "XRP": 1.13, "SOL": 66.19, "TRX": 0.312915, "FIGR_HELOC": 1.03, "DOGE": 0.08557, "HYPE": 57.32, "USDS": 0.999741, "LEO": 9.56, "RAIN": 0.01314093, "XMR": 392.5, "ZEC": 420.6, "XLM": 0.18961, "CC": 0.162395, "ADA": 0.168746, "WBT": 51.57, "LINK": 7.79, "TON": 1.69, "USDE": 0.998976, "USD1": 0.998084, "DAI": 0.999731, "BCH": 201.87, "M": 2.98, "HBAR": 0.078899, "LTC": 42.37, "LAB": 9.72, "SUI": 0.749705, "USYC": 1.13, "AVAX": 6.55, "SHIB": 4.79e-06, "PYUSD": 0.999695, "CRO": 0.059727, "NEAR": 2.08, "USDG": 0.9998, "XAUT": 4159.75, "BUIDL": 1.0, "BEAT": 8.07, "USDY": 1.13, "TAO": 210.03, "PAXG": 4171.54, "WLFI": 0.056919, "MNT": 0.536648, "ONDO": 0.357115, "WLD": 0.498732, "ASTER": 0.62389, "RLUSD": 0.999884, "DOT": 0.944838, "UNI": 2.49, "OKB": 72.04, "HTX": 1.65e-06, "USDF": 0.996693, "PI": 0.126559, "SKY": 0.057132, "USDD": 0.998829, "BFUSD": 0.998057, "MORPHO": 1.96, "BGB": 1.77, "ICP": 2.23, "PEPE": 2.77e-06, "ETC": 7.23, "DEXE": 22.07, "ATOM": 1.99, "USDTB": 0.999156, "U": 0.999601, "EUTBL": 1.22, "QNT": 67.04, "BCAP": 106.96, "AAVE": 63.33, "USTB": 11.11, "KCS": 6.72, "JTRSY": 1.11, "KAS": 0.03078759, "RENDER": 1.62, "NEXO": 0.795531, "STABLE": 0.03368762, "POL": 0.073596, "ALGO": 0.087564, "ENA": 0.078934, "VELVET": 1.71, "GT": 6.46, "VVV": 14.66, "JAAA": 1.038, "\u5e01\u5b89\u4eba\u751f": 0.67059, "FLR": 0.0074378, "JST": 0.073686, "GHO": 0.998864, "XDC": 0.02982334, "FIL": 0.747411, "USD0": 0.998668, "YLDS": 0.999634, "NIGHT": 0.03288037, "INJ": 5.38, "JUP": 0.161294, "APT": 0.636635, "A7A5": 0.01324142, "HASH": 0.00954654}}