{"timestamp": 1781760588, "base": "USD", "data": {"BTC": 63914, "ETH": 1728.53, "USDT": 0.998943, "BNB": 588.77, "USDC": 0.999707, "XRP": 1.16, "SOL": 70.9, "TRX": 0.320078, "FIGR_HELOC": 1.02, "HYPE": 69.04, "DOGE": 0.084173, "USDS": 0.999642, "RAIN": 0.01455129, "LEO": 9.7, "XLM": 0.229545, "ZEC": 459.87, "CC": 0.164102, "WBT": 52.76, "XMR": 329.85, "ADA": 0.164567, "LINK": 7.92, "USD1": 0.999637, "USDE": 0.998803, "LAB": 14.33, "GRAM": 1.66, "DAI": 0.999633, "BCH": 206.8, "M": 2.9, "HBAR": 0.079577, "LTC": 44.16, "USYC": 1.13, "SUI": 0.741594, "SHIB": 4.86e-06, "AVAX": 6.6, "NEAR": 2.16, "USDG": 1.0, "PYUSD": 0.999756, "CRO": 0.059034, "XAUT": 4296.69, "BUIDL": 1.0, "TAO": 239.69, "USDY": 1.13, "WLD": 0.622473, "PAXG": 4308.62, "WLFI": 0.061127, "UNI": 3.08, "MNT": 0.540281, "ASTER": 0.658113, "ONDO": 0.356026, "RLUSD": 0.999874, "DOT": 0.97101, "HTX": 1.72e-06, "OKB": 72.75, "USDF": 0.99429, "PI": 0.130314, "USDD": 0.999194, "BFUSD": 0.998738, "SKY": 0.056263, "MORPHO": 1.96, "ICP": 2.28, "BGB": 1.8, "PEPE": 2.86e-06, "ETC": 7.16, "AAVE": 73.0, "QNT": 69.84, "U": 0.999584, "USTB": 11.12, "BCAP": 107.07, "KCS": 7.2, "ATOM": 1.86, "EUTBL": 1.21, "USDTB": 0.999773, "JTRSY": 1.11, "RENDER": 1.67, "ALGO": 0.09704, "ENA": 0.091605, "KAS": 0.03078324, "STABLE": 0.03410528, "NEXO": 0.806039, "POL": 0.075357, "GT": 6.7, "JST": 0.083058, "VVV": 14.95, "\u5e01\u5b89\u4eba\u751f": 0.689796, "JAAA": 1.038, "FLR": 0.00745939, "DEXE": 13.54, "FIL": 0.783489, "BDX": 0.079718, "JUP": 0.183517, "XDC": 0.03006856, "GHO": 0.998648, "YLDS": 0.999738, "USD0": 0.998933, "EURSAFO": 1.16, "HASH": 0.00995934, "ARB": 0.083958, "APT": 0.641045, "INJ": 5.21, "A7A5": 0.01313351}}