{"timestamp": 1778358990, "base": "USD", "data": {"BTC": 80754, "ETH": 2327.38, "USDT": 0.999832, "XRP": 1.42, "BNB": 650.11, "USDC": 0.999824, "SOL": 93.21, "TRX": 0.35101, "FIGR_HELOC": 1.027, "DOGE": 0.109399, "WBT": 59.59, "USDS": 0.999734, "HYPE": 42.96, "ADA": 0.271927, "ZEC": 595.47, "LEO": 10.32, "BCH": 449.86, "LINK": 10.41, "XMR": 410.12, "TON": 2.44, "CC": 0.156064, "XLM": 0.162215, "M": 3.46, "LTC": 58.04, "USD1": 0.999674, "DAI": 0.999653, "AVAX": 9.95, "SUI": 1.066, "HBAR": 0.092736, "USDE": 0.99934, "SHIB": 6.39e-06, "RAIN": 0.00744211, "PYUSD": 0.99983, "CRO": 0.070802, "USYC": 1.12, "TAO": 309.36, "XAUT": 4709.11, "USDG": 0.999907, "BUIDL": 1.0, "UNI": 3.72, "DOT": 1.35, "MNT": 0.684483, "WLFI": 0.070055, "PAXG": 4712.55, "ONDO": 0.423452, "NEAR": 1.56, "ICP": 3.57, "OKB": 87.93, "SKY": 0.079491, "PI": 0.174535, "ASTER": 0.696601, "PEPE": 4.26e-06, "HTX": 1.97e-06, "USDF": 0.997902, "RLUSD": 0.999894, "ETC": 9.54, "BGB": 2.13, "USDD": 1.0, "AAVE": 95.88, "USDY": 1.13, "MORPHO": 2.1, "BFUSD": 0.999299, "JTRSY": 1.1, "ENA": 0.131015, "ALGO": 0.130058, "KCS": 8.43, "QNT": 74.15, "POL": 0.100926, "RENDER": 2.0, "U": 1.0, "KAS": 0.03656117, "EUTBL": 1.24, "USTB": 11.08, "ATOM": 1.94, "BCAP": 105.77, "FIL": 1.22, "SIREN": 1.27, "NEXO": 0.914901, "WLD": 0.271673, "APT": 1.11, "ARB": 0.141932, "GT": 7.52, "JUP": 0.248874, "PUMP": 0.00216393, "STABLE": 0.03408922, "VVV": 15.56, "JST": 0.083476, "FLR": 0.00818701, "PENGU": 0.01067986, "VET": 0.0075968, "DASH": 50.06, "BONK": 7.21e-06, "USDTB": 0.99938, "SKYAI": 0.623206, "BDX": 0.079823, "VIRTUAL": 0.933314, "OUSG": 115.18, "XDC": 0.03031666, "GHO": 0.999756, "TRUMP": 2.46}}