{"timestamp": 1783537807, "base": "USD", "data": {"BTC": 62109, "ETH": 1734.63, "USDT": 0.999089, "BNB": 565.86, "USDC": 0.99985, "XRP": 1.085, "SOL": 77.04, "TRX": 0.33019, "FIGR_HELOC": 1.037, "HYPE": 66.82, "DOGE": 0.072394, "USDS": 0.999759, "RAIN": 0.01456836, "LEO": 9.46, "ZEC": 467.51, "WBT": 55.1, "ADA": 0.166511, "XLM": 0.181152, "XMR": 321.26, "LINK": 7.62, "CC": 0.126323, "BCH": 233.83, "DAI": 0.999675, "USD1": 0.998823, "USDE": 0.998563, "GRAM": 1.58, "LTC": 43.5, "USDG": 1.0, "USYC": 1.13, "HBAR": 0.069345, "SUI": 0.710317, "PYUSD": 1.0, "AVAX": 6.45, "CRO": 0.056507, "SHIB": 4.25e-06, "XAUT": 4076.36, "NEAR": 1.88, "BUIDL": 1.0, "USDY": 1.13, "UNI": 3.35, "TAO": 204.17, "WLFI": 0.059247, "PAXG": 4079.59, "M": 1.28, "HTX": 1.87e-06, "ASTER": 0.620934, "OKB": 78.66, "RLUSD": 0.99989, "ONDO": 0.315115, "USDD": 1.001, "USDF": 0.996873, "DOT": 0.825891, "MNT": 0.417389, "WLD": 0.386244, "MORPHO": 2.07, "DEXE": 28.92, "AAVE": 88.4, "BFUSD": 0.998173, "SKY": 0.055715, "ICP": 2.2, "BGB": 1.65, "PI": 0.101573, "PEPE": 2.59e-06, "ETC": 6.89, "U": 0.999704, "EUTBL": 1.21, "BCAP": 106.63, "QNT": 64.88, "KCS": 6.86, "JTRSY": 1.11, "USDGO": 1.0, "USTB": 11.14, "STABLE": 0.03480984, "JST": 0.096328, "POL": 0.07597, "ATOM": 1.56, "KAS": 0.02934955, "RENDER": 1.54, "ALGO": 0.084533, "ADI": 5.97, "BEAT": 2.41, "NEXO": 0.734281, "USDTB": 1.0, "BDX": 0.091297, "JUP": 0.215883, "\u5e01\u5b89\u4eba\u751f": 0.713508, "EURSAFO": 1.15, "ENA": 0.073962, "GT": 6.59, "JAAA": 1.04, "FIL": 0.767049, "PUMP": 0.00150836, "GHO": 0.998098, "LIT": 2.38, "FLR": 0.00654931, "USD0": 0.998538, "XDC": 0.02704137, "YLDS": 0.999732, "VVV": 11.24, "NIGHT": 0.03170666}}