{"timestamp": 1779666779, "base": "USD", "data": {"BTC": 77032, "ETH": 2100.74, "USDT": 0.998761, "BNB": 656.29, "XRP": 1.35, "USDC": 0.999739, "SOL": 85.3, "TRX": 0.365143, "FIGR_HELOC": 1.03, "DOGE": 0.102241, "HYPE": 62.99, "USDS": 0.999687, "ZEC": 666.52, "LEO": 10.04, "ADA": 0.24227, "XMR": 392.08, "BCH": 347.11, "LINK": 9.44, "WBT": 56.8, "CC": 0.1663, "XLM": 0.147474, "USD1": 0.998879, "TON": 1.76, "USDE": 0.998724, "DAI": 0.999448, "SUI": 1.033, "LTC": 52.75, "AVAX": 9.22, "HBAR": 0.088416, "M": 2.87, "RAIN": 0.00758753, "PYUSD": 1.0, "SHIB": 5.57e-06, "NEAR": 2.4, "CRO": 0.068929, "USYC": 1.13, "USDG": 0.999984, "XAUT": 4555.55, "TAO": 275.48, "BUIDL": 1.0, "UNI": 3.39, "MNT": 0.651718, "PAXG": 4565.1, "ONDO": 0.439684, "USDY": 1.13, "DOT": 1.25, "WLFI": 0.06135, "HTX": 2.01e-06, "ASTER": 0.703722, "USDF": 0.996514, "OKB": 83.12, "RLUSD": 1.0, "SKY": 0.069986, "PI": 0.148772, "USDD": 0.999484, "PEPE": 3.57e-06, "MORPHO": 2.25, "ICP": 2.56, "ETC": 8.91, "BGB": 1.98, "BFUSD": 0.9986, "AAVE": 85.59, "QNT": 80.04, "USDTB": 0.999012, "KCS": 8.06, "EUTBL": 1.23, "RENDER": 2.02, "ATOM": 2.05, "U": 0.999457, "WLD": 0.291667, "ALGO": 0.11174, "USTB": 11.09, "BCAP": 105.74, "POL": 0.090348, "JTRSY": 1.1, "KAS": 0.03335441, "ENA": 0.098731, "VVV": 19.22, "NEXO": 0.856029, "STABLE": 0.03596171, "JST": 0.092926, "APT": 0.944538, "FIL": 0.955494, "GT": 7.0, "FLR": 0.00829636, "DEXE": 15.19, "JUP": 0.201053, "ARB": 0.105577, "PUMP": 0.00173681, "XDC": 0.03076742, "BDX": 0.078795, "DASH": 45.93, "GHO": 0.998831, "HASH": 0.01078624, "VET": 0.00662232, "PENGU": 0.00896141, "NIGHT": 0.03348934, "USD0": 0.998434, "OUSG": 115.33, "BONK": 6.01e-06}}