{"timestamp": 1780492156, "base": "USD", "data": {"BTC": 66940, "ETH": 1870.14, "USDT": 0.998634, "BNB": 634.32, "XRP": 1.23, "USDC": 0.999666, "SOL": 75.01, "TRX": 0.332774, "FIGR_HELOC": 1.035, "HYPE": 73.43, "DOGE": 0.09399, "USDS": 0.999644, "ZEC": 613.49, "LEO": 10.1, "RAIN": 0.0140341, "ADA": 0.215206, "XLM": 0.229799, "XMR": 348.58, "LINK": 8.52, "CC": 0.152662, "WBT": 48.97, "LAB": 17.62, "TON": 2.0, "BCH": 249.7, "USD1": 0.998624, "USDE": 0.998627, "DAI": 0.999635, "M": 3.31, "NEAR": 2.96, "HBAR": 0.087368, "LTC": 48.09, "AVAX": 8.29, "SUI": 0.830558, "SHIB": 5.31e-06, "PYUSD": 0.999921, "USYC": 1.13, "CRO": 0.063328, "XAUT": 4436.23, "USDG": 0.999852, "BUIDL": 1.0, "TAO": 229.87, "USDY": 1.13, "PAXG": 4453.35, "ONDO": 0.42334, "MNT": 0.611614, "WLFI": 0.06098, "DOT": 1.12, "RLUSD": 0.999858, "UNI": 2.9, "OKB": 83.91, "ASTER": 0.679241, "WLD": 0.515113, "ICP": 3.09, "SKY": 0.068742, "HTX": 1.76e-06, "USDF": 0.993061, "PI": 0.140004, "USDD": 0.999792, "PEPE": 3.21e-06, "BGB": 1.93, "BFUSD": 0.998103, "MORPHO": 1.94, "ETC": 7.88, "AAVE": 76.26, "RENDER": 2.23, "H": 0.593221, "QNT": 73.58, "KCS": 7.56, "USDTB": 0.999251, "EUTBL": 1.22, "ALGO": 0.111472, "POL": 0.093203, "DEXE": 21.21, "ATOM": 1.91, "BCAP": 107.16, "VVV": 20.71, "ENA": 0.106964, "USTB": 11.1, "U": 0.999601, "STABLE": 0.03870758, "JTRSY": 1.11, "KAS": 0.03097139, "NEXO": 0.83454, "FIL": 0.953195, "GT": 6.8, "JST": 0.083082, "APT": 0.853185, "JUP": 0.2089, "INJ": 6.72, "XDC": 0.0318659, "\u5e01\u5b89\u4eba\u751f": 0.628661, "FLR": 0.0072838, "NIGHT": 0.03755341, "PUMP": 0.00177317, "BDX": 0.078661, "ARB": 0.096315, "FET": 0.265101, "GHO": 0.99926, "HASH": 0.01074725, "USD0": 0.998471}}