{"timestamp": 1777361971, "base": "USD", "data": {"BTC": 76765, "ETH": 2281.3, "USDT": 0.999871, "XRP": 1.39, "BNB": 623.51, "USDC": 0.999786, "SOL": 83.93, "TRX": 0.323669, "FIGR_HELOC": 1.031, "DOGE": 0.099526, "WBT": 54.21, "USDS": 0.999974, "HYPE": 40.48, "LEO": 10.37, "ADA": 0.246892, "BCH": 445.92, "XMR": 378.66, "LINK": 9.24, "CC": 0.149724, "ZEC": 337.85, "XLM": 0.164566, "M": 3.52, "USD1": 0.999538, "DAI": 0.999753, "LTC": 55.18, "AVAX": 9.17, "HBAR": 0.089108, "USDE": 0.999086, "SUI": 0.922777, "SHIB": 6.13e-06, "RAIN": 0.00735657, "PYUSD": 0.999939, "TON": 1.31, "CRO": 0.069339, "USYC": 1.12, "XAUT": 4624.72, "USDG": 0.99984, "TAO": 248.61, "WLFI": 0.073376, "BUIDL": 1.0, "PAXG": 4623.29, "MNT": 0.631838, "DOT": 1.22, "SKY": 0.088615, "UNI": 3.21, "PI": 0.188063, "USDF": 0.997892, "OKB": 83.68, "NEAR": 1.35, "HTX": 1.83e-06, "ASTER": 0.636691, "PEPE": 3.85e-06, "RLUSD": 0.999843, "AAVE": 97.25, "USDD": 1.0, "BGB": 1.96, "JTRSY": 1.1, "ICP": 2.41, "USDY": 1.13, "BFUSD": 0.999179, "ETC": 8.39, "ONDO": 0.261746, "GT": 7.28, "KCS": 8.41, "MORPHO": 1.92, "USTB": 11.06, "PUMP": 0.00176193, "EUTBL": 1.23, "U": 0.999275, "ALGO": 0.114239, "QNT": 69.39, "ATOM": 1.98, "POL": 0.091737, "BCAP": 105.75, "ENA": 0.105249, "RENDER": 1.76, "KAS": 0.032942, "NEXO": 0.88935, "WLD": 0.249834, "STABLE": 0.03599182, "ARB": 0.126486, "APT": 0.959424, "HASH": 0.01244521, "FIL": 0.920092, "JST": 0.082188, "JUP": 0.191626, "DEXE": 14.65, "FLR": 0.00767165, "PENGU": 0.01005929, "VET": 0.00718217, "BDX": 0.079782, "XDC": 0.03017026, "OUSG": 115.06, "USDTB": 1.0, "GHO": 0.999174, "TRUMP": 2.48, "NIGHT": 0.03373535, "USD0": 0.99819, "BONK": 6.16e-06, "YLDS": 0.999885}}