{"timestamp": 1778931948, "base": "USD", "data": {"BTC": 78124, "ETH": 2178.24, "USDT": 0.999486, "BNB": 655.57, "XRP": 1.41, "USDC": 0.999786, "SOL": 86.18, "TRX": 0.351992, "FIGR_HELOC": 1.031, "DOGE": 0.109269, "WBT": 57.55, "USDS": 0.99974, "HYPE": 40.98, "ADA": 0.254435, "LEO": 9.82, "ZEC": 500.68, "BCH": 412.4, "LINK": 9.67, "XMR": 380.91, "CC": 0.148375, "TON": 1.91, "XLM": 0.151611, "USD1": 0.999947, "DAI": 0.999676, "LTC": 55.94, "USDE": 0.999705, "SUI": 1.049, "M": 3.17, "AVAX": 9.27, "HBAR": 0.091136, "RAIN": 0.00731693, "SHIB": 5.91e-06, "PYUSD": 0.999857, "CRO": 0.071118, "USDG": 0.999818, "USYC": 1.12, "BUIDL": 1.0, "XAUT": 4523.74, "TAO": 272.78, "UNI": 3.49, "DOT": 1.26, "PAXG": 4518.89, "MNT": 0.643753, "WLFI": 0.061079, "NEAR": 1.49, "USDY": 1.13, "USDF": 0.997924, "HTX": 1.95e-06, "OKB": 83.02, "ASTER": 0.661164, "ONDO": 0.345594, "PI": 0.159585, "SKY": 0.069288, "PEPE": 3.74e-06, "RLUSD": 0.99995, "USDD": 0.999799, "ICP": 2.59, "BGB": 2.01, "ETC": 8.87, "AAVE": 89.21, "BFUSD": 0.999101, "QNT": 83.44, "MORPHO": 1.75, "KCS": 8.05, "USDTB": 0.999588, "JTRSY": 1.1, "U": 0.999578, "EUTBL": 1.22, "USTB": 11.08, "ATOM": 1.96, "ALGO": 0.110675, "BCAP": 105.87, "ENA": 0.106438, "POL": 0.089405, "RENDER": 1.82, "KAS": 0.03407162, "NEXO": 0.851246, "WLD": 0.238672, "FLR": 0.0092523, "APT": 0.949152, "JST": 0.090924, "FIL": 0.969251, "GT": 7.11, "STABLE": 0.03318857, "ARB": 0.119184, "JUP": 0.200479, "XDC": 0.03291485, "PUMP": 0.0017437, "BDX": 0.078862, "DEXE": 13.02, "VVV": 12.71, "VET": 0.00682149, "GHO": 0.99933, "HASH": 0.01059682, "OUSG": 115.25, "USD0": 0.99808, "BONK": 6.23e-06, "PENGU": 0.00847498, "NIGHT": 0.03194417, "YLDS": 0.99986}}