{"timestamp": 1780765318, "base": "USD", "data": {"BTC": 60771, "ETH": 1563.8, "USDT": 0.99946, "BNB": 574.26, "USDC": 0.999712, "XRP": 1.095, "SOL": 62.05, "TRX": 0.321876, "FIGR_HELOC": 1.03, "HYPE": 57.95, "DOGE": 0.08112, "USDS": 0.999687, "LEO": 9.55, "RAIN": 0.01288868, "XLM": 0.211616, "CC": 0.158079, "ZEC": 359.67, "ADA": 0.159692, "XMR": 303.31, "LINK": 7.37, "WBT": 43.26, "USD1": 0.998886, "USDE": 0.999452, "BCH": 215.57, "TON": 1.62, "DAI": 0.999355, "M": 2.82, "HBAR": 0.079344, "LTC": 41.94, "LAB": 9.36, "AVAX": 6.69, "SUI": 0.714628, "PYUSD": 0.999732, "USYC": 1.13, "SHIB": 4.55e-06, "XAUT": 4283.33, "CRO": 0.058566, "USDG": 1.0, "NEAR": 1.89, "BUIDL": 1.0, "USDY": 1.13, "PAXG": 4289.82, "TAO": 196.25, "WLFI": 0.056267, "MNT": 0.518527, "RLUSD": 1.0, "ONDO": 0.329263, "ASTER": 0.620236, "DOT": 0.941107, "HTX": 1.73e-06, "UNI": 2.45, "USDF": 0.996031, "OKB": 69.08, "USDD": 0.999695, "WLD": 0.402123, "BFUSD": 0.9994, "PI": 0.123309, "SKY": 0.055621, "BGB": 1.85, "ICP": 2.3, "PEPE": 2.67e-06, "H": 0.591506, "MORPHO": 1.64, "ETC": 6.78, "USDTB": 0.999995, "U": 0.999904, "EUTBL": 1.21, "BCAP": 107.06, "USTB": 11.1, "DEXE": 20.0, "QNT": 64.12, "AAVE": 60.55, "JTRSY": 1.11, "ENA": 0.091261, "RENDER": 1.61, "KAS": 0.0303692, "ATOM": 1.62, "KCS": 6.18, "ALGO": 0.093128, "POL": 0.076401, "STABLE": 0.0329935, "VVV": 16.16, "NEXO": 0.73701, "\u5e01\u5b89\u4eba\u751f": 0.713298, "JST": 0.082666, "BEAT": 2.24, "GT": 6.13, "BDX": 0.078635, "GHO": 0.999332, "XDC": 0.02923761, "SIREN": 0.790679, "FLR": 0.00669678, "FIL": 0.725609, "USD0": 0.99843, "APT": 0.650988, "YLDS": 0.999774, "A7A5": 0.0131386, "NIGHT": 0.03103169, "INJ": 5.12, "JUP": 0.153722}}