{"timestamp": 1780287538, "base": "USD", "data": {"BTC": 73512, "ETH": 2000.89, "USDT": 0.998613, "BNB": 699.83, "XRP": 1.33, "USDC": 0.999646, "SOL": 82.23, "TRX": 0.350299, "FIGR_HELOC": 1.017, "HYPE": 73.07, "DOGE": 0.100619, "USDS": 0.999677, "ZEC": 570.19, "LEO": 9.98, "RAIN": 0.01432767, "XLM": 0.263861, "ADA": 0.235902, "XMR": 358.28, "LINK": 9.13, "WBT": 53.86, "BCH": 299.75, "CC": 0.155462, "TON": 1.98, "USD1": 0.998541, "USDE": 0.998543, "DAI": 0.999585, "HBAR": 0.096412, "LAB": 10.18, "LTC": 51.79, "AVAX": 8.98, "M": 2.92, "SUI": 0.893276, "SHIB": 5.51e-06, "NEAR": 2.37, "PYUSD": 0.999533, "CRO": 0.067045, "USYC": 1.13, "XAUT": 4493.48, "USDG": 0.999887, "TAO": 254.72, "BUIDL": 1.0, "MNT": 0.65566, "USDY": 1.13, "PAXG": 4502.59, "DOT": 1.19, "UNI": 3.01, "OKB": 91.14, "WLFI": 0.059396, "ASTER": 0.723578, "ONDO": 0.368528, "RLUSD": 0.999757, "HTX": 1.85e-06, "USDF": 0.994796, "SKY": 0.068977, "PI": 0.148927, "ICP": 2.82, "BGB": 2.09, "USDD": 0.997758, "PEPE": 3.41e-06, "WLD": 0.391705, "BFUSD": 0.998249, "MORPHO": 2.06, "ETC": 8.15, "AAVE": 82.28, "H": 0.624387, "ALGO": 0.125291, "RENDER": 2.11, "U": 0.999599, "KCS": 7.86, "USDTB": 0.998766, "QNT": 71.32, "EUTBL": 1.23, "ATOM": 1.96, "POL": 0.092677, "BCAP": 107.16, "VVV": 19.41, "USTB": 11.1, "STABLE": 0.03917261, "DEXE": 19.3, "JTRSY": 1.1, "NEXO": 0.851718, "KAS": 0.03057104, "JST": 0.095555, "ENA": 0.088824, "APT": 0.950934, "GT": 7.18, "FIL": 0.946976, "XDC": 0.03374785, "INJ": 6.57, "FLR": 0.00767913, "\u5e01\u5b89\u4eba\u751f": 0.652367, "JUP": 0.194501, "ARB": 0.103104, "NIGHT": 0.0380826, "PUMP": 0.00179469, "FET": 0.275891, "BDX": 0.078577, "HASH": 0.01123777, "GHO": 0.999132, "USD0": 0.998422}}