{"timestamp": 1782959469, "base": "USD", "data": {"BTC": 60122, "ETH": 1616.75, "USDT": 0.998833, "BNB": 549.56, "USDC": 0.999718, "XRP": 1.057, "SOL": 78.11, "TRX": 0.316154, "FIGR_HELOC": 1.028, "HYPE": 62.84, "DOGE": 0.072383, "RAIN": 0.0155485, "USDS": 0.999641, "LEO": 9.23, "ZEC": 416.46, "XLM": 0.197593, "WBT": 54.84, "XMR": 309.7, "ADA": 0.154292, "LINK": 7.39, "CC": 0.141451, "USD1": 0.998582, "DAI": 0.999883, "USDE": 0.99843, "BCH": 215.56, "GRAM": 1.56, "LTC": 42.87, "HBAR": 0.073086, "USYC": 1.13, "USDG": 0.999907, "SUI": 0.721278, "AVAX": 6.67, "LAB": 9.21, "PYUSD": 1.0, "CRO": 0.055953, "SHIB": 4.3e-06, "XAUT": 4042.66, "NEAR": 1.88, "BUIDL": 1.0, "USDY": 1.14, "TAO": 205.2, "WLFI": 0.058224, "PAXG": 4044.01, "UNI": 2.82, "ASTER": 0.631141, "OKB": 80.29, "M": 1.23, "ONDO": 0.331686, "RLUSD": 0.999977, "HTX": 1.66e-06, "USDF": 0.995398, "DOT": 0.838868, "MNT": 0.428661, "MORPHO": 2.15, "USDD": 0.998849, "BFUSD": 0.998281, "WLD": 0.371041, "AAVE": 84.54, "PI": 0.11518, "SKY": 0.052446, "ICP": 2.19, "BGB": 1.62, "ETC": 7.02, "DEXE": 23.12, "U": 0.999601, "PEPE": 2.34e-06, "QNT": 67.15, "BCAP": 106.97, "KCS": 6.95, "EUTBL": 1.2, "JTRSY": 1.11, "BEAT": 2.81, "USTB": 11.13, "USDGO": 0.999911, "KAS": 0.03077212, "STABLE": 0.03469203, "ATOM": 1.55, "RENDER": 1.52, "JUP": 0.236678, "POL": 0.071784, "ALGO": 0.085128, "NEXO": 0.747911, "JST": 0.087214, "USDTB": 1.0, "ADI": 5.61, "GT": 6.57, "\u5e01\u5b89\u4eba\u751f": 0.697036, "ENA": 0.074617, "JAAA": 1.04, "BDX": 0.086872, "EURSAFO": 1.15, "VELVET": 1.47, "VVV": 13.12, "GHO": 0.997967, "FIL": 0.745741, "PUMP": 0.00141482, "YLDS": 0.999745, "XDC": 0.02799421, "FLR": 0.00639308, "USD0": 0.998519}}