{"timestamp": 1784587742, "base": "USD", "data": {"BTC": 65096, "ETH": 1894.32, "USDT": 0.999269, "BNB": 569.62, "USDC": 0.999894, "XRP": 1.11, "SOL": 77.43, "TRX": 0.326347, "FIGR_HELOC": 1.001, "HYPE": 62.27, "DOGE": 0.071741, "USDS": 0.999873, "RAIN": 0.01407564, "ZEC": 547.25, "LEO": 9.73, "WBT": 56.71, "XLM": 0.188144, "LINK": 8.52, "XMR": 337.7, "ADA": 0.168991, "CC": 0.12465, "DAI": 0.999789, "BCH": 219.91, "USD1": 0.999198, "USDE": 0.999872, "GRAM": 1.43, "LTC": 47.29, "USDG": 0.999389, "SUI": 0.759923, "USYC": 1.13, "HBAR": 0.066421, "PYUSD": 0.999839, "AVAX": 6.55, "CRO": 0.057184, "NEAR": 1.96, "BUIDL": 1.0, "SHIB": 4.22e-06, "XAUT": 4005.02, "UNI": 3.6, "USDY": 1.14, "TAO": 194.51, "WLFI": 0.056916, "PAXG": 4000.05, "ONDO": 0.353108, "OKB": 81.3, "ASTER": 0.623799, "DEXE": 35.83, "HTX": 1.85e-06, "RLUSD": 0.999993, "M": 1.21, "USDD": 0.999167, "SKY": 0.061435, "USDF": 0.995387, "MNT": 0.423192, "DOT": 0.820708, "AAVE": 89.42, "WLD": 0.375666, "BFUSD": 0.998325, "MORPHO": 1.99, "PEPE": 2.89e-06, "ICP": 2.19, "BGB": 1.65, "ETC": 6.9, "PI": 0.0962, "U": 1.0, "EUTBL": 1.2, "USDGO": 1.0, "BCAP": 106.19, "QNT": 64.52, "KCS": 6.67, "STABLE": 0.03612575, "JTRSY": 1.11, "POL": 0.080308, "ADI": 6.74, "EURSAFO": 1.15, "JST": 0.101746, "PUMP": 0.00200647, "ENA": 0.081978, "RENDER": 1.51, "KAS": 0.02830011, "ATOM": 1.49, "USTB": 11.15, "BEAT": 2.48, "NEXO": 0.763765, "ALGO": 0.083172, "GT": 6.76, "JAAA": 1.041, "BDX": 0.082474, "GHO": 0.998636, "JUP": 0.194744, "\u5e01\u5b89\u4eba\u751f": 0.634079, "ARB": 0.089435, "FIL": 0.731788, "XDC": 0.02822437, "FLR": 0.0064437, "YLDS": 0.999932, "USD0": 0.999074, "LIT": 2.18, "VVV": 11.39, "INJ": 5.33}}