{"timestamp": 1777233578, "base": "USD", "data": {"BTC": 78243, "ETH": 2369.04, "USDT": 1.0, "XRP": 1.43, "BNB": 635.86, "USDC": 0.999789, "SOL": 86.9, "TRX": 0.323927, "FIGR_HELOC": 1.02, "DOGE": 0.099293, "WBT": 55.49, "USDS": 0.999904, "HYPE": 42.0, "LEO": 10.29, "ADA": 0.252624, "BCH": 454.12, "XMR": 393.81, "LINK": 9.49, "ZEC": 357.81, "CC": 0.149349, "XLM": 0.171404, "M": 4.31, "DAI": 0.999696, "USD1": 1.0, "LTC": 56.38, "AVAX": 9.48, "HBAR": 0.092664, "USDE": 0.999338, "SUI": 0.947171, "SHIB": 6.21e-06, "RAIN": 0.00741256, "PYUSD": 1.0, "TON": 1.3, "CRO": 0.070249, "USYC": 1.12, "XAUT": 4705.68, "TAO": 252.01, "USDG": 0.999868, "WLFI": 0.075012, "PAXG": 4706.0, "BUIDL": 1.0, "MNT": 0.657688, "DOT": 1.27, "UNI": 3.3, "SKY": 0.088531, "PI": 0.182841, "NEAR": 1.39, "USDF": 0.997172, "OKB": 84.5, "PEPE": 3.91e-06, "HTX": 1.82e-06, "ASTER": 0.65912, "RLUSD": 1.0, "AAVE": 97.11, "USDD": 1.001, "JTRSY": 1.1, "BGB": 1.98, "ICP": 2.46, "ETC": 8.53, "USDY": 1.13, "BFUSD": 0.999697, "ONDO": 0.268545, "MORPHO": 1.97, "KCS": 8.55, "GT": 7.35, "ALGO": 0.118862, "PUMP": 0.00176516, "EUTBL": 1.23, "USTB": 11.06, "QNT": 70.76, "U": 0.999552, "ATOM": 2.01, "POL": 0.092489, "ENA": 0.109373, "RENDER": 1.82, "KAS": 0.0339366, "NEXO": 0.909246, "WLD": 0.259414, "ARB": 0.130469, "APT": 0.988497, "STABLE": 0.03433547, "BCAP": 82.76, "FIL": 0.947506, "JST": 0.080168, "FLR": 0.007946, "DEXE": 13.83, "JUP": 0.181987, "VET": 0.00739139, "BDX": 0.080093, "TRUMP": 2.63, "OUSG": 115.03, "NIGHT": 0.03571331, "XDC": 0.02977274, "HASH": 0.01029132, "USDTB": 1.0, "GHO": 0.999272, "PENGU": 0.00899707, "USD0": 0.998068, "BONK": 6.3e-06, "YLDS": 0.999995}}