{"timestamp": 1779018917, "base": "USD", "data": {"BTC": 78374, "ETH": 2191.2, "USDT": 0.99959, "BNB": 654.92, "XRP": 1.42, "USDC": 0.999814, "SOL": 86.88, "TRX": 0.356192, "FIGR_HELOC": 1.039, "DOGE": 0.111496, "WBT": 57.77, "USDS": 0.999717, "HYPE": 42.98, "ADA": 0.256609, "LEO": 10.05, "ZEC": 513.35, "BCH": 414.1, "XMR": 394.92, "LINK": 9.79, "CC": 0.154503, "TON": 1.96, "XLM": 0.151962, "USD1": 0.999906, "DAI": 0.999554, "USDE": 1.0, "LTC": 56.35, "SUI": 1.073, "M": 3.18, "AVAX": 9.36, "HBAR": 0.091609, "RAIN": 0.00751362, "PYUSD": 0.99979, "SHIB": 5.84e-06, "CRO": 0.071723, "USDG": 0.999776, "USYC": 1.12, "XAUT": 4537.83, "BUIDL": 1.0, "TAO": 273.48, "UNI": 3.57, "DOT": 1.28, "PAXG": 4535.52, "MNT": 0.644357, "NEAR": 1.55, "WLFI": 0.060718, "USDY": 1.13, "HTX": 1.96e-06, "USDF": 0.998409, "OKB": 83.63, "ONDO": 0.356091, "ASTER": 0.666235, "PI": 0.159773, "SKY": 0.070182, "PEPE": 3.77e-06, "RLUSD": 1.0, "USDD": 0.999903, "ICP": 2.63, "ETC": 9.09, "BGB": 2.0, "AAVE": 91.02, "BFUSD": 0.998898, "QNT": 79.68, "MORPHO": 1.78, "KCS": 8.12, "USDTB": 0.999458, "JTRSY": 1.1, "ATOM": 2.09, "U": 0.999483, "EUTBL": 1.22, "USTB": 11.08, "POL": 0.092406, "ALGO": 0.110136, "ENA": 0.107429, "BCAP": 105.87, "RENDER": 1.84, "KAS": 0.0344257, "NEXO": 0.88216, "WLD": 0.24323, "STABLE": 0.03529884, "FLR": 0.00921824, "APT": 0.965588, "GT": 7.19, "JST": 0.089466, "FIL": 0.974311, "ARB": 0.121842, "JUP": 0.200877, "VVV": 14.16, "XDC": 0.03170137, "PUMP": 0.00175459, "DEXE": 13.11, "BDX": 0.078677, "VET": 0.00683295, "GHO": 0.999603, "HASH": 0.0109152, "USD0": 0.998106, "OUSG": 115.25, "BONK": 6.27e-06, "PENGU": 0.00857196, "DASH": 41.85, "YLDS": 0.999801}}