{"timestamp": 1783767374, "base": "USD", "data": {"BTC": 64122, "ETH": 1796.85, "USDT": 0.999123, "BNB": 577.96, "USDC": 0.999906, "XRP": 1.11, "SOL": 77.99, "TRX": 0.329162, "FIGR_HELOC": 1.033, "HYPE": 66.78, "DOGE": 0.074498, "USDS": 0.999765, "RAIN": 0.01436453, "LEO": 9.57, "ZEC": 502.87, "WBT": 56.12, "XLM": 0.189893, "ADA": 0.167198, "XMR": 321.75, "LINK": 7.98, "CC": 0.134738, "BCH": 245.32, "DAI": 0.999822, "GRAM": 1.66, "USD1": 0.999031, "USDE": 0.999732, "LTC": 44.99, "USDG": 0.999517, "USYC": 1.13, "SUI": 0.739089, "HBAR": 0.067351, "AVAX": 6.71, "BUIDL": 1.0, "PYUSD": 0.999781, "SHIB": 4.39e-06, "CRO": 0.055989, "XAUT": 4106.83, "NEAR": 1.89, "UNI": 3.58, "USDY": 1.14, "TAO": 211.94, "PAXG": 4110.35, "WLFI": 0.057997, "OKB": 80.69, "M": 1.28, "ASTER": 0.627224, "DEXE": 35.86, "HTX": 1.84e-06, "ONDO": 0.330959, "USDD": 0.999112, "RLUSD": 0.999977, "DOT": 0.877692, "AAVE": 97.04, "USDF": 0.996291, "MNT": 0.427303, "SKY": 0.059858, "WLD": 0.395964, "MORPHO": 2.11, "BFUSD": 0.99865, "ICP": 2.28, "PEPE": 2.78e-06, "BGB": 1.65, "ETC": 7.09, "PI": 0.098538, "U": 0.999679, "EUTBL": 1.2, "QNT": 67.24, "BCAP": 106.63, "KCS": 7.01, "USDGO": 1.0, "BEAT": 2.95, "JTRSY": 1.11, "STABLE": 0.03545247, "POL": 0.080082, "JST": 0.099069, "ATOM": 1.59, "RENDER": 1.57, "KAS": 0.02955842, "ADI": 6.37, "USTB": 11.14, "ENA": 0.081825, "EURSAFO": 1.15, "ALGO": 0.085778, "NEXO": 0.748196, "USDTB": 1.0, "GT": 6.76, "BDX": 0.08893, "JAAA": 1.041, "JUP": 0.205903, "\u5e01\u5b89\u4eba\u751f": 0.675977, "LIT": 2.58, "FIL": 0.789888, "GHO": 0.998333, "ARB": 0.092404, "PUMP": 0.00143569, "FLR": 0.0066287, "USD0": 0.998201, "XDC": 0.02714525, "YLDS": 0.999704, "APT": 0.632435}}