{"timestamp": 1784650784, "base": "USD", "data": {"BTC": 66552, "ETH": 1927.41, "USDT": 0.999382, "BNB": 575.09, "USDC": 0.999887, "XRP": 1.15, "SOL": 78.03, "TRX": 0.328618, "FIGR_HELOC": 1.001, "HYPE": 61.81, "DOGE": 0.073367, "USDS": 0.999924, "RAIN": 0.01416698, "ZEC": 541.39, "LEO": 9.71, "WBT": 57.91, "XLM": 0.19325, "XMR": 346.57, "ADA": 0.174435, "LINK": 8.68, "CC": 0.125651, "DAI": 0.99986, "BCH": 225.09, "USD1": 0.999273, "GRAM": 1.53, "USDE": 0.999826, "LTC": 47.68, "USDG": 0.999656, "SUI": 0.767105, "HBAR": 0.068559, "USYC": 1.13, "AVAX": 6.61, "CRO": 0.058723, "PYUSD": 0.99973, "NEAR": 1.95, "BUIDL": 1.0, "SHIB": 4.28e-06, "XAUT": 4071.25, "UNI": 3.67, "USDY": 1.14, "ONDO": 0.40352, "TAO": 199.54, "PAXG": 4068.47, "WLFI": 0.056665, "OKB": 82.14, "ASTER": 0.627015, "HTX": 1.85e-06, "RLUSD": 0.999999, "M": 1.19, "USDD": 0.999172, "SKY": 0.06352, "AAVE": 96.18, "DOT": 0.852174, "USDF": 0.995258, "MNT": 0.42857, "WLD": 0.378593, "MORPHO": 2.02, "BFUSD": 0.998616, "ICP": 2.23, "PEPE": 2.9e-06, "BGB": 1.69, "ETC": 7.0, "U": 0.999861, "EUTBL": 1.2, "PI": 0.092767, "USDGO": 1.0, "BCAP": 106.2, "STABLE": 0.03872925, "QNT": 64.59, "KCS": 6.71, "JTRSY": 1.11, "POL": 0.08009, "ADI": 6.77, "EURSAFO": 1.15, "ENA": 0.086019, "JST": 0.100441, "RENDER": 1.54, "PUMP": 0.00196541, "KAS": 0.02855698, "ATOM": 1.49, "NEXO": 0.770607, "USTB": 11.15, "ALGO": 0.084838, "BEAT": 2.32, "GT": 6.73, "JAAA": 1.042, "JUP": 0.198732, "BDX": 0.082828, "GHO": 0.99893, "FIL": 0.754648, "\u5e01\u5b89\u4eba\u751f": 0.60315, "VVV": 12.57, "ARB": 0.089554, "LIT": 2.32, "XDC": 0.02914088, "FLR": 0.00660577, "YLDS": 0.999875, "USD0": 0.999344, "INJ": 5.3, "USX": 0.999863}}