{"timestamp": 1783932720, "base": "USD", "data": {"BTC": 63145, "ETH": 1790.35, "USDT": 0.99914, "BNB": 570.05, "USDC": 0.999792, "XRP": 1.08, "SOL": 76.62, "TRX": 0.329889, "FIGR_HELOC": 1.041, "HYPE": 65.65, "DOGE": 0.072475, "USDS": 0.999719, "RAIN": 0.0143808, "ZEC": 522.11, "LEO": 9.52, "WBT": 55.35, "XLM": 0.184041, "XMR": 329.59, "LINK": 7.99, "ADA": 0.160121, "CC": 0.133044, "BCH": 238.73, "DAI": 0.999999, "USD1": 0.99872, "GRAM": 1.61, "USDE": 0.999662, "LTC": 43.91, "USDG": 1.0, "USYC": 1.13, "SUI": 0.734812, "HBAR": 0.067702, "BUIDL": 1.0, "PYUSD": 0.999732, "AVAX": 6.51, "CRO": 0.055501, "NEAR": 1.92, "XAUT": 4066.01, "SHIB": 4.22e-06, "UNI": 3.56, "USDY": 1.13, "DEXE": 45.57, "TAO": 208.25, "WLFI": 0.057943, "PAXG": 4067.46, "OKB": 80.38, "ASTER": 0.623919, "HTX": 1.84e-06, "M": 1.24, "USDD": 0.99913, "ONDO": 0.31976, "RLUSD": 0.999725, "WLD": 0.416497, "AAVE": 95.65, "USDF": 0.996309, "DOT": 0.834371, "MNT": 0.424169, "SKY": 0.059344, "BFUSD": 0.998119, "MORPHO": 1.95, "ICP": 2.21, "PEPE": 2.73e-06, "BGB": 1.64, "ETC": 6.97, "U": 0.998991, "EUTBL": 1.21, "BCAP": 106.63, "QNT": 66.11, "KCS": 6.92, "PI": 0.085982, "USDGO": 0.999899, "STABLE": 0.03684874, "POL": 0.08183, "JTRSY": 1.11, "ADI": 6.94, "JST": 0.099948, "BEAT": 2.64, "ATOM": 1.55, "RENDER": 1.52, "USTB": 11.14, "KAS": 0.02844405, "EURSAFO": 1.15, "ENA": 0.079032, "ALGO": 0.082906, "USDTB": 1.0, "NEXO": 0.724758, "GT": 6.68, "\u5e01\u5b89\u4eba\u751f": 0.703642, "BDX": 0.088441, "JAAA": 1.041, "JUP": 0.20251, "FIL": 0.762981, "PUMP": 0.00150526, "LIT": 2.41, "GHO": 0.998217, "ARB": 0.092641, "FLR": 0.00646374, "USD0": 0.998278, "XDC": 0.02704647, "YLDS": 0.999977, "CAKE": 1.4}}