{"timestamp": 1781464324, "base": "USD", "data": {"BTC": 63737, "ETH": 1662.09, "USDT": 0.999427, "BNB": 603.85, "USDC": 1.0, "XRP": 1.13, "SOL": 67.43, "TRX": 0.318792, "FIGR_HELOC": 1.018, "HYPE": 60.31, "DOGE": 0.086289, "USDS": 0.999696, "LEO": 9.72, "RAIN": 0.01303262, "ZEC": 424.24, "XMR": 341.03, "CC": 0.160351, "ADA": 0.166013, "WBT": 51.9, "XLM": 0.181461, "LINK": 7.81, "TON": 1.7, "USDE": 0.999495, "USD1": 1.0, "DAI": 0.999672, "BCH": 198.49, "M": 2.99, "LTC": 44.06, "HBAR": 0.077018, "SUI": 0.74821, "USYC": 1.13, "LAB": 9.5, "SHIB": 4.88e-06, "PYUSD": 0.999864, "AVAX": 6.41, "NEAR": 2.1, "CRO": 0.060489, "USDG": 1.0, "XAUT": 4210.36, "TAO": 263.19, "BUIDL": 1.0, "USDY": 1.14, "PAXG": 4220.91, "WLFI": 0.058215, "MNT": 0.55271, "WLD": 0.50132, "ONDO": 0.34664, "ASTER": 0.620502, "RLUSD": 0.999933, "DOT": 0.949912, "OKB": 73.68, "UNI": 2.47, "BEAT": 5.31, "HTX": 1.69e-06, "USDF": 0.996102, "PI": 0.131094, "USDD": 0.999683, "ICP": 2.42, "BFUSD": 0.9989, "SKY": 0.056531, "MORPHO": 1.95, "BGB": 1.77, "PEPE": 2.77e-06, "ETC": 6.95, "ATOM": 1.98, "U": 0.999904, "AAVE": 65.57, "BCAP": 106.96, "QNT": 66.78, "EUTBL": 1.22, "USTB": 11.11, "KCS": 6.91, "USDTB": 1.0, "RENDER": 1.74, "KAS": 0.03156944, "JTRSY": 1.11, "STABLE": 0.03565375, "DEXE": 17.75, "ALGO": 0.089485, "POL": 0.074901, "NEXO": 0.789282, "VVV": 16.11, "ENA": 0.079761, "GT": 6.66, "JAAA": 1.038, "\u5e01\u5b89\u4eba\u751f": 0.668144, "FLR": 0.00779592, "JST": 0.077123, "BDX": 0.079452, "GHO": 0.998824, "FIL": 0.755827, "XDC": 0.02977952, "H": 0.311987, "JUP": 0.168696, "YLDS": 0.999726, "USD0": 0.998653, "APT": 0.647031, "PUMP": 0.00150798, "HASH": 0.00964765, "A7A5": 0.01329317}}