{"timestamp": 1779040278, "base": "USD", "data": {"BTC": 78015, "ETH": 2182.26, "USDT": 0.99951, "BNB": 650.78, "XRP": 1.41, "USDC": 0.999845, "SOL": 86.2, "TRX": 0.356699, "FIGR_HELOC": 1.039, "DOGE": 0.110007, "WBT": 57.48, "USDS": 0.999644, "HYPE": 43.79, "ADA": 0.253909, "LEO": 10.09, "ZEC": 515.94, "BCH": 408.57, "XMR": 393.59, "LINK": 9.67, "CC": 0.153593, "TON": 1.91, "XLM": 0.150476, "USD1": 0.999551, "DAI": 0.999541, "USDE": 0.99973, "LTC": 55.8, "SUI": 1.061, "M": 3.16, "AVAX": 9.25, "HBAR": 0.090709, "RAIN": 0.0075027, "PYUSD": 0.999666, "SHIB": 5.78e-06, "CRO": 0.070865, "USDG": 0.999875, "USYC": 1.12, "XAUT": 4535.15, "BUIDL": 1.0, "TAO": 268.89, "UNI": 3.53, "PAXG": 4535.27, "DOT": 1.27, "MNT": 0.641685, "NEAR": 1.52, "WLFI": 0.060403, "USDY": 1.13, "HTX": 1.97e-06, "USDF": 0.998721, "OKB": 83.33, "ASTER": 0.660189, "ONDO": 0.348045, "PI": 0.158861, "SKY": 0.069694, "PEPE": 3.71e-06, "RLUSD": 0.999986, "USDD": 0.999437, "ICP": 2.6, "ETC": 8.97, "BGB": 1.99, "AAVE": 90.21, "BFUSD": 0.9989, "QNT": 77.76, "MORPHO": 1.76, "KCS": 8.08, "USDTB": 0.99936, "JTRSY": 1.1, "ATOM": 2.05, "U": 0.998968, "EUTBL": 1.22, "USTB": 11.08, "POL": 0.091739, "ALGO": 0.108409, "BCAP": 105.87, "ENA": 0.10616, "RENDER": 1.82, "KAS": 0.0340507, "NEXO": 0.879295, "WLD": 0.240211, "STABLE": 0.03496336, "FLR": 0.0091353, "APT": 0.93497, "GT": 7.19, "JST": 0.089108, "FIL": 0.957137, "ARB": 0.118601, "VVV": 14.18, "JUP": 0.196025, "XDC": 0.03130213, "DEXE": 13.3, "PUMP": 0.00174111, "BDX": 0.078789, "GHO": 0.99937, "HASH": 0.01097329, "VET": 0.00673344, "USD0": 0.99823, "OUSG": 115.25, "BONK": 6.15e-06, "PENGU": 0.0084867, "NIGHT": 0.03193587, "YLDS": 0.999804}}