{"timestamp": 1779836557, "base": "USD", "data": {"BTC": 75680, "ETH": 2067.93, "USDT": 0.99861, "BNB": 655.59, "XRP": 1.33, "USDC": 0.999748, "SOL": 83.63, "TRX": 0.375503, "FIGR_HELOC": 1.026, "DOGE": 0.100861, "HYPE": 59.66, "USDS": 0.99967, "ZEC": 570.37, "LEO": 9.99, "ADA": 0.239486, "RAIN": 0.01156187, "XMR": 378.67, "BCH": 343.45, "LINK": 9.35, "WBT": 55.67, "CC": 0.156852, "TON": 1.95, "XLM": 0.147293, "USD1": 0.998514, "USDE": 0.998876, "DAI": 0.99961, "LTC": 51.91, "SUI": 0.999691, "AVAX": 9.12, "M": 2.94, "HBAR": 0.086457, "PYUSD": 0.999782, "NEAR": 2.63, "SHIB": 5.51e-06, "CRO": 0.067575, "USYC": 1.12, "USDG": 0.999736, "TAO": 279.03, "XAUT": 4498.36, "BUIDL": 1.0, "USDY": 1.13, "PAXG": 4502.69, "MNT": 0.636515, "DOT": 1.25, "UNI": 3.24, "ONDO": 0.407386, "OKB": 91.3, "HTX": 2.02e-06, "WLFI": 0.056727, "RLUSD": 1.0, "ASTER": 0.681293, "USDF": 0.99603, "SKY": 0.069349, "USDD": 0.998956, "PI": 0.142983, "PEPE": 3.5e-06, "ICP": 2.64, "MORPHO": 2.24, "BGB": 2.02, "ETC": 8.6, "BFUSD": 0.9985, "WLD": 0.381692, "AAVE": 85.49, "RENDER": 2.29, "ATOM": 2.2, "QNT": 74.98, "USDTB": 0.999148, "KCS": 7.93, "EUTBL": 1.22, "U": 0.999706, "BCAP": 107.16, "POL": 0.091631, "ALGO": 0.108311, "JTRSY": 1.1, "KAS": 0.03252152, "USTB": 11.09, "ENA": 0.096748, "STABLE": 0.03693178, "NEXO": 0.834305, "JST": 0.093408, "VVV": 17.19, "APT": 0.96949, "FIL": 1.002, "DEXE": 16.27, "GT": 6.98, "FLR": 0.0081613, "ARB": 0.108173, "JUP": 0.198511, "PUMP": 0.00179475, "XDC": 0.03147311, "BDX": 0.078118, "GHO": 0.998868, "INJ": 5.71, "HASH": 0.0106667, "FET": 0.250338, "NIGHT": 0.03339792, "USD0": 0.998377, "DASH": 43.58, "VET": 0.00628899, "OUSG": 115.33}}