{"timestamp": 1781391338, "base": "USD", "data": {"BTC": 64459, "ETH": 1681.84, "USDT": 0.999492, "BNB": 608.94, "USDC": 0.999804, "XRP": 1.15, "SOL": 68.96, "TRX": 0.317024, "FIGR_HELOC": 1.018, "DOGE": 0.087849, "HYPE": 60.34, "USDS": 0.999812, "LEO": 9.73, "RAIN": 0.01299303, "ZEC": 421.99, "ADA": 0.171869, "XMR": 339.84, "XLM": 0.187226, "CC": 0.162864, "WBT": 52.54, "LINK": 7.99, "TON": 1.72, "USDE": 0.999668, "USD1": 1.0, "DAI": 0.999693, "BCH": 208.76, "M": 3.03, "LTC": 44.29, "HBAR": 0.078485, "SUI": 0.766417, "USYC": 1.13, "SHIB": 5.01e-06, "LAB": 9.38, "AVAX": 6.73, "PYUSD": 0.999998, "NEAR": 2.12, "CRO": 0.060009, "USDG": 0.999892, "XAUT": 4213.46, "TAO": 263.23, "BUIDL": 1.0, "USDY": 1.14, "BEAT": 7.4, "PAXG": 4224.44, "WLFI": 0.05895, "MNT": 0.556704, "ONDO": 0.366698, "WLD": 0.504776, "ASTER": 0.638776, "DOT": 0.981671, "RLUSD": 0.999686, "UNI": 2.55, "OKB": 74.56, "HTX": 1.7e-06, "USDF": 0.995362, "ICP": 2.59, "PI": 0.132594, "USDD": 0.999559, "BFUSD": 0.9992, "SKY": 0.055914, "MORPHO": 1.95, "BGB": 1.79, "PEPE": 2.86e-06, "ETC": 7.18, "AAVE": 67.13, "ATOM": 1.95, "U": 1.0, "QNT": 68.29, "BCAP": 106.96, "EUTBL": 1.22, "USTB": 11.11, "KCS": 6.97, "RENDER": 1.78, "USDTB": 1.0, "JTRSY": 1.11, "KAS": 0.03142293, "STABLE": 0.03640627, "DEXE": 17.44, "POL": 0.076094, "NEXO": 0.808062, "ALGO": 0.088934, "VVV": 16.74, "ENA": 0.08444, "GT": 6.72, "JAAA": 1.038, "FLR": 0.00789696, "\u5e01\u5b89\u4eba\u751f": 0.670848, "JST": 0.074505, "FIL": 0.78823, "BDX": 0.07982, "XDC": 0.03064136, "GHO": 0.999163, "JUP": 0.174833, "YLDS": 0.999649, "APT": 0.670414, "USD0": 0.998612, "HASH": 0.01010616, "PUMP": 0.00153952, "ARB": 0.085552, "NIGHT": 0.03176042}}