{"timestamp": 1782915138, "base": "USD", "data": {"BTC": 59538, "ETH": 1597.49, "USDT": 0.998651, "BNB": 548.74, "USDC": 0.999591, "XRP": 1.048, "SOL": 75.87, "TRX": 0.317057, "FIGR_HELOC": 1.014, "HYPE": 64.08, "DOGE": 0.072201, "RAIN": 0.01558825, "USDS": 0.999589, "LEO": 9.22, "ZEC": 407.88, "XLM": 0.197934, "WBT": 54.08, "ADA": 0.154414, "XMR": 305.59, "CC": 0.144487, "LINK": 7.3, "DAI": 0.999633, "USD1": 0.999535, "USDE": 0.998187, "GRAM": 1.55, "BCH": 208.07, "LTC": 41.77, "USYC": 1.13, "HBAR": 0.069835, "USDG": 1.0, "SUI": 0.70816, "AVAX": 6.64, "LAB": 9.06, "PYUSD": 0.999929, "SHIB": 4.27e-06, "CRO": 0.054586, "XAUT": 4079.21, "NEAR": 1.81, "BUIDL": 1.0, "USDY": 1.14, "TAO": 200.13, "WLFI": 0.05897, "PAXG": 4082.5, "UNI": 2.78, "OKB": 80.74, "ASTER": 0.626714, "ONDO": 0.313575, "HTX": 1.62e-06, "M": 1.1, "DOT": 0.839915, "USDF": 0.995006, "RLUSD": 1.0, "MORPHO": 2.15, "USDD": 0.998793, "WLD": 0.394, "MNT": 0.411798, "BFUSD": 0.99837, "AAVE": 86.47, "PI": 0.114837, "SKY": 0.052929, "ICP": 2.16, "BGB": 1.6, "ETC": 6.92, "DEXE": 22.87, "U": 0.999402, "BCAP": 106.97, "QNT": 66.7, "PEPE": 2.28e-06, "KCS": 6.81, "EUTBL": 1.2, "STABLE": 0.03620807, "JTRSY": 1.11, "USDGO": 0.999817, "USTB": 11.13, "KAS": 0.03084059, "BEAT": 2.56, "JUP": 0.23797, "RENDER": 1.52, "ATOM": 1.52, "POL": 0.07109, "ALGO": 0.084216, "JST": 0.087991, "USDTB": 0.999708, "NEXO": 0.711373, "ADI": 5.66, "GT": 6.49, "JAAA": 1.04, "BDX": 0.087135, "ENA": 0.072002, "\u5e01\u5b89\u4eba\u751f": 0.641187, "EURSAFO": 1.15, "VELVET": 1.44, "VVV": 12.69, "GHO": 0.997915, "FIL": 0.736418, "PUMP": 0.00143994, "FLR": 0.00646118, "YLDS": 0.999637, "USD0": 0.998421, "XDC": 0.02772844}}