{"timestamp": 1783013314, "base": "USD", "data": {"BTC": 61787, "ETH": 1701.48, "USDT": 0.998996, "BNB": 562.15, "USDC": 0.999786, "XRP": 1.092, "SOL": 81.0, "TRX": 0.317943, "FIGR_HELOC": 1.034, "HYPE": 66.02, "DOGE": 0.074394, "RAIN": 0.015523, "USDS": 0.999782, "LEO": 9.13, "ZEC": 440.33, "XLM": 0.199462, "WBT": 55.77, "ADA": 0.159709, "XMR": 316.86, "LINK": 7.78, "CC": 0.138694, "DAI": 0.999618, "USD1": 0.998666, "GRAM": 1.65, "USDE": 0.998614, "BCH": 219.71, "LTC": 43.48, "HBAR": 0.073817, "USYC": 1.13, "LAB": 9.83, "USDG": 0.999995, "SUI": 0.738523, "AVAX": 6.77, "PYUSD": 1.0, "CRO": 0.056292, "SHIB": 4.31e-06, "XAUT": 4103.77, "NEAR": 1.93, "BUIDL": 1.0, "USDY": 1.14, "M": 1.61, "TAO": 213.18, "UNI": 3.27, "PAXG": 4107.19, "WLFI": 0.058428, "ASTER": 0.634728, "OKB": 80.13, "ONDO": 0.332888, "RLUSD": 0.999937, "HTX": 1.68e-06, "MNT": 0.439175, "DOT": 0.847387, "USDF": 0.995383, "MORPHO": 2.14, "USDD": 0.998949, "WLD": 0.390425, "SKY": 0.057184, "AAVE": 87.47, "BFUSD": 0.99868, "PI": 0.116315, "ICP": 2.2, "BGB": 1.69, "ETC": 7.11, "DEXE": 22.91, "PEPE": 2.44e-06, "U": 0.999609, "KCS": 7.15, "QNT": 67.34, "EUTBL": 1.21, "BCAP": 106.97, "BEAT": 2.99, "USDGO": 0.999922, "JTRSY": 1.11, "KAS": 0.0310812, "USTB": 11.13, "STABLE": 0.0341307, "RENDER": 1.58, "JUP": 0.245158, "ATOM": 1.55, "POL": 0.074346, "ALGO": 0.086627, "NEXO": 0.771898, "JST": 0.088347, "USDTB": 1.001, "GT": 6.67, "ENA": 0.075546, "ADI": 5.59, "BDX": 0.087863, "\u5e01\u5b89\u4eba\u751f": 0.688613, "JAAA": 1.04, "EURSAFO": 1.15, "VVV": 13.45, "PUMP": 0.00154796, "FIL": 0.77885, "GHO": 0.998335, "FLR": 0.00671239, "XDC": 0.02865312, "YLDS": 0.999799, "USD0": 0.99857, "LIT": 2.1}}