{"timestamp": 1780929762, "base": "USD", "data": {"BTC": 63813, "ETH": 1685.19, "USDT": 0.999427, "BNB": 600.9, "USDC": 0.999976, "XRP": 1.17, "SOL": 66.9, "TRX": 0.326559, "FIGR_HELOC": 1.005, "HYPE": 64.39, "DOGE": 0.086426, "USDS": 0.999705, "LEO": 9.53, "RAIN": 0.01328691, "ZEC": 432.09, "XLM": 0.20064, "ADA": 0.167362, "CC": 0.156123, "XMR": 314.29, "LINK": 8.0, "WBT": 45.45, "USD1": 0.998901, "TON": 1.72, "USDE": 0.999316, "DAI": 0.999799, "BCH": 207.13, "M": 3.16, "LAB": 12.78, "HBAR": 0.082313, "LTC": 43.15, "SUI": 0.761428, "AVAX": 6.76, "USYC": 1.13, "PYUSD": 0.99998, "SHIB": 4.75e-06, "CRO": 0.061941, "NEAR": 2.13, "XAUT": 4299.29, "USDG": 1.0, "BUIDL": 1.0, "USDY": 1.12, "TAO": 214.57, "PAXG": 4313.04, "MNT": 0.547762, "WLFI": 0.056109, "ONDO": 0.363551, "RLUSD": 0.99992, "DOT": 0.977822, "ASTER": 0.634145, "WLD": 0.470089, "UNI": 2.55, "HTX": 1.75e-06, "OKB": 72.89, "USDF": 0.995833, "PI": 0.129257, "USDD": 0.999402, "SKY": 0.058161, "BFUSD": 0.998701, "ICP": 2.37, "BGB": 1.83, "H": 0.679039, "MORPHO": 1.91, "BEAT": 4.22, "PEPE": 2.83e-06, "ETC": 7.15, "DEXE": 23.25, "USDTB": 1.002, "EUTBL": 1.21, "U": 1.0, "QNT": 68.63, "AAVE": 64.41, "BCAP": 107.06, "USTB": 11.11, "ATOM": 1.76, "KAS": 0.03263589, "KCS": 6.49, "SIREN": 1.19, "RENDER": 1.68, "JTRSY": 1.11, "POL": 0.080642, "ALGO": 0.09484, "VVV": 17.91, "ENA": 0.087518, "NEXO": 0.78985, "STABLE": 0.03294409, "\u5e01\u5b89\u4eba\u751f": 0.716665, "GT": 6.39, "JST": 0.079455, "XDC": 0.0313541, "FIL": 0.778714, "BDX": 0.078992, "FLR": 0.00713345, "GHO": 0.999347, "PUMP": 0.00160429, "INJ": 5.61, "APT": 0.675767, "USD0": 0.999695, "HASH": 0.01005679, "JUP": 0.161129, "NIGHT": 0.03221812}}