{"timestamp": 1780157227, "base": "USD", "data": {"BTC": 73817, "ETH": 2022.84, "USDT": 0.998639, "BNB": 696.25, "XRP": 1.34, "USDC": 0.999659, "SOL": 82.57, "TRX": 0.347588, "FIGR_HELOC": 1.032, "DOGE": 0.101272, "HYPE": 66.9, "USDS": 0.999602, "LEO": 10.07, "RAIN": 0.01438365, "ZEC": 533.1, "ADA": 0.236107, "XLM": 0.249298, "XMR": 375.59, "LINK": 9.19, "WBT": 54.2, "BCH": 306.27, "CC": 0.154376, "TON": 1.79, "USD1": 0.998403, "USDE": 0.998914, "DAI": 0.999552, "HBAR": 0.097518, "LTC": 52.32, "AVAX": 8.95, "M": 2.88, "SUI": 0.90819, "SHIB": 5.51e-06, "PYUSD": 0.999803, "CRO": 0.067837, "NEAR": 2.34, "USYC": 1.13, "XAUT": 4507.65, "USDG": 0.999896, "BUIDL": 1.0, "TAO": 254.2, "MNT": 0.650392, "USDY": 1.13, "PAXG": 4521.39, "DOT": 1.2, "UNI": 3.04, "WLFI": 0.058797, "ASTER": 0.720875, "OKB": 87.49, "RLUSD": 0.999756, "ONDO": 0.342728, "USDF": 0.994469, "HTX": 1.81e-06, "PI": 0.144097, "SKY": 0.064484, "ICP": 2.7, "BGB": 2.08, "PEPE": 3.43e-06, "USDD": 0.999774, "MORPHO": 2.08, "BFUSD": 0.998047, "ETC": 8.22, "AAVE": 82.99, "WLD": 0.350184, "ALGO": 0.128767, "RENDER": 2.07, "U": 0.999681, "KCS": 7.91, "USDTB": 0.998798, "QNT": 72.05, "ATOM": 2.04, "EUTBL": 1.23, "BCAP": 107.16, "POL": 0.090744, "USTB": 11.1, "DEXE": 18.8, "JTRSY": 1.1, "NEXO": 0.843784, "STABLE": 0.03633797, "KAS": 0.03044593, "JST": 0.096678, "ENA": 0.088282, "APT": 0.939434, "FIL": 0.97204, "VVV": 16.33, "GT": 6.91, "INJ": 6.89, "XDC": 0.03410399, "FLR": 0.00773678, "H": 0.365799, "ARB": 0.104872, "NIGHT": 0.03931248, "PUMP": 0.001778, "FET": 0.276041, "BDX": 0.080277, "JUP": 0.184207, "LAB": 7.63, "GHO": 0.998888, "HASH": 0.01050832, "USD0": 0.998507, "APXUSD": 0.999761}}