{"timestamp": 1782691421, "base": "USD", "data": {"BTC": 59356, "ETH": 1566.52, "USDT": 0.998521, "BNB": 549.77, "USDC": 0.999578, "XRP": 1.046, "SOL": 71.16, "TRX": 0.321675, "FIGR_HELOC": 1.044, "HYPE": 61.3, "DOGE": 0.072991, "RAIN": 0.01555089, "USDS": 0.999463, "LEO": 9.42, "ZEC": 375.9, "XLM": 0.172302, "XMR": 310.69, "CC": 0.149323, "WBT": 47.62, "LINK": 7.25, "ADA": 0.143418, "LAB": 15.83, "USD1": 0.999092, "DAI": 0.99966, "USDE": 0.998069, "GRAM": 1.59, "BCH": 190.55, "LTC": 42.41, "USYC": 1.13, "HBAR": 0.070892, "USDG": 0.999853, "AVAX": 6.44, "PYUSD": 1.0, "SUI": 0.679265, "CRO": 0.054074, "XAUT": 4049.08, "SHIB": 4.16e-06, "NEAR": 1.83, "BUIDL": 1.0, "USDY": 1.14, "TAO": 204.58, "WLFI": 0.058173, "PAXG": 4052.82, "UNI": 2.91, "ASTER": 0.621563, "OKB": 78.0, "RLUSD": 0.999935, "WLD": 0.439346, "HTX": 1.68e-06, "ONDO": 0.308924, "USDF": 0.994833, "MNT": 0.425925, "AAVE": 91.04, "USDD": 0.998621, "DOT": 0.808882, "PI": 0.123408, "BFUSD": 0.998061, "ICP": 2.14, "SKY": 0.04959905, "BGB": 1.63, "MORPHO": 1.75, "ETC": 7.04, "DEXE": 21.7, "U": 0.999621, "PEPE": 2.35e-06, "BCAP": 107.03, "EUTBL": 1.2, "QNT": 64.49, "KCS": 6.73, "M": 0.665016, "JTRSY": 1.11, "USDGO": 1.0, "STABLE": 0.03534427, "ATOM": 1.57, "RENDER": 1.54, "VELVET": 1.89, "ALGO": 0.087404, "USTB": 11.13, "BEAT": 2.66, "KAS": 0.02762996, "JST": 0.088589, "POL": 0.070948, "USDTB": 0.999737, "NEXO": 0.719515, "ENA": 0.076569, "\u5e01\u5b89\u4eba\u751f": 0.710353, "JUP": 0.210041, "GT": 6.52, "JAAA": 1.039, "BDX": 0.085047, "ADI": 5.03, "VVV": 13.35, "EURSAFO": 1.15, "GHO": 0.997676, "PUMP": 0.00143417, "FLR": 0.00658971, "FIL": 0.714136, "YLDS": 0.99962, "XDC": 0.02776348, "USD0": 0.998515}}