{"timestamp": 1778231253, "base": "USD", "data": {"BTC": 79850, "ETH": 2280.83, "USDT": 0.99981, "BNB": 637.74, "XRP": 1.39, "USDC": 0.999868, "SOL": 88.3, "TRX": 0.349933, "FIGR_HELOC": 1.003, "DOGE": 0.106936, "WBT": 58.92, "USDS": 0.99982, "HYPE": 42.63, "ADA": 0.263446, "LEO": 10.37, "ZEC": 568.13, "BCH": 450.07, "TON": 2.7, "XMR": 397.96, "LINK": 9.91, "CC": 0.145354, "XLM": 0.158968, "M": 3.75, "USD1": 0.999378, "DAI": 0.99961, "LTC": 56.53, "AVAX": 9.55, "USDE": 0.999319, "HBAR": 0.090572, "SUI": 0.974017, "SHIB": 6.31e-06, "RAIN": 0.00752718, "PYUSD": 0.999849, "CRO": 0.069575, "USYC": 1.12, "TAO": 307.08, "XAUT": 4706.98, "USDG": 0.999965, "BUIDL": 1.0, "WLFI": 0.074689, "PAXG": 4708.42, "DOT": 1.32, "MNT": 0.665183, "UNI": 3.46, "NEAR": 1.54, "SKY": 0.081047, "ONDO": 0.374303, "OKB": 85.38, "HTX": 1.98e-06, "USDF": 0.998508, "PI": 0.170903, "ICP": 3.18, "PEPE": 4.17e-06, "ASTER": 0.662055, "RLUSD": 0.999854, "BGB": 2.08, "ETC": 9.41, "USDD": 1.0, "AAVE": 92.44, "USDY": 1.13, "BFUSD": 0.9993, "JTRSY": 1.1, "MORPHO": 2.07, "ALGO": 0.129011, "KCS": 8.31, "ENA": 0.121041, "POL": 0.100983, "QNT": 72.64, "RENDER": 1.99, "U": 0.999704, "EUTBL": 1.24, "KAS": 0.03591585, "BCAP": 105.77, "USTB": 11.07, "ATOM": 1.88, "NEXO": 0.889273, "WLD": 0.258313, "FIL": 1.097, "APT": 1.041, "GT": 7.27, "ARB": 0.131875, "SIREN": 1.08, "STABLE": 0.03283792, "JST": 0.08459, "PUMP": 0.00200416, "JUP": 0.208458, "FLR": 0.00780027, "VET": 0.00761093, "PENGU": 0.01035413, "DASH": 49.83, "VVV": 13.75, "USDTB": 0.99938, "BDX": 0.079979, "VIRTUAL": 0.933442, "OUSG": 115.17, "BONK": 6.9e-06, "SKYAI": 0.601113, "XDC": 0.029473, "GHO": 0.999708, "DEXE": 12.1}}