{"timestamp": 1777137092, "base": "USD", "data": {"BTC": 77376, "ETH": 2309.04, "USDT": 1.0, "XRP": 1.42, "BNB": 629.55, "USDC": 0.999778, "SOL": 85.82, "TRX": 0.324133, "FIGR_HELOC": 1.034, "DOGE": 0.097829, "WBT": 54.75, "USDS": 0.999949, "HYPE": 41.1, "LEO": 10.26, "ADA": 0.24917, "BCH": 453.26, "XMR": 375.86, "LINK": 9.33, "ZEC": 355.35, "CC": 0.152179, "XLM": 0.17097, "M": 4.3, "DAI": 0.999914, "USD1": 0.999882, "LTC": 56.43, "AVAX": 9.34, "HBAR": 0.090639, "USDE": 0.999256, "SUI": 0.937131, "SHIB": 6.15e-06, "RAIN": 0.00735721, "PYUSD": 0.999913, "TON": 1.32, "CRO": 0.069946, "USYC": 1.12, "XAUT": 4693.1, "USDG": 0.999773, "WLFI": 0.074897, "TAO": 247.68, "BUIDL": 1.0, "PAXG": 4696.35, "MNT": 0.655815, "DOT": 1.25, "UNI": 3.24, "SKY": 0.083873, "NEAR": 1.4, "USDF": 0.997487, "OKB": 84.53, "PI": 0.170163, "HTX": 1.81e-06, "PEPE": 3.82e-06, "RLUSD": 0.999987, "ASTER": 0.644358, "AAVE": 94.49, "USDD": 1.001, "JTRSY": 1.1, "BGB": 1.95, "ICP": 2.43, "USDY": 1.13, "ETC": 8.45, "BFUSD": 0.999596, "ONDO": 0.259083, "KCS": 8.44, "GT": 7.31, "MORPHO": 1.83, "EUTBL": 1.23, "U": 0.999775, "PUMP": 0.00173789, "QNT": 70.26, "ATOM": 2.03, "ALGO": 0.114741, "USTB": 11.06, "POL": 0.091733, "ENA": 0.107418, "RENDER": 1.78, "KAS": 0.03338397, "NEXO": 0.900457, "WLD": 0.257479, "ARB": 0.128601, "APT": 0.959988, "BCAP": 82.76, "STABLE": 0.03342213, "FIL": 0.936661, "JST": 0.079402, "FLR": 0.00785368, "DEXE": 13.61, "VET": 0.00731239, "BDX": 0.080142, "JUP": 0.171059, "HASH": 0.01047427, "OUSG": 115.03, "NIGHT": 0.0359899, "XDC": 0.0297943, "TRUMP": 2.55, "USDTB": 1.0, "GHO": 0.99923, "USD0": 0.998179, "BONK": 6.19e-06, "YLDS": 0.99972, "PENGU": 0.00843249}}