{"timestamp": 1784286943, "base": "USD", "data": {"BTC": 63048, "ETH": 1833.98, "USDT": 0.999094, "BNB": 563.13, "USDC": 0.999961, "XRP": 1.084, "SOL": 74.67, "TRX": 0.322445, "FIGR_HELOC": 1.02, "HYPE": 60.36, "DOGE": 0.071861, "USDS": 0.999815, "RAIN": 0.01428477, "LEO": 9.8, "ZEC": 533.98, "WBT": 55.1, "XLM": 0.18374, "LINK": 8.18, "XMR": 322.87, "ADA": 0.16055, "CC": 0.130005, "DAI": 0.999674, "BCH": 222.16, "USD1": 0.998877, "GRAM": 1.54, "USDE": 0.999756, "LTC": 44.22, "USDG": 0.999856, "USYC": 1.13, "SUI": 0.734627, "HBAR": 0.066185, "PYUSD": 0.99975, "AVAX": 6.48, "CRO": 0.058862, "BUIDL": 1.0, "NEAR": 1.92, "XAUT": 3988.82, "SHIB": 4.13e-06, "UNI": 3.5, "USDY": 1.14, "TAO": 192.61, "ONDO": 0.379082, "WLFI": 0.05695, "PAXG": 3985.8, "DEXE": 36.2, "OKB": 80.13, "ASTER": 0.615743, "HTX": 1.8e-06, "M": 1.22, "RLUSD": 0.999939, "DOT": 0.854987, "USDD": 0.998811, "MNT": 0.437661, "USDF": 0.995636, "SKY": 0.059697, "AAVE": 90.49, "WLD": 0.38105, "BFUSD": 0.998114, "MORPHO": 2.0, "ICP": 2.13, "BGB": 1.64, "PEPE": 2.72e-06, "ETC": 6.92, "U": 0.999933, "USDGO": 0.999903, "EUTBL": 1.21, "BCAP": 106.19, "QNT": 65.13, "KCS": 6.65, "POL": 0.08463, "PI": 0.082567, "ADI": 6.98, "JTRSY": 1.11, "STABLE": 0.03495575, "EURSAFO": 1.15, "JST": 0.098562, "BEAT": 2.53, "ATOM": 1.5, "ENA": 0.081175, "USTB": 11.15, "RENDER": 1.47, "KAS": 0.02767524, "ALGO": 0.082673, "NEXO": 0.738337, "\u5e01\u5b89\u4eba\u751f": 0.711386, "GT": 6.58, "BDX": 0.087968, "JAAA": 1.041, "PUMP": 0.00162975, "JUP": 0.193164, "FIL": 0.76807, "GHO": 0.998798, "ARB": 0.090481, "FLR": 0.00658101, "XDC": 0.0282625, "LIT": 2.21, "USD0": 0.998744, "YLDS": 0.999843, "USX": 0.999804, "APT": 0.603654}}