{"timestamp": 1778238275, "base": "USD", "data": {"BTC": 80219, "ETH": 2289.83, "USDT": 0.999844, "BNB": 640.15, "XRP": 1.39, "USDC": 0.999847, "SOL": 88.61, "TRX": 0.348028, "FIGR_HELOC": 1.003, "DOGE": 0.107442, "WBT": 59.07, "USDS": 0.999848, "HYPE": 42.5, "ADA": 0.264103, "ZEC": 571.94, "LEO": 10.37, "BCH": 450.18, "XMR": 401.21, "LINK": 9.91, "TON": 2.54, "CC": 0.145245, "XLM": 0.159213, "M": 3.66, "USD1": 0.999395, "DAI": 0.999657, "LTC": 56.51, "AVAX": 9.59, "USDE": 0.999621, "HBAR": 0.091098, "SUI": 0.983356, "SHIB": 6.33e-06, "RAIN": 0.00751948, "PYUSD": 1.0, "CRO": 0.069748, "USYC": 1.12, "TAO": 308.32, "XAUT": 4709.94, "USDG": 0.999918, "BUIDL": 1.0, "WLFI": 0.073091, "PAXG": 4713.9, "DOT": 1.32, "UNI": 3.49, "MNT": 0.66657, "NEAR": 1.56, "ONDO": 0.401849, "SKY": 0.080457, "OKB": 85.57, "HTX": 1.97e-06, "USDF": 0.998343, "PI": 0.169911, "PEPE": 4.2e-06, "ICP": 3.15, "ASTER": 0.663302, "RLUSD": 0.999887, "ETC": 9.41, "BGB": 2.09, "USDD": 1.001, "AAVE": 92.95, "USDY": 1.13, "MORPHO": 2.09, "BFUSD": 0.9993, "JTRSY": 1.1, "ALGO": 0.129292, "KCS": 8.31, "ENA": 0.121184, "POL": 0.10233, "QNT": 73.27, "RENDER": 1.99, "U": 0.999819, "EUTBL": 1.24, "KAS": 0.03588759, "BCAP": 105.77, "USTB": 11.07, "ATOM": 1.86, "NEXO": 0.891784, "WLD": 0.257368, "FIL": 1.094, "APT": 1.054, "GT": 7.25, "ARB": 0.131508, "SIREN": 1.085, "STABLE": 0.03289562, "PUMP": 0.00204531, "JST": 0.083934, "JUP": 0.210468, "FLR": 0.00784999, "VET": 0.00765997, "PENGU": 0.01034324, "DASH": 50.07, "USDTB": 0.999839, "BDX": 0.080306, "VVV": 13.53, "OUSG": 115.17, "BONK": 6.92e-06, "VIRTUAL": 0.920096, "SKYAI": 0.596139, "XDC": 0.02945935, "GHO": 0.999876, "USD0": 0.998227}}