{"timestamp": 1784027934, "base": "USD", "data": {"BTC": 62741, "ETH": 1796.59, "USDT": 0.998852, "BNB": 570.51, "USDC": 0.999844, "XRP": 1.069, "SOL": 75.36, "TRX": 0.324875, "FIGR_HELOC": 1.033, "HYPE": 63.83, "DOGE": 0.072176, "USDS": 0.999771, "RAIN": 0.0142344, "LEO": 9.55, "ZEC": 509.9, "WBT": 55.08, "XLM": 0.179853, "XMR": 324.08, "LINK": 7.96, "ADA": 0.158493, "CC": 0.130722, "BCH": 237.21, "DAI": 0.999798, "USD1": 0.9984, "GRAM": 1.59, "USDE": 0.999734, "LTC": 43.71, "USDG": 1.001, "USYC": 1.13, "SUI": 0.731345, "HBAR": 0.06611, "BUIDL": 1.0, "PYUSD": 0.999765, "AVAX": 6.44, "NEAR": 1.98, "CRO": 0.054387, "XAUT": 4015.47, "SHIB": 4.12e-06, "UNI": 3.66, "USDY": 1.14, "M": 1.51, "DEXE": 41.34, "TAO": 197.41, "WLFI": 0.057496, "PAXG": 4012.7, "OKB": 80.21, "ASTER": 0.625886, "HTX": 1.81e-06, "USDD": 0.998705, "RLUSD": 1.0, "ONDO": 0.307924, "AAVE": 96.35, "DOT": 0.840221, "USDF": 0.994577, "WLD": 0.399298, "SKY": 0.060387, "MNT": 0.42008, "BFUSD": 0.998282, "MORPHO": 2.01, "ICP": 2.18, "PEPE": 2.73e-06, "BGB": 1.63, "ETC": 6.87, "U": 0.999446, "EUTBL": 1.2, "BCAP": 106.19, "KCS": 6.87, "USDGO": 0.999886, "QNT": 63.85, "STABLE": 0.0369756, "POL": 0.083752, "ADI": 7.04, "JTRSY": 1.11, "JST": 0.101594, "EURSAFO": 1.15, "BEAT": 2.6, "ENA": 0.083391, "ATOM": 1.52, "PI": 0.072175, "USTB": 11.14, "KAS": 0.02811557, "RENDER": 1.49, "\u5e01\u5b89\u4eba\u751f": 0.763892, "BDX": 0.093397, "ALGO": 0.084156, "NEXO": 0.727452, "USDTB": 1.0, "GT": 6.73, "JAAA": 1.041, "JUP": 0.203422, "LIT": 2.45, "FIL": 0.753091, "GHO": 0.997952, "PUMP": 0.00142204, "ARB": 0.088951, "FLR": 0.00649297, "USD0": 0.998362, "YLDS": 0.99974, "XDC": 0.02695048, "HASH": 0.00941589}}