{"timestamp": 1780072666, "base": "USD", "data": {"BTC": 73944, "ETH": 2036.81, "USDT": 0.99848, "BNB": 641.42, "XRP": 1.32, "USDC": 0.999495, "SOL": 82.72, "TRX": 0.344903, "FIGR_HELOC": 1.033, "DOGE": 0.100489, "HYPE": 66.28, "USDS": 0.999489, "LEO": 9.94, "RAIN": 0.01465867, "ZEC": 542.94, "ADA": 0.234666, "XLM": 0.21079, "XMR": 368.29, "LINK": 9.07, "WBT": 54.05, "BCH": 304.93, "CC": 0.15511, "TON": 1.79, "USD1": 0.99806, "USDE": 0.998799, "DAI": 0.999477, "LTC": 52.04, "HBAR": 0.091722, "M": 2.99, "AVAX": 8.92, "SUI": 0.924629, "NEAR": 2.58, "SHIB": 5.42e-06, "PYUSD": 0.999552, "CRO": 0.067599, "USYC": 1.13, "XAUT": 4541.43, "USDG": 0.999736, "TAO": 258.62, "BUIDL": 1.0, "PAXG": 4553.06, "MNT": 0.644106, "USDY": 1.11, "DOT": 1.22, "UNI": 3.04, "OKB": 87.75, "WLFI": 0.057885, "ONDO": 0.36663, "ASTER": 0.676621, "RLUSD": 0.999793, "USDF": 0.994797, "HTX": 1.83e-06, "PI": 0.144462, "ICP": 2.75, "SKY": 0.065193, "PEPE": 3.42e-06, "USDD": 0.999039, "BGB": 1.98, "BFUSD": 0.998458, "MORPHO": 2.05, "ETC": 8.23, "AAVE": 82.87, "U": 0.999601, "KCS": 7.9, "USDTB": 0.998586, "RENDER": 2.04, "QNT": 72.37, "ALGO": 0.116815, "ATOM": 2.02, "EUTBL": 1.23, "WLD": 0.29893, "BCAP": 107.16, "POL": 0.088698, "STABLE": 0.03921916, "USTB": 11.1, "JTRSY": 1.1, "DEXE": 18.41, "KAS": 0.0310297, "NEXO": 0.842953, "JST": 0.09522, "ENA": 0.088707, "APT": 0.939497, "FIL": 0.969784, "VVV": 15.84, "GT": 6.83, "FLR": 0.00783236, "ARB": 0.104732, "INJ": 6.56, "XDC": 0.03175567, "PUMP": 0.00173005, "BDX": 0.078264, "JUP": 0.182398, "HASH": 0.01095314, "NIGHT": 0.0352027, "GHO": 0.998816, "FET": 0.247949, "USD0": 0.998297, "APXUSD": 0.999455, "OUSG": 115.39, "DASH": 40.43}}