{"timestamp": 1779013408, "base": "USD", "data": {"BTC": 78400, "ETH": 2193.25, "USDT": 0.999573, "BNB": 654.69, "XRP": 1.42, "USDC": 0.999815, "SOL": 87.09, "TRX": 0.355048, "FIGR_HELOC": 1.039, "DOGE": 0.111551, "WBT": 57.82, "USDS": 0.999687, "HYPE": 43.15, "ADA": 0.257621, "LEO": 10.05, "ZEC": 523.78, "BCH": 416.25, "XMR": 390.6, "LINK": 9.83, "CC": 0.15552, "TON": 1.95, "XLM": 0.152565, "USD1": 1.0, "DAI": 0.999448, "LTC": 56.42, "USDE": 1.0, "SUI": 1.085, "M": 3.23, "AVAX": 9.4, "HBAR": 0.091902, "RAIN": 0.00751726, "PYUSD": 1.0, "SHIB": 5.85e-06, "CRO": 0.071744, "USDG": 0.999842, "USYC": 1.12, "XAUT": 4531.72, "BUIDL": 1.0, "TAO": 273.02, "UNI": 3.56, "DOT": 1.29, "PAXG": 4531.33, "MNT": 0.644651, "NEAR": 1.55, "WLFI": 0.061303, "USDY": 1.13, "USDF": 0.99779, "HTX": 1.96e-06, "OKB": 83.79, "ONDO": 0.360397, "ASTER": 0.668239, "PI": 0.160133, "SKY": 0.070579, "PEPE": 3.79e-06, "RLUSD": 0.999831, "USDD": 0.999573, "ICP": 2.65, "ETC": 9.11, "BGB": 2.0, "AAVE": 91.38, "BFUSD": 0.999191, "QNT": 79.66, "MORPHO": 1.79, "KCS": 8.11, "ATOM": 2.12, "USDTB": 0.999418, "JTRSY": 1.1, "U": 0.999855, "EUTBL": 1.22, "USTB": 11.08, "ALGO": 0.110956, "POL": 0.092465, "ENA": 0.108576, "BCAP": 105.87, "KAS": 0.03501358, "RENDER": 1.85, "NEXO": 0.87594, "WLD": 0.244208, "STABLE": 0.0354822, "FLR": 0.00925754, "APT": 0.96482, "GT": 7.21, "FIL": 0.980025, "JST": 0.08936, "ARB": 0.121775, "JUP": 0.200903, "VVV": 14.24, "XDC": 0.0315547, "PUMP": 0.00175845, "DEXE": 13.16, "BDX": 0.078734, "VET": 0.00684664, "GHO": 0.999424, "HASH": 0.01082093, "USD0": 0.99808, "BONK": 6.31e-06, "OUSG": 115.25, "DASH": 42.39, "PENGU": 0.00855806, "NIGHT": 0.03190972}}