{"timestamp": 1782075967, "base": "USD", "data": {"BTC": 63765, "ETH": 1720.11, "USDT": 0.99892, "BNB": 587.94, "USDC": 0.999874, "XRP": 1.14, "SOL": 73.32, "TRX": 0.327523, "FIGR_HELOC": 1.034, "HYPE": 67.91, "DOGE": 0.083078, "USDS": 0.999744, "RAIN": 0.01436596, "LEO": 9.56, "ZEC": 448.17, "XLM": 0.212705, "WBT": 52.33, "ADA": 0.160407, "XMR": 317.04, "LINK": 7.88, "CC": 0.151463, "USD1": 1.0, "GRAM": 1.67, "USDE": 0.998905, "LAB": 13.59, "DAI": 0.999582, "BCH": 197.02, "M": 2.92, "LTC": 44.99, "HBAR": 0.079448, "USYC": 1.13, "SUI": 0.706246, "USDG": 0.999922, "PYUSD": 0.999778, "SHIB": 4.67e-06, "NEAR": 2.12, "CRO": 0.058865, "AVAX": 6.19, "XAUT": 4146.49, "BUIDL": 1.0, "TAO": 234.86, "WLD": 0.623671, "USDY": 1.13, "WLFI": 0.060253, "PAXG": 4154.11, "UNI": 3.01, "MNT": 0.533191, "ASTER": 0.637569, "ONDO": 0.336251, "RLUSD": 0.999788, "DOT": 0.955654, "OKB": 76.69, "HTX": 1.72e-06, "PI": 0.136075, "USDF": 0.995865, "SKY": 0.05949, "USDD": 0.999111, "BFUSD": 0.998937, "ICP": 2.25, "BGB": 1.76, "PEPE": 2.82e-06, "MORPHO": 1.82, "ETC": 7.34, "AAVE": 74.26, "QNT": 70.42, "U": 0.999897, "USTB": 11.12, "BCAP": 107.07, "KCS": 7.2, "EUTBL": 1.21, "USDTB": 1.0, "ATOM": 1.77, "JTRSY": 1.11, "RENDER": 1.67, "POL": 0.080618, "ENA": 0.088858, "STABLE": 0.03448071, "KAS": 0.02974203, "ALGO": 0.091035, "NEXO": 0.784596, "JAAA": 1.039, "JUP": 0.217489, "JST": 0.083475, "GT": 6.67, "\u5e01\u5b89\u4eba\u751f": 0.704654, "VVV": 15.0, "DEXE": 14.07, "FLR": 0.00743227, "FIL": 0.796441, "BDX": 0.079517, "GHO": 0.998156, "XDC": 0.02947998, "YLDS": 0.999719, "EURSAFO": 1.15, "USD0": 0.999131, "NIGHT": 0.03306173, "APT": 0.655788, "ARB": 0.082811, "PUMP": 0.00150228, "ADI": 4.15}}