{"timestamp": 1783892418, "base": "USD", "data": {"BTC": 64031, "ETH": 1812.88, "USDT": 0.999393, "BNB": 576.96, "USDC": 0.999826, "XRP": 1.095, "SOL": 77.15, "TRX": 0.331414, "FIGR_HELOC": 1.041, "HYPE": 67.73, "DOGE": 0.073079, "USDS": 0.999778, "RAIN": 0.01442197, "ZEC": 538.27, "LEO": 9.57, "WBT": 56.14, "XLM": 0.187432, "XMR": 330.16, "ADA": 0.163506, "LINK": 8.06, "CC": 0.134376, "BCH": 244.7, "DAI": 0.999902, "GRAM": 1.64, "USD1": 0.999198, "USDE": 0.999775, "LTC": 44.36, "USDG": 0.999741, "USYC": 1.13, "SUI": 0.738145, "HBAR": 0.067838, "BUIDL": 1.0, "PYUSD": 0.999695, "AVAX": 6.43, "CRO": 0.055774, "XAUT": 4095.79, "SHIB": 4.26e-06, "NEAR": 1.92, "UNI": 3.67, "DEXE": 46.44, "USDY": 1.13, "TAO": 211.04, "PAXG": 4096.0, "WLFI": 0.057715, "OKB": 80.54, "HTX": 1.86e-06, "ASTER": 0.62224, "M": 1.21, "ONDO": 0.325003, "USDD": 0.999267, "RLUSD": 1.0, "WLD": 0.425855, "AAVE": 97.84, "DOT": 0.849007, "USDF": 0.996268, "SKY": 0.06013, "MNT": 0.420755, "BFUSD": 0.998898, "MORPHO": 2.01, "ICP": 2.25, "BGB": 1.68, "PEPE": 2.77e-06, "ETC": 6.89, "PI": 0.096532, "U": 0.999884, "EUTBL": 1.2, "BCAP": 106.63, "KCS": 7.07, "QNT": 65.65, "USDGO": 0.99999, "STABLE": 0.03693728, "JTRSY": 1.11, "JST": 0.10143, "ADI": 6.87, "POL": 0.080487, "ATOM": 1.58, "BEAT": 2.6, "RENDER": 1.55, "KAS": 0.02887088, "USTB": 11.14, "EURSAFO": 1.15, "ENA": 0.08066, "ALGO": 0.08393, "NEXO": 0.740714, "USDTB": 1.0, "GT": 6.7, "\u5e01\u5b89\u4eba\u751f": 0.713156, "JAAA": 1.041, "JUP": 0.201867, "LIT": 2.67, "BDX": 0.08417, "FIL": 0.774841, "GHO": 0.998483, "ARB": 0.092675, "PUMP": 0.00146154, "FLR": 0.00652528, "USD0": 0.9985, "XDC": 0.02702104, "YLDS": 0.999999, "USX": 0.999948}}