{"timestamp": 1778623541, "base": "USD", "data": {"BTC": 80736, "ETH": 2288.71, "USDT": 0.999727, "BNB": 666.84, "XRP": 1.44, "USDC": 0.999848, "SOL": 94.76, "TRX": 0.349752, "FIGR_HELOC": 1.037, "DOGE": 0.110139, "WBT": 59.24, "USDS": 0.999824, "ADA": 0.27215, "HYPE": 40.39, "ZEC": 564.26, "LEO": 10.0, "BCH": 439.53, "XMR": 411.68, "LINK": 10.33, "TON": 2.33, "CC": 0.153396, "XLM": 0.163065, "SUI": 1.25, "LTC": 58.18, "USD1": 0.999091, "DAI": 0.999732, "AVAX": 9.88, "M": 3.26, "HBAR": 0.093975, "USDE": 0.999515, "SHIB": 6.45e-06, "RAIN": 0.00751395, "USDG": 0.999967, "PYUSD": 0.999859, "CRO": 0.07821, "USYC": 1.12, "TAO": 311.59, "XAUT": 4709.79, "BUIDL": 1.0, "UNI": 3.78, "DOT": 1.34, "MNT": 0.67385, "PAXG": 4708.29, "WLFI": 0.067971, "NEAR": 1.62, "ONDO": 0.392863, "USDY": 1.13, "PI": 0.172682, "OKB": 85.45, "HTX": 1.96e-06, "USDF": 0.999355, "ICP": 3.18, "PEPE": 4.17e-06, "ASTER": 0.674495, "SKY": 0.074869, "RLUSD": 1.0, "ETC": 9.45, "USDD": 0.999754, "AAVE": 97.04, "BGB": 2.1, "BFUSD": 0.999605, "MORPHO": 2.06, "KCS": 8.37, "JTRSY": 1.1, "ENA": 0.122204, "ALGO": 0.121597, "ATOM": 2.11, "QNT": 73.55, "POL": 0.099063, "KAS": 0.03818177, "U": 0.999549, "USTB": 11.08, "EUTBL": 1.23, "RENDER": 1.91, "BCAP": 105.87, "NEXO": 0.918266, "WLD": 0.269856, "APT": 1.087, "STABLE": 0.03861506, "FIL": 1.1, "ARB": 0.137294, "SIREN": 1.15, "GT": 7.31, "JUP": 0.233016, "JST": 0.090319, "VVV": 16.27, "FLR": 0.0086458, "PUMP": 0.00197667, "VET": 0.00750115, "B": 0.633162, "XDC": 0.03150617, "USDTB": 0.999303, "BONK": 7.12e-06, "BDX": 0.079645, "DEXE": 13.13, "TRUMP": 2.56, "PENGU": 0.00957839, "OUSG": 115.22, "DASH": 46.36, "GHO": 0.999428}}