{"timestamp": 1782844176, "base": "USD", "data": {"BTC": 58417, "ETH": 1573.63, "USDT": 0.998547, "BNB": 545.65, "USDC": 0.999661, "XRP": 1.042, "SOL": 73.29, "TRX": 0.314902, "FIGR_HELOC": 1.044, "HYPE": 64.64, "DOGE": 0.072035, "RAIN": 0.01573543, "USDS": 0.999457, "LEO": 9.25, "ZEC": 398.24, "XLM": 0.185022, "XMR": 303.59, "CC": 0.14188, "WBT": 46.63, "ADA": 0.145052, "LINK": 7.2, "USD1": 0.998979, "DAI": 0.999534, "USDE": 0.998033, "LAB": 13.69, "GRAM": 1.55, "BCH": 198.89, "LTC": 41.79, "USYC": 1.13, "HBAR": 0.069534, "USDG": 0.999572, "AVAX": 6.52, "SUI": 0.694145, "PYUSD": 0.999326, "SHIB": 4.23e-06, "CRO": 0.053573, "XAUT": 4021.23, "NEAR": 1.8, "BUIDL": 1.0, "USDY": 1.14, "TAO": 203.07, "WLFI": 0.057483, "PAXG": 4023.88, "UNI": 2.77, "ASTER": 0.626878, "OKB": 78.62, "ONDO": 0.30976, "HTX": 1.62e-06, "WLD": 0.410416, "USDF": 0.995925, "RLUSD": 0.999866, "DOT": 0.821411, "USDD": 0.998596, "MNT": 0.414483, "BFUSD": 0.998043, "AAVE": 85.29, "MORPHO": 1.9, "SKY": 0.052816, "PI": 0.112614, "ICP": 2.11, "BGB": 1.59, "ETC": 6.98, "DEXE": 23.02, "U": 0.999499, "PEPE": 2.34e-06, "BCAP": 106.97, "QNT": 64.88, "STABLE": 0.03836144, "EUTBL": 1.2, "M": 0.686111, "KCS": 6.71, "JTRSY": 1.11, "USTB": 11.13, "USDGO": 0.999802, "KAS": 0.03005349, "BEAT": 2.77, "RENDER": 1.51, "ATOM": 1.51, "POL": 0.070208, "JST": 0.086675, "ALGO": 0.082506, "USDTB": 0.999736, "NEXO": 0.723317, "ADI": 5.53, "JUP": 0.208328, "\u5e01\u5b89\u4eba\u751f": 0.681735, "GT": 6.43, "JAAA": 1.039, "VELVET": 1.6, "BDX": 0.086838, "ENA": 0.070906, "EURSAFO": 1.15, "GHO": 0.998001, "VVV": 12.63, "PUMP": 0.00144571, "FIL": 0.720482, "YLDS": 0.999656, "FLR": 0.00645799, "XDC": 0.0279317, "USD0": 0.99842}}