{"timestamp": 1782710631, "base": "USD", "data": {"BTC": 59542, "ETH": 1566.97, "USDT": 0.998369, "BNB": 549.21, "USDC": 0.999597, "XRP": 1.039, "SOL": 71.29, "TRX": 0.322047, "FIGR_HELOC": 1.044, "HYPE": 61.83, "DOGE": 0.072298, "USDS": 0.999408, "RAIN": 0.01555136, "LEO": 9.44, "ZEC": 376.45, "XLM": 0.171871, "XMR": 309.08, "CC": 0.14755, "WBT": 47.49, "LINK": 7.24, "ADA": 0.143182, "USD1": 0.998758, "DAI": 0.999527, "USDE": 0.9983, "GRAM": 1.6, "LAB": 13.66, "BCH": 192.61, "LTC": 42.81, "USYC": 1.13, "HBAR": 0.07084, "USDG": 0.999925, "AVAX": 6.53, "SUI": 0.681664, "PYUSD": 0.999695, "CRO": 0.053838, "XAUT": 4042.15, "SHIB": 4.14e-06, "NEAR": 1.83, "BUIDL": 1.0, "USDY": 1.14, "TAO": 204.99, "WLFI": 0.058009, "PAXG": 4045.16, "UNI": 2.92, "ASTER": 0.625529, "OKB": 78.21, "RLUSD": 0.999819, "HTX": 1.67e-06, "ONDO": 0.309359, "WLD": 0.425714, "USDF": 0.994322, "AAVE": 92.75, "MNT": 0.424832, "DOT": 0.814384, "USDD": 0.998325, "BFUSD": 0.997672, "PI": 0.120395, "ICP": 2.15, "SKY": 0.04978459, "MORPHO": 1.78, "BGB": 1.63, "ETC": 7.02, "U": 0.999505, "DEXE": 21.69, "PEPE": 2.34e-06, "BCAP": 107.03, "QNT": 65.11, "EUTBL": 1.2, "KCS": 6.72, "JTRSY": 1.11, "STABLE": 0.035778, "M": 0.645077, "USDGO": 0.999962, "ATOM": 1.57, "RENDER": 1.53, "ALGO": 0.087743, "BEAT": 2.69, "USTB": 11.13, "POL": 0.071475, "KAS": 0.02773273, "JST": 0.08859, "USDTB": 0.999865, "VELVET": 1.7, "NEXO": 0.719231, "ENA": 0.07737, "\u5e01\u5b89\u4eba\u751f": 0.695914, "GT": 6.5, "JUP": 0.20744, "JAAA": 1.039, "BDX": 0.08535, "ADI": 5.04, "EURSAFO": 1.15, "VVV": 12.81, "GHO": 0.997606, "FLR": 0.00656221, "PUMP": 0.00139532, "FIL": 0.714389, "YLDS": 0.999605, "XDC": 0.02776415, "USD0": 0.998479}}