{"timestamp": 1776809472, "base": "USD", "data": {"BTC": 75533, "ETH": 2312.73, "USDT": 1.0, "XRP": 1.42, "BNB": 629.37, "USDC": 0.999862, "SOL": 85.15, "TRX": 0.334306, "FIGR_HELOC": 1.034, "DOGE": 0.094545, "WBT": 54.59, "USDS": 0.999797, "LEO": 10.37, "HYPE": 39.45, "ADA": 0.247692, "BCH": 445.71, "M": 4.24, "XMR": 382.99, "LINK": 9.34, "XLM": 0.177607, "CC": 0.152333, "ZEC": 310.0, "USDE": 0.999336, "DAI": 0.999674, "LTC": 55.16, "USD1": 1.0, "AVAX": 9.3, "HBAR": 0.089867, "PYUSD": 0.999765, "RAIN": 0.00776129, "SUI": 0.938236, "SHIB": 6.04e-06, "TON": 1.35, "CRO": 0.069664, "USYC": 1.12, "XAUT": 4710.98, "WLFI": 0.078802, "BUIDL": 1.0, "TAO": 243.93, "USDG": 0.999847, "PAXG": 4714.21, "DOT": 1.27, "UNI": 3.24, "MNT": 0.624541, "SKY": 0.079103, "USDF": 0.997807, "NEAR": 1.37, "OKB": 83.47, "PI": 0.167884, "HTX": 1.84e-06, "ASTER": 0.675447, "PEPE": 3.77e-06, "JTRSY": 1.1, "RLUSD": 1.0, "AAVE": 91.03, "ICP": 2.45, "USDD": 1.0, "USDY": 1.13, "BFUSD": 1.0, "BGB": 1.88, "ETC": 8.36, "ONDO": 0.255192, "KCS": 8.51, "GT": 7.28, "PUMP": 0.00182252, "MORPHO": 1.95, "QNT": 72.69, "U": 1.001, "EUTBL": 1.23, "POL": 0.093428, "ENA": 0.110685, "KAS": 0.03397822, "ATOM": 1.83, "RENDER": 1.78, "ALGO": 0.102415, "NEXO": 0.902399, "USDTB": 0.99954, "USTB": 11.06, "WLD": 0.260701, "BCAP": 82.76, "APT": 0.930106, "ARB": 0.123979, "FIL": 0.918453, "JST": 0.080794, "FLR": 0.00798448, "TRUMP": 2.83, "HASH": 0.01120872, "BDX": 0.079917, "VET": 0.00707366, "DEXE": 13.02, "JUP": 0.169661, "OUSG": 115.0, "NIGHT": 0.0361296, "XDC": 0.03003315, "YLDS": 0.999828, "GHO": 0.99892, "STABLE": 0.02609556, "USD0": 0.998112, "BONK": 6.11e-06, "SIREN": 0.713957}}