{"timestamp": 1781444555, "base": "USD", "data": {"BTC": 64258, "ETH": 1664.44, "USDT": 0.999434, "BNB": 611.02, "USDC": 0.999788, "XRP": 1.13, "SOL": 67.53, "TRX": 0.316894, "FIGR_HELOC": 1.018, "HYPE": 60.89, "DOGE": 0.086299, "USDS": 0.99969, "LEO": 9.71, "RAIN": 0.0130554, "ZEC": 426.35, "XMR": 333.66, "ADA": 0.167187, "WBT": 52.27, "XLM": 0.18249, "CC": 0.157557, "LINK": 7.86, "TON": 1.73, "USDE": 0.999599, "USD1": 1.001, "DAI": 0.999776, "BCH": 202.0, "M": 2.95, "HBAR": 0.078313, "LTC": 43.9, "LAB": 9.87, "SUI": 0.753389, "USYC": 1.13, "SHIB": 4.91e-06, "AVAX": 6.58, "PYUSD": 0.99999, "CRO": 0.060965, "NEAR": 2.09, "USDG": 1.0, "XAUT": 4209.79, "TAO": 260.94, "BUIDL": 1.0, "USDY": 1.13, "PAXG": 4218.45, "WLFI": 0.059197, "MNT": 0.556023, "ONDO": 0.349196, "WLD": 0.494723, "ASTER": 0.625819, "RLUSD": 0.999851, "DOT": 0.960751, "BEAT": 5.53, "UNI": 2.51, "OKB": 74.0, "HTX": 1.68e-06, "USDF": 0.995927, "PI": 0.130843, "USDD": 0.999489, "ICP": 2.41, "SKY": 0.056802, "BFUSD": 0.9991, "MORPHO": 1.94, "BGB": 1.78, "PEPE": 2.8e-06, "ETC": 7.06, "U": 1.0, "AAVE": 65.81, "ATOM": 1.94, "QNT": 67.75, "BCAP": 106.96, "EUTBL": 1.22, "USTB": 11.11, "KCS": 6.94, "USDTB": 1.0, "RENDER": 1.73, "KAS": 0.03142755, "JTRSY": 1.11, "DEXE": 17.99, "STABLE": 0.03475603, "ALGO": 0.090396, "POL": 0.075136, "NEXO": 0.7938, "ENA": 0.081512, "VVV": 15.94, "GT": 6.7, "JAAA": 1.038, "FLR": 0.00792387, "\u5e01\u5b89\u4eba\u751f": 0.668863, "JST": 0.075612, "BDX": 0.079909, "FIL": 0.763772, "GHO": 0.99897, "XDC": 0.02998202, "JUP": 0.168344, "YLDS": 0.999758, "USD0": 0.998547, "APT": 0.653972, "HASH": 0.01001497, "PUMP": 0.0015312, "A7A5": 0.01329646, "ARB": 0.08284}}