{"timestamp": 1780095907, "base": "USD", "data": {"BTC": 73363, "ETH": 2010.5, "USDT": 0.99872, "BNB": 642.1, "XRP": 1.32, "USDC": 0.999649, "SOL": 81.87, "TRX": 0.344094, "FIGR_HELOC": 1.034, "DOGE": 0.099657, "HYPE": 64.3, "USDS": 0.999591, "LEO": 9.92, "RAIN": 0.01444828, "ZEC": 532.3, "ADA": 0.232648, "XLM": 0.254816, "XMR": 389.31, "LINK": 8.98, "WBT": 53.87, "BCH": 301.92, "CC": 0.154098, "USD1": 0.998419, "TON": 1.74, "USDE": 0.99893, "DAI": 0.99962, "HBAR": 0.095192, "LTC": 51.75, "M": 2.98, "AVAX": 8.8, "SUI": 0.901716, "SHIB": 5.41e-06, "NEAR": 2.4, "CRO": 0.067486, "PYUSD": 0.999879, "USYC": 1.13, "XAUT": 4518.15, "USDG": 0.999756, "BUIDL": 1.0, "TAO": 250.08, "USDY": 1.13, "MNT": 0.640864, "PAXG": 4527.71, "DOT": 1.19, "UNI": 3.01, "WLFI": 0.058778, "OKB": 86.95, "ASTER": 0.67243, "ONDO": 0.356285, "RLUSD": 0.999576, "USDF": 0.994962, "HTX": 1.82e-06, "PI": 0.142592, "SKY": 0.065196, "ICP": 2.64, "PEPE": 3.38e-06, "USDD": 0.999722, "BGB": 1.99, "BFUSD": 0.998728, "MORPHO": 2.04, "ETC": 8.19, "AAVE": 82.18, "ALGO": 0.12041, "U": 0.999507, "KCS": 7.91, "USDTB": 0.998684, "QNT": 71.29, "ATOM": 2.02, "RENDER": 1.97, "EUTBL": 1.23, "WLD": 0.291498, "BCAP": 107.16, "POL": 0.089308, "USTB": 11.1, "STABLE": 0.03868202, "JTRSY": 1.1, "DEXE": 18.44, "KAS": 0.03085587, "NEXO": 0.840856, "JST": 0.095623, "ENA": 0.08646, "APT": 0.9331, "FIL": 0.957671, "VVV": 15.79, "GT": 6.8, "FLR": 0.00773609, "INJ": 6.47, "ARB": 0.102767, "XDC": 0.03173097, "JUP": 0.185752, "PUMP": 0.00172055, "BDX": 0.078221, "GHO": 0.998951, "NIGHT": 0.03499772, "HASH": 0.01052028, "FET": 0.246084, "USD0": 0.998579, "APXUSD": 0.999168, "OUSG": 115.4, "A7A5": 0.01304144}}