{"timestamp": 1780676812, "base": "USD", "data": {"BTC": 61142, "ETH": 1597.92, "USDT": 0.999348, "BNB": 578.79, "USDC": 1.0, "XRP": 1.11, "SOL": 65.2, "TRX": 0.320898, "FIGR_HELOC": 1.034, "HYPE": 59.41, "DOGE": 0.082523, "USDS": 0.999825, "LEO": 9.81, "RAIN": 0.01323367, "XLM": 0.190368, "ADA": 0.160064, "XMR": 316.23, "CC": 0.14343, "ZEC": 335.03, "LINK": 7.38, "WBT": 43.48, "USD1": 0.999405, "USDE": 0.999349, "BCH": 216.46, "DAI": 0.999724, "TON": 1.49, "M": 2.99, "HBAR": 0.080043, "LAB": 11.11, "LTC": 43.63, "AVAX": 6.98, "PYUSD": 0.999647, "SUI": 0.706258, "USYC": 1.13, "SHIB": 4.61e-06, "XAUT": 4309.25, "CRO": 0.057645, "USDG": 1.0, "NEAR": 1.92, "BUIDL": 1.0, "USDY": 1.13, "PAXG": 4325.95, "TAO": 197.83, "WLD": 0.527879, "WLFI": 0.055319, "MNT": 0.521262, "RLUSD": 0.999808, "ONDO": 0.337195, "DOT": 0.961661, "ASTER": 0.61801, "HTX": 1.74e-06, "UNI": 2.45, "USDF": 0.995624, "OKB": 70.38, "USDD": 0.999794, "SKY": 0.058821, "BFUSD": 0.998777, "PI": 0.122673, "BGB": 1.84, "ICP": 2.26, "PEPE": 2.73e-06, "MORPHO": 1.69, "ETC": 6.8, "H": 0.561491, "USDTB": 0.999652, "U": 1.0, "EUTBL": 1.21, "BCAP": 107.06, "AAVE": 63.17, "QNT": 65.55, "USTB": 11.1, "DEXE": 19.97, "KCS": 6.55, "JTRSY": 1.11, "ATOM": 1.69, "RENDER": 1.65, "KAS": 0.03061923, "ALGO": 0.091183, "POL": 0.075518, "ENA": 0.08489, "STABLE": 0.03323924, "NEXO": 0.736763, "VVV": 15.48, "\u5e01\u5b89\u4eba\u751f": 0.68822, "JST": 0.079464, "GT": 6.22, "BDX": 0.078868, "XDC": 0.02961987, "FLR": 0.00672111, "GHO": 0.999002, "FIL": 0.738339, "APT": 0.675926, "USD0": 0.998517, "YLDS": 0.999674, "SIREN": 0.727091, "JUP": 0.1594, "A7A5": 0.01309507, "NIGHT": 0.03090563, "ARB": 0.081877, "HASH": 0.00944969}}