{"timestamp": 1776628575, "base": "USD", "data": {"BTC": 74977, "ETH": 2299.43, "USDT": 1.0, "XRP": 1.42, "BNB": 622.9, "USDC": 0.999897, "SOL": 85.33, "TRX": 0.332377, "FIGR_HELOC": 1.035, "DOGE": 0.094488, "WBT": 54.36, "USDS": 0.999633, "HYPE": 41.55, "LEO": 10.12, "ADA": 0.246707, "BCH": 440.23, "LINK": 9.18, "XMR": 349.25, "M": 3.56, "CC": 0.148435, "XLM": 0.171483, "USDE": 0.999644, "ZEC": 305.12, "DAI": 0.999622, "USD1": 1.0, "LTC": 54.75, "PYUSD": 0.999929, "AVAX": 9.19, "HBAR": 0.088616, "SUI": 0.944163, "RAIN": 0.00759787, "SHIB": 6e-06, "TON": 1.29, "CRO": 0.06943, "USYC": 1.12, "XAUT": 4778.84, "BUIDL": 1.0, "WLFI": 0.077967, "PAXG": 4780.61, "TAO": 241.02, "USDG": 0.999621, "DOT": 1.27, "MNT": 0.64352, "UNI": 3.29, "USDF": 0.997615, "SKY": 0.076653, "NEAR": 1.36, "PI": 0.171588, "OKB": 83.26, "HTX": 1.82e-06, "ASTER": 0.669568, "PEPE": 3.74e-06, "JTRSY": 1.1, "RLUSD": 0.999623, "USDD": 1.0, "AAVE": 90.92, "ICP": 2.46, "USDY": 1.13, "BFUSD": 1.0, "BGB": 1.87, "ETC": 8.38, "ONDO": 0.255013, "KCS": 8.46, "GT": 7.23, "MORPHO": 1.97, "PUMP": 0.00181451, "QNT": 73.49, "ENA": 0.116009, "EUTBL": 1.23, "U": 0.999556, "POL": 0.09037, "KAS": 0.03446233, "ALGO": 0.104051, "RENDER": 1.76, "ATOM": 1.79, "NEXO": 0.88967, "USDTB": 0.99979, "USTB": 11.05, "WLD": 0.262191, "ARB": 0.125517, "BCAP": 82.76, "APT": 0.92785, "DEXE": 15.83, "FIL": 0.923288, "FLR": 0.00806325, "TRUMP": 2.82, "HASH": 0.01105431, "NIGHT": 0.03751562, "JUP": 0.174725, "BDX": 0.079449, "JST": 0.071597, "VET": 0.00711079, "OUSG": 114.95, "YLDS": 0.99998, "XDC": 0.02937223, "GHO": 0.99884, "STABLE": 0.02613593, "USD0": 0.998125, "BONK": 6.05e-06, "CAKE": 1.52}}