{"timestamp": 1782857411, "base": "USD", "data": {"BTC": 58651, "ETH": 1571.53, "USDT": 0.998568, "USDC": 0.999685, "BNB": 544.84, "XRP": 1.041, "SOL": 73.54, "TRX": 0.314638, "FIGR_HELOC": 1.008, "HYPE": 64.72, "DOGE": 0.072164, "RAIN": 0.01576106, "USDS": 0.999537, "LEO": 9.19, "ZEC": 395.36, "WBT": 54.01, "XLM": 0.184122, "XMR": 307.14, "CC": 0.141614, "ADA": 0.144333, "LINK": 7.19, "USD1": 0.999068, "DAI": 0.999561, "USDE": 0.998094, "LAB": 13.47, "GRAM": 1.52, "BCH": 199.9, "LTC": 41.89, "USYC": 1.13, "HBAR": 0.06965, "USDG": 0.999859, "AVAX": 6.56, "SUI": 0.693024, "PYUSD": 0.999768, "SHIB": 4.21e-06, "CRO": 0.053754, "XAUT": 4004.74, "NEAR": 1.79, "BUIDL": 1.0, "USDY": 1.14, "TAO": 201.57, "WLFI": 0.057311, "PAXG": 4007.18, "UNI": 2.78, "ASTER": 0.624777, "OKB": 78.33, "ONDO": 0.310083, "HTX": 1.62e-06, "WLD": 0.408108, "USDF": 0.99583, "RLUSD": 0.999759, "DOT": 0.82294, "USDD": 0.998746, "MNT": 0.416703, "BFUSD": 0.998246, "AAVE": 85.14, "PI": 0.115046, "SKY": 0.053014, "MORPHO": 1.9, "ICP": 2.11, "BGB": 1.6, "DEXE": 23.3, "ETC": 6.9, "U": 0.9995, "PEPE": 2.33e-06, "BCAP": 106.97, "M": 0.726452, "QNT": 64.87, "STABLE": 0.03890461, "EUTBL": 1.2, "KCS": 6.61, "JTRSY": 1.11, "USTB": 11.13, "USDGO": 1.0, "BEAT": 2.9, "KAS": 0.02927193, "RENDER": 1.52, "ATOM": 1.51, "ALGO": 0.083293, "JST": 0.086912, "POL": 0.06939, "USDTB": 0.9997, "NEXO": 0.707182, "VELVET": 1.67, "JUP": 0.209184, "ADI": 5.5, "GT": 6.48, "JAAA": 1.039, "\u5e01\u5b89\u4eba\u751f": 0.674487, "BDX": 0.086525, "ENA": 0.071422, "EURSAFO": 1.15, "GHO": 0.997749, "PUMP": 0.00143715, "VVV": 12.31, "FIL": 0.718329, "YLDS": 0.999653, "FLR": 0.00642561, "XDC": 0.02776786, "USD0": 0.998408}}