{"timestamp": 1784393149, "base": "USD", "data": {"BTC": 64095, "ETH": 1841.75, "USDT": 0.999267, "BNB": 569.86, "USDC": 0.99986, "XRP": 1.087, "SOL": 75.0, "TRX": 0.322787, "FIGR_HELOC": 1.026, "HYPE": 59.21, "DOGE": 0.072105, "USDS": 0.99983, "ZEC": 554.59, "RAIN": 0.013784, "LEO": 9.79, "WBT": 55.85, "XLM": 0.187608, "XMR": 334.17, "LINK": 8.26, "ADA": 0.163686, "CC": 0.124988, "DAI": 0.999764, "BCH": 219.19, "USD1": 0.999249, "USDE": 0.99982, "GRAM": 1.47, "LTC": 46.45, "USDG": 1.002, "USYC": 1.13, "SUI": 0.734637, "HBAR": 0.066665, "PYUSD": 0.999846, "AVAX": 6.53, "CRO": 0.058981, "BUIDL": 1.0, "NEAR": 1.91, "XAUT": 4010.69, "SHIB": 4.14e-06, "UNI": 3.52, "USDY": 1.14, "TAO": 193.57, "WLFI": 0.057313, "PAXG": 4009.14, "OKB": 80.73, "DEXE": 35.93, "ASTER": 0.620412, "ONDO": 0.340314, "HTX": 1.82e-06, "M": 1.23, "RLUSD": 1.0, "USDD": 0.999216, "SKY": 0.06204, "USDF": 0.996899, "DOT": 0.830428, "MNT": 0.416129, "AAVE": 88.71, "BFUSD": 0.998441, "WLD": 0.368558, "MORPHO": 1.98, "ICP": 2.14, "BGB": 1.65, "PEPE": 2.73e-06, "ETC": 7.0, "U": 0.999919, "USDGO": 1.0, "EUTBL": 1.21, "BCAP": 106.19, "QNT": 64.51, "PI": 0.083837, "KCS": 6.63, "STABLE": 0.03546326, "JTRSY": 1.11, "POL": 0.0809, "EURSAFO": 1.15, "ADI": 6.55, "JST": 0.098413, "ATOM": 1.49, "USTB": 11.15, "ENA": 0.079794, "RENDER": 1.47, "KAS": 0.02752384, "NEXO": 0.747811, "ALGO": 0.081948, "BEAT": 2.36, "GT": 6.7, "\u5e01\u5b89\u4eba\u751f": 0.690859, "JAAA": 1.041, "PUMP": 0.00164321, "BDX": 0.083446, "JUP": 0.19217, "GHO": 0.998936, "FIL": 0.745162, "FLR": 0.00648863, "ARB": 0.088364, "XDC": 0.02801267, "YLDS": 0.999846, "USD0": 0.998719, "LIT": 2.2, "VVV": 11.39, "USX": 0.99981}}