{"timestamp": 1778639195, "base": "USD", "data": {"BTC": 81161, "ETH": 2295.6, "USDT": 0.999755, "BNB": 679.67, "XRP": 1.45, "USDC": 0.999826, "SOL": 95.4, "TRX": 0.349041, "FIGR_HELOC": 1.037, "DOGE": 0.111223, "WBT": 59.45, "USDS": 0.999789, "ADA": 0.27364, "ZEC": 580.23, "HYPE": 40.53, "LEO": 9.98, "BCH": 440.26, "XMR": 413.59, "LINK": 10.41, "TON": 2.31, "CC": 0.1542, "XLM": 0.164055, "SUI": 1.25, "LTC": 58.25, "USD1": 0.999594, "DAI": 0.999763, "AVAX": 9.96, "M": 3.3, "HBAR": 0.094788, "USDE": 0.999598, "SHIB": 6.47e-06, "RAIN": 0.00755119, "USDG": 0.999777, "PYUSD": 0.999796, "CRO": 0.079019, "TAO": 313.23, "USYC": 1.12, "XAUT": 4695.58, "UNI": 3.81, "BUIDL": 1.0, "DOT": 1.36, "PAXG": 4695.59, "MNT": 0.670829, "NEAR": 1.66, "WLFI": 0.067652, "ONDO": 0.405446, "USDY": 1.13, "PI": 0.173334, "OKB": 86.18, "USDF": 1.0, "HTX": 1.97e-06, "ICP": 3.21, "SKY": 0.076128, "PEPE": 4.19e-06, "ASTER": 0.677589, "RLUSD": 1.0, "AAVE": 98.05, "ETC": 9.46, "USDD": 0.999968, "BGB": 2.09, "BFUSD": 0.999497, "MORPHO": 2.05, "KCS": 8.42, "ENA": 0.12337, "JTRSY": 1.1, "ALGO": 0.124575, "ATOM": 2.17, "QNT": 74.04, "POL": 0.099876, "KAS": 0.03850855, "U": 0.999889, "RENDER": 1.94, "USTB": 11.08, "EUTBL": 1.23, "BCAP": 105.87, "WLD": 0.274485, "NEXO": 0.923124, "APT": 1.097, "STABLE": 0.03889217, "FIL": 1.11, "ARB": 0.139364, "SIREN": 1.18, "JUP": 0.241559, "GT": 7.39, "JST": 0.089936, "FLR": 0.00877123, "PUMP": 0.00200626, "VVV": 15.34, "VET": 0.00759697, "BONK": 7.18e-06, "XDC": 0.03161126, "USDTB": 0.999685, "B": 0.625511, "BDX": 0.079711, "DEXE": 13.02, "OUSG": 115.22, "PENGU": 0.0095568, "DASH": 47.03, "TRUMP": 2.51, "GHO": 0.99958}}