{"timestamp": 1779071664, "base": "USD", "data": {"BTC": 76976, "ETH": 2119.2, "USDT": 0.999411, "BNB": 645.33, "XRP": 1.4, "USDC": 0.999776, "SOL": 85.02, "TRX": 0.355115, "FIGR_HELOC": 1.039, "DOGE": 0.106922, "WBT": 56.76, "USDS": 0.99961, "HYPE": 45.76, "ADA": 0.252312, "LEO": 10.08, "ZEC": 527.6, "BCH": 386.15, "XMR": 386.24, "LINK": 9.55, "CC": 0.15351, "TON": 1.95, "XLM": 0.149907, "USD1": 0.99983, "DAI": 0.999658, "USDE": 0.999739, "SUI": 1.051, "LTC": 54.17, "M": 3.18, "AVAX": 9.21, "HBAR": 0.089943, "RAIN": 0.00739241, "PYUSD": 0.99961, "SHIB": 5.73e-06, "CRO": 0.069619, "USDG": 0.999723, "USYC": 1.12, "XAUT": 4528.39, "BUIDL": 1.0, "TAO": 262.94, "UNI": 3.45, "PAXG": 4529.29, "DOT": 1.25, "MNT": 0.634604, "NEAR": 1.52, "WLFI": 0.060036, "USDY": 1.13, "USDF": 0.998096, "HTX": 1.97e-06, "OKB": 82.31, "ASTER": 0.652299, "ONDO": 0.342246, "PI": 0.154217, "SKY": 0.06983, "RLUSD": 0.999985, "PEPE": 3.67e-06, "USDD": 0.999272, "ICP": 2.56, "ETC": 8.89, "BGB": 1.99, "AAVE": 88.8, "BFUSD": 0.998899, "MORPHO": 1.77, "QNT": 76.03, "USDTB": 0.999178, "KCS": 7.9, "JTRSY": 1.1, "ATOM": 2.06, "U": 0.999618, "EUTBL": 1.22, "USTB": 11.08, "POL": 0.091424, "BCAP": 105.87, "ALGO": 0.107964, "ENA": 0.105898, "KAS": 0.03386517, "RENDER": 1.79, "NEXO": 0.864969, "STABLE": 0.03692018, "WLD": 0.236055, "FLR": 0.00901261, "APT": 0.935213, "GT": 7.07, "JST": 0.087948, "FIL": 0.948138, "ARB": 0.117244, "JUP": 0.195635, "VVV": 13.98, "DEXE": 13.26, "BDX": 0.078699, "PUMP": 0.00170615, "XDC": 0.03037413, "GHO": 0.999331, "VET": 0.00670565, "HASH": 0.01084623, "USD0": 0.998219, "OUSG": 115.25, "BONK": 6.04e-06, "YLDS": 0.999979, "PENGU": 0.00838232, "NIGHT": 0.03159204}}