{"timestamp": 1779125202, "base": "USD", "data": {"BTC": 76561, "ETH": 2103.94, "USDT": 0.999283, "BNB": 639.61, "XRP": 1.38, "USDC": 0.999739, "SOL": 84.41, "TRX": 0.355196, "FIGR_HELOC": 1.037, "DOGE": 0.104011, "WBT": 56.47, "USDS": 0.999727, "HYPE": 45.19, "LEO": 10.06, "ADA": 0.248807, "ZEC": 530.83, "BCH": 372.58, "XMR": 383.95, "LINK": 9.44, "CC": 0.150811, "TON": 1.95, "XLM": 0.146158, "USD1": 1.0, "DAI": 0.999669, "USDE": 0.999676, "SUI": 1.042, "LTC": 53.68, "M": 3.17, "AVAX": 9.12, "HBAR": 0.08901, "RAIN": 0.00733427, "PYUSD": 0.999781, "SHIB": 5.69e-06, "CRO": 0.069086, "USYC": 1.12, "USDG": 0.999869, "XAUT": 4547.67, "BUIDL": 1.0, "TAO": 258.88, "UNI": 3.4, "PAXG": 4549.55, "DOT": 1.23, "MNT": 0.624858, "NEAR": 1.54, "WLFI": 0.060002, "USDY": 1.12, "HTX": 1.99e-06, "USDF": 0.998254, "OKB": 81.4, "ASTER": 0.65019, "ONDO": 0.343466, "SKY": 0.068629, "PI": 0.15102, "RLUSD": 0.999994, "PEPE": 3.64e-06, "USDD": 1.001, "BGB": 1.99, "ICP": 2.49, "ETC": 8.72, "AAVE": 88.04, "BFUSD": 0.998601, "QNT": 75.32, "MORPHO": 1.71, "USDTB": 0.998843, "KCS": 7.92, "JTRSY": 1.1, "ATOM": 2.04, "U": 1.001, "EUTBL": 1.23, "USTB": 11.08, "BCAP": 105.87, "POL": 0.090091, "ALGO": 0.106487, "KAS": 0.03440235, "ENA": 0.103332, "RENDER": 1.77, "NEXO": 0.86249, "STABLE": 0.03598643, "WLD": 0.235075, "JST": 0.08926, "APT": 0.925698, "GT": 7.02, "FIL": 0.943593, "FLR": 0.0085056, "ARB": 0.116062, "VVV": 14.41, "DEXE": 13.82, "JUP": 0.194326, "BDX": 0.078894, "XDC": 0.03046577, "PUMP": 0.00168089, "GHO": 0.999177, "VET": 0.00669225, "HASH": 0.01038488, "USD0": 0.998051, "OUSG": 115.25, "YLDS": 0.999926, "NIGHT": 0.0316573, "DASH": 41.35, "PENGU": 0.00835127}}