{"timestamp": 1782456335, "base": "USD", "data": {"BTC": 60236, "ETH": 1567.62, "USDT": 0.998482, "BNB": 562.9, "USDC": 0.999645, "XRP": 1.04, "SOL": 69.45, "TRX": 0.321916, "FIGR_HELOC": 1.033, "HYPE": 63.44, "DOGE": 0.074821, "RAIN": 0.01571105, "USDS": 0.999529, "LEO": 9.24, "ZEC": 413.01, "LAB": 19.14, "XLM": 0.176359, "XMR": 312.81, "CC": 0.148173, "WBT": 48.48, "LINK": 7.24, "ADA": 0.144199, "USD1": 0.999293, "DAI": 0.99957, "USDE": 0.998125, "GRAM": 1.58, "BCH": 194.52, "LTC": 41.56, "HBAR": 0.073226, "USYC": 1.13, "USDG": 0.999716, "SUI": 0.688239, "PYUSD": 0.999956, "AVAX": 6.2, "CRO": 0.055185, "SHIB": 4.22e-06, "XAUT": 4012.76, "BUIDL": 1.0, "NEAR": 1.85, "USDY": 1.13, "TAO": 212.92, "WLFI": 0.05776, "PAXG": 4016.35, "UNI": 2.9, "ASTER": 0.623249, "WLD": 0.477258, "RLUSD": 0.999698, "OKB": 74.88, "HTX": 1.68e-06, "ONDO": 0.310346, "USDF": 0.993169, "MNT": 0.42954, "DOT": 0.834754, "PI": 0.128569, "USDD": 0.998286, "BFUSD": 0.998305, "AAVE": 85.39, "SKY": 0.05179, "ICP": 2.16, "M": 0.895439, "BGB": 1.64, "ETC": 6.98, "MORPHO": 1.67, "DEXE": 22.53, "U": 0.9995, "PEPE": 2.35e-06, "BCAP": 107.03, "QNT": 64.31, "EUTBL": 1.2, "USDTB": 0.999127, "KCS": 6.77, "JTRSY": 1.11, "STABLE": 0.03619684, "ATOM": 1.61, "USTB": 11.13, "RENDER": 1.51, "POL": 0.073303, "USDGO": 0.999915, "KAS": 0.02747985, "ALGO": 0.083564, "ENA": 0.079894, "JUP": 0.221999, "NEXO": 0.726015, "\u5e01\u5b89\u4eba\u751f": 0.71562, "BDX": 0.091158, "JST": 0.082328, "BEAT": 2.39, "GT": 6.44, "JAAA": 1.039, "VVV": 13.66, "EURSAFO": 1.15, "GHO": 0.998031, "FLR": 0.00675141, "FIL": 0.733133, "ADI": 4.5, "YLDS": 0.999822, "XDC": 0.02805302, "USD0": 0.998664, "NIGHT": 0.03073904, "HASH": 0.00926397}}